ticker,name,forwardPE,forwardEps,epsCurrentYear,trailingPE,trailingPS,pegRatio,priceToFCF,enterpriseValue,sharesOutstanding,impliedSharesOutstanding,enterpriseToEbitda,beta,debtToEquity,LiqRatio,quickRatio,currentRatio,shortRatio,shortPercentOfFloat,revenueGrowth,earningsGrowth,returnOnEquity,profitMargins,operatingMargins,grossMargins,price,targetMeanPrice,targetHighPrice,targetLowPrice,targetUpside,recommendationKey,recommendationMean,numberOfAnalystOpinions,momentum,meanReversion,epsRevision0y,epsRevision1y,epsVolatility,heldPercentInsiders,earningsTimestampStart,yearReturn,lastDownload,shortPctOfFloatFinra,shortDaysToCover,shortChangePercent,sector,score,rating
AMG,"Affiliated Managers Group, Inc.",8.668685,42.78273,36.98459,13.0175495,4.2245936,0.7,34.60150485140421,13452773376,25859933,25859933,21.504,1.108,76.096,101.314,101.314,101.314,2.59,0.0352,0.42720083226820416,1.482,0.24257,0.37719002,0.30357,0.50273,370.87,437.57144,512.0,360.0,0.17985126863860645,strong_buy,1.42857,7,48.47158715938861,66.14922266911115,0.022866724671702594,0.14692348493250076,0.23336523296774922,0.042329997,1793622600,0.6109928,2026-08-29T11:28:04,0.0314,2.7,-11.61,Asset Management,0.2515461679652399,Strong Buy
PGY,Pagaya Technologies Ltd.,5.399085,4.07106,3.72082,15.588653,1.3192475,0.04,8.850880676399015,1536402048,72137266,83425843,4.37,5.374,133.652,14.324,14.064,14.584,3.84,0.161,0.24469942622998753,1.433,0.19459,0.091230005,0.27335,0.43387002,21.98,29.2,36.0,23.0,0.3284804367606915,strong_buy,1.2,10,59.73387650389517,46.98405242696823,0.2155609786376303,0.1519531415797739,0.9470471894206348,0.09072,1794313800,-0.36028606,2026-08-29T11:28:04,0.176,4.18,2.54,Software - Infrastructure,0.2786887808292636,Strong Buy
SLDE,"Slide Insurance Holdings, Inc.",6.355565,3.6944,3.781,5.671498,1.9748971,,2.9956352316950876,1544474112,116811719,116811719,2.071,,3.235,1.0985,0.734,1.463,6.64,0.1007,0.5818394556799564,0.893,0.53882,0.40016997,0.46375,0.67939,23.48,25.8,28.0,22.0,0.0988074957410563,buy,2.2,5,69.74130541087621,55.072146939248235,0.06160152740341427,0.04883034294798992,0.9554714798254986,0.43820998,1793217600,0.7403561,2026-08-29T11:28:04,0.1203,6.08,-6.99,Insurance - Property & Casualty,0.2905830357976633,Strong Buy
HRMY,"Harmony Biosciences Holdings, I",5.864177,6.68636,5.22166,12.689321,2.3788452,,12.489088727537295,1814284928,58236393,58236393,7.087,0.913,16.031,3.403,3.327,3.479,4.65,0.0949,0.2872531064896138,0.882,0.20456,0.18884,0.34183997,0.75424004,39.21,47.36364,70.0,30.0,0.20794797245600605,buy,2.0,11,54.81015198671763,45.5160501620484,0.16091064719091142,0.11076668012273255,0.13729176050424016,0.11627,1793709000,0.07466304,2026-08-29T11:28:04,0.0863,5.05,-12.08,Biotechnology,0.2962984826000794,Strong Buy
MTDR,Matador Resources Company,6.50454,8.66933,7.46013,9.672384,1.8174645,0.93,-7.68757115506043,11637411840,123754216,123754216,4.848,0.771,69.104,0.55,0.45,0.65,6.62,0.118999995,0.2755799123643594,1.606,0.13592,0.18847999,0.492,0.8239,56.39,68.78947,92.0,56.0,0.21988774605426475,strong_buy,1.47368,19,67.44990499130374,65.82000500316042,0.08317349784893627,0.023504646857704148,0.22916733017358068,0.0716,1793131200,0.10798669,2026-08-29T11:28:04,0.1277,6.8,8.94,Oil & Gas E&P,0.3199258592120406,Strong Buy
INSW,"International Seaways, Inc.",15.684948,6.29967,14.82193,6.317775,3.8800488,,70.26794881911334,5137558016,49531311,49531311,6.337,-0.1,28.815,5.795999999999999,5.648,5.944,5.28,0.0775,1.3930011927202974,3.731,0.37412,0.61767,0.64219004,0.725,98.81,100.0,120.0,88.0,0.01204331545390147,strong_buy,1.33333,6,62.770359751912004,48.00105952006923,0.04827223805270238,-0.02199690748537584,0.2497625887322016,0.16228001,1793881800,1.1965036,2026-08-29T11:28:04,0.0517,4.38,-0.68,Oil & Gas Midstream,0.3207458959180056,Strong Buy
MGY,Magnolia Oil & Gas Corporation,8.098453,3.24136,2.97847,11.462882,4.301291,,19.145506289926523,6432406016,236968592,242492071,6.257,0.696,19.243,1.5775000000000001,1.572,1.583,3.25,0.114300005,0.21915089911999797,1.366,0.20854001,0.28773,0.50688,0.8222,26.25,32.88235,38.0,26.0,0.25266095238095243,buy,1.72222,17,77.14928860631021,55.66103010794685,0.0952955323553965,0.3506792232686057,0.5409853930615504,0.00736,1793822400,0.055863738,2026-08-29T11:28:04,0.0915,2.22,2.25,Oil & Gas E&P,0.3235264458921554,Strong Buy
SM,SM Energy Company,4.890008,7.48874,7.14379,6.492908,1.7553841,0.64,5.916932680662864,15568408576,237854068,237854068,4.858,0.738,95.136,0.5680000000000001,0.521,0.615,4.05,0.0718,0.33438118872114475,1.539,0.16125,0.20153,0.60323,0.86457,36.62,41.13333,52.0,32.0,0.12324767886400889,buy,1.66667,15,68.25946732043172,83.62614431037377,0.037228960794961186,0.019146497214645994,0.19798041412314848,0.00927,1793649600,0.2701863,2026-08-29T11:28:04,0.0568,4.21,-16.71,Oil & Gas E&P,0.32454543218029097,Strong Buy
ZD,"Ziff Davis, Inc.",9.305086,5.99887,5.12828,-65.67058823529412,1.3309281,1.52,3.6826589932069096,1202339968,34287208,34287208,3.021,1.018,39.98,2.127,2.09,2.164,7.11,0.2075,0.1635774397262093,26.32,-0.01456,0.44748002,0.04156,0.85010004,55.82,64.4,75.0,59.0,0.15370834826227164,buy,2.0,5,49.80873966562404,58.65031489105106,0.002498289512266687,0.06503437158237113,0.1989971586436813,0.0368,1793908800,0.47049522,2026-08-29T11:28:04,0.1647,9.84,15.09,Advertising Agencies,0.33100854366454285,Strong Buy
PGNY,"Progyny, Inc.",11.208007,2.31977,2.08468,28.26087,1.5219343,,9.927607266902848,1769725056,76726798,76726798,14.093,1.017,4.963,2.098,2.059,2.137,3.96,0.0842,0.1792706599329219,0.789,0.16242,0.05999,0.11413,0.24573,26.0,34.25,40.0,30.0,0.3173076923076923,strong_buy,1.41667,12,49.50654625959496,13.568635170138165,0.01424540235477278,0.03202256438546302,0.299260061271597,0.01995,1793908800,0.1046561,2026-08-29T11:28:04,0.0639,4.61,-3.11,Healthcare Plans,0.3332340682351996,Strong Buy
PRGS,Progress Software Corporation,7.1851096,6.22955,6.12146,21.728155,1.8289266,1.38,5.966340380664461,3078385152,41012942,41012942,9.224,0.805,262.162,0.7405,0.672,0.809,8.12,0.1529,0.12256429689925685,0.282,0.18574,0.08871,0.18547001,0.8557,44.76,55.8,83.0,45.0,0.2466487935656836,strong_buy,1.0,5,64.70690927754956,39.13292506971348,0.023424477751678125,0.027869993928033913,0.1645115545752336,0.02259,1790625600,0.012992859,2026-08-29T11:28:04,0.1136,7.57,8.85,Software - Infrastructure,0.3342058773087924,Strong Buy
CHTR,"Charter Communications, Inc.",3.4832325,44.10271,41.49957,3.9973977,0.38062572,0.97,9.418100608309707,119473405952,119277492,134777493,5.477,0.678,441.578,0.3315,0.302,0.361,8.14,0.5157,0.1259905095925391,0.161,0.27201998,0.09052,0.23503,0.55189997,153.62,184.41176,380.0,101.0,0.2004410883999479,hold,2.95238,17,69.6151153461745,43.95713510726858,0.008203132328090536,0.009810936336005504,0.09321876509204105,0.03098,1793363400,-0.43907422,2026-08-29T11:28:04,0.1949,6.11,10.85,Telecom Services,0.33458536749744733,Strong Buy
PARR,"Par Pacific Holdings, Inc. Comm",6.6724663,11.81722,19.28338,4.627347,0.458342,,47.9907897080858,4935995392,50099627,50099627,3.851,0.79,56.166,1.182,0.524,1.84,4.35,0.1325,0.6142977511589061,6.991,0.53489,0.09942,0.21122,0.23056,78.85,83.0,95.0,65.0,0.052631578947368585,buy,1.57143,7,66.05893827654793,43.52046310910595,0.21960178885739928,0.12423962782909824,0.801431886523,0.026029998,1793736000,1.1768861,2026-08-29T11:28:04,0.0938,4.61,0.65,Oil & Gas Refining & Marketing,0.3367030601021008,Strong Buy
PRG,"PROG Holdings, Inc.",6.9356985,5.6375,4.9375,12.612904,0.5956431,0.93,1.0139986830945662,2381187328,39831633,39831633,5.268,1.789,110.148,3.9909999999999997,3.464,4.518,4.56,0.0868,0.21416230662699687,-0.042,0.17066,0.05609,0.16605,0.36145002,39.1,53.42857,64.0,45.0,0.36645959079283874,none,,7,35.393542660390935,39.27547190032991,0.06182795698924723,0.057196436943272505,0.3393647621875254,0.04178,1793190600,0.12546122,2026-08-29T11:28:04,0.0662,4.62,-12.56,Rental & Leasing Services,0.33911312213323713,Strong Buy
NUTX,Nutex Health Inc.,9.308903,20.33,,7.3324294,1.5305873,,9.912234907642164,1582945920,6847973,6847973,3.152,1.994,68.466,4.895,4.794,4.996,7.54,0.2616,-0.2991176104228215,,0.64556,0.21249,0.57754004,0.54508,189.25,276.0,310.0,200.0,0.45838837516512543,strong_buy,1.2,5,41.46938467233437,38.97762904872471,0.31505576208178443,0.25175857577073374,1.6088660410308,0.29231,1793908800,1.3141186,2026-08-29T11:28:04,0.2664,9.04,5.18,Medical Care Facilities,0.33932871631362094,Strong Buy
SF,Stifel Financial Corporation,11.09219,7.32858,6.52336,14.542039,2.1038432,0.95,,10789565440,151001734,151001734,,0.992,52.002,0.89,0.885,0.895,0.0,0.0,0.14385081498468089,0.506,0.16427,0.16344999,0.21761999,0.95567,81.29,89.0,103.0,81.0,0.09484561446672402,none,,8,52.75138846413229,44.03952179581068,0.0329159462146979,0.04368370683467575,0.15772852334955076,0.03168,1792585800,0.060498714,2026-08-29T11:28:04,0.032,3.62,-4.66,Capital Markets,0.3397761930084417,Strong Buy
CARG,"CarGurus, Inc.",12.146947,3.00981,2.62432,18.845362,3.3667088,1.07,13.494598226678823,3301717760,75309865,89073478,12.1,1.166,70.035,1.6825,1.515,1.85,5.52,0.1319,0.6017697947008669,1.41,0.53470004,0.18189,0.25275,0.92375,36.56,41.38462,46.0,34.0,0.13196444201312896,buy,2.0,13,51.00226923586591,33.477929445100486,0.040616363124482045,0.029441843125049143,0.9982895528102055,0.03017,1793908800,0.045428395,2026-08-29T11:28:04,0.0956,7.11,-4.78,Auto & Truck Dealerships,0.3411412512689858,Strong Buy
WLFC,Willis Lease Finance Corporatio,7.775837,6.87,7.23,13.455919,1.4974452,0.94,2.004883407898039,3531056384,21144111,21144111,8.867,0.754,303.39,0.8715,0.199,1.544,7.21,0.2165,-0.01666351638051833,-0.534,0.12634,0.12165,0.3771,0.85213,53.42,71.0,71.0,71.0,0.32909022837888435,strong_buy,1.0,1,53.34399378929559,63.33714494240701,0.5296181032312389,0.1469115191986644,0.7917791029357142,0.54444003,1793709000,0.13863635,2026-08-29T11:28:04,0.2273,7.99,229.94,Rental & Leasing Services,0.3420365177508599,Strong Buy
CRGY,Crescent Energy Company,6.308737,2.14623,2.29209,169.25,1.2360574,,8.85436732903133,9424447488,330403696,393403097,4.661,0.892,100.234,0.8725,0.8,0.945,5.54,0.1154,0.19676962519208607,1.172,0.01517,0.0127,0.53849,0.62158,13.54,16.73333,24.0,12.0,0.23584416543574593,buy,1.53333,15,67.33024227880614,42.08294281723624,0.017264411789507293,-0.050596962766686744,1.0986786283976857,0.04658,1793649600,0.37878788,2026-08-29T11:28:04,0.122,6.29,-13.61,Oil & Gas E&P,0.3439757421293225,Strong Buy
ASTH,Astrana Health Inc.,10.723164,3.54,3.04,46.292683,0.48982498,,8.144693089766097,2289547008,49604366,49604366,13.09,0.9,163.623,1.2095,1.19,1.229,5.48,0.1223,0.38177865230653274,1.105,0.06902,0.01055,0.03529,0.10457,37.96,51.5,65.0,41.0,0.3566912539515279,strong_buy,1.4,8,35.14025088272609,34.3182284426574,0.04109589041095894,0.03508771929824565,0.37857658140705314,0.22849001,1793908800,0.20483065,2026-08-29T11:28:04,0.0728,4.93,5.53,Medical Care Facilities,0.34447251683701463,Strong Buy
WLY,"John Wiley & Sons, Inc.",10.133962,5.3,4.8,12.911057,1.6262851,13.05,13.492693421743782,3437234688,42005091,50763590,9.771,0.775,90.749,0.475,0.411,0.539,10.48,0.1499,0.2892136526974789,1.084,0.27694,0.13219,0.24714,0.74262,53.71,68.0,68.0,68.0,0.26605846211133866,none,,1,66.05356250433431,46.05238958419408,0.010526315789473648,0.03921568627450984,1.3495288622070423,0.10659,1788438600,0.33169043,2026-08-29T11:28:04,0.1096,9.34,10.07,Publishing,0.3448728454434079,Strong Buy
GTES,Gates Industrial Corporation Lt,13.405812,1.92976,1.67339,18.347519,1.8686929,,15.680175372988241,8458420736,253151170,253151170,11.433,1.278,60.695,2.68,2.116,3.244,5.08,0.046,0.08545378055333508,2.058,0.10384,0.103719994,0.15346,0.40532002,25.87,33.45455,39.0,30.0,0.2931793583301119,buy,1.72727,11,24.830875367696905,22.767887280016737,0.023430046236269687,0.025431744513523574,0.11814710474169153,0.01983,1793190600,0.05267358,2026-08-29T11:28:04,0.0466,5.32,-9.28,Specialty Industrial Machinery,0.3450919718988576,Strong Buy
DOX,Amdocs Limited,7.836001,8.02833,7.42167,14.942993,1.4117137,0.84,9.526210688839521,7490292736,104415000,104415000,7.232,0.417,32.668,0.825,0.714,0.936,7.56,0.1189,0.09392245367044949,-0.574,0.13314,0.09754,0.17955999,0.38275,62.91,79.25,105.0,63.0,0.2597361309807662,buy,2.0,4,71.35021142495657,24.08887845571776,0.0018006757258382743,-0.003517582326196807,0.07552960731316356,0.0025,1794340800,-0.257285,2026-08-29T11:28:04,0.1043,7.82,8.17,Software - Infrastructure,0.3452716139046579,Strong Buy
EOG,"EOG Resources, Inc.",9.948733,14.40887,16.51543,11.1556425,2.813939,1.17,16.78844761149939,78534254592,524529176,524529176,5.418,0.278,25.891,1.716,1.581,1.851,4.85,0.0311,0.6513170693406767,1.094,0.22507,0.25733,0.40717998,0.62636,143.35,159.96297,193.0,134.0,0.1158909661667249,buy,2.3,27,46.785332196695606,26.94874722021453,-0.009164167893555328,-0.019731408472742844,0.16326270826128533,0.00282,1793908800,0.14591599,2026-08-29T11:28:04,0.031,5.78,-6.74,Oil & Gas E&P,0.34942613445593373,Strong Buy
OUT,OUTFRONT Media Inc.,19.508595,1.51728,1.39525,21.294964,2.697296,0.39,26.912394080780242,9424787456,176135251,176135251,19.098,1.478,573.64,0.6445000000000001,0.619,0.67,4.81,0.0779,0.07758307801769893,3.4,0.35024,0.1266,0.22278,0.51405,29.6,38.0,40.0,36.0,0.28378378378378377,none,,6,58.57852850621746,12.454630155969085,0.04698978711270204,0.09134065554668445,1.2986082943793216,0.05546,1793908800,0.609743,2026-08-29T11:28:04,0.0375,4.6,2.83,REIT - Specialty,0.35054800908842215,Strong Buy
TNL,Travel   Leisure Co.,7.9471545,8.96044,7.60702,19.245945,1.0659251,0.53,7.84344647448702,9951897600,61282085,61282085,10.655,1.19,,2.6405000000000003,2.079,3.202,8.33,0.1399,0.1314544275052001,0.062,,0.05789,0.19755,0.50611,71.21,90.84615,107.0,77.0,0.27574989467771394,strong_buy,1.30769,13,39.469577149673746,26.181291442302026,0.0296565203737994,0.06208506931068611,0.22641084184807225,0.044749998,1792585800,0.14943087,2026-08-29T11:28:04,0.1168,6.86,7.33,Travel Services,0.3510470938090216,Strong Buy
WEX,WEX Inc.,9.309212,21.19621,20.02652,19.692616,2.4085755,1.12,5.051441425408342,6018414080,34081611,34081611,6.536,0.83,398.423,1.0135,0.982,1.045,3.28,0.1037,0.14812150751911335,0.571,0.3019,0.12560001,0.26941,0.73232,197.32,192.4,224.0,160.0,-0.024934117170078984,buy,2.35714,10,68.15881356456524,14.118381373717199,-0.000577400341050418,0.007174550800609363,0.25867633825630454,0.01322,1793217600,0.17330885,2026-08-29T11:28:04,0.0874,2.52,4.19,Software - Infrastructure,0.35210598914874375,Strong Buy
SMCI,"Super Micro Computer, Inc.",6.9621778,5.32592,4.3382,11.374234,0.61403394,0.91,-2.9140168423920465,28764426240,646873027,646873027,10.185,1.967,64.308,2.889,1.906,3.872,1.61,0.1841,0.7825018155966488,4.094,0.21465999,0.0571,0.13382,0.108219996,37.08,42.375,60.0,15.0,0.14279935275080913,hold,2.84211,16,57.578920606518054,42.22167242967752,0.3590170918750939,0.6851211072664359,0.48228420777631537,0.12878999,1793736000,-0.056890607,2026-08-29T11:28:04,0.1761,1.76,-5.89,Computer Hardware,0.3539492281107847,Strong Buy
EVER,"EverQuote, Inc.",8.340186,3.07667,2.6,8.358306,1.1973708,,14.384716235563616,684275648,31682105,35239751,8.185,0.669,0.757,3.274,3.218,3.33,8.37,0.2529,0.4359864472389068,0.359,0.53613997,0.15159,0.12038,0.97646004,25.66,29.5,34.0,28.0,0.14964925954793462,buy,1.875,6,50.4468913165338,54.130736535397766,0.0,0.0005430894308942563,1.2732287251923808,0.13211,1793649600,0.06706798,2026-08-29T11:28:04,0.2145,7.83,9.71,Internet Content & Information,0.35403739719070204,Strong Buy
MH,"McGraw Hill, Inc.",6.367096,2.0763,1.97417,26.979591,1.1946782,,5.806097417633438,4989271552,191308814,191308814,8.474,,336.611,0.637,0.499,0.775,3.18,0.081,0.0243545391484159,98.602,0.17296,0.04378,0.21463,0.8165,13.22,17.91667,24.0,15.0,0.3552700453857791,strong_buy,1.38462,12,59.744602062622796,27.124251652057893,0.01008979508301566,0.01681717565476298,1.038920679749192,0.00438,1794400200,-0.06624383,2026-08-29T11:28:04,0.0832,3.9,-1.76,Education & Training Services,0.3541806785243173,Strong Buy
MCY,Mercury General Corporation,8.405714,12.25,13.5,6.0856977,,1.11,,4578029568,,,3.608,0.926,33.925,0.9335,0.915,0.952,4.66,0.0376,0.138,0.583,0.38991,0.14778,0.19934,0.26808,102.97,120.0,120.0,120.0,0.16538797708070319,strong_buy,1.0,1,47.47125294007776,49.88799305300672,0.14893617021276595,0.020833333333333332,1.1908027509129866,0.52031,1793736000,0.33039534,2026-08-29T11:28:04,0.055,5.61,0.89,Insurance - Property & Casualty,0.3542762152663025,Strong Buy
STRA,"Strategic Education, Inc.",10.020517,8.44667,7.20667,14.130218,1.4612248,0.78,12.139203539731565,1857519488,22207559,22207559,7.527,0.498,6.532,0.9905,0.885,1.096,4.31,0.0926,0.12896332280373524,0.248,0.08151,0.10456,0.15698,0.49056,84.64,98.33333,105.0,90.0,0.1617831994328922,none,,3,56.705505194499864,40.307058456460595,0.0027829300635759777,0.04365817284109252,0.4259366881983136,0.03762,1793881800,0.035450697,2026-08-29T11:28:04,0.0577,3.66,-5.95,Education & Training Services,0.3581618709746906,Strong Buy
PR,Permian Resources Corporation,10.346116,2.19406,2.18088,14.645163,3.3138232,1.34,41.47877087998579,22433718272,837557029,837557029,5.272,0.477,26.246,0.5825,0.541,0.624,2.09,0.0227,0.48474942664710197,2.329,0.114029996,0.21523,0.57444,0.75848997,22.7,25.78947,30.0,22.0,0.1361000000000001,strong_buy,1.33333,19,67.28585088759698,56.66612159379439,0.12783914608415048,0.05236039078518876,0.12172316011421774,0.04611,1793822400,0.5975189,2026-08-29T11:28:04,0.0278,2.64,-9.33,Oil & Gas E&P,0.35826893957066,Strong Buy
ATLC,Atlanticus Holdings Corporation,6.5313735,13.945,9.6,11.828572,1.8914938,-0.1,,7186217472,15170038,15170038,,2.051,853.528,14.6875,14.538,14.837,2.69,0.2606,0.8380219482640716,0.66,0.22966999,0.21083,0.29521,0.72977996,91.08,133.5,179.0,110.0,0.4657444005270093,none,,4,46.96547687300161,38.14371464059023,-0.003891050583657551,0.0032456928838952045,0.16016664152437987,0.64309996,1794254400,0.40232134,2026-08-29T11:28:04,0.09,2.88,10.43,Credit Services,0.3589440512808141,Strong Buy
PBI,Pitney Bowes Inc.,9.447374,1.82167,1.675,13.991869,1.2642313,0.72,10.089985273285855,4238223616,137090212,137090212,8.077,1.639,,0.6835,0.633,0.734,0.02,0.00029999999,0.29173462204581013,1.158,,0.100389995,0.21681,0.54081,17.21,19.56,22.0,17.3,0.13654851830331194,hold,2.8,5,58.78386006327853,50.023553580152104,0.03501757985083388,0.04095428571428566,1.2440443527260285,0.0172,1793908800,0.43796837,2026-08-29T11:28:04,0.1331,11.05,2.14,Integrated Freight & Logistics,0.35946095064765876,Strong Buy
TPL,Texas Pacific Land Corporation,4.983315,73.12,,46.47704,28.002058,7.33,-765.4068598352229,25270034432,68974683,68974683,34.076,0.633,1.077,4.525,4.498,4.552,12.68,0.092,0.31175684852368213,0.327,0.36566,0.60322,0.78177,0.93336,364.38,442.0,639.0,245.0,0.21301937537735327,hold,3.0,2,64.18239201900246,37.849107697705904,0.016441194576658057,0.007881492735732527,0.0710108249962227,0.00171,1793822400,0.17702055,2026-08-29T11:28:04,0.0731,15.77,0.3,Oil & Gas E&P,0.3599237333611948,Strong Buy
NESR,National Energy Services Reunit,12.460652,2.7639,1.87998,37.43478,2.1454706,,25.240605439505,3662704896,100851754,100851754,12.658,0.363,29.256,0.8905,0.764,1.017,2.36,0.054,0.5754585745727339,1.728,0.09438,0.05768,0.124510005,0.13281,34.44,43.0,50.0,40.0,0.24854819976771214,none,,7,47.45948782637443,43.43350718666039,0.11073823520723168,0.12307092181290687,1.1215509335444116,0.11768,1794486600,2.7345417,2026-08-29T11:28:04,0.0755,3.15,-2.99,Oil & Gas Equipment & Services,0.36061953237759997,Strong Buy
SSRM,SSR Mining Inc.,8.010879,4.65492,4.11654,14.018797,3.9333823,0.02,16.866411011395176,6122838016,203909312,203909312,7.089,0.877,0.068,8.719999999999999,7.65,9.79,2.96,0.0461,0.08964440034989662,0.111,0.14272,0.122980006,0.43659002,0.54965997,37.29,41.4,48.0,39.0,0.11021721641190663,strong_buy,1.4,5,78.58892536260662,49.128503871493116,0.0011795636344178074,0.16853968856051046,1.2410382646095048,0.00676,1793736000,0.9553884,2026-08-29T11:28:04,0.0446,3.03,3.25,Gold,0.3610683534698389,Strong Buy
PLAB,"Photronics, Inc.",13.353108,2.07667,1.91667,9.868327,1.8862691,2.64,55.51573465524705,1407449088,58963698,58963698,5.14,1.367,0.223,4.6515,4.362,4.941,5.21,0.10609999,0.04767111960989956,0.256,0.13769001,0.19045,0.21062,0.33655,27.73,42.33333,44.0,41.0,0.5266256761630002,strong_buy,1.0,3,61.78447289525386,25.447339768026893,0.030467741935483867,0.006599009900990021,0.06900477011960746,0.03178,1787747400,0.37420523,2026-08-29T11:28:04,0.0793,4.95,7.61,Semiconductor Equipment & Materials,0.36161048256034395,Strong Buy
JXN,Jackson Financial Inc.,4.354254,30.81125,26.87367,147.42857,1.3874619,,7.400927271500846,9819432960,67728744,67728744,,1.314,54.611,1.064,0.322,1.806,5.63,0.050300002,,2.916,0.0137600005,0.01573,-3.0,0.48801,134.16,146.0,170.0,130.0,0.08825283243887894,none,,4,67.55354122651555,29.631349637563133,0.1605238270032172,0.13540678231549474,1.3681355128688448,0.016970001,1793736000,0.37381637,2026-08-29T11:28:04,0.055,6.16,-10.72,Insurance - Life,0.3628003206904841,Strong Buy
NATL,NCR Atleos Corporation,8.519337,5.43,4.705,17.930233,0.773585,,7.153486026203739,5932472320,73896934,73896934,6.898,0.568,634.267,0.7989999999999999,0.572,1.026,6.83,0.079,-0.004995818852240985,0.654,0.48529,0.04435,0.14959,0.25345,46.26,50.26667,50.4,50.0,0.08661197578901869,none,,3,39.881967742912416,30.677179425755128,0.1215733015494636,0.021636876763875695,1.0648084801557518,0.0127,1793795400,0.1867423,2026-08-29T11:28:04,0.0531,5.99,13.18,Software - Application,0.36338270101606795,Strong Buy
BDC,Belden Inc,11.468075,10.04615,8.64398,18.67261,1.5715176,1.05,41.59665461580945,5497515520,39078191,39078191,11.737,1.105,97.069,1.7435,1.352,2.135,6.26,0.1348,0.12795754542476145,0.137,0.18643999,0.08522,0.13171,0.3766,115.21,156.5,170.0,145.0,0.358389028730145,strong_buy,1.0,4,49.843425807325524,60.897050404857424,0.042229440517788264,0.043321172166193786,0.08932795395789737,0.0156,1793277000,-0.05260247,2026-08-29T11:28:04,0.0911,5.87,17.07,Communication Equipment,0.36420292721429365,Strong Buy
FUL,H. B. Fuller Company,10.583292,5.32443,4.86898,16.721067,0.86401576,2.2,13.814076678143847,5164443648,53787411,53787411,8.524,0.974,106.252,1.371,0.946,1.796,4.35,0.0739,0.0834980438080577,0.618,0.09388,0.052950002,0.13299,0.32394,56.35,73.28571,80.0,67.0,0.30054498669032825,strong_buy,1.42857,7,34.02998565065205,18.369739970846084,0.0,0.0,0.14765797826591348,0.0028600001,1790193600,-0.050000012,2026-08-29T11:28:04,0.0519,4.39,16.37,Specialty Chemicals,0.36457799109125677,Strong Buy
HCI,"HCI Group, Inc.",9.600597,19.404,19.162,8.033203,2.4337447,0.97,5.475530990544919,1618856448,12438867,12438867,3.433,1.019,5.722,0.772,0.679,0.865,3.0,0.0471,0.1572690583475167,0.082,0.34974998,0.32597,0.45431,0.59726,186.29,241.66667,265.0,225.0,0.2972605614901498,buy,1.6,3,45.43337625016813,16.900690835257492,0.06276245210727971,0.05970400432900431,1.0410588698136893,0.14656,1793908800,0.102146745,2026-08-29T11:28:04,0.0462,2.98,-8.17,Insurance - Property & Casualty,0.36513069193264647,Strong Buy
COMP,"Compass, Inc.",12.982556,0.84498,0.87267,182.83334,0.7977814,,12.603078436747682,11831496704,757522197,767644630,33.999,2.343,137.563,0.9715,0.88,1.063,3.8,0.0587,0.4508589155968983,0.603,0.036259998,0.0063899998,0.03762,0.14214,10.97,15.41667,18.0,12.0,0.40534822242479485,none,,12,45.73349750029603,18.97693552423644,0.04450083184717949,0.08271081326960777,0.914336189082914,0.01513,1793822400,0.2430011,2026-08-29T11:28:04,0.0636,4.22,-3.48,Real Estate Services,0.3656603508018767,Strong Buy
PWP,Perella Weinberg Partners,11.610256,1.4625,1.0025,65.30769,2.4633577,,,1630772992,74019967,99991873,,1.63,67.818,1.6945000000000001,1.449,1.94,6.25,0.122,0.19162615633157487,0.522,0.12691,0.0322,0.14729,0.96626,16.98,22.25,30.0,17.0,0.31036513545347466,none,,4,57.157804208890745,76.9229933698172,0.09264305177111713,0.03723404255319149,0.9563743354291587,0.029070001,1793968200,-0.22318971,2026-08-29T11:28:04,0.1019,5.55,-10.49,Capital Markets,0.36645749579856807,Strong Buy
EPAM,"EPAM Systems, Inc.",8.164084,14.06159,13.15097,15.555555,1.0543796,0.6,9.10886670514276,5285613568,51586981,51586981,7.016,1.37,4.326,2.668,2.581,2.755,4.31,0.19780001,0.12823659907525897,0.263,0.111770004,0.07151,0.10936,0.29451,114.8,122.82353,200.0,94.0,0.06989137630662023,buy,2.15789,17,74.60190465012488,56.12511326377048,0.007926392311200176,-0.005122403510968949,0.0658261135575981,0.03277,1793881800,-0.35449344,2026-08-29T11:28:04,0.1644,5.55,-14.53,Information Technology Services,0.36713325698099347,Strong Buy
BEN,"Franklin Templeton, Inc.",10.947002,3.16525,2.88973,23.571428,1.8881036,0.44,-5.88621693791274,21169164288,508076910,508076910,11.767,1.574,24.805,3.3,1.114,5.486,3.38,0.0395,0.16801193375231316,1.067,0.07887,0.08717,0.12979001,0.37707,34.65,35.18182,41.0,26.0,0.015348340548340556,hold,2.72727,11,60.96474782800266,32.17535862354197,0.026007640743055255,0.021295474711623727,0.5268529039051751,0.48556,1793968200,0.36978757,2026-08-29T11:28:04,0.0704,4.17,0.08,Asset Management,0.3685883881007738,Strong Buy
EPRT,Essential Properties Realty Tru,21.966497,1.38256,1.34016,23.542637,10.699796,,21.56921294566503,9408737280,216273004,216845791,16.682,0.88,65.659,3.7825,3.724,3.841,12.73,0.1216,0.09034705043445923,0.075,0.064780004,0.43506,0.62468,0.98414004,30.37,37.0625,40.0,33.0,0.22036549226210078,strong_buy,1.25,20,41.61519312573364,32.13594363007752,5.9697928481941384e-05,-0.012499464308672536,0.1104820290489718,0.00624,1792612800,-0.012040377,2026-08-29T11:28:04,0.0833,9.78,-0.06,REIT - Retail,0.3686252451168038,Strong Buy
BCO,Brinks Company (The),10.718291,10.35333,9.19667,25.6875,0.83370286,1.16,11.680522734343995,7538753024,41181028,41181028,8.531,1.038,1029.747,1.42,1.22,1.62,8.13,0.1817,0.09229910433513222,0.041,0.46236,0.033,0.095019996,0.26431,110.97,150.5,163.0,138.0,0.3562224024511129,none,,2,50.23147180219956,39.61551393303068,-0.004689393939394045,-0.022348441926345625,0.3390254487683268,0.0106,1793795400,-0.033883333,2026-08-29T11:28:04,0.1143,7.3,-2.96,Security & Protection Services,0.36904704139922256,Strong Buy
GLPI,"Gaming and Leisure Properties, ",12.886778,3.30261,3.10952,12.444445,7.701303,,25.15387984535481,20767821824,290920043,299501206,12.603,0.686,155.719,23.2425,22.195,24.29,4.27,0.0368,0.06035567992817881,0.479,0.19354999,0.58529,0.77479,1.02151,42.56,53.52174,63.0,45.0,0.25755968045112776,buy,1.95833,23,45.99100844707633,54.04909305269003,-0.03518847756544511,-0.008618205396059158,0.038959119464320485,0.0401,1793304000,-0.11001265,2026-08-29T11:28:04,0.0337,4.47,-2.72,REIT - Specialty,0.36904938265729503,Strong Buy
LPLA,LPL Financial Holdings Inc.,12.415035,29.85815,24.03819,29.655201,1.5205919,0.49,,33391720448,78742290,78742290,,0.479,135.371,2.318,2.285,2.351,3.47,0.031400003,0.3858574210122665,0.394,0.18591999,0.052449998,0.11099,0.2989,370.69,431.85715,557.0,372.0,0.16500890231730025,buy,1.75,14,51.179821891058076,76.21663794563598,0.024076121339152753,0.017276718455824017,0.15210850789329064,0.00399,1793304000,-0.0044373274,2026-08-29T11:28:04,0.037,4.02,-40.36,Capital Markets,0.37045515144194846,Strong Buy
HASI,HA Sustainable Infrastructure C,12.02559,3.32624,3.02629,61.538464,40.363693,1.31,,10908163072,128495790,128495790,,1.421,222.661,8.574,8.445,8.703,14.2,0.1356,7.697868093577229,0.245,0.03371,0.67654,0.22208,1.0,40.0,49.2,60.0,41.0,0.22999999999999998,strong_buy,1.5,15,55.10523722205551,56.07988630012412,0.008733071341193024,0.012419823240824315,0.4193630120660754,0.02242,1793908800,0.45221782,2026-08-29T11:28:04,0.0942,14.17,8.3,Asset Management,0.37077938405972144,Strong Buy
UUUU,Energy Fuels Inc,30.247421,0.485,-0.2775,-44.45454545454545,34.67337,,-41.809923429751684,3412799488,249965000,249965000,-47.622,1.573,85.133,26.801499999999997,25.705,27.898,7.38,0.2142,4.386231635180925,,-0.11447,-0.77295995,-0.79030997,0.40851003,14.67,24.1,32.5,16.0,0.6428084526244036,strong_buy,1.125,5,57.47448251971688,38.46492257831257,0.10483870967741928,0.4696969696969696,1.170184922436423,0.01228,1793649600,0.38556337,2026-08-29T11:28:04,0.2045,7.3,3.59,Uranium,0.3711194465313319,Strong Buy
SCSC,"ScanSource, Inc.",10.833334,5.22,4.72667,15.535713,0.3562709,0.76,12.093907690867585,1192820352,20324529,20324529,9.363,1.242,12.176,1.4315,1.108,1.755,4.74,0.0763,0.3541610484552926,0.413,0.08681,0.024449999,0.03548,0.13557,56.55,60.5,78.0,43.0,0.06984969053934575,buy,2.5,2,61.748189254100645,63.41447197119204,0.07107863131656472,0.0019193857965450647,0.09873193134965677,0.02078,1793881800,0.33195782,2026-08-29T11:28:04,0.0494,5.28,-1.54,Electronics & Computer Distribution,0.3716591067498178,Strong Buy
ST,Sensata Technologies Holding pl,10.0179205,4.09566,3.75888,66.177414,1.5816852,0.26,11.846725658121072,8012936192,145535862,145535862,10.373,1.265,82.598,1.8439999999999999,1.397,2.291,4.22,0.0533,0.05074416915880153,0.707,0.03079,0.023810001,0.16394,0.29497,41.03,52.90909,63.0,45.0,0.2895220570314403,none,,11,47.710320810450604,16.693658293698476,0.011975016153349147,0.010139226301315746,1.1730323727133531,0.00815,1793131200,0.32822752,2026-08-29T11:28:04,0.0526,3.66,-2.62,Scientific & Technical Instruments,0.37209027910896203,Strong Buy
TDC,Teradata Corporation,9.879299,2.91215,2.70887,6.0568423,1.5822649,6.0,7.677503908177905,2360610048,93000000,93000000,6.823,0.587,16.695,0.857,0.799,0.915,5.61,0.2824,0.08475161290322575,4.333,1.19116,0.27085,0.11951,0.61325,28.77,34.0,49.0,27.0,0.18178658324643737,none,,8,53.546806824355535,94.19321640199314,0.022118668050183903,0.014700553317816337,0.5613336508632378,0.01035,1793736000,0.37723112,2026-08-29T11:28:04,0.2488,7.06,16.23,Software - Infrastructure,0.37397030991356356,Strong Buy
SNEX,StoneX Group Inc.,14.511628,4.73,4.63,18.754097,0.053144813,,,-6728967168,120616735,120616735,,0.655,823.47,1.0535,1.042,1.065,3.82,0.05,0.05361570597977128,0.852,0.2185,0.00338,0.00418,0.01731,68.64,75.0,75.0,75.0,0.09265734265734271,buy,2.0,1,49.837980547390494,53.177596426308206,0.08346418366941011,0.06691809542713957,0.11730655030394557,0.091359995,1795464000,0.50521195,2026-08-29T11:28:04,0.0403,4.15,11.06,Capital Markets,0.3743128779992517,Strong Buy
GPRE,"Green Plains, Inc.",9.3824,1.5625,2.01,8.778443,0.56172395,1.16,31.221392721776184,1347299456,70095328,70095328,6.602,1.183,63.073,1.631,1.269,1.993,8.56,0.2066,-0.24706256456921072,,0.15468,0.06776,0.15211001,0.1604,14.66,17.85714,20.0,10.0,0.21808594815825377,buy,2.14286,7,48.56615109265482,54.424137537426574,0.09986320109439119,0.03305785123966945,0.24145962107789296,0.01845,1793795400,0.2752043,2026-08-29T11:28:04,0.1922,8.49,-2.38,Chemicals,0.37556648415026583,Strong Buy
LRN,"Stride, Inc.",9.361116,9.27667,8.72667,12.162465,1.4332569,0.5,16.049730916640904,3098812672,41559845,41559845,6.073,0.101,33.448,5.7795000000000005,5.618,5.941,6.43,0.2597,0.02139393686381652,0.696,0.21735,0.13430999,0.15981,0.37750998,86.84,109.0,125.0,93.0,0.2551819438046983,none,,2,52.756871196027575,63.01944656253025,-0.0034259598683060296,-0.01625980911983037,0.34409278568983054,0.03757,1793131200,-0.47264296,2026-08-29T11:28:04,0.1675,7.0,-1.46,Education & Training Services,0.3758781982411375,Strong Buy
INDV,"Indivior Pharmaceuticals, Inc.",7.1406193,4.88333,4.40867,12.498208,3.0917623,,47.5738236300578,4452881920,118013649,118013649,7.731,1.136,,0.7104999999999999,0.586,0.835,4.64,0.10520001,0.20103666991942615,6.0,,0.26747,0.46939,0.85725,34.87,49.0,53.0,43.0,0.40521938629194154,none,,4,29.812971665202724,38.07134199382786,0.1526537335285504,0.17892182897976922,1.6043320031142463,0.02017,1793881800,0.4538715,2026-08-29T11:28:04,0.0939,7.13,-3.54,Drug Manufacturers - Specialty & Generic,0.3760512964969436,Strong Buy
INVA,"Innoviva, Inc.",9.4886875,2.21,1.91,4.865429,3.4431696,0.31,13.731111240336665,1267170816,72245485,72245485,6.485,0.337,26.859,15.3305,14.654,16.007,9.89,0.129,0.036615832809482995,,0.36676,0.8119,0.43277,0.72670996,20.97,35.0,46.0,18.0,0.6690510252742012,buy,2.0,4,48.06868062335457,43.58819727333402,0.0,-0.03282275711159745,0.5981141008790704,0.01007,1793822400,0.0038313866,2026-08-29T11:28:04,0.1019,11.53,-1.76,Biotechnology,0.3761051792875043,Strong Buy
TPC,Tutor Perini Corporation,14.644986,6.06624,5.37588,38.293102,0.7856966,0.62,8.154709030130956,4429240320,52614703,52614703,14.049,2.066,34.819,1.193,1.101,1.285,1.76,0.0476,0.19398906423552353,2.247,0.13736,0.02083,0.07218,0.11481,88.84,116.25,125.0,105.0,0.3085321927059883,none,,4,30.917185713912033,41.50724047491919,0.06247937151045017,0.007175802172332122,0.845542498826319,0.14711,1793822400,0.5550482,2026-08-29T11:28:04,0.0555,1.71,12.55,Engineering & Construction,0.37629733973491475,Strong Buy
FANG,"Diamondback Energy, Inc.",10.910729,18.11703,20.23237,37.65143,3.4066658,20.62,10.992256705440926,74387480576,280019792,280019792,6.315,0.419,28.678,0.444,0.421,0.467,4.19,0.0392,0.5856428719867057,1.795,0.034930002,0.09029,0.48466998,0.72353995,197.67,232.5357,283.0,205.0,0.17638336621642137,strong_buy,1.48276,28,57.343168123385105,31.194993125913314,0.02933751600043147,0.041774411965118906,0.49216483304431086,0.27114,1793649600,0.33804882,2026-08-29T11:28:04,0.0405,4.55,-9.89,Oil & Gas E&P,0.3766734785735471,Strong Buy
PAR,PAR Technology Corporation,13.405482,1.42852,0.76715,-10.880681818181817,1.5948228,0.77,80.9986447662751,1148998912,41362708,41362708,-40.201,1.311,53.029,1.8584999999999998,1.507,2.21,10.75,0.2725,0.4432010786140985,,-0.08623999,-0.14524001,-0.055209998,0.4302,19.15,25.3125,33.0,18.0,0.32180156657963455,none,,8,64.32286257431215,35.60050431168361,0.23401483101967294,0.10909937888198756,0.6264593326067994,0.0215,1793908800,-0.6096224,2026-08-29T11:28:04,0.3014,11.47,-3.57,Software - Application,0.37672395049873864,Strong Buy
AX,"Axos Financial, Inc.",9.0601845,10.8,9.65833,11.538916,4.0245576,0.95,,5774470144,56734049,56734049,,1.232,,,,,8.69,0.0746,0.17578654751047296,0.124,0.16773,0.35549998,0.45029998,0.0,97.85,119.14286,128.0,110.0,0.21760715380684736,strong_buy,1.42857,7,65.39240700906527,69.78131491187388,0.004854515396387855,0.014084507042253554,0.20452510660202372,0.045879997,1793304000,0.081537485,2026-08-29T11:28:04,0.0575,8.21,1.5,Banks - Regional,0.37684972900299357,Strong Buy
URGN,UroGen Pharma Ltd.,15.610405,2.79429,-0.24286,-22.14213197969543,11.297223,,-19.931340253630562,2312218624,48880564,48880564,-34.851,1.575,,3.4895,3.177,3.802,5.93,0.1069,1.8318451317378415,,,-0.51732,0.00153,0.90845,43.62,60.0,75.0,48.0,0.37551581843191206,strong_buy,1.375,8,62.90467214101098,37.87102530515544,0.6555177304964539,0.8706543933054396,0.22507305250797432,0.03479,1793881800,1.3297491,2026-08-29T11:28:04,0.1057,6.64,-19.34,Biotechnology,0.3776548190563954,Strong Buy
HRTG,"Heritage Insurance Holdings, In",6.5324802,5.18333,5.175,4.8302426,1.177983,,3.912129759304883,481726944,29732416,29732416,1.567,0.914,16.176,0.598,0.379,0.817,1.97,0.024600001,0.0745217610301161,0.323,0.45275003,0.25191,0.39147,0.45389,33.86,39.0,42.0,36.0,0.15180153573538102,none,,2,63.1423935963873,34.56656289456261,0.18511359914992426,0.09507048948626025,1.272136134693651,0.20036,1793822400,0.4606501,2026-08-29T11:28:04,0.0337,2.62,-18.94,Insurance - Property & Casualty,0.37837233852069113,Strong Buy
GS,"Goldman Sachs Group, Inc. (The)",13.966715,74.03244,70.72416,15.971424,4.455651,1.5,,67699306496,291171408,291171408,,1.288,725.381,1.4849999999999999,1.407,1.563,3.05,0.0214,0.48152394688423517,0.923,0.16902,0.31039,0.42176998,0.82075995,1033.99,1141.65,1325.0,730.0,0.10412092960280095,hold,2.6,20,49.60992996467887,56.70068329984059,0.16619582343403502,0.10692656275837539,0.3431432994384394,0.0055199997,1791894600,0.424191,2026-08-29T11:28:04,0.0206,3.02,-1.6,Capital Markets,0.37875814789738754,Strong Buy
SANM,Sanmina Corporation,13.940154,13.91735,12.09831,34.706615,0.8147082,0.65,-46.79426782649568,11178118144,53597356,53597356,12.918,1.601,88.161,1.3860000000000001,0.992,1.78,1.89,0.0507,0.6927713486463773,0.683,0.12488,0.02414,0.0704,0.090150006,194.01,260.0,300.0,210.0,0.34013710633472516,none,,4,47.42866829095064,33.483809152724106,0.07835186990942357,0.06861967479212862,0.12900447288903474,0.052849997,1793649600,0.73669827,2026-08-29T11:28:04,0.0292,1.53,9.05,Electronic Components,0.3793792210663117,Strong Buy
SSNC,"SS&C Technologies Holdings, Inc",10.791999,7.7298,7.06482,23.971264,2.982027,0.86,15.037387307395278,26987141120,234654996,234654996,12.79,1.087,115.897,0.6725,0.28,1.065,2.44,0.0341,0.1479651350615181,0.347,0.12624,0.13161999,0.24598,0.48104,83.42,92.33333,112.0,82.0,0.10684883720930238,none,,9,58.934485766693946,27.69376943521779,0.024745366408382718,0.03125462775814391,0.13660328239753441,0.14427,1792699200,-0.04627514,2026-08-29T11:28:04,0.0296,2.84,-4.07,Software - Application,0.3794625381239952,Strong Buy
HALO,"Halozyme Therapeutics, Inc.",10.136572,10.39306,8.57694,30.894426,7.1868377,,35.448290111987646,14082736128,113498000,113498000,13.403,0.848,1517.687,2.3515,1.994,2.709,6.6,0.169,0.5221306278524729,0.429,1.73674,0.24858999,0.59803003,0.76271003,105.35,99.55556,115.0,70.0,-0.05500180351210249,buy,1.66667,9,52.6847086448068,56.428943861500834,0.05092816095474983,0.050581895484232205,0.3509075676266699,0.0110599995,1793649600,0.4578675,2026-08-29T11:28:04,0.125,8.35,5.46,Biotechnology,0.3797257475498176,Strong Buy
AGM,Federal Agricultural Mortgage C,9.569144,23.14,20.88,12.113237,5.8803444,0.81,,38948335616,9322129,10853210,,1.004,1994.179,1.4885000000000002,1.479,1.498,0.39,0.0047999998,0.41451781025557577,0.208,0.13475999,0.56033003,0.6973,1.0,221.43,257.0,262.0,254.0,0.1606376733053334,none,,3,35.80736452521313,65.34129794750714,0.06967213114754095,0.08384074941451986,0.08025812434443606,0.01612,1793736000,0.0772208,2026-08-29T11:28:04,0.0349,2.91,-6.5,Credit Services,0.3797620279859298,Strong Buy
NXST,"Nexstar Media Group, Inc.",7.866542,23.30376,33.50086,34.654064,0.9611603,0.17,7.054210926087666,17407180800,30808301,30808301,10.246,0.895,533.79,1.4825,1.403,1.562,7.71,0.1173,0.5960286157941652,0.18,0.07434,0.03199,0.21224001,0.55070996,183.32,246.75,290.0,205.0,0.3460069823259875,none,,8,46.61422792824597,39.49452238640646,-0.02020748255648489,-0.0372041946335067,0.6836332137528823,0.06687,1793881800,-0.113815546,2026-08-29T11:28:04,0.0781,8.14,-3.33,Broadcasting,0.38019818543059125,Strong Buy
SNDK,Sandisk Corporation,5.609591,264.72162,214.09818,20.12168,10.73831,,28.161224586424492,212868284416,146419001,146419001,16.872,,1.277,1.9985,1.707,2.29,0.46,0.082399994,3.6799581701831174,,0.9164,0.56465,0.78472,0.71474,1484.98,2125.087,3600.0,1000.0,0.431054290293472,buy,1.54167,23,55.222395569056715,41.02907000773035,0.007044147901941393,0.0656140853418336,0.5037369108506784,0.01,1793995200,28.076757,2026-08-29T11:28:04,0.0473,1.0,-13.16,Computer Hardware,0.38026836155428284,Strong Buy
TBBK,"The Bancorp, Inc.",8.111111,8.1,5.98667,12.349623,5.037945,1.07,,3557866240,40786809,40786809,,1.193,,,,,7.35,0.119899996,0.1387983698356985,0.142,0.29629,0.43607,0.59707,0.0,65.7,84.33333,88.0,79.0,0.2836123287671233,none,,3,30.458412655005404,55.78659961997217,0.012972927241962777,0.004131816474455929,0.30536905157405186,0.0622,1793304000,-0.12854147,2026-08-29T11:28:04,0.0816,6.72,-1.47,Banks - Regional,0.38255178290695085,Strong Buy
CVX,Chevron Corporation,15.245061,13.24101,15.9365,19.428295,1.8911151,0.77,18.052759669246228,426089480192,1961603274,1961603274,8.41,0.488,18.959,1.0474999999999999,0.843,1.252,2.05,0.0081,0.5910495346777243,3.219,0.12231,0.09834,0.21866,0.44267,201.86,218.29167,241.0,175.0,0.08140131774497172,buy,1.72,24,66.4534060723144,62.99061033077462,0.0877021034663275,0.04471414177835604,0.42866704601431216,0.04768,1793363400,0.23444355,2026-08-29T11:28:04,0.0108,2.75,-0.57,Oil & Gas Integrated,0.38266127664883254,Strong Buy
LPG,Dorian LPG Ltd.,11.610496,4.2875,6.85,6.602122,3.6792278,,-17.788320263139838,2433818368,42782681,42782681,6.588,0.76,52.263,2.8419999999999996,2.428,3.256,3.29,0.0634,1.2411423912400443,12.635,0.28342,0.55605,0.59928,0.72923,49.78,51.8,55.0,46.0,0.04057854560064267,none,,5,76.44255432811325,65.57723155093936,0.10069689378516002,0.2445573294629898,0.48395929579306024,0.1426,1793881800,0.6157377,2026-08-29T11:28:04,0.0634,3.69,1.79,Oil & Gas Midstream,0.38341582222284115,Strong Buy
FIVN,"Five9, Inc.",8.871553,3.83811,3.25913,50.07353,2.113452,0.29,9.76781878532151,2772394496,74723531,74723531,18.296,1.454,107.449,3.822,3.495,4.149,3.3,0.153,0.14048093514210414,3.0,0.079169996,0.049390003,0.033210002,0.55063,34.05,34.73684,50.0,24.0,0.020171512481644838,buy,1.75,19,49.564118490282276,51.152997569056346,0.002395935214403896,0.01665324588635418,1.08489454995866,0.02981,1794254400,0.31245255,2026-08-29T11:28:04,0.1391,2.48,18.49,Software - Infrastructure,0.38400692991570795,Strong Buy
ARW,"Arrow Electronics, Inc.",8.523302,23.925,21.635,13.030032,0.2889549,0.95,14.164594166539166,12380282880,50905423,50905423,8.419,1.201,30.663,1.1,0.983,1.217,2.22,0.028399998,0.33343829791965374,0.465,0.12036,0.02259,0.0395,0.11271,203.92,235.0,250.0,200.0,0.1524127108670068,none,,4,53.258457183734,35.309486105234214,0.09230880304463097,0.12192262602579139,0.4503688605344284,0.0051499996,1793277000,0.6908885,2026-08-29T11:28:04,0.0264,2.73,-9.91,Electronics & Computer Distribution,0.38411384025800493,Strong Buy
LNC,Lincoln National Corporation,4.988316,8.67828,7.98707,3.6470094,0.42735806,1.01,4.004955529142341,-28992126976,191447336,191447336,,1.125,63.803,1.6655000000000002,1.147,2.184,0.06,0.0007,0.004174244555693374,0.768,0.22587,0.12169,0.046079997,0.27076998,43.29,47.91667,60.0,35.0,0.10687618387618403,hold,2.53846,12,37.16049185436909,35.71001414578767,0.04356625548922543,0.030327063080861097,1.034943929258086,0.00341,1793277000,0.019685984,2026-08-29T11:28:04,0.0614,4.61,-0.38,Insurance - Life,0.38432238897400467,Strong Buy
ASO,"Academy Sports and Outdoors, In",6.2297,6.98268,6.42373,7.6855125,0.43909433,0.6,30.56926945564973,4256944128,62018371,62018371,6.804,1.034,91.982,0.98,0.283,1.677,6.58,0.1878,0.14368647154566494,0.176,0.18847999,0.0624,0.05177,0.34604,43.5,59.94737,78.0,50.0,0.37810045977011497,buy,2.05263,19,38.25272089348173,36.003897923465665,-0.006369771582280306,-0.0021022123963363483,0.14231757252163516,0.01544,1788957000,-0.20392156,2026-08-29T11:28:04,0.1279,6.65,0.8,Specialty Retail,0.3845741487311069,Strong Buy
GOLD,"Gold.com, Inc.",12.548209,3.63,5.31,14.837133,0.057390258,,-1.775951723054523,2879402240,29004374,29004374,16.595,0.616,182.406,0.651,0.126,1.176,8.32,0.1486,202.9327685513916,,0.10819,0.0034999999,0.00865,0.01844,45.55,65.8,90.0,52.0,0.4445664105378706,strong_buy,1.2,5,46.09601434472755,36.1440911501716,0.22350230414746539,,0.6742578110838454,0.33103,1788379200,0.95161295,2026-08-29T11:28:04,0.1556,8.25,-0.81,Capital Markets,0.38470543737985174,Strong Buy
ANIP,"ANI Pharmaceuticals, Inc.",6.975012,10.44156,9.28421,15.867103,1.7099006,,12.653994177197374,1824347648,22959488,22970352,8.712,0.464,104.825,2.6035000000000004,2.297,2.91,9.78,0.1814,0.18725360513265787,1.911,0.20459,0.1107,0.14974,0.60403997,72.83,108.375,121.0,90.0,0.48805437319785816,buy,1.625,8,46.07536058833171,17.9610884773286,-0.014487261548782583,-0.02955240609952284,1.3151779228788263,0.05426,1793968200,-0.21880978,2026-08-29T11:28:04,0.1188,9.25,-30.76,Drug Manufacturers - Specialty & Generic,0.3849642759711251,Strong Buy
HRB,"H&R Block, Inc.",7.599189,6.906,6.146,9.223199,1.639633,0.67,10.353758088004744,7612642816,123265922,123265922,7.39,0.355,1789.419,1.0785,1.024,1.133,7.19,0.2367,0.11869037088774625,0.045,7.13542,0.18594,0.3291,0.4433,52.48,50.66667,60.0,33.0,-0.03455278201219503,hold,3.2,3,67.0865421864063,25.436033142240518,0.05556032632030917,,0.14139163885727693,0.01314,1793908800,0.042899728,2026-08-29T11:28:04,0.1537,9.56,-2.45,Personal Services,0.38608183026833215,Strong Buy
SON,Sonoco Products Company,8.901198,6.34409,5.8198,8.727976,0.74835324,0.21,10.593259742167835,10197915648,98875003,98875003,8.16,0.353,132.433,0.741,0.487,0.995,9.53,0.1392,-0.015434673129668619,-0.788,0.18855,0.08412,0.10012999,0.20794001,56.47,63.88889,70.0,56.0,0.1313775455994335,buy,1.90909,9,54.38154354233988,36.67757456423896,-0.0038256463801854307,-0.014814837821007657,0.6583386829382342,0.0104600005,1793304000,0.21408689,2026-08-29T11:28:04,0.1181,8.5,9.25,Packaging & Containers,0.38832526638534465,Strong Buy
TALO,"Talos Energy, Inc.",11.558889,1.44218,0.96195,-7.0635593220339,1.4063586,,5.052878677571799,3560067328,166965468,166965468,3.143,0.345,66.094,1.4745,1.336,1.613,4.66,0.0865,0.6737625203314495,,-0.17822,-0.20462999,0.34449002,0.71367997,16.67,19.11111,24.0,17.0,0.14643731253749248,buy,1.7,9,60.179538893051784,45.84869676831096,1.0,1.0,1.334377190898334,0.24891001,1793822400,0.67635274,2026-08-29T11:28:04,0.0727,4.55,0.24,Oil & Gas E&P,0.3885602881339678,Strong Buy
CNK,Cinemark Holdings Inc Cinemark ,13.748502,2.61774,2.36962,20.106146,1.2403497,1.86,18.32995175341437,6597879808,115911855,115911855,10.024,0.986,587.527,0.8,0.755,0.845,2.8,0.113000005,0.1460334234147147,0.886,0.45816,0.0644,0.21705,0.49416,35.99,39.27273,43.0,33.0,0.09121228118921931,buy,2.0,11,33.336493369554205,18.538879858571875,0.07457754343567506,0.08353440453763128,1.1452887602685253,0.11113,1793795400,0.42873883,2026-08-29T11:28:04,0.0778,2.6,-6.76,Entertainment,0.38923448396186344,Strong Buy
EMN,Eastman Chemical Company,10.535213,6.93199,6.38878,19.018229,0.9418243,0.62,15.33031484061959,13201272832,114326623,114326623,9.477,1.084,88.518,1.1115,0.725,1.498,4.74,0.065799996,0.1038580926159256,0.325,0.07334,0.04986,0.12893,0.19662,73.03,81.6,100.0,74.0,0.11734903464329727,buy,2.0,15,52.74596279038124,58.95572873753194,0.012727292902104902,0.004454265531606559,0.25654130538893244,0.00931,1793649600,0.03284049,2026-08-29T11:28:04,0.0465,3.77,-1.81,Specialty Chemicals,0.3897865849487045,Strong Buy
DINO,HF Sinclair Corporation,10.637413,9.37352,13.48029,9.505243,0.5676581,1.16,8.708297890000328,18868828160,177783849,177783849,5.885,0.685,32.261,1.5205000000000002,1.07,1.971,2.75,0.053200003,0.6235677291473198,3.502,0.19504999,0.06132,0.11694,0.12892,99.71,90.8,114.0,67.0,-0.08935914151038005,hold,2.625,15,84.54619093392394,58.36929726197004,0.1918912466843501,0.11495946854128372,0.8977326980753201,0.05489,1793277000,0.9064466,2026-08-29T11:28:04,0.0527,2.79,7.79,Oil & Gas Refining & Marketing,0.38999938203933304,Strong Buy
ACIW,"ACI Worldwide, Inc.",13.838046,3.89,3.59,24.692661,2.9857306,1.78,20.858646835685033,6170493952,100955241,100955241,16.104,0.99,57.698,1.224,0.866,1.582,5.24,0.0863,0.11492676244515132,1.652,0.15617,0.124,0.10466,0.49082002,53.83,67.33333,70.0,66.0,0.25085138398662465,strong_buy,1.5,3,48.882997866531305,59.948346588069384,0.02085211293638581,0.013020833333333403,0.315054471757048,0.01253,1793881800,0.107186556,2026-08-29T11:28:04,0.0576,6.39,21.05,Software - Infrastructure,0.39059162797575186,Strong Buy
BBW,"Build-A-Bear Workshop, Inc.",7.8759894,3.79,4.1125,7.388614,0.7228237,0.43,,464742592,12537443,12537443,6.323,1.033,78.939,1.0005000000000002,0.397,1.604,10.05,0.2759,-0.022322111454464832,-0.255,0.32810003,0.09962,0.096099995,0.55334,29.85,61.25,65.0,60.0,1.0519262981574538,strong_buy,1.25,4,19.9727356986065,37.69620876528865,-0.004839685420447782,-0.001548760411176296,0.09860567381330156,0.054970004,1787833800,-0.5230589,2026-08-29T11:28:04,0.2338,11.14,-3.9,Specialty Retail,0.39064822198594223,Strong Buy
COLL,"Collegium Pharmaceutical, Inc.",3.746813,6.76575,7.46575,19.96063,0.97231096,,2.42511156452226,1949185408,30999193,30999193,4.81,0.763,390.461,0.867,0.703,1.031,10.68,0.2394,0.08024529219196119,,0.17612,0.05929,0.05652,0.89449,25.35,49.6,60.0,43.0,0.9566074950690335,buy,1.8,5,53.01079853519152,28.87335140957056,-0.03850735696577486,-0.09844093543873682,0.8599345476733522,0.0115,1793881800,-0.32482123,2026-08-29T11:28:04,0.1674,17.35,-2.92,Drug Manufacturers - Specialty & Generic,0.3906891073939608,Strong Buy
VCTR,"Victory Capital Holdings, Inc. ",13.822102,8.55948,7.98446,21.510908,4.6688595,,13.98595613606473,8219410432,61509572,61509572,10.216,1.086,42.615,1.9975,1.929,2.066,4.2,0.056700002,0.35544784736918666,1.48,0.19045,0.29569998,0.48994,0.57335997,118.31,104.4,118.0,91.0,-0.11757247908038204,hold,2.83333,5,76.94505623102968,52.06783806182564,0.06773951545284722,0.046532348002990095,0.13982646958223366,0.1122,1793908800,0.70557594,2026-08-29T11:28:04,0.059,6.86,7.21,Asset Management,0.391426213430136,Strong Buy
AUB,Atlantic Union Bankshares Corpo,10.081,4.03333,3.76667,11.854227,3.8513832,1.08,,6851731968,142814896,142814896,,0.774,,,,,6.72,0.0657,0.3680612359651896,8.348,0.09759,0.32319,0.56057,0.0,40.66,47.0,50.0,43.0,0.1559272011805215,buy,1.77778,8,52.99670582148238,41.45961474530358,0.0,0.0,0.1666540072375084,0.009,1792672200,0.15176308,2026-08-29T11:28:04,0.0529,5.98,-0.71,Banks - Regional,0.39193105716150456,Strong Buy
PRDO,Perdoceo Education Corporation,10.172728,3.3,3.13,12.207273,2.4466455,0.71,11.376344943180007,1480480768,62577055,62577055,5.94,0.72,11.009,4.6274999999999995,4.563,4.692,4.71,0.075,0.05665824638120154,0.21,0.17554002,0.20628999,0.25722998,0.79890996,33.57,44.0,44.0,44.0,0.3106940720881739,none,,1,62.62779965479097,69.39296368527263,0.006430868167202578,-0.011976047904191628,0.2203023081307071,0.01194,1794254400,0.030478477,2026-08-29T11:28:04,0.0615,4.36,0.85,Education & Training Services,0.3932489904710056,Buy
DVA,DaVita Inc.,10.473972,17.25038,14.84534,15.298898,0.82281756,0.55,11.057865708179015,26089515008,63800000,63800000,9.231,0.87,1241.986,1.4,1.333,1.467,4.14,0.1233,0.26319965191222594,0.558,0.88475,0.060489997,0.16061,0.32364,180.68,218.42857,270.0,165.0,0.208925005534647,none,,7,47.534999453791926,68.71893431717174,-0.0022615782388454952,-0.011981990142657424,0.26387857512868235,0.46909,1793217600,0.3061701,2026-08-29T11:28:04,0.1262,7.51,-4.74,Medical Care Facilities,0.3935485888829976,Buy
MU,"Micron Technology, Inc.",6.017472,155.02524,73.40044,21.086346,11.670754,0.14,137.91029253065062,1036777029632,1129393151,1129393151,15.197,2.213,6.33,3.176,2.927,3.425,0.7,0.026600001,3.4164977751737755,13.685,0.66638,0.55906,0.80370003,0.72569,932.86,1513.409,2200.0,361.0,0.622332397144266,strong_buy,1.3617,44,65.53073647386412,52.180576497261,-0.00010380331533080763,0.011141091092762559,1.1736307090402234,0.00238,1790798400,6.894919,2026-08-29T11:28:04,0.0266,1.0,-17.45,Semiconductors,0.3939909959243084,Buy
HLNE,Hamilton Lane Incorporated,14.460716,7.33297,7.60268,16.14003,6.817468,,25.28873558081107,5358491136,43349167,55185617,13.943,1.173,21.558,4.0465,3.982,4.111,4.7,0.1019,0.9925702955260938,0.505,0.32416,0.32141998,0.45933998,0.6066,106.04,133.57143,182.0,105.0,0.2596324971708788,none,,7,77.00396644439797,49.27498840933519,0.2411991634654472,0.0011397588595898447,0.306351268699704,0.11564,1793709000,-0.290541,2026-08-29T11:28:04,0.0967,5.4,-11.19,Asset Management,0.39434679053742433,Buy
COKE,"Coca-Cola Consolidated, Inc.",5.0973296,38.94,,26.359894,1.7177527,3.04,29.792312973593322,2891136000,56517334,66564294,2.372,0.547,197.906,1.022,0.833,1.211,6.02,0.0716,0.6705239033391066,2.658,0.97331,0.0715,0.07417,0.39111,198.49,,,,,none,,,54.00481412621519,70.11646407996042,,,0.24893516905570565,2.0000001e-05,1793217600,0.66410124,2026-08-29T11:28:04,0.4011,7.57,-4.81,Beverages - Non-Alcoholic,0.39443604826043,Buy
CROX,"Crocs, Inc.",8.175887,14.95006,13.95039,10.845608,1.4452579,1.39,10.976682062833406,7379252736,47945075,47945075,7.964,1.526,121.993,1.1764999999999999,0.863,1.49,4.3,0.1223,0.19996766299771163,,0.42299998,0.14635,0.24221,0.5747,122.23,138.25,163.0,95.0,0.13106438681174826,buy,2.33333,12,30.045140659589606,30.288005289205174,0.019535806265840745,0.027934259226790336,0.7790654418110594,0.030940002,1793277000,0.34657514,2026-08-29T11:28:04,0.0957,4.08,-10.66,Footwear & Accessories,0.39565678338983584,Buy
ECVT,Ecovyst Inc.,11.592042,0.87215,0.68404,43.95652,1.27319,,8.789892931452837,1567876224,109468398,109468398,8.921,1.1,93.099,1.51,1.319,1.701,3.56,0.0422,0.5374153917918849,0.489,0.0404,-0.07056,0.08823,0.21293,10.11,15.5,17.0,13.0,0.533135509396637,none,,6,42.56815025230048,28.162991488739564,0.00774919708889468,-0.010584471570540523,1.2636090451282949,0.01846,1793881800,0.12154698,2026-08-29T11:28:04,0.0407,3.22,-10.97,Specialty Chemicals,0.39567752263290723,Buy
APA,APA Corporation,10.12534,4.20134,5.73988,8.974684,1.7386787,0.8,6.942566561193988,19207897088,350351510,350351510,3.358,0.348,48.854,0.819,0.692,0.946,4.72,0.09819999,0.11895621628689446,0.263,0.26659,0.19564,0.56331,0.78255,42.54,43.75,53.0,31.0,0.028443817583450937,hold,2.6,24,59.05928116006333,74.85411429801702,0.0327444407859817,0.0235088334746299,0.6284146449403466,0.0044299997,1793822400,0.77768457,2026-08-29T11:28:04,0.0864,5.84,-6.8,Oil & Gas E&P,0.3960123209024857,Buy
SLGN,Silgan Holdings Inc.,10.283944,4.09376,3.82112,16.509804,0.66586334,0.79,14.200615934446583,8931439616,105682020,105682020,9.133,0.676,203.153,0.9844999999999999,0.697,1.272,5.39,0.0942,0.0812484848416033,-0.137,0.11748,0.04045,0.10297,0.1707,42.1,55.30769,61.0,47.0,0.3137218527315915,strong_buy,1.38462,13,50.47430485940829,33.84907717240114,0.0034559186546077323,0.0012693924770762898,0.08139837961013817,0.16307,1793190600,-0.09219086,2026-08-29T11:28:04,0.0936,3.85,-8.28,Packaging & Containers,0.3963688773733494,Buy
CDRE,"Cadre Holdings, Inc.",18.72609,1.64156,1.42208,37.95062,1.9198034,,19.890363008703403,1661592320,42820734,42820734,15.691,1.317,115.354,1.6355,1.128,2.143,5.74,0.0734,0.2516106893450263,-0.133,0.10618,0.052600004,0.12686,0.42646998,30.74,47.5,62.0,43.0,0.5452179570592064,strong_buy,1.2,6,34.50917977847813,16.09319006289529,0.061253731343283525,0.22504477611940285,0.5340439248148355,0.27736,1793736000,0.0064724684,2026-08-29T11:28:04,0.1111,8.71,19.78,Aerospace & Defense,0.39638859092966383,Buy
NSIT,"Insight Enterprises, Inc.",11.745112,13.25232,12.50413,23.025146,0.5324415,1.13,10.418864136223954,5964294144,29348850,29348850,9.519,1.072,108.517,1.1455000000000002,1.108,1.183,2.64,0.0685,0.22992919995161643,0.76,0.13112001,0.024530001,0.06179,0.22103001,155.65,163.75,180.0,140.0,0.05203983295856074,none,,4,57.24560330911102,37.372313826294416,0.0943681411251114,0.07788533958424498,0.1948422592965656,0.012569999,1793277000,0.22624183,2026-08-29T11:28:04,0.0486,3.79,-2.68,Electronics & Computer Distribution,0.396467104275857,Buy
CF,"CF Industries Holdings, Inc.",12.024238,10.46137,14.48813,9.331603,2.4598558,0.43,14.910377339101712,23341824000,151338130,151338130,6.027,0.398,40.504,4.501,4.142,4.86,4.05,0.073,0.258927674076586,0.996,0.29867,0.27122,0.49325,0.42486,125.79,125.77474,195.72,98.0,-0.00012131329994446993,hold,2.85714,19,52.825954478412996,48.952485969342874,-0.14168185231910269,-0.03700182293243592,0.4360559207876996,0.00445,1793822400,0.43783593,2026-08-29T11:28:04,0.0533,3.69,-13.45,Agricultural Inputs,0.3973292516383578,Buy
SBH,"Sally Beauty Holdings, Inc. (Na",7.3883924,2.24,2.066,8.619791,0.4155003,0.72,8.753886481071591,2891757056,93622292,93622292,7.419,1.041,173.89,1.4264999999999999,0.486,2.367,13.6,0.308,0.07982603117642095,0.25,0.23527999,0.05156,0.09267,0.52114,16.55,17.0,20.0,13.0,0.027190332326283873,none,,5,57.359727474541586,57.872667181404765,0.0029126213592231957,0.0,0.11297890323580544,0.01395,1794486600,0.18470418,2026-08-29T11:28:04,0.2153,15.88,-1.09,Specialty Retail,0.397493252187233,Buy
SMPL,The Simply Good Foods Company,6.4292984,1.70003,1.64594,-5.180094786729858,0.69432414,1.64,9.020034044371448,1227762176,88441207,88441207,5.646,0.151,31.624,3.8445,2.893,4.796,2.8,0.1197,0.07024620322063235,,-0.12197,-0.14276,0.12784,0.33273998,10.93,14.375,20.0,11.0,0.3151875571820677,buy,2.27273,8,45.77936444643556,72.30314918227529,0.0,-0.00390812679439865,0.14719601443879743,0.09229,1792672200,-0.64338106,2026-08-29T11:28:04,0.0921,2.84,6.81,Packaged Foods,0.3980777868674861,Buy
LAD,"Lithia Motors, Inc.",8.774974,42.20639,36.28828,12.263576,0.21461359,0.77,14.86655079314309,24611166208,21983116,21983116,12.801,1.241,257.698,0.577,0.151,1.003,5.76,0.1445,0.21016844017927205,0.169,0.10719,0.01883,0.04611,0.15438,370.36,447.3125,525.0,340.0,0.2077775677718976,buy,1.875,16,51.36537487818386,52.020772078349985,0.0509121417237687,0.03580800793966522,0.17767906422698032,0.01201,1792585800,0.11533952,2026-08-29T11:28:04,0.1126,4.78,-16.53,Auto & Truck Dealerships,0.39851500728282335,Buy
ZBH,"Zimmer Biomet Holdings, Inc.",11.129052,9.06726,8.53381,24.49272,2.2620513,0.67,17.643543984410492,26120484864,190737689,190737689,10.223,0.462,60.175,1.216,0.741,1.691,3.34,0.0608,0.08706729690952697,0.338,0.06413,0.09481,0.17959999,0.69877,100.91,107.57143,130.0,93.0,0.0660135764542662,buy,2.44444,21,65.37126119120902,53.21981046498985,0.006292118932368142,0.00892730968963033,0.48319685396136797,0.00158,1793881800,-0.052661657,2026-08-29T11:28:04,0.0588,4.87,-7.25,Medical Devices,0.39901610158604517,Buy
CWK,Cushman & Wakefield Ltd.,8.20477,1.72095,1.4726,48.689655,0.306353,0.33,10.95589278677686,5843857408,234713708,234713708,10.051,1.444,149.834,1.0375,0.997,1.078,7.17,0.0686,0.0969024139655279,-0.112,0.0352,0.0063899998,0.04858,0.18128,14.12,17.63636,21.0,15.0,0.24903399433427764,buy,2.08333,11,59.674124416625745,15.381529145189077,0.008954937548388806,0.03712372368397308,0.8744606239032061,0.00836,1793277000,-0.083009064,2026-08-29T11:28:04,0.057,5.97,-7.78,Real Estate Services,0.3991704057366501,Buy
SKWD,Skyward Specialty Insurance Gro,10.5468855,5.52675,5.02554,13.555814,1.3632767,0.85,-3.9906690236550086,2384807936,40543065,40543065,8.054,0.333,34.492,1.437,0.899,1.975,3.39,0.0482,0.5247105022770231,0.151,0.17337999,0.108389996,0.14783,0.3046,58.29,70.54545,80.0,56.0,0.21024961399897069,buy,1.92308,11,33.894638778629144,58.39102707755756,0.029256413984914083,0.008608323995634609,0.4929118628541965,0.08181,1793304000,0.1679498,2026-08-29T11:28:04,0.0444,3.83,-12.44,Insurance - Property & Casualty,0.3995947856584184,Buy
OSCR,"Oscar Health, Inc.",16.191084,1.8819,1.75056,23.438461,0.61391985,,13.579764089596678,1195027456,273469000,308645000,1.816,2.385,23.458,1.064,1.049,1.079,3.03,0.065,0.6110887596034651,,0.34257,0.03595,0.079629995,0.20158,30.47,30.4,39.0,25.0,-0.0022973416475221553,hold,2.81818,10,59.17860802771236,38.258167464719364,0.5938524291645422,0.24237502970767633,0.8330348877533408,0.052389998,1794227400,0.8289714,2026-08-29T11:28:04,0.0677,4.08,-8.94,Healthcare Plans,0.3997527870019889,Buy
STGW,Stagwell Inc.,7.0626264,1.2375,1.1075,145.66667,0.70266074,0.38,10.73874749000485,3770266368,244475451,244475451,11.653,1.222,241.336,0.7355,0.664,0.807,5.91,0.096099995,0.2524697778019438,,0.02411,0.00532,0.02592,0.35833,8.74,9.85714,11.0,7.0,0.12781922196796325,none,,7,68.52469915952807,40.50183975497922,0.04481132075471686,0.05640115073030405,1.1209749506631488,0.5971,1793881800,0.5885509,2026-08-29T11:28:04,0.0915,7.89,12.47,Advertising Agencies,0.3997725423264844,Buy
LQDA,Liquidia Corporation,11.980531,5.65,3.22,48.350002,13.437043,,81.55010393004599,6158966784,89508891,89508891,36.279,0.572,93.738,2.1935000000000002,2.075,2.312,7.42,0.16430001,17.553545745438853,,1.3181599,0.30739,0.49812,0.92542,67.69,107.75,130.0,90.0,0.5918156300782982,buy,1.625,8,19.51963434740476,20.476654985050985,-0.07471264367816086,0.013998564249820584,0.41207537154116414,0.11319,1793709000,1.5267341,2026-08-29T11:28:04,0.1889,8.25,-3.0,Drug Manufacturers - Specialty & Generic,0.3999074767903657,Buy
QNST,"QuinStreet, Inc.",10.256684,1.87,1.59,13.700001,0.8463378,1.13,8.695246278121992,1028277120,57086409,57086409,17.562,0.667,24.036,1.2045,1.191,1.218,4.41,0.1076,0.4417406199083218,5.592,0.28647,0.06279,0.051149998,0.11271,19.18,22.4,24.0,21.0,0.16788321167883202,none,,5,28.128535154086848,20.74186383172109,0.04376596010056915,0.07780979827089338,1.368785327570643,0.04654,1793908800,0.2217195,2026-08-29T11:28:04,0.0821,6.27,-2.5,Advertising Agencies,0.39995435980585864,Buy
IIPR,Innovative Industrial Propertie,12.8268795,4.39,4.15,12.73982,5.888583,,15.545265409526253,2085836672,27571349,27571349,10.295,1.401,32.892,3.8735,3.166,4.581,11.09,0.19510001,0.0234848828035219,0.577,0.073850006,0.52268004,0.48824,0.88355005,56.31,64.5,90.0,51.0,0.14544485881726144,hold,2.83333,4,25.53920325335625,39.11182510573056,-0.030373831775700907,-0.08350730688935289,0.16295584035979685,0.019709999,1793649600,0.03428042,2026-08-29T11:28:04,0.1372,11.5,-4.84,REIT - Industrial,0.4008104563648189,Buy
CTSH,Cognizant Technology Solutions ,10.141256,6.3148,5.73621,13.74249,1.332892,1.01,13.020288071925426,29763321856,450444209,450444209,7.374,0.809,14.479,1.9325,1.683,2.182,3.69,0.0791,0.14359202855241948,0.038,0.14924,0.10258,0.17479,0.3344,64.04,63.942,84.0,42.0,-0.0015302935665210127,buy,2.2069,25,63.432676008685476,35.67596930959016,0.004817200383273955,0.020948291332739476,0.03499938877144657,0.00126,1793190600,-0.11173028,2026-08-29T11:28:04,0.0998,4.78,-21.51,Information Technology Services,0.4011486329243841,Buy
COF,Capital One Financial Corporati,8.981337,24.01313,20.39969,11.8761015,2.750162,0.23,,136092762112,613484836,613484836,,1.016,,,,,2.7,0.0197,11.623531883875286,,0.09031,0.21867001,0.33629,0.0,215.67,258.27274,300.0,214.0,0.19753669958733266,buy,1.54167,22,64.07809154639796,41.24432528138776,0.0060839412260501845,-0.0012198799252184755,0.5001916061869222,0.01228,1792526400,-0.029560626,2026-08-29T11:28:04,0.0178,2.25,-16.6,Credit Services,0.4012192375603338,Buy
YETI,"YETI Holdings, Inc.",12.34876,3.36633,2.971,18.232456,1.567421,1.27,23.81271346837549,3247062272,72988796,72988796,11.231,1.723,41.515,1.246,0.741,1.751,4.87,0.1415,0.20742171168298196,0.541,0.25320998,0.09236,0.19327,0.59208,41.57,54.53333,80.0,43.0,0.31184339668029826,buy,1.875,15,11.827312668323884,45.2011584621095,0.03020930135789287,0.013954819277108496,0.27839506885381654,0.0066500003,1793881800,0.20750356,2026-08-29T11:28:04,0.1159,6.7,2.14,Leisure,0.40235970894623535,Buy
WPC,W. P. Carey Inc. REIT,22.395077,3.14846,3.28815,24.14726,8.823656,1.47,14.65424259176348,24764452864,227807251,227807251,16.239,0.782,101.882,1.1444999999999999,1.125,1.164,6.65,0.0513,0.13810066563684575,2.565,0.077800006,0.35761002,0.59301996,0.94371,70.51,80.0,88.0,75.0,0.13459083817898154,buy,2.42857,13,47.649273881405854,29.810281493008674,0.08993546205785535,-0.0907526186137447,0.2327517299430503,0.00984,1793131200,0.048882246,2026-08-29T11:28:04,0.0363,5.81,-5.45,REIT - Diversified,0.402680837427719,Buy
FSLR,"First Solar, Inc.",8.846131,23.11293,17.6185,12.605427,4.0857167,0.56,13.744594696840803,21046448128,107469788,107469788,8.821,1.746,1.88,2.1094999999999997,1.701,2.518,3.87,0.118599996,-0.0390232090157282,0.233,0.18509,0.32465,0.42641997,0.44015998,204.46,274.438,402.0,150.0,0.3422576543089111,buy,1.97143,30,29.00082066824305,53.294764873971985,0.007856455023192531,-0.007481150821825082,0.7507497996057525,0.053579997,1793304000,0.07314336,2026-08-29T11:28:04,0.1007,5.27,3.51,Solar,0.40341072976623543,Buy
KMT,Kennametal Inc.,11.990243,2.46367,4.95555,6.683258,0.9553663,1.25,-13.099198945803964,2963017984,76219022,76219022,4.774,1.356,47.334,1.6815,0.745,2.618,3.94,0.1149,0.4223063843563881,9.287,0.23853001,0.14528,0.41251,0.41259,29.54,33.0,38.0,27.0,0.11712931618144884,none,,7,35.71556257026073,55.80308353612314,0.24622778163382308,0.07854097506997332,0.7299911212486598,0.01118,1793795400,0.4209783,2026-08-29T11:28:04,0.0658,5.44,-15.1,Tools & Accessories,0.40351740599032093,Buy
BLKB,"Blackbaud, Inc.",8.144053,5.97,5.245,15.193749,1.9221299,0.53,10.3082272311063,3296768256,45390097,45390097,12.322,0.981,1727.037,0.477,0.126,0.828,5.03,0.1233,0.10097211292586583,0.436,1.94448,0.13124,0.21754,0.59661996,48.62,50.5,55.0,45.0,0.03866721513780336,buy,2.25,4,73.9306385487047,51.00776915334956,0.009819021948402033,0.017729287419024905,1.5072846586419277,0.02014,1793190600,-0.26174188,2026-08-29T11:28:04,0.1233,4.86,-13.6,Software - Application,0.4039152901204015,Buy
INCY,Incyte Corporation,13.911665,8.93998,3.47935,15.843312,4.331882,31.3,21.35197294172058,20712046592,202697746,202697746,10.664,0.769,0.603,4.4535,4.314,4.593,5.22,0.079,0.3149918795840976,0.377,0.30667,0.27706,0.41899,0.55659,124.37,127.125,155.0,86.0,0.022151644287207395,buy,2.28571,24,54.52556847187379,22.418771120031835,0.29343866171003724,0.022296169239565587,1.0016860487810486,0.01833,1793104200,0.4856943,2026-08-29T11:28:04,0.06,4.8,-2.53,Biotechnology,0.4059822972213325,Buy
YOU,"Clear Secure, Inc.",16.831572,2.58027,2.08506,29.344595,5.8931274,,14.093468607465956,3656844800,102911049,135788082,13.32,1.052,45.141,1.008,0.976,1.04,7.65,0.15619999,0.6837345424396559,0.87,1.19174,0.14778,0.29865,0.66656,43.43,61.33333,75.0,45.0,0.4122341699286207,buy,2.33333,6,29.537121157910192,43.95799418868602,0.07109063169412382,-0.0037567567567566777,1.0924480231030045,0.07328,1793881800,0.2316494,2026-08-29T11:28:04,0.1295,10.49,-4.82,Software - Application,0.40599200974211147,Buy
RJF,"Raymond James Financial, Inc.",12.64757,14.18138,12.12372,15.65096,2.2608306,0.86,,24024821760,192100000,192100000,,0.92,47.594,2.1029999999999998,2.097,2.109,7.12,0.0484,0.22605167100468515,0.42,0.18416001,0.15131,0.19301,0.93156,179.36,185.91667,205.0,161.0,0.03655592105263161,buy,2.42857,12,45.33277279846933,66.5727310333294,0.022547335234417997,0.049394436974752605,0.17539349696332895,0.10554,1793217600,0.04628086,2026-08-29T11:28:04,0.0522,6.51,-6.32,Asset Management,0.4064301722916325,Buy
RIGL,"Rigel Pharmaceuticals, Inc.",9.410507,4.93916,3.54272,2.7519243,3.1368756,,-27.338501022517296,812861056,18679864,18679864,9.062,1.171,9.391,1.7625000000000002,1.584,1.941,10.42,0.1761,-0.2594572637145538,-0.732,1.26897,1.16303,0.29954,0.75608003,46.48,63.0,85.0,43.0,0.35542168674698815,buy,1.8,5,70.09968698537492,61.451166115192144,0.21507456338917025,0.033310041548638765,1.6650825708860415,0.03355,1793736000,0.2184087,2026-08-29T11:28:04,0.2083,10.55,-2.04,Biotechnology,0.40661982541594144,Buy
TER,"Teradyne, Inc.",30.46307,11.65247,9.09129,48.69273,12.431875,0.93,126.88307573716558,55277723648,156340750,156340750,36.732,1.793,2.883,1.72,1.315,2.125,1.95,0.0506,1.0746471153554014,3.858,0.36465,0.25766,0.33161,0.59242,354.97,446.46667,550.0,350.0,0.2577588810321998,buy,1.64706,15,46.88866543705257,42.837154021707406,0.24400356317450944,0.13308550113576248,0.17848816367940995,0.00202,1792612800,2.1466508,2026-08-29T11:28:04,0.0514,1.9,9.97,Semiconductor Equipment & Materials,0.40669528393638865,Buy
AU,AngloGold Ashanti PLC,11.401066,9.92802,8.68658,15.172922,4.8412704,0.78,14.470731731149215,61228900352,505769256,505769256,8.542,0.702,16.676,2.3525,1.997,2.708,2.32,0.0139,0.26742555502424614,0.501,0.44731,0.32195,0.51192003,0.54833,113.19,113.125,134.0,76.0,-0.0005742556762964313,buy,1.625,8,58.315659564474124,45.49713249684422,-0.028580374965752144,-0.008323552767608777,1.1292973143051912,0.0021,1793881800,1.0364637,2026-08-29T11:28:04,0.0108,2.11,-1.96,Gold,0.40674135912640536,Buy
HLF,Herbalife Ltd.,4.0375233,3.07862,2.36506,7.9679494,0.24777642,0.61,4.053509959106638,3135221760,103669416,103669416,5.016,0.877,,0.8520000000000001,0.503,1.201,5.96,0.103599995,0.03547161874626559,,,0.031570002,0.09753,0.77696997,12.43,17.0,25.0,9.0,0.3676588897827837,none,,3,63.200458680549424,45.20326359037331,-0.1039606586195661,-0.023642873679503452,0.3204917723151529,0.05009,1793822400,0.2614913,2026-08-29T11:28:04,0.1072,7.9,-2.62,Packaged Foods,0.4067474716362487,Buy
MXL,"MaxLinear, Inc",23.898104,2.58305,1.75,-52.313559322033896,9.840386,0.39,388.6524960473451,5681873920,90693191,90693191,-253.305,3.975,30.566,1.2325,0.689,1.776,1.16,0.0664,0.4901772481684983,,-0.21324,-0.18238,-0.02441,0.57477003,61.73,94.54545,125.0,40.0,0.5315964684918193,buy,1.81818,11,50.71938127510284,25.513187709455863,0.30842099754016844,0.3773695576825659,1.077100704858513,0.05885,1792699200,3.0601792,2026-08-29T11:28:04,0.0489,1.0,7.58,Semiconductors,0.40698873197840096,Buy
BLBD,Blue Bird Corporation,12.358043,4.79283,4.82483,7.0094676,1.1626202,,-180.10352073024262,1896480128,31646589,31646589,9.141,1.386,17.675,1.0915,0.544,1.639,6.87,0.1397,0.29567153351029396,3.705,0.64286005,0.17479,0.12096,0.20572,59.23,89.125,95.0,82.0,0.5047273341212224,strong_buy,1.25,8,34.30611947074681,47.830264248018594,-0.021167863960869608,-0.1413514922525408,1.053839287810613,0.01274,1795636800,0.052996993,2026-08-29T11:28:04,0.1228,,,Farm & Heavy Construction Machinery,0.40728818465447475,Buy
EXEL,"Exelixis, Inc.",13.099428,4.15667,3.57833,17.12264,5.5386524,2.56,18.23906716436312,12818256896,247781692,247781692,12.563,0.422,8.999,3.35,3.244,3.456,10.74,0.1546,0.20161632784394756,0.262,0.44393003,0.35331002,0.39513,0.96483004,54.45,53.0,66.0,41.0,-0.026629935720844822,buy,2.4,17,59.202996018948035,39.048190123899396,0.014737576424414934,0.049399141630901346,0.729216375117242,0.01845,1793131200,0.48628294,2026-08-29T11:28:04,0.1346,13.42,-7.0,Biotechnology,0.4073902490009092,Buy
AVNT,Avient Corporation,12.781079,3.49501,3.19982,24.145945,1.2298101,1.22,15.531866589101202,5560412160,91719550,91719550,9.476,1.28,76.563,1.5565,1.213,1.9,4.62,0.056599997,0.05593578250220377,0.228,0.071100004,0.051030003,0.1277,0.32994,44.67,50.85714,56.0,46.0,0.1385077233042311,none,,7,53.31744247650647,51.483127536379726,0.040764484516131114,0.03320128891122487,1.1634363714094742,0.00851,1794227400,0.18342245,2026-08-29T11:28:04,0.0447,5.89,-4.18,Specialty Chemicals,0.4089218783100417,Buy
ALGN,"Align Technology, Inc.",12.557627,12.54855,11.29194,27.405218,2.7042816,0.76,19.156743126389962,10212710400,71039852,71039852,11.222,1.653,2.855,1.2995,1.204,1.395,3.75,0.0551,0.08582046595479964,-0.121,0.10155,0.09991,0.18247,0.70365,157.58,208.6,240.0,170.0,0.3237720522908998,buy,1.94118,15,32.06821287949495,27.476568275484937,-0.006791184917078156,0.013493540352203511,0.10106953839872947,0.06132,1793217600,0.15806353,2026-08-29T11:28:04,0.0628,3.97,-12.91,Medical Instruments & Supplies,0.4092011653896605,Buy
FLYW,Flywire Corporation - Voting,13.964135,1.34559,1.05304,69.59259,3.2039437,,13.611160651898548,1993424640,121667674,121667674,31.434,1.285,0.18,1.4615,1.399,1.524,5.15,0.096,0.2773666734189395,,0.04231,0.0477,-0.01354,0.59622,18.79,20.76923,24.0,18.0,0.10533422032996276,buy,2.07143,13,64.05595205568163,43.49353208430152,0.025615053470206664,0.0730468345042625,1.4551106276759544,0.03323,1793736000,0.42421937,2026-08-29T11:28:04,0.1316,6.48,-3.23,Software - Infrastructure,0.4093652612489962,Buy
NMRK,"Newmark Group, Inc.",7.1740303,2.20657,1.95243,19.7875,1.0748574,,4.351869173693515,5192700416,159943094,244735944,12.602,1.672,129.849,0.789,0.484,1.094,4.34,0.0394,0.8169907394688762,-0.054,0.11113,0.04113,0.049310002,1.0,15.83,19.75,22.0,17.5,0.2476310802274162,buy,1.85714,6,65.23964587215647,48.47255184621311,0.009305066608768483,0.0210874595094864,0.44043016159199355,0.02419,1793277000,-0.1210407,2026-08-29T11:28:04,0.0341,3.83,-4.17,Real Estate Services,0.4098916239224365,Buy
ATRO,Astronics Corporation,24.05401,3.1475,2.72,41.5989,3.4563751,1.45,193.6595876181239,3600166144,36107984,43009064,24.201,1.201,178.068,2.2145,1.456,2.973,5.34,0.092700005,0.5549610576984856,24.0,0.33682,0.083979994,0.14797,0.32323003,75.71,89.54667,107.0,45.73333,0.18275881653678527,buy,1.6,5,57.96544737313378,23.287965631093883,0.11608974674610611,0.19399418081946504,1.0602413853250359,0.01916,1793908800,1.6765673,2026-08-29T11:28:04,0.0755,6.44,0.94,Aerospace & Defense,0.41001088057608354,Buy
CORT,Corcept Therapeutics Incorporat,25.867119,4.4025,2.15,258.81818,14.817107,0.81,159.05710984805143,12011469824,108098397,108098397,1485.832,0.455,1.335,2.6814999999999998,2.504,2.859,7.68,0.115600005,0.2919827571541138,0.241,0.08226,0.066420004,0.16124001,0.98305,113.88,141.0,165.0,50.0,0.238145416227608,buy,2.0,5,61.69924998424809,28.19013279865362,1.0,0.37291957076967697,0.19004552267328387,0.11449,1793822400,0.6381339,2026-08-29T11:28:04,0.1018,6.38,3.99,Biotechnology,0.41004201495861997,Buy
NAVI,Navient Corporation,9.790528,0.96624,0.7461,-19.708333333333336,2.6562724,0.13,,44505128960,93783828,93783828,,1.185,1852.711,10.579999999999998,10.415,10.745,9.98,0.2613,0.10474379442050497,1.0,-0.01975,-0.14671,0.33870998,1.0,9.46,9.07143,13.0,8.0,-0.04107505285412272,hold,3.28571,7,55.45062728024067,66.02438283482039,0.0591241393995315,0.010825871493289745,1.0511372388102,0.022909999,1793217600,-0.32192278,2026-08-29T11:28:04,0.1642,13.77,0.07,Credit Services,0.41004569501845384,Buy
PRU,"Prudential Financial, Inc.",8.064093,14.85474,14.51759,10.860381,0.6336249,0.88,5.49002685708693,61886550016,345000000,345000000,11.888,0.826,163.891,0.7290000000000001,0.681,0.777,6.65,0.042,0.20326883478260882,0.892,0.12011,0.06007,0.075219996,0.29015,119.79,113.4,131.0,92.0,-0.053343350864011985,hold,3.38889,15,59.25545204980882,36.53292985179464,0.051734817404609085,0.015040792421035268,0.8962519804982731,0.00177,1793217600,0.12065911,2026-08-29T11:28:04,0.0352,6.44,-1.46,Insurance - Life,0.4101604616052598,Buy
RELY,"Remitly Global, Inc.",16.438406,1.61512,1.84936,19.10072,3.1057255,,28.656856885569905,4982081536,211684054,211684054,25.01,0.343,3.396,2.8525,2.524,3.181,4.48,0.072,0.1708202469705158,30.0,0.32246,0.16855,0.14324,0.61548,26.55,32.33333,36.0,29.0,0.21782787193973618,strong_buy,1.2,9,60.02971159651156,68.55806086703224,0.33909706382824645,-0.02266758644059595,1.0182719581545163,0.05347,1793822400,0.3734144,2026-08-29T11:28:04,0.0702,5.37,-7.54,Software - Infrastructure,0.4105129480063044,Buy
PCG,Pacific Gas & Electric Co.,9.194078,1.80551,1.64702,11.942447,1.4149976,0.79,-5.944479848963904,102121291776,2202366906,2202366906,9.77,0.278,189.45,0.868,0.52,1.216,0.0,0.0,-0.0011301921878771326,0.398,0.09318,0.11828,0.24788,0.39823002,16.6,22.71875,28.0,19.0,0.3685993975903614,buy,1.52941,16,51.462837767365954,34.49411917117202,0.00010930023560263713,-0.0021543369183566947,0.1457169359570326,0.00204,1792672200,0.17167103,2026-08-29T11:28:04,0.0151,1.42,-14.04,Utilities - Regulated Electric,0.4108715730420875,Buy
APLE,"Apple Hospitality REIT, Inc.",22.764786,0.727,0.74202,22.364864,2.7121663,,10.826019150238427,5473344512,236082698,236082698,12.085,0.881,51.367,0.278,0.265,0.291,5.82,0.1204,0.05509500742828677,0.046,0.05529,0.12166,0.22447,0.42902002,16.55,17.16667,18.5,16.0,0.0372610271903322,buy,2.45455,9,69.18149233555059,54.73349259073768,0.07520431229351426,0.021942956746650942,0.14110599555400627,0.07116,1793649600,0.2815913,2026-08-29T11:28:04,0.0804,6.01,24.96,REIT - Hotel & Motel,0.4108836826064409,Buy
PFE,"Pfizer, Inc.",9.656696,2.8954,2.97515,36.789474,2.501929,2.77,12.76370846764203,211782860800,5699673589,5699673589,8.343,0.28,74.253,1.0605,0.854,1.267,3.69,0.026199998,0.023457622790546084,,0.05014,0.06804,0.27877,0.74716,27.96,28.60577,35.75,25.0,0.023096208869813895,buy,2.46429,26,50.98838435311972,44.38918740965795,0.00962403157333918,0.023608685507420603,1.051300345375564,0.00101,1793709000,0.12169731,2026-08-29T11:28:04,0.0284,4.18,-1.43,Drug Manufacturers - General,0.4113837957590567,Buy
KTB,"Kontoor Brands, Inc.",11.699399,6.58068,5.28648,15.58502,1.2251751,,9.550280654792427,5422091264,54653620,54653620,8.982,0.908,205.768,1.143,0.455,1.831,7.45,0.1374,0.20597686301474605,-0.114,0.49523997,0.07802,0.15482001,0.49308997,76.99,97.7,136.0,50.0,0.2689959735030525,buy,2.0,10,62.94569216819659,32.76270008872875,0.01681457801987279,0.032590718941531274,0.038854074464513826,0.02108,1793277000,-0.035925865,2026-08-29T11:28:04,0.0969,9.09,-1.63,Apparel Manufacturing,0.4116345136534835,Buy
BGC,"BGC Group, Inc.",7.6952376,1.575,1.405,30.3,1.8223976,3.6,,7049403392,366013569,475466522,,0.955,156.959,1.509,1.509,1.509,4.78,0.0382,0.38109928924520275,0.277,0.15882,0.0629,0.09044,0.91666,12.12,15.5,16.0,15.0,0.278877887788779,none,,2,60.73524908238587,43.07092562015688,-0.010563380281690073,-0.02476780185758516,0.5765500605317537,0.00863,1793881800,0.23343527,2026-08-29T11:28:04,0.0301,4.51,-17.28,Capital Markets,0.41198417133795284,Buy
CRI,"Carter's, Inc.",9.228314,3.63555,3.26081,6.259328,0.41332406,2.01,4.990701119872244,1762849280,36711185,36711185,5.137,0.853,115.325,1.924,1.378,2.47,3.06,0.104499996,0.04400537329427001,471.464,0.20742,0.06547,0.23683001,0.48601002,33.55,42.66667,53.0,30.0,0.27173383010432217,none,,6,23.49387378165575,47.091263232256125,-0.0011548193029424394,-0.0050982710211320646,0.35065558667050495,0.048049998,1793622600,0.14886284,2026-08-29T11:28:04,0.0893,3.11,-16.59,Apparel Retail,0.4128424814190183,Buy
MAT,"Mattel, Inc.",9.519738,1.59038,1.30798,11.298508,0.7878968,1.25,10.170083321038158,6547953152,285700000,285700000,10.021,0.729,137.445,1.472,1.042,1.902,5.83,0.14,0.24617080854042706,,0.20497,0.07785,0.01323,0.47605,15.14,18.23077,28.0,12.0,0.20414597093791276,buy,2.0,13,57.88080009416979,52.08571206601181,-0.016371498401955304,-0.009726027397260391,0.35997870938281534,0.010319999,1793131200,-0.17660046,2026-08-29T11:28:04,0.1171,5.94,-1.42,Leisure,0.41322774062291073,Buy
PCRX,"Pacira BioSciences, Inc.",7.46658,3.45004,2.88337,73.6,1.3761617,11.21,10.441623030856798,1190718464,39861886,39861886,9.605,0.268,61.329,4.1274999999999995,3.213,5.042,10.46,0.26319999,0.2336493913007529,,0.020480001,0.01962,0.06165,0.79206,25.76,30.0,38.0,23.0,0.1645962732919255,buy,2.14286,7,51.00993428840116,80.29344385023609,0.0022210790481686066,-0.054208313001332324,1.5175776454769587,0.01739,1793908800,-0.051065385,2026-08-29T11:28:04,0.1993,13.39,3.57,Drug Manufacturers - Specialty & Generic,0.41329442580668135,Buy
GEN,Gen Digital Inc.,9.396925,3.30108,2.92011,18.14035,3.6558712,1.48,12.001725502473171,26211170304,598587032,598587032,10.876,1.201,307.831,0.372,0.278,0.466,6.25,0.0543,0.10880617022120842,0.64,0.41944,0.20732,0.35554,0.78007007,31.02,32.107,46.0,24.07,0.03504190844616373,none,,10,73.81311808050256,85.09959570259257,0.00846108419296804,0.004359930022058182,0.3900652245761043,0.097849995,1793908800,0.033898354,2026-08-29T11:28:04,0.0663,7.61,5.63,Software - Infrastructure,0.41335431249930804,Buy
UPBD,"Upbound Group, Inc.",4.1938877,4.58286,4.14429,12.480519,0.23618038,1.39,0.714539507112525,2723422464,58299405,58299405,5.702,1.779,232.932,1.7834999999999999,0.441,3.126,6.62,0.1462,-0.001961032020824316,0.423,0.12733,0.01904,0.06047,0.49133998,19.22,28.25,41.0,20.0,0.4698231009365246,none,,6,53.47298771609139,54.670450569642114,-0.012928211271933141,-0.036345782228100434,1.1148577494095109,0.0379,1793277000,-0.24085003,2026-08-29T11:28:04,0.1199,5.56,5.8,Software - Application,0.4144758194032971,Buy
GNTX,Gentex Corporation,10.243689,2.21307,2.10061,11.994709,1.8185449,0.72,12.97751931399359,4547410944,210683331,210683331,7.373,0.798,0.441,2.2954999999999997,1.553,3.038,6.52,0.0752,0.05634829705630584,0.258,0.16354999,0.15499,0.21757,0.35018003,22.67,27.77778,42.0,23.0,0.2253101014556682,buy,2.33333,9,47.10855302292666,18.737863730411974,0.05154056015818595,0.0018952983064155766,0.1279990346737194,0.00472,1792758600,-0.16960746,2026-08-29T11:28:04,0.0753,,,Auto Parts,0.41451607599303225,Buy
SPT,"Sprout Social, Inc",7.4620075,1.5398,1.12822,-22.98,1.4449352,0.08,6.693871698938702,622157504,55022855,60592212,-44.106,0.905,20.075,0.9325,0.839,1.026,3.22,0.081099994,0.18436677994989537,,-0.14305,-0.06132,-0.024419999,0.77445,11.49,10.44444,14.0,7.0,-0.09099738903394261,hold,2.6,9,69.46824774483484,47.564440167248655,0.22181069958847738,0.29897081154040833,0.20074842571863136,0.024920002,1793822400,-0.2760656,2026-08-29T11:28:04,0.0766,4.66,-7.45,Software - Application,0.4148411437752072,Buy
CPAY,"Corpay, Inc.",13.054437,31.24455,27.35905,24.82532,5.3343744,0.94,13.760954307011366,34699796480,65659599,65659599,12.4,0.869,275.291,0.726,0.48,0.972,4.46,0.0398,0.30668626227826956,-0.07,0.29215,0.22723,0.4692,0.80539,407.88,454.57144,530.0,390.0,0.11447347258997742,buy,1.66667,14,55.58352345610254,46.430955473213615,0.021703361132397344,0.021131467218250103,0.08157210820204343,0.03782,1793822400,0.23950624,2026-08-29T11:28:04,0.0409,4.75,3.79,Software - Infrastructure,0.41492990579631506,Buy
ADBE,Adobe Inc.,10.604432,27.49039,24.41188,16.66781,4.598746,0.67,12.570458789563,117330198528,397500000,397500000,12.06,1.397,61.443,0.6910000000000001,0.631,0.751,3.41,0.0506,0.2083708176100627,0.079,0.62953997,0.28689,0.35327998,0.89404,291.52,270.60587,380.0,190.0,-0.07174166437980245,hold,2.725,34,69.49367015367807,62.21579686434221,4.7110430536042806e-05,0.00012806114337506394,0.2202625794496841,0.00223,1789070400,-0.16341174,2026-08-29T11:28:04,0.0488,3.27,-4.53,Software - Application,0.415150258887022,Buy
WRLD,World Acceptance Corporation,12.440555,15.14,13.18,23.811632,1.4855793,0.7,14.467087362098907,1497233152,4663180,4663180,13.299,1.143,178.936,10.278500000000001,10.175,10.382,3.72,2.2819,0.22388325563242262,3.433,0.099,0.066149995,0.15316,0.69242996,188.35,210.0,210.0,210.0,0.11494558003716482,none,,1,58.2609387179452,78.48866786051342,0.19927206551410367,0.07223796033994344,0.5839365951037905,0.1807,1792672200,0.108615756,2026-08-29T11:28:04,0.219,3.12,-13.65,Credit Services,0.4154135608690905,Buy
CENX,Century Aluminum Company,3.8580527,12.07604,9.93154,8.046632,1.7291907,0.06,-99.64023842290035,4880097792,98993295,98993295,10.188,1.998,31.281,2.0965,1.442,2.751,4.56,0.1336,0.12819575798542715,,0.51749,0.22559,0.28135002,0.18889,46.59,70.0,83.0,60.0,0.5024683408456749,strong_buy,1.0,4,26.797189850135197,74.69921727726431,0.015494887525562441,0.10738560293443389,1.5872733525898153,0.30885,1793908800,1.1157215,2026-08-29T11:28:04,0.1445,5.72,1.44,Aluminum,0.4154630105117115,Buy
ARLO,"Arlo Technologies, Inc.",12.566905,1.02571,0.94714,46.035717,2.3625093,0.57,21.50289347660664,1271090944,107613304,107613304,87.831,1.565,3.606,1.2275,1.053,1.402,9.02,0.1297,0.16869430010252273,-0.067,0.22068001,0.052020002,-0.035550002,0.4461,12.89,21.0,25.0,18.0,0.6291698991466252,none,,6,34.914067075468225,16.810972762674524,0.1297937566352152,0.04132994923857859,0.9671211832467415,0.03148,1793908800,-0.2714604,2026-08-29T11:28:04,0.1121,10.84,-5.88,Building Products & Equipment,0.4156393806728748,Buy
AEO,"American Eagle Outfitters, Inc.",8.670714,1.94563,1.75846,10.610064,0.5000887,3.34,19.631119019032564,4597242368,167573333,167573333,7.136,1.317,114.064,0.962,0.379,1.545,3.9,0.1283,0.13427949780052417,,0.17569,0.0496,0.023610001,0.38194,16.87,19.7,31.0,16.0,0.16775340841730868,hold,2.92308,10,48.84889548660132,13.882687151021997,0.017543859649122823,0.001829670329670238,0.419450077866568,0.089420006,1788984000,0.23538125,2026-08-29T11:28:04,0.1092,,,Apparel Retail,0.41612599148418355,Buy
REGN,"Regeneron Pharmaceuticals, Inc.",13.102817,60.61216,53.54745,19.663036,5.2634315,1.38,26.674657427850143,74015834112,101137842,102954988,15.74,0.188,8.535,2.984,2.633,3.335,3.0,0.024600001,0.24577658083707177,-0.045,0.14043,0.27865,0.33106,0.44458,794.19,840.4285,1030.0,730.0,0.05822095468338806,buy,1.89286,27,61.60037608141348,32.67456202431494,0.1636543136687758,0.06143034823774484,0.07175564832234738,0.02085,1793190600,0.39766395,2026-08-29T11:28:04,0.0353,3.94,-3.29,Biotechnology,0.41617767024637387,Buy
MD,"Pediatrix Medical Group, Inc.",10.907257,2.43966,2.34837,12.732059,1.1084394,0.24,13.448128398869411,2341515264,81253271,81253271,8.878,0.652,70.371,1.299,1.282,1.316,6.06,0.0868,0.11463288659480542,0.065,0.20389,0.08962,0.13407,0.26236,26.61,26.33333,28.0,21.0,-0.010397219090567456,hold,2.71429,6,60.72240369173646,22.781481214192524,0.03167915791693387,0.033947007069114514,1.2339089568651498,0.02009,1793622600,0.5876777,2026-08-29T11:28:04,0.0531,6.63,-15.67,Medical Care Facilities,0.41617843455835857,Buy
AMKR,"Amkor Technology, Inc.",17.061308,2.80635,2.57368,21.470852,1.5951215,0.76,-31.40534703628316,13053223936,248452472,248452472,9.86,2.247,57.054,2.02,1.869,2.171,1.68,0.1565,0.2489404251127758,2.182,0.12514,0.07448,0.10532,0.15511,47.88,77.11111,92.0,65.0,0.6105077276524644,none,,9,46.8778909112693,51.09716559293398,0.23303054693189232,0.150977793185016,0.4393773371994104,0.49912998,1793044800,1.1648536,2026-08-29T11:28:04,0.0886,,,Semiconductor Equipment & Materials,0.41618838098548405,Buy
AYI,Acuity Inc.,15.450459,21.69256,19.83232,22.240213,2.1780524,1.34,21.471719882780462,10554820608,29935547,29935547,14.15,1.295,28.206,1.6749999999999998,1.297,2.053,3.78,0.0404,0.04889943718082046,0.462,0.17378001,0.10253,0.16052,0.48669997,335.16,398.2857,465.0,358.0,0.18834496956677405,buy,2.125,7,44.133665485915024,75.24967905661055,0.005896205481112659,0.002541876255917937,0.10504783044387221,0.00422,1790857800,0.02544403,2026-08-29T11:28:04,0.0462,4.77,-6.38,Electrical Equipment & Parts,0.4171379329198739,Buy
CRUS,"Cirrus Logic, Inc.",12.188491,8.9002,8.4312,13.245422,2.6522944,9.35,12.054958029366956,4796237312,50117561,50117561,9.141,1.184,5.96,6.7385,5.894,7.583,4.82,0.0862,0.2473353880888176,0.289,0.20903999,0.21004999,0.18367,0.52785,108.48,165.0,200.0,130.0,0.5210176991150441,none,,4,21.677971174886324,59.58873903990084,-0.05318479920941507,-0.06092259643791685,0.36529471231708277,0.00563,1793736000,-0.020408154,2026-08-29T11:28:04,0.0753,,,Semiconductors,0.4172643406011205,Buy
RVLV,"Revolve Group, Inc.",20.09649,1.14,0.91,22.460785,1.2429087,1.08,79.42146683874512,1354059008,41061483,71085420,15.524,1.637,5.723,1.8565,1.23,2.483,5.19,0.1294,0.9514383563788966,0.825,0.14308,0.05544,0.064,0.54318,22.91,30.84615,37.0,24.0,0.3464054997817547,buy,2.0,13,45.52469603795298,18.953988351111505,-0.013550135501354966,0.06293706293706283,0.3114963699081815,0.00728,1793736000,0.07082939,2026-08-29T11:28:04,0.1246,6.69,6.8,Internet Retail,0.41739979146064266,Buy
NVDA,NVIDIA Corporation,14.213399,15.30598,9.05163,27.503162,17.338943,0.59,125.64447142681222,5470708826112,24147000000,24147000000,27.181,2.215,16.971,3.7535000000000003,2.918,4.589,2.35,0.0123000005,1.0950860120004973,1.278,1.17211,0.63663,0.66236997,0.74674004,217.55,305.7931,500.0,180.0,0.4056221558262467,strong_buy,1.27869,58,48.08515578295583,52.303009945879126,0.010915925927166845,0.024411560668381863,0.9019457778295015,0.04008,1794945600,0.33493388,2026-08-29T11:28:04,0.0127,2.3,-9.69,Semiconductors,0.41775083779359706,Buy
LUV,Southwest Airlines Company,8.152068,4.86257,3.38384,24.775,0.644838,0.31,-23.23116216867494,22548918272,489208201,489208201,9.645,1.143,97.275,0.4335,0.378,0.489,4.76,0.0678,0.35591350271742495,0.205,0.11099,0.02783,0.033800002,0.22399001,39.64,51.3087,67.0,35.0,0.2943668012108982,hold,2.52,23,48.5960458434995,16.265720298888766,0.002785647396308809,-0.011664985355338624,0.05753296125806543,0.01018,1792612800,0.2328682,2026-08-29T11:28:04,0.068,5.67,4.2,Airlines,0.41783248207889473,Buy
JEF,Jefferies Financial Group Inc.,11.690073,4.54146,3.55713,14.829609,1.9986835,1.16,,-11709368320,194145000,203392000,,,364.763,,,,2.78,0.0324,0.434381518967782,1.598,,0.23019,0.16941,0.02625,53.09,61.5,83.0,46.0,0.1584102467508004,none,,6,42.63344269571129,41.35079740059481,-0.02428902152684825,-0.02434067492201526,0.3747369960656179,0.25225002,1790625600,-0.18519658,2026-08-29T11:28:04,0.0263,2.57,9.13,Capital Markets,0.4179362354651787,Buy
RAMP,"LiveRamp Holdings, Inc.",11.769218,3.20667,2.95,15.790795,2.757351,0.59,13.53892611144864,1956497664,60794982,60794982,16.187,1.258,3.388,2.5700000000000003,2.483,2.657,5.37,0.0959,0.39570035224288747,1.366,0.16055,0.18714,0.1249,0.70816004,37.74,38.7,40.0,38.0,0.025437201907790197,none,,5,47.12709036075122,68.49080493338057,0.0387323943661973,-0.019366972477064252,1.566752757360192,0.04364,1793822400,0.3827839,2026-08-29T11:28:04,0.0672,4.65,-8.41,Software - Infrastructure,0.41807858165597644,Buy
ORCL,Oracle Corporation,13.806353,10.92613,8.05748,25.874786,6.4509864,0.82,-17.708909270514116,578698739712,2880471000,2880471000,18.977,1.718,388.87,1.0635,1.012,1.115,1.37,0.0278,0.17600521654687706,0.219,0.53376,0.25368,0.36202,0.65822,150.85,244.11761,400.0,110.0,0.6182804772953265,buy,1.59091,42,57.99266052004622,48.75008275861226,0.0007563911324628881,0.003303903068369154,0.27882166520355056,0.40498,1789070400,-0.32561028,2026-08-29T11:28:04,0.0293,1.4,0.15,Software - Infrastructure,0.4182772887523714,Buy
BYD,Boyd Gaming Corporation,10.248336,7.75443,7.08416,3.525732,1.4089044,3.03,20.333481146796576,8716317696,72655414,72655414,7.429,1.084,130.47,0.71,0.646,0.774,4.09,0.072399996,0.1036231931731888,-0.049,0.93084997,0.44341,0.20891,0.59126,79.47,95.9375,111.0,87.0,0.20721655970806596,buy,2.33333,16,35.690455805475324,28.382737044508872,-0.010241063170454404,-0.009671577592284203,0.8101269862656356,0.31968,1792699200,-0.07018566,2026-08-29T11:28:04,0.0842,,,Resorts & Casinos,0.4182994366828937,Buy
TGLS,Tecnoglass Holdings Inc.,11.664722,3.43,2.58,14.038596,1.6903759,0.72,-84.22834886590111,1915355264,44364616,44364616,8.559,1.412,28.575,1.445,1.03,1.86,5.54,0.0806,0.2243700249766616,-0.414,0.17018,0.12355,0.12376001,0.39561,40.01,56.33333,58.0,55.0,0.4079812546863284,buy,1.66667,3,18.597355704948086,38.65233381291198,-0.06521739130434773,-0.03921568627450971,0.07049319024180213,0.4472,1793881800,-0.43063015,2026-08-29T11:28:04,0.0634,6.24,-11.1,Building Materials,0.41916022074938436,Buy
MCHP,Microchip Technology Incorporat,15.97538,4.56515,3.6468,107.25,7.7312193,0.22,29.017226921218093,46118125568,543008691,543008691,30.621,1.742,83.688,1.4395,0.958,1.921,2.99,0.081199996,0.39142435935707676,,0.0719,0.0934,0.23958,0.60194,72.93,108.64,135.0,80.0,0.48964760729466605,buy,1.53846,25,33.354611395617354,51.83441950972062,0.1434986015126239,0.08965943592583402,1.0960101324689395,0.017860001,1793908800,0.18694973,2026-08-29T11:28:04,0.0681,3.21,2.93,Semiconductors,0.41931192233354436,Buy
BVS,Bioventus Inc.,15.043478,0.92,0.778,17.743591,1.6247255,1.79,13.950496522289788,1224388864,68305143,68305143,15.277,0.653,95.075,1.3980000000000001,1.107,1.689,2.94,0.0498,0.016529712850465783,3.273,0.25684,0.09361,0.122279994,0.68651,13.84,17.6,19.0,15.0,0.2716763005780347,strong_buy,1.4,5,34.12866043257395,35.82702036035448,-0.0025641025641025663,0.013215859030837015,0.9809247002629481,0.116510004,1793709000,0.9099723,2026-08-29T11:28:04,0.0681,,,Medical Devices,0.41989158773981494,Buy
ALLY,Ally Financial Inc.,6.5628867,6.42705,5.24651,9.9247055,1.6246066,0.46,,30092275712,304199693,304199693,,1.08,,,,,4.05,0.042600002,0.12308982139571056,0.135,0.09681,0.1841,0.25270998,0.0,42.18,53.7,58.0,45.0,0.27311522048364156,buy,1.66667,17,42.451784792577115,39.498469687455405,-0.015968790149390902,-0.01254323066546406,0.46250263144898446,0.09646,1792153800,0.04857707,2026-08-29T11:28:04,0.0485,3.62,0.18,Credit Services,0.4203184048597738,Buy
POR,Portland General Electric Co,13.825205,3.58765,3.39757,21.946901,1.6506349,1.8,-14.030893025870624,11412343808,117607740,117607740,10.441,0.53,136.163,0.6965,0.416,0.977,6.22,0.0756,-0.060027358743565795,0.049,0.06445,0.07272,0.14987999,0.47537997,49.6,53.68182,62.0,48.0,0.08229475806451614,hold,2.53846,11,61.57057642066282,27.459144366709793,0.0006214180111089679,0.0006303358909351983,0.10692200144364222,0.00461,1793363400,0.1771375,2026-08-29T11:28:04,0.0534,5.62,-6.41,Utilities - Regulated Electric,0.42043029919988884,Buy
MPC,Marathon Petroleum Corporation,11.453696,32.20183,50.23425,12.79327,0.67193824,1.76,11.198225802933885,135258038272,280824763,280824763,8.785,0.508,133.328,1.0535,0.857,1.25,2.85,0.027,0.6638418742295886,3.48,0.42099,0.05549,0.13561,0.12819,368.83,324.55557,413.0,186.0,-0.12004020822601202,buy,2.26316,18,75.78208176062608,31.83774112293017,0.4716126989167588,0.2741190481842857,0.45366884378208505,0.00331,1793709000,1.0229259,2026-08-29T11:28:04,0.0242,3.38,5.84,Oil & Gas Refining & Marketing,0.4209563506939283,Buy
NTCT,"NetScout Systems, Inc.",13.966611,2.79667,2.74,23.817074,3.2156734,1.64,12.543190780705377,2279599616,72707312,72707312,12.141,0.696,2.404,1.751,1.677,1.825,5.21,0.059899997,0.1457275852530484,,0.0754,0.13706,0.06892,0.79839,39.06,43.37667,50.0,37.13,0.11051382488479256,none,,3,50.088025950733275,40.49519543347816,0.0,0.0011957054841354657,1.275390689182814,0.047509998,1793881800,0.60146105,2026-08-29T11:28:04,0.048,6.57,20.93,Software - Infrastructure,0.42113627771532536,Buy
CCL,Carnival Corporation Ltd.,9.3865385,2.63782,2.24382,11.153153,1.2417163,0.91,17.85456423323964,57855512576,1369649119,1369649119,7.923,2.338,201.556,0.274,0.214,0.334,2.04,0.028900001,0.0007369828038417126,-0.065,0.26689,0.11237001,0.12787,0.55676997,24.76,35.29615,43.0,28.7,0.4255310985460419,buy,1.63333,26,39.05461738065391,19.749032046599993,0.00020950810172285663,0.0013324172174117327,1.505269753899024,0.07107,1790598600,-0.19929397,2026-08-29T11:28:04,0.0276,1.9,11.74,Travel Services,0.42165297401485535,Buy
HLIT,Harmonic Inc.,14.881579,0.80771,0.71467,50.083336,2.9534266,1.84,18.464425870737802,1237596928,109066445,109066445,19.315,1.316,36.111,2.705,2.363,3.047,3.51,0.0756,0.6010570437131237,,0.06546,-0.10619,0.18027,0.50009,12.02,16.14286,20.0,8.0,0.34299999999999997,buy,2.42857,7,68.96462480860257,11.141338427614855,0.2113902439024391,0.039082500353775196,1.0846625370823693,0.02083,1793044800,0.2791667,2026-08-29T11:28:04,0.0545,4.18,17.87,Communication Equipment,0.4217144998627901,Buy
DRH,Diamondrock Hospitality Company,21.525425,0.59,,17.638887,2.295424,2.52,34.263950002438,3694327040,204605681,205389099,12.334,1.002,78.244,5.256,4.924,5.588,5.3,0.098500006,0.05545107518300041,1.444,0.09911,0.13524,0.23042999,0.29453,12.7,13.55769,16.0,11.0,0.06753464566929135,buy,2.0,13,47.960702277345156,57.837958677667544,0.41725952813067135,0.053571428571428416,0.35923907780446085,0.01323,1793908800,0.4824766,2026-08-29T11:28:04,0.0611,4.66,-5.13,REIT - Hotel & Motel,0.4221212043656601,Buy
GNW,Genworth Financial Inc,9.072726,1.1,1.1,19.568626,0.5109,0.31,5.598000492333254,4995060736,377851037,377851037,9.671,0.858,23.338,5.8895,1.104,10.675,2.95,0.0339,0.14380256458578922,0.0,0.033970002,0.028719999,0.07248,0.06625,9.98,12.0,12.0,12.0,0.20240480961923835,none,,1,72.27937575275769,48.935831502302875,1.0,1.0,0.6630636384584842,0.018550001,1794254400,0.17375886,2026-08-29T11:28:04,0.0209,2.59,-11.02,Insurance - Life,0.4222280278467553,Buy
THRM,Gentherm Inc,12.071381,3.27593,2.91978,45.982555,0.7687334,1.02,14.398364248268242,1325827456,30705208,30705208,9.16,1.345,44.955,1.7335,1.403,2.064,4.37,0.0884,0.10329746015724761,7.981,0.03735,0.01682,0.07101,0.24033001,39.545,47.71429,59.0,34.0,0.20658212163358192,none,,7,59.575824042744784,60.46358854700132,0.07439257288573406,0.06134621490452205,0.5774593988133563,0.01963,1792672200,0.1117841,2026-08-29T11:28:04,0.0571,2.66,7.45,Auto Parts,0.4229863537749372,Buy
PHAT,"Phathom Pharmaceuticals, Inc.",8.272134,1.10975,-0.02975,-7.343999999999999,3.098825,,-22.762367654593152,1092800128,80900934,80900934,-27.229,0.499,,1.8719999999999999,1.82,1.924,7.46,0.1532,0.6223607564283498,,,-0.41338003,-0.053379998,0.82922995,9.18,21.5,29.0,13.0,1.3420479302832247,strong_buy,1.36364,10,58.8700165680258,74.92699272848894,0.32386363636363635,-0.2288047255038221,0.24212777407261135,0.04662,1793277000,-0.24556965,2026-08-29T11:28:04,0.2041,8.7,9.95,Biotechnology,0.42299533109863874,Buy
OVV,Ovintiv Inc. (DE),8.802221,7.33792,7.41999,18.041899,1.8760467,1.85,14.51897057830724,22123776000,276600000,276600000,4.532,0.538,43.734,0.966,0.924,1.008,3.42,0.0484,0.2182938010701374,0.373,0.08411,0.09661,0.36176997,0.53859,64.59,74.18182,85.0,55.0,0.1485031738659235,buy,1.54167,22,65.9572219961291,55.0868048761434,0.023703881526121136,0.04445626360931553,0.5845164665453548,0.00463,1793822400,0.52467835,2026-08-29T11:28:04,0.0504,3.54,-3.15,Oil & Gas E&P,0.42302733972842715,Buy
WLDN,"Willdan Group, Inc.",16.219355,5.425,5.07,20.654928,1.8066977,0.48,26.565282169190517,1394592640,15232091,15232091,18.928,1.156,25.449,1.335,1.298,1.372,6.76,0.1306,0.2776874823029878,0.534,0.21190001,0.08804,0.08628,0.37785,87.99,137.5,145.0,130.0,0.5626775769973862,none,,2,53.767015530504956,78.97787984451259,0.020120724346076566,0.02358490566037736,1.058283690464568,0.03227,1793908800,-0.1762445,2026-08-29T11:28:04,0.1435,8.99,0.93,Engineering & Construction,0.42328524116851035,Buy
LNG,"Cheniere Energy, Inc.",13.595237,20.76683,22.80495,21.388636,2.7873225,9.46,80.88890088418768,90462789632,206534158,206534158,11.556,-0.013,243.42,0.6950000000000001,0.519,0.871,2.63,0.0215,0.3383851537816811,1.007,0.39116,0.13944,0.74996,0.3685,282.33,308.90475,340.0,255.0,0.09412655403251513,strong_buy,1.40909,21,64.02669767167467,46.20188821127856,0.27406795341945966,0.06452454572669372,0.7114647057371204,0.00657,1793277000,0.1658225,2026-08-29T11:28:04,0.0184,2.24,-10.89,Oil & Gas Midstream,0.42366677233012884,Buy
C,"Citigroup, Inc.",10.315687,12.88329,11.15454,14.336568,2.7282572,0.72,,30816348160,1677436783,1677436783,,1.102,,,,,0.05,0.0004,0.2675526640338375,0.61,0.08529,0.21832001,0.36229,0.0,132.9,154.5,176.0,129.0,0.16252821670428896,none,,20,57.78017712159372,54.06210375401429,0.020723695949971116,0.02072784346286986,0.23253165929647712,0.00271,1791894600,0.39987338,2026-08-29T11:28:04,0.0148,2.14,-14.18,Banks - Diversified,0.42388504838530355,Buy
BPOP,"Popular, Inc.",9.803638,17.315,15.88167,11.477349,3.5352576,1.37,,7492045312,63778501,63778501,,0.624,,,,,3.65,0.0306,0.14616607724913466,0.409,0.15647,0.31645,0.40971002,0.0,169.75,197.3,214.0,181.0,0.16229749631811496,none,,10,45.84627918413274,71.26842454323099,0.07337591240875915,0.046223564954682814,0.30660525213841633,0.01868,1792672200,0.35464048,2026-08-29T11:28:04,0.0318,3.92,2.26,Banks - Regional,0.424346526312329,Buy
MORN,"Morningstar, Inc.",15.615605,13.93798,12.31584,20.72857,3.1813085,2.31,16.401825375652873,9589344256,37513571,37513571,14.1,0.98,186.052,0.997,0.938,1.056,3.88,0.0684,0.2343565799161058,0.354,0.3196,0.16427,0.24215999,0.62240005,217.65,236.66667,260.0,220.0,0.08737270847691248,buy,1.66667,3,74.43837415017595,62.0490394027797,0.03322192244191189,0.03582281444268149,0.6574362128449406,0.4967,1793217600,-0.14524007,2026-08-29T11:28:04,0.0771,3.12,-0.31,Financial Data & Stock Exchanges,0.42467169627997015,Buy
ABG,Asbury Automotive Group Inc,6.9881897,30.28252,26.39582,7.8786297,0.21134824,0.61,10.535175951192457,9262130176,17951917,17951917,9.13,0.724,140.969,0.5275,0.145,0.91,3.99,0.102,0.09846663172518011,-0.194,0.13233,0.02834,0.051020004,0.1711,211.62,254.2,315.0,190.0,0.20120971552783273,hold,2.63636,10,29.924320721191464,70.79247279693527,0.02492595290496041,0.03015994725802278,0.33944955156530954,0.00835,1793104200,-0.16846257,2026-08-29T11:28:04,0.071,3.42,-10.06,Auto & Truck Dealerships,0.4247086966995467,Buy
EPR,EPR Properties,19.147911,3.11,3.1,19.086538,6.173499,,13.508013881290445,8081457664,76608922,76608922,14.076,1.019,152.233,1.456,1.246,1.666,9.63,0.1288,0.09886638008037774,-0.132,0.113170005,0.35626,0.54328996,0.91873,59.55,64.40909,70.5,58.0,0.08159680940386238,buy,2.5,11,31.56301144238168,40.84713223433289,0.024793388429752126,0.029801324503311213,0.32964028390174777,0.02268,1793217600,0.12112093,2026-08-29T11:28:04,0.0967,10.24,-6.33,REIT - Specialty,0.42508098696497887,Buy
CVS,CVS Health Corporation,10.939059,8.50713,7.94776,24.554089,0.28843433,0.25,14.737614462997858,181565980672,1278970369,1278970369,10.885,0.596,95.503,0.7444999999999999,0.623,0.866,1.97,0.013200001,0.06208982302388266,1.888,0.06205,0.011849999,0.03861,0.13645001,93.06,116.08,148.0,103.0,0.2473672899204813,strong_buy,1.44444,25,45.768577608688304,27.25761969309903,0.0664154852283309,0.010297586106156232,0.5677790087774388,0.00063,1793190600,0.2541504,2026-08-29T11:28:04,0.0146,2.41,-4.35,Healthcare Plans,0.42576662928760883,Buy
FOXA,Fox Corporation,11.7262745,5.83476,5.91574,17.817709,1.6796877,1.26,51.796231596866185,32261464064,200188712,420437476,8.311,0.541,64.06,3.0205,2.872,3.169,9.69,0.2687,1.7243709525440178,0.031,0.14291,0.09839,0.25214002,0.36629,68.42,75.32941,112.0,52.6,0.10098523823443428,buy,2.0,17,59.011720388404775,20.99753879976062,0.019141616261501602,0.016519336439056915,0.30829361550239387,0.01481,1793277000,0.10106468,2026-08-29T11:28:04,0.1346,11.51,-8.12,Entertainment,0.425980693433177,Buy
WAL,Western Alliance Bancorporation,6.9581475,11.28605,8.91029,8.863431,2.4569674,1.47,,10106748928,109100864,109100864,,1.332,,,,,0.0,0.0,0.14956875135287673,0.14,0.13019,0.28198,0.39363998,0.0,78.53,93.06667,98.0,88.0,0.18510976696803771,none,,15,34.0988746581488,69.1620888201687,-0.02979763609340203,-0.015039647838525214,0.18197177786161128,0.026619999,1792612800,-0.11522031,2026-08-29T11:28:04,0.0603,5.88,13.13,Banks - Regional,0.42650234336847975,Buy
SEZL,Sezzle Inc.,18.674013,6.64667,5.26,27.27912,7.858329,0.09,41.57210892960156,4278674688,33675014,33675014,13.557,6.778,52.416,3.926,3.835,4.017,5.07,0.239,0.5323157697870593,0.5,0.88851,0.3035,0.57167,0.74967,124.12,168.0,196.0,150.0,0.353528843055108,buy,2.0,6,67.60747024319649,56.76429648023216,0.026676009548477184,0.01605094723518619,1.181303983815674,0.52682,1793822400,0.3903625,2026-08-29T11:28:04,0.2343,7.8,-0.6,Credit Services,0.42659854743134207,Buy
JLL,Jones Lang LaSalle Incorporated,13.3801565,28.25154,25.18589,18.147385,0.63394654,1.12,11.593281652379787,20324716544,46007703,46007703,12.057,1.24,42.352,1.004,0.882,1.126,2.23,0.018099999,0.143312718741903,0.978,0.13520001,0.03642,0.045700002,0.51232,378.01,421.4,500.0,315.0,0.11478532313959944,buy,1.91667,10,55.44075433084474,17.401952188990293,0.09506059686411124,0.06839147965477518,0.4346904947474105,0.0093,1793795400,0.2566774,2026-08-29T11:28:04,0.0213,2.32,-10.78,Real Estate Services,0.42663275426606034,Buy
FIS,Fidelity National Information S,6.184179,6.70097,6.19216,6.365591,1.7517093,0.23,8.05497381744288,41426874368,515705917,515705917,11.756,0.813,132.51,0.4575,0.38,0.535,2.54,0.036199998,0.3152553286062063,,0.22348,0.27648002,0.20669001,0.35836,41.44,50.34783,77.0,37.0,0.21495728764478783,buy,2.25,23,47.877063615805376,64.54062758107739,-0.01309464611304492,-0.021669082940232603,1.3193970589693857,0.00131,1793795400,-0.41913766,2026-08-29T11:28:04,0.0367,3.25,5.47,Information Technology Services,0.4272084174914442,Buy
CUBI,"Customers Bancorp, Inc",8.1908865,9.59359,8.41838,9.513317,3.2097704,1.18,,850121920,33772598,33772598,,1.482,,,,,8.06,0.1001,0.03039739199217073,0.185,0.14325,0.3525,0.46019,0.0,78.58,94.0,110.0,76.0,0.19623313820310506,none,,11,45.83634233884939,41.30739566950208,0.007757153220535597,0.00960183533546974,0.14646108389042306,0.09167,1792699200,0.104079366,2026-08-29T11:28:04,0.0758,8.12,1.66,Banks - Regional,0.42728054004646143,Buy
FCPT,"Four Corners Property Trust, In",21.424387,1.17763,1.14138,22.936363,9.037767,,14.59192911918678,2561842176,109756406,109756406,10.905,0.815,98.046,0.244,0.236,0.252,5.72,0.0434,0.01745328650794198,0.006,0.07646,0.38702,0.62556,0.85603994,25.23,28.22222,30.0,26.0,0.11859770114942525,buy,2.33333,9,46.33830472829484,36.318852235330674,0.00149164677804299,0.03280039991931442,0.05632796771170168,0.01291,1793217600,-0.017557561,2026-08-29T11:28:04,0.0601,5.68,10.07,REIT - Retail,0.42755634516939633,Buy
TTMI,"TTM Technologies, Inc.",17.214363,6.8925,4.85,53.445946,3.7013102,0.36,-642.9071409790655,13094934528,105348864,105348864,26.804,2.161,57.03,1.6115,1.443,1.78,0.99,0.0388,0.3474474864769308,0.925,0.13260001,0.07011,0.108950004,0.21191,118.65,214.25,224.0,205.0,0.8057311420143278,strong_buy,1.25,4,44.735126067725744,49.13679659538151,0.20123839009287928,0.2763888888888888,0.9357759153455206,0.018070001,1793822400,1.7742438,2026-08-29T11:28:04,0.0233,1.0,0.34,Electronic Components,0.4279610622525425,Buy
ADUS,Addus HomeCare Corporation,15.36612,7.51979,7.0446,20.236427,1.4615314,1.11,18.019108102391765,2123044864,18674300,18674300,12.779,0.865,9.478,1.576,1.462,1.69,4.43,0.0654,0.06408422270178815,0.242,0.09706,0.071329996,0.10318,0.32359,115.55,134.6923,155.0,96.0,0.16566248377325832,buy,1.57143,13,41.73553329575555,28.583655088602086,0.006357052042113714,0.004662101219308603,0.24149089187196798,0.02813,1793649600,0.020229936,2026-08-29T11:28:04,0.0679,5.14,-3.78,Medical Care Facilities,0.4284683374898089,Buy
STRL,"Sterling Infrastructure, Inc.",18.527145,25.39625,20.03,33.923576,4.1857114,0.83,41.19391163172307,15394705408,30588518,30588518,21.561,1.889,24.222,1.095,1.083,1.107,1.3,0.040999997,0.8900484913979814,1.165,0.40005,0.12549,0.20055,0.23807,470.52,876.0,1000.0,700.0,0.8617699566437134,strong_buy,1.0,7,33.11475516099236,40.28253244473745,0.04869109947643977,0.005393903404592117,0.4492757968816109,0.022939999,1793649600,0.82864463,2026-08-29T11:28:04,0.0361,,,Engineering & Construction,0.4288413868884491,Buy
GDDY,GoDaddy Inc.,8.859669,11.0275,9.6225,14.517087,2.424224,0.68,10.268874462590157,15012380672,126647704,126647704,10.886,0.918,57334.33,0.5235,0.415,0.632,2.55,0.0584,0.23850150493055922,0.298,4.42861,0.17834999,0.27056998,0.63802,97.7,104.53333,170.0,76.0,0.06994196519959073,none,,15,58.79389762865164,39.57726220585035,0.039129964775731316,0.024183897902836596,0.47998395812664196,0.00994,1793304000,-0.32834685,2026-08-29T11:28:04,0.041,2.46,-21.51,Software - Infrastructure,0.4292426182299396,Buy
CLBK,"Columbia Financial, Inc.",18.2438,0.63364,0.50061,21.018183,4.5014486,,,3262604800,104058235,104058235,,0.234,,,,,2.03,0.6718,1.5161709652292297,0.167,0.05019,0.21759,0.32641998,0.0,11.56,14.16667,14.5,14.0,0.22549048442906572,buy,1.66667,3,75.9453163014811,46.57546928777611,0.48831608990367464,0.7872172392395779,0.8629525587364596,0.294,1792526400,0.7416049,2026-08-29T11:28:04,0.0769,1.42,353.77,Banks - Regional,0.4295072844561204,Buy
AMAT,"Applied Materials, Inc.",25.011526,18.45829,12.79441,39.867878,11.8811865,0.96,119.13348534410194,380912664576,793597443,793597443,37.51,1.618,28.666,2.0285,1.634,2.423,1.52,0.015,0.2619968636063261,0.428,0.41068,0.30052,0.33736,0.49398,461.67,640.3143,900.0,358.0,0.3869523685749561,strong_buy,1.46154,35,26.082259198805204,20.6166533108412,0.04243420221793287,0.09191963768098799,0.06913404059963639,0.00331,1794513600,2.0004976,2026-08-29T11:28:04,0.018,1.78,-14.8,Semiconductor Equipment & Materials,0.42965611932284137,Buy
FA,First Advantage Corporation,13.9734745,1.50571,1.27564,140.26666,2.172827,,16.80229109036285,5395914752,171753691,171753691,12.812,1.165,157.74,2.4735,2.42,2.527,4.08,0.1385,0.22262350793963437,54.987,0.01939,0.01512,0.12774,0.45219,21.04,26.25,30.0,22.0,0.24762357414448677,buy,2.1,8,39.234195392193094,58.69466730953343,0.04092240654758516,0.053909525509382786,1.286472494670535,0.025510002,1793881800,0.2793399,2026-08-29T11:28:04,0.1151,,,Specialty Business Services,0.4298116556565859,Buy
R,"Ryder System, Inc.",13.875516,17.71898,14.67291,19.97238,0.73546773,0.86,9.932010525058908,17661960192,38346868,38346868,6.346,1.014,293.609,0.6040000000000001,0.562,0.646,2.38,0.0307,0.1319787576915017,0.086,0.16697,0.03877,0.08455,0.1983,245.86,299.55557,320.0,283.0,0.21839896689172678,none,,9,39.53029680590935,22.301473144549263,0.00353870449492076,0.008073586780959473,0.2873875534408689,0.0305,1792672200,0.3276074,2026-08-29T11:28:04,0.0277,2.48,-6.48,Rental & Leasing Services,0.43094652449402676,Buy
IT,"Gartner, Inc.",12.06071,16.44928,14.49348,17.824797,1.9382502,0.87,11.90260693982862,14255879168,63148976,63148976,10.301,0.913,,0.815,0.75,0.88,4.83,0.16420001,0.1921236094152976,0.331,1.13581,0.11996,0.22623,0.69629997,198.39,185.15385,229.0,150.0,-0.06671782851958252,hold,2.8,13,48.11426435885516,67.41245378182623,0.05909175275962707,0.07465978505863535,0.2527016136113669,0.03758,1793709000,-0.21645212,2026-08-29T11:28:04,0.1687,7.31,-16.02,Information Technology Services,0.4311902993041365,Buy
CARE,"Carter Bankshares, Inc.",12.103847,2.6,5.76333,5.425862,2.5469544,,,489424896,23163931,23163931,,0.517,,,,,4.94,0.0916,0.6470983875750622,2.539,0.27216,0.44919997,0.55035,0.0,31.47,35.08333,35.75,34.5,0.11481823959326332,buy,2.5,3,51.7021131609129,46.42203954286321,0.055554945054945036,0.0129856974211723,0.345238786029784,0.02283,1792672200,0.65376675,2026-08-29T11:28:04,0.0976,,,Banks - Regional,0.4313253165451752,Buy
SCHW,Charles Schwab Corporation (The,14.114482,7.80475,6.48819,20.065575,7.320024,1.13,,176135618560,1729335714,1729335714,,0.75,151.106,0.655,0.655,0.655,0.01,0.0,0.2702662027229723,0.426,0.20273,0.38793,0.52277,0.97495,110.16,124.95,145.0,91.0,0.1342592592592593,buy,1.72727,20,52.378138291416576,69.48564243210046,0.0028362370630495896,0.005042882530198155,0.2657764457463705,0.062119998,1792067400,0.124115705,2026-08-29T11:28:04,0.0126,2.3,-9.67,Capital Markets,0.4320200792026057,Buy
KWR,Quaker Houghton,17.451426,9.50696,7.85528,29.679785,1.4452788,1.86,21.97593896601585,3626968832,17207702,17207702,12.64,1.391,66.913,1.9954999999999998,1.534,2.457,12.25,0.15640001,0.11396915172054944,,0.07175,0.049450003,0.091280006,0.36061,165.91,192.57143,200.0,180.0,0.16069814959918016,strong_buy,1.28571,7,39.414819870786495,31.946716220182836,0.12037105709053347,0.08484958446445955,1.1584839214029983,0.2216,1793304000,0.16391587,2026-08-29T11:28:04,0.1328,12.57,-2.7,Specialty Chemicals,0.4320768590997965,Buy
UHS,"Universal Health Services, Inc.",7.1359506,24.05566,22.52656,7.003672,0.5585056,1.28,20.30242263141611,15436064768,51687770,58936515,5.718,1.063,68.74,1.004,0.892,1.116,2.7,0.0621,0.3502024405386417,0.101,0.20948,0.08424,0.1114,0.44607,171.66,193.94118,290.0,166.0,0.12979832226494237,buy,2.4,17,53.96527282658802,18.27660597454141,-0.03709688036719869,-0.0437098666318959,0.43703034180410477,0.04978,1793044800,-0.04919839,2026-08-29T11:28:04,0.0526,,,Medical Care Facilities,0.4327897680922859,Buy
ZVRA,"Zevra Therapeutics, Inc.",11.014286,1.05,1.14,12.435483,5.047169,10.67,14.195068638752584,466699424,59383781,59383781,11.508,0.923,0.687,5.092499999999999,5.018,5.167,4.73,0.1102,0.4115609580333055,-0.884,0.34796003,0.42818,0.42299,0.95458,11.565,25.0,35.0,20.0,1.16169476869866,strong_buy,1.22222,9,50.18859664201467,32.80030894074342,-0.06811735181839743,-0.12133891213389122,1.011571845563884,0.01258,1793822400,0.3021978,2026-08-29T11:28:04,0.1323,4.4,-8.51,Biotechnology,0.43285094962181214,Buy
BAH,Booz Allen Hamilton Holding Cor,11.181287,6.7291,6.41373,11.811617,0.8158515,1.09,10.51283977336696,12670241792,120284973,120284973,10.096,0.354,346.09,1.548,1.501,1.595,3.43,0.073,-0.0183932451811748,-0.245,0.68637,0.07013,0.09964,0.2242,75.24,85.58333,140.0,68.0,0.1374711589580011,hold,2.85714,12,53.904427915260335,34.89941293188646,0.01917509129104132,-0.0057094391924039645,0.4653144624110749,0.01211,1792758600,-0.31976742,2026-08-29T11:28:04,0.0702,3.02,-8.12,Consulting Services,0.4330045205190865,Buy
CART,Maplebear Inc.,10.320626,4.89699,4.15184,27.617487,2.930131,2.34,12.746847832248637,11070123008,231500067,231500067,17.712,0.778,1.348,2.124,1.969,2.279,3.77,0.1079,0.2850909633991596,0.081,0.16001,0.120459996,0.14094,0.72577006,50.54,57.55556,77.0,45.0,0.13881203007518805,buy,2.0,27,52.24422112961939,43.25002925739472,-0.04521211126610317,-0.015373614587057523,1.7168385650787126,0.11293,1794254400,0.15093482,2026-08-29T11:28:04,0.0954,4.7,-7.02,Internet Retail,0.43301289990973807,Buy
ENOV,Enovis Corporation,6.2023926,4.01458,3.64048,-1.2921639854696418,0.6252585,3.45,7.738254510439056,2794553344,57669494,57669494,7.37,1.45,92.555,1.3635000000000002,0.742,1.985,7.39,0.18010001,0.049998975194753825,,-0.54142,-0.4797,0.04185,0.61316,24.9,40.83333,55.0,28.0,0.6398927710843374,strong_buy,1.30769,12,38.438236671478535,17.089859740298678,-0.001760399243192813,-0.015744826909875602,1.130784459061673,0.01622,1793795400,-0.19487679,2026-08-29T11:28:04,0.1651,,,Medical Devices,0.433169451567174,Buy
CDP,COPT Defense Properties,25.061644,1.46,,25.409721,5.37872,1.02,16.474828048410245,6897596416,113410458,115844458,16.776,0.789,164.15,2.3434999999999997,2.093,2.594,8.33,0.0849,0.056594877696376056,0.192,0.10825,0.20839001,0.32167,0.58258,36.59,40.0,44.0,36.0,0.0931948619841485,buy,1.75,8,42.125736124235246,36.37707433561093,0.0831316363309378,0.0428571428571429,0.8602475303999989,0.0024899999,1793304000,0.2833047,2026-08-29T11:28:04,0.063,7.59,2.81,REIT - Office,0.43362115766228854,Buy
VIRT,"Virtu Financial, Inc.",9.576245,6.93278,7.30146,11.028239,1.7962745,,,-5681738752,88300678,88300678,,0.607,415.015,1.1045,1.101,1.108,4.29,0.0591,2.1135230467879307,-0.012,0.53617,0.16874,0.36321,0.65787005,66.39,66.71429,73.0,57.0,0.004884621177888349,hold,2.57143,7,84.69816017040928,44.93329900098383,0.12441557481566339,0.1645311492152225,0.5234015763381259,0.05204,1793795400,0.62128174,2026-08-29T11:28:04,0.0554,4.3,-3.1,Capital Markets,0.43418132141055493,Buy
LOPE,"Grand Canyon Education, Inc.",13.352079,11.32333,10.22667,18.259663,3.4505649,0.97,19.152721023183815,3694681088,26065037,26065037,10.298,0.579,15.565,2.755,2.692,2.818,4.8,0.066599995,0.16154032315396294,0.182,0.30979002,0.19632,0.22023001,0.53271,151.19,195.0,200.0,185.0,0.28976784178847814,strong_buy,1.33333,3,43.26004152862507,45.29929141516268,0.015222374329045114,0.014332640887620462,0.13541189030900538,0.02179,1793822400,-0.26080322,2026-08-29T11:28:04,0.0714,4.59,3.95,Education & Training Services,0.43439060602955293,Buy
TOWN,Towne Bank,10.901952,3.43333,3.14,17.995193,3.0970573,,,3653823232,92437275,92437275,,0.699,,,,,3.7,,0.7771486535058503,2.857,0.122200005,0.28564,0.61035,0.0,37.43,40.0,42.0,38.0,0.06866150146940964,buy,2.25,4,52.562713109826994,40.43894605871019,-0.003965107057890479,0.0,0.10694063902726668,0.057189997,1792612800,0.026930451,2026-08-29T11:28:04,0.0279,3.29,-5.79,Banks - Regional,0.4347184309023441,Buy
ATEC,"Alphatec Holdings, Inc.",15.749607,0.59938,0.32136,-13.295774647887324,1.788865,0.48,30.177492124972513,1987061760,154451076,154451076,51.795,0.855,5236.9,1.44,0.993,1.887,5.85,0.1018,0.10280606915292712,,-3.7344298,-0.13495,-0.00934,0.70838,9.44,15.78571,24.0,12.0,0.6722150423728814,strong_buy,1.21429,14,61.704362264869594,34.7260041542894,0.012827381890384073,0.03320002758050068,0.21645732648587884,0.20382,1793304000,-0.3981132,2026-08-29T11:28:04,0.1128,7.25,0.29,Medical Devices,0.4350001264965757,Buy
DECK,Deckers Outdoor Corporation,10.493779,8.36305,7.53557,12.483642,2.162239,1.09,13.714758941044334,10646385664,136181857,136181857,8.023,1.167,20.521,2.3064999999999998,1.866,2.747,3.32,0.0648,0.1598744170451427,0.011,0.42558,0.18361,0.15233,0.57804,87.76,122.80952,184.0,85.0,0.3993792160437557,buy,2.34615,21,43.48308228499513,36.64519759286753,0.0026650187323780574,0.0010789865871833353,0.31388826119639845,0.00704,1792699200,-0.29744464,2026-08-29T11:28:04,0.0471,2.35,8.86,Footwear & Accessories,0.43502548218796677,Buy
APO,"Apollo Global Management, Inc. ",12.581757,10.733,8.76735,47.886524,2.2402086,0.61,,95888949248,590543159,590543159,,1.508,100.969,1.9224999999999999,1.897,1.948,5.09,0.0383,0.5866414246346385,0.637,0.11412,0.052670002,0.21952,0.36141998,135.04,152.84212,173.0,130.0,0.13182849526066343,buy,1.7619,19,56.906328628089526,56.34215022890601,-0.009681398296182206,0.007638260399337576,0.8733797762546675,0.26338,1793709000,-0.01766783,2026-08-29T11:28:04,0.0504,5.83,-19.7,Asset Management,0.43605544493983783,Buy
SYF,Synchrony Financial,7.426155,10.51015,9.36541,8.005129,2.5631,1.14,,27961890816,325370840,325370840,,1.311,,,,,5.25,0.0733,0.15034995731024936,0.036,0.20786,0.35507,0.50219,0.0,78.05,89.30435,104.0,78.0,0.1441941063420884,buy,1.875,23,55.28321339437843,25.146361837919386,-0.0005645255957397724,-0.0009034337159173489,0.2656315742762592,0.00349,1791981000,0.05699551,2026-08-29T11:28:04,0.0586,4.44,-2.18,Credit Services,0.43663951582592125,Buy
PAYC,"Paycom Software, Inc.",17.098803,13.9501,12.09355,25.214588,5.0221577,1.44,25.37243069202772,11282183168,45071619,45071619,15.348,0.725,171.969,0.5765,0.079,1.074,2.77,0.0681,0.36910103007393635,0.481,0.41089,0.22778,0.31721002,0.88055,238.53,211.5625,270.0,160.0,-0.11305705781243447,buy,2.45,16,83.26635977580688,60.46576894600306,0.10800571706047812,0.1364513968883451,0.27319641730537064,0.1426,1793822400,0.07745457,2026-08-29T11:28:04,0.0873,4.09,-9.07,Software - Application,0.43676959990326764,Buy
ARCB,ArcBest Corporation,14.383608,9.49275,6.81226,195.05714,0.7259156,0.5,20.572123766098795,3400848384,22351354,22351354,11.763,1.561,36.27,0.9165,0.865,0.968,3.36,0.0795,0.1823935811673869,,0.01269,0.0038800002,0.05429,0.080970004,136.54,170.76923,200.0,150.0,0.2506901274351838,buy,2.0,13,47.645427503393265,22.750177122302276,0.07866581162070795,0.048935401424768654,0.503889359142576,0.01427,1793795400,0.9088913,2026-08-29T11:28:04,0.0568,2.97,-1.38,Trucking,0.4374795311901556,Buy
FLOC,Flowco Holdings Inc.,12.805306,1.65244,1.43526,16.030302,2.8090262,,45.380812931869414,2247348992,43972689,108795731,6.833,,25.174,1.9289999999999998,1.187,2.671,7.03,0.092700005,1.5146092654010768,0.333,0.10146,0.06066,0.17554002,0.55056,21.16,31.0,34.0,28.0,0.46502835538752363,buy,1.55556,9,45.488400889577605,57.816962672579706,-0.05769041381891244,-0.06462660123060557,1.0073292780076775,0.033770002,1794400200,0.33643126,2026-08-29T11:28:04,0.3575,,,Oil & Gas Equipment & Services,0.4377972375905691,Buy
GAP,"Gap, Inc. (The)",8.894242,2.63991,2.34305,7.072289,0.5515011,1.14,12.43214606882564,11570400256,359978933,359978933,5.298,,144.773,1.2965,0.771,1.822,5.04,0.1517,0.015627945983161196,1.421,0.33776,0.08137,0.18515,0.4326,23.48,25.57778,40.0,20.0,0.08934327086882443,buy,2.25,18,50.67963127649949,51.34045842639539,0.017186038681680563,-0.0066969759852102,0.8236701204173897,0.39839,1795118400,-0.08090186,2026-08-29T11:28:04,0.1646,,,Apparel Retail,0.43794374098051864,Buy
VSEC,VSE Corporation,26.93938,8.01132,6.80762,68.73248,4.4608536,3.0,-23.232197388498633,7007291392,28064972,28064972,31.58,1.236,34.965,2.4659999999999997,1.164,3.768,4.93,0.0766,0.21560409894583188,4.884,0.042659998,0.05528,0.12682,0.15621,215.82,270.0,290.0,245.0,0.25104253544620514,strong_buy,1.3,9,57.09822617981668,22.164099379616843,0.5574585104484576,0.41003405700808726,0.5155306483884905,0.01719,1793649600,0.34920633,2026-08-29T11:28:04,0.0766,,,Aerospace & Defense,0.4380747833290482,Buy
LMB,"Limbach Holdings, Inc.",9.6925535,4.26513,3.9555,16.47012,0.72097117,1.7,12.892221190684781,539686976,11924993,11924993,9.102,1.473,29.331,1.4435,1.402,1.485,2.89,0.0915,0.18829314197501001,-0.391,0.16172001,0.04419,0.043130003,0.2358,41.34,76.2,90.0,50.0,0.8432510885341074,buy,1.8,5,14.813749776593795,41.25735317329733,-0.16616600790513844,-0.16272482067349026,0.5442905757175951,0.069520004,1793736000,-0.6241218,2026-08-29T11:28:04,0.1039,6.69,-0.63,Building Products & Equipment,0.4384826345282829,Buy
VYX,NCR Voyix Corporation,8.557505,1.026,0.916,31.357141,0.47651482,2.68,5.605797438150289,2494253824,138069898,138069898,9.937,1.499,115.799,0.8665,0.661,1.072,14.15,0.36810002,-0.163790374756415,,0.05272,0.02987,0.02486,0.25825,8.78,12.95833,15.0,9.75,0.4758917995444192,buy,1.66667,6,56.731788197874835,55.66391521016888,0.012154696132596695,0.05050836003972681,1.5676422679899449,0.00945,1793881800,-0.2754538,2026-08-29T11:28:04,0.2409,,,Information Technology Services,0.43852943786735643,Buy
ON,ON Semiconductor Corporation,16.034254,4.52843,3.20248,47.45752,4.561042,0.23,17.063607574935997,29984817152,389318613,389318613,14.347,2.016,65.055,2.8754999999999997,2.287,3.464,2.99,0.1029,0.14713145110275017,0.366,0.08312,0.10168,0.19532,0.42776,72.61,107.68,150.0,85.0,0.4829913235091585,buy,2.17241,25,48.990602363083156,60.210749172942236,0.027100879415518954,0.0432151380838732,0.6275439460444233,0.00332,1793622600,0.5284021,2026-08-29T11:28:04,0.0798,3.59,-1.21,Semiconductors,0.43910464919374936,Buy
LYFT,"Lyft, Inc.",8.307948,2.13049,1.50544,2.5764194,0.989401,0.15,5.810391833020438,6065403392,378540249,378540249,130.176,1.832,42.738,0.5115,0.437,0.586,5.12,0.1698,0.24657587844509488,0.345,1.52579,0.42317,0.025799999,0.3802,17.7,19.78333,30.0,14.5,0.11770225988700567,buy,2.43182,36,65.94955715243266,64.92205846374222,0.002113294052330818,0.0432791045257578,1.5417939324497754,0.012560001,1793822400,0.03273809,2026-08-29T11:28:04,0.2254,6.31,-14.39,Software - Application,0.43912674838444266,Buy
NWBI,"Northwest Bancshares, Inc.",10.588438,1.44875,1.40857,14.893205,3.43167,2.29,,2852585216,146396520,146396520,,0.67,,,,,6.83,0.0633,0.2304471718316803,0.385,0.085710004,0.23374,0.41568002,0.0,15.34,16.57143,18.0,15.0,0.08027574967405471,hold,2.75,7,44.34833374338218,62.06966552861578,0.022822661457803903,0.006076388888888914,0.13313948427756128,0.010039999,1793044800,0.21377671,2026-08-29T11:28:04,0.0511,5.86,1.04,Banks - Regional,0.43918712035412977,Buy
DAR,Darling Ingredients Inc.,11.213839,5.73577,6.41998,17.290323,1.5499166,4.31,46.21081714561112,13755500544,157802916,157802916,12.207,1.019,78.609,1.168,0.771,1.565,2.88,0.0396,0.16682573850536464,29.14,0.12126,0.091309994,0.12892,0.26333,64.32,78.58333,90.0,65.0,0.2217557524875624,strong_buy,1.25,12,43.4272729486549,68.17860427722285,0.3756087944958334,0.11896939878344258,0.7270135572819924,0.012,1793277000,0.80771494,2026-08-29T11:28:04,0.0432,3.03,-17.4,Packaged Foods,0.4393710489604644,Buy
YELP,Yelp Inc.,6.243771,3.7125,3.56,11.198068,0.8539227,0.57,4.432967558435641,1286991744,54263621,54263621,6.236,0.455,19.131,1.625,1.501,1.749,8.16,0.2631,0.19299435620044592,-0.149,0.18190001,0.085880004,0.12666,0.89647,23.18,26.0,30.0,21.0,0.12165660051768779,hold,2.9,7,42.11826863465346,51.9371310371068,-0.06965221333164666,-0.035193768257059395,0.5064834731904905,0.06345,1793908800,-0.28289264,2026-08-29T11:28:04,0.1627,9.88,-5.53,Internet Content & Information,0.4396883443171126,Buy
NMIH,NMI Holdings Inc,8.204015,5.46196,5.25873,8.820867,4.612205,,10.22111777325699,3635394816,75217851,75217851,6.662,0.536,15.753,1.3639999999999999,0.699,2.029,4.15,0.031400003,0.11486298346917678,0.141,0.15427,0.54097,0.76672995,0.76384,44.81,49.16667,53.0,43.0,0.09722539611693826,none,,6,48.45240187632374,26.71603509895523,0.024805902436742973,0.01445261775400919,0.1615324702259175,0.01731,1793736000,0.13850069,2026-08-29T11:28:04,0.0248,3.87,-12.05,Insurance - Specialty,0.4397332169995447,Buy
LEA,Lear Corporation,7.2786345,17.03891,15.02472,11.547486,0.348371,0.36,9.612016379469635,8748060672,66574764,66574764,5.147,1.281,66.026,1.082,0.85,1.314,3.02,0.060900003,-0.1768309835841101,0.239,0.12094,0.023459999,0.04153,0.07696,124.02,150.5,179.0,130.0,0.21351394936300605,buy,2.4375,14,58.73410204171856,40.43618688234602,0.00711664337351824,-0.022748363400273135,0.228206658121165,0.00488,1792672200,0.12315941,2026-08-29T11:28:04,0.0405,2.71,-12.55,Auto Parts,0.4401028661829972,Buy
PSIX,"Power Solutions International, ",11.128834,3.26,2.86,12.340136,1.237547,0.82,19.881846858456633,937272064,23065450,23065450,9.965,2.082,67.047,1.991,1.409,2.573,3.07,0.1374,-0.20696290339013546,-0.671,0.40065,0.10035,0.15681,0.23856,36.28,69.79,76.0,63.37,0.9236493936052923,none,,3,42.58684735968468,61.39309023894621,0.13944223107569725,-0.018072289156626523,0.835392789725345,0.63123,1793908800,-0.53422123,2026-08-29T11:28:04,0.2801,4.45,11.85,Specialty Industrial Machinery,0.44066729710511093,Buy
AMP,"Ameriprise Financial, Inc.",10.825172,51.66846,46.52667,13.510144,2.490374,1.8,17.01839699225737,43095953408,88333219,88333219,,1.137,67.578,1.748,1.314,2.182,4.79,0.0374,0.23229047953069615,0.117,0.63432,0.199,0.30719998,0.54932,559.32,579.4545,645.0,489.0,0.035998176357004974,buy,2.5,11,50.33430759171951,61.55566696561139,0.0247469995427623,0.03639859308759508,0.1849084108786834,0.0018099999,1793277000,0.07956338,2026-08-29T11:28:04,0.0328,4.87,-12.02,Asset Management,0.44144090418630155,Buy
DD,"DuPont de Nemours, Inc.",17.198236,7.96477,7.26216,58.7897,2.647136,1.72,10.07938252564481,20294965248,135042975,135042975,12.821,1.09,22.902,2.0315,1.636,2.427,2.33,0.0322,1.568967286932672,1.496,0.01792,0.00787,0.14239,0.35132,136.98,170.0001,186.0,156.0,0.24105781865965836,none,,16,41.2264705631165,47.81794735258584,0.014038723082207605,0.009014886724831844,1.4614286053059755,0.00158,1793881800,0.4589963,2026-08-29T11:28:04,0.0284,,,Specialty Chemicals,0.4416392423150294,Buy
CNMD,CONMED Corporation,10.452678,4.78155,4.53604,27.016216,1.0913532,1.84,11.395916663098854,2304067840,29951248,29951248,10.13,0.898,80.109,1.046,0.608,1.484,3.91,0.092,0.03610773414182922,0.112,0.05527,0.04119,0.14642,0.55576,49.98,45.5,49.0,43.0,-0.0896358543417366,none,,6,60.970861070809335,45.71454535101635,0.03987528942481832,0.0031911277835825,1.1047404270440304,0.0043,1793822400,-0.07431936,2026-08-29T11:28:04,0.0782,,,Medical Devices,0.44169793468695484,Buy
PFS,"Provident Financial Services, I",9.042308,2.6,2.46333,9.795833,3.428739,1.61,,5713448960,130422618,130422618,,0.778,,,,,5.84,0.0637,0.03960274743143111,0.09,0.1114,0.34969002,0.5227,0.0,23.51,27.91667,30.0,26.0,0.18743811144193945,none,,6,40.61064058608877,51.576866631938564,0.04011265321977942,0.03379721669980118,0.3228777442643975,0.02779,1793304000,0.18809879,2026-08-29T11:28:04,0.0472,5.07,0.04,Banks - Regional,0.44177187893581166,Buy
ADI,"Analog Devices, Inc.",22.145123,16.33678,12.84498,42.915775,12.628535,0.56,42.26953627418538,188318580736,484565465,484565465,27.203,1.212,27.314,1.042,0.834,1.25,2.27,0.0194,0.4172887685423474,1.635,0.12227,0.29787,0.39503,0.65800005,361.78,470.25,675.0,365.0,0.2998230969097242,strong_buy,1.38235,32,30.36926411888166,47.334563119259876,0.03301387192216479,0.0846088630142535,0.27787784137797117,0.00241,1795523400,0.5082152,2026-08-29T11:28:04,0.0202,2.3,-6.66,Semiconductors,0.44325119325690443,Buy
SONO,"Sonos, Inc.",11.724138,1.305,1.22,34.0,1.2144121,,16.17281678241934,1605694848,118293979,118293979,11.931,1.93,14.081,1.323,1.031,1.615,3.7,0.1101,0.1044911761738947,,0.14175999,0.03818,0.10587,0.46567002,15.3,18.625,21.0,15.5,0.2173202614379084,none,,4,52.95155794900873,42.07550759816006,0.07964601769911513,0.28571428571428575,1.2440566572068157,0.01874,1794427200,0.09898102,2026-08-29T11:28:04,0.0988,3.99,-12.83,Consumer Electronics,0.4432881547935623,Buy
COCO,"The Vita Coco Company, Inc.",26.371796,2.34,2.03,34.09392,5.057657,,34.138534887648284,3277395968,57864153,57864153,23.991,0.767,3.508,2.9669999999999996,2.578,3.356,4.84,0.1182,0.2559717516300637,1.158,0.31370002,0.15503,0.29209998,0.41127998,61.71,83.88889,90.0,68.0,0.3594051207259763,buy,1.63636,9,47.48318575508125,50.790374321858714,0.1425869745084905,0.14332061348434266,0.5858095712308824,0.08605,1793190600,0.7243984,2026-08-29T11:28:04,0.103,4.14,-0.66,Beverages - Non-Alcoholic,0.44371612554065004,Buy
ARHS,"Arhaus, Inc.",15.804294,0.5682,0.53307,17.96,0.90234315,,16.03772529763605,1627681792,54424464,141540064,13.756,2.304,146.823,0.9015,0.476,1.327,3.86,0.105900005,1.7811595167937715,0.124,0.17282,0.04911,0.07915,0.38002998,8.98,10.5,13.0,9.0,0.16926503340757226,buy,2.26667,13,45.266189594282025,54.65303994665096,0.11551258710527973,0.024836318381040095,0.3696121018922925,0.04717,1793881800,-0.21619219,2026-08-29T11:28:04,0.0892,4.73,1.94,Specialty Retail,0.4438896437940946,Buy
AFRM,"Affirm Holdings, Inc.",16.109486,4.82697,4.63,14.061482,6.1115255,0.75,81.55579482582932,34601455616,294357801,334898565,46.81,,182.238,7.406,6.122,8.69,4.44,0.0496,0.44629766193966125,21.869,0.45126,0.45289,0.1263,0.4893,77.76,92.47,117.0,55.1,0.18917181069958833,buy,1.67647,30,76.57465489103811,38.22979039638238,0.2450554089993572,0.030214272421202285,0.7786603733655827,0.04315,1793908800,-0.057528555,2026-08-29T11:28:04,0.0543,4.37,-7.98,Credit Services,0.44391923965441865,Buy
ALB,Albemarle Corporation,12.158711,11.29725,11.56498,508.74072,2.743642,0.79,12.147707336146377,19070214144,118005057,118005057,12.864,1.317,18.976,1.6669999999999998,1.248,2.086,0.03,0.0007,0.307422045480644,,0.02648,0.03795,0.2771,0.23959999,137.36,172.564,225.0,83.28,0.2562900407687825,buy,1.95455,20,52.54696621166111,54.20782877303188,-0.08143146029219506,-0.09732415309593308,1.20252333925188,0.0019699999,1793822400,0.70693994,2026-08-29T11:28:04,0.0951,4.73,4.26,Specialty Chemicals,0.4442218520240395,Buy
ARQT,"Arcutis Biotherapeutics, Inc.",18.245573,1.30333,0.41167,108.09091,6.441977,,137.8327440575621,3001544192,125691961,125691961,82.227,1.526,51.744,2.686,2.455,2.917,10.0,0.1249,0.5107472625079021,,0.15864,0.06147,0.12651,0.91143,23.78,36.875,40.0,34.0,0.5506728343145499,strong_buy,1.5,8,29.52401134128519,21.322809323156903,1.0,0.15679835266759568,0.9357679535462206,0.01779,1793131200,0.62336814,2026-08-29T11:28:04,0.1352,10.74,-6.45,Biotechnology,0.44451140201815165,Buy
ADEA,Adeia Inc.,15.967717,1.61075,1.42375,23.596329,6.0237546,1.51,14.538167258757717,3094586368,110280150,110280150,11.002,0.969,82.832,3.1875,3.128,3.247,6.33,0.120900005,0.10290473852275328,0.0,0.27878,0.26053,0.31948,1.0,25.72,43.0,50.0,39.0,0.6718506998444791,strong_buy,1.5,4,31.141455307817353,39.80315431809339,0.002464354867100904,0.04036815759728726,1.4322011031974524,0.0185,1793649600,0.7443484,2026-08-29T11:28:04,0.071,5.98,-7.05,Software - Application,0.4448185208278176,Buy
EXPE,"Expedia Group, Inc.",13.61902,24.1897,20.87479,20.706474,2.518476,1.05,11.513033218896283,38101569536,114498625,120022077,13.184,1.246,230.271,0.7190000000000001,0.637,0.801,3.49,0.0598,0.26567406377150826,1.887,0.89489,0.12968001,0.1898,0.90433,329.44,337.65714,417.0,245.0,0.024942751335599977,buy,2.13158,35,56.59157924065063,50.38602437548228,0.057727416215745085,0.052986465974272555,0.5361376781708149,0.0060799997,1793908800,0.50348854,2026-08-29T11:28:04,0.069,5.31,-7.44,Travel Services,0.44491935695857787,Buy
ANDE,"The Andersons, Inc.",10.291184,6.27333,6.11,12.487427,0.20051971,0.89,-20.103429609280536,3046159872,33975570,33975570,10.07,0.654,66.35,1.053,0.596,1.51,2.94,0.041199997,-0.005828411414436796,6.182,0.12159,0.016210001,0.01613,0.07179,64.56,88.33333,90.0,85.0,0.3682362143742255,none,,3,40.34471284696762,27.353585540341115,0.11700182815356501,0.0519843778559965,0.14154973876183832,0.04006,1793736000,0.56815946,2026-08-29T11:28:04,0.0298,,,Food Distribution,0.44496972163692056,Buy
ENR,"Energizer Holdings, Inc.",6.5898294,3.37945,3.29692,18.714285,0.5102308,1.35,6.502715881209344,4771773440,68483637,68483637,9.271,0.753,1688.484,1.4835,0.895,2.072,6.26,0.1019,0.008820807107543072,-0.728,0.42183998,0.02727,0.14235,0.38998002,22.27,22.33333,28.0,18.0,0.002843735967669625,none,,6,51.398565424951876,49.046911229215056,-0.05864952760019761,-0.07435660052808615,1.2609900286558315,0.12946,1794918600,-0.21900386,2026-08-29T11:28:04,0.1241,7.04,7.94,Electrical Equipment & Parts,0.4454193407564655,Buy
SLM,SLM Corporation,7.849303,3.36463,3.11966,7.356546,2.944891,0.51,,6414800384,188000000,188000000,,0.972,236.158,1.324,1.314,1.334,6.65,0.1088,0.21751070399999994,-0.094,0.30333,0.43625,0.29211,1.0,26.41,28.54545,35.0,23.0,0.08085762968572507,buy,2.09091,11,52.23349241620727,38.20801108000263,-0.0008746663932667096,-0.0006953937592868442,0.27302511982323724,0.01302,1792699200,-0.14418161,2026-08-29T11:28:04,0.1091,6.59,6.07,Credit Services,0.4456777797470787,Buy
FG,"F&G Annuities & Life, Inc.",4.829877,4.967,3.4525,7.8914475,0.5177412,,1.3845989354777848,2798761472,130935209,130935209,3.593,1.274,48.807,0.5205,0.1,0.941,4.58,0.0915,0.07159463884156625,,0.09167,0.0689,-0.0373,0.32766998,23.99,27.0,27.0,27.0,0.12546894539391418,none,,1,30.910786177246464,62.473408111611015,-0.025955706023416583,-0.02435670791593018,0.8718911524525166,0.027309999,1793908800,-0.3156368,2026-08-29T11:28:04,0.097,4.62,-31.05,Insurance - Life,0.44615220146225976,Buy
ACMR,"ACM Research, Inc.",25.726383,2.89275,2.15375,35.103775,4.994636,,-27.77603734705771,5060976640,64657388,69649196,31.707,1.973,14.524,3.128,2.6,3.656,3.36,0.060700003,0.34997968058963336,1.806,0.11627,0.14476,0.16982001,0.43835,74.42,117.75,166.0,75.0,0.5822359580757861,strong_buy,1.44444,8,32.091861067956245,30.883214318883006,0.28454018978093476,0.283766691962562,0.3532384901406824,0.12675999,1793795400,1.9184191,2026-08-29T11:28:04,0.0534,,,Semiconductor Equipment & Materials,0.4464595242250548,Buy
PLUS,ePlus inc.,14.656591,5.955,5.475,18.729614,0.92988026,1.01,57.87684674726149,1939856384,26090418,26090418,10.296,0.983,11.43,1.9549999999999998,1.779,2.131,4.96,0.060399998,0.030717714066520463,-0.28,0.11698,0.04914,0.05982,0.25062,87.28,111.0,111.0,111.0,0.2717690192483959,strong_buy,1.0,1,29.725058872472005,61.94982665170544,0.027204502814258832,0.025839793281653808,0.10248575036314189,0.02214,1794254400,0.23395276,2026-08-29T11:28:04,0.0514,4.83,-3.3,Software - Application,0.4465685179549502,Buy
BHE,"Benchmark Electronics, Inc.",21.565502,3.30667,2.94333,48.842464,0.9088736,1.33,18.776586374180486,2623922944,35919933,35919933,17.74,1.29,26.142,1.602,1.211,1.993,3.23,0.0427,0.18275613710081262,19.366,0.047810003,0.018860001,0.04147,0.10281,71.31,86.0,92.0,76.0,0.20600196325901,none,,3,39.721602167009216,46.51257133829226,0.07030181818181819,0.06552316382724359,0.3729643305064885,0.018070001,1793736000,0.8349104,2026-08-29T11:28:04,0.0364,,,Electronic Components,0.4465696443905046,Buy
GCT,GigaCloud Technology Inc,10.962733,4.83,4.18,12.607143,1.2893531,0.27,21.57087454735383,2019919104,28839563,35710237,11.245,1.643,94.92,1.7175000000000002,1.344,2.091,5.45,0.1717,0.6660812786934391,0.277,0.32344002,0.10647,0.115439996,0.23961,52.95,57.0,73.0,40.0,0.0764872521246458,none,,3,53.43222155095449,79.43848972578279,-0.07828004410143338,-0.02028397565922914,0.5460240057346821,0.058709998,1793881800,1.0275156,2026-08-29T11:28:04,0.1654,7.33,-8.39,Software - Infrastructure,0.4468365069528901,Buy
AEIS,"Advanced Energy Industries, Inc",17.960821,15.18973,11.2445,50.243095,5.36194,2.77,319.60691129798903,11478381568,40050442,40050442,32.517,1.317,94.568,3.31,2.83,3.79,2.49,0.0592,0.22225917007357876,0.934,0.16267,0.10767,0.17018,0.3996,272.82,429.08334,535.0,370.0,0.5727708379151091,strong_buy,1.33333,12,42.74012552030671,22.539310555585402,0.19352527530847816,0.2360166519383592,0.7266044665212746,0.01061,1793736000,0.9732628,2026-08-29T11:28:04,0.0436,,,Electrical Equipment & Parts,0.44764659693954445,Buy
MTG,MGIC Investment Corporation,9.0402565,3.428,3.2525,9.684375,5.3167458,0.4,12.25146533021134,6814877184,205124840,205124840,7.378,0.646,12.903,4.1035,3.243,4.964,4.4,0.0553,0.12395611975614473,0.062,0.13923,0.59204,0.80851996,0.92607003,30.99,31.0,35.0,28.0,0.00032268473701191347,none,,5,65.05560350818976,19.466593906525233,0.06152088772845949,0.03815869170199875,0.09509145773593679,0.01863,1793217600,0.1167804,2026-08-29T11:28:04,0.0449,4.63,-8.98,Insurance - Specialty,0.4478804360385611,Buy
ABM,ABM Industries Incorporated,10.838142,4.35499,3.97749,18.153847,0.30543253,2.25,9.735127984793676,4636590592,58580923,58580923,10.523,0.675,112.697,1.3735,1.285,1.462,4.63,0.046,0.26643371488018386,0.09,0.08866999,0.0175,0.039300002,0.12921,47.2,52.42857,68.0,45.0,0.11077478813559316,none,,7,30.63632524025047,40.85935780583554,0.004794733371900032,0.0023845528848255157,0.40141889440548423,0.0155299995,1788870600,-0.032820523,2026-08-29T11:28:04,0.0336,4.32,-26.92,Specialty Business Services,0.4486601746068298,Buy
ELV,"Elevance Health, Inc.",13.322881,29.60546,27.16015,17.429518,0.42532972,1.4,19.863517399884838,79208751104,216869290,216869290,9.516,0.692,68.953,1.4460000000000002,1.374,1.518,3.97,0.0279,0.056387919709609546,-0.131,0.11133,0.02468,0.04559,0.2599,394.43,449.09525,492.0,393.0,0.13859303298430659,buy,1.77273,21,52.58021274570889,23.91511967180439,-0.00024184001601959914,-0.0008905957609801361,0.014095185162839623,0.0019,1792585800,0.23820305,2026-08-29T11:28:04,0.0258,3.93,-7.29,Healthcare Plans,0.44888541838576057,Buy
OGS,"ONE Gas, Inc.",15.702089,5.06111,4.91333,17.127155,2.1606915,,-22.712821090351845,8377377792,62856270,62856270,10.671,0.66,95.903,0.3355,0.19,0.481,7.35,0.0759,-0.0731512989873564,0.396,0.085760005,0.124689996,0.19847,0.38094002,79.47,89.5625,103.0,82.0,0.1269976091606897,buy,1.66667,8,60.12119390333256,51.39413177513054,0.00819966470840502,0.0048743586892642035,0.046103117012027184,0.0108,1793649600,0.04557395,2026-08-29T11:28:04,0.0585,,,Utilities - Regulated Gas,0.44963519947813224,Buy
GPN,Global Payments Inc.,5.731328,16.02072,13.67866,43.51659,2.3805099,0.27,3.0882041554072193,43546501120,264618390,264618390,9.715,0.775,98.273,0.6595,0.494,0.825,4.39,0.066700004,0.5457558164721659,-0.952,0.02428,-0.091529995,0.16108,0.63959,91.82,103.0,194.0,60.0,0.12175996514920495,buy,2.32353,28,71.75463261174187,33.92498001354956,-0.008703680620577428,-0.006436784745707004,0.6544749876339507,0.00934,1793709000,0.066099524,2026-08-29T11:28:04,0.0799,5.38,-12.48,Specialty Business Services,0.44988571978300607,Buy
BFH,"Bread Financial Holdings, Inc.",7.909094,13.36942,12.22145,8.203258,1.5226586,3.91,,3664453376,38419268,38419268,,1.138,,,,,0.03,0.00059999997,0.26017005841964513,0.212,0.17424999,0.21364,0.28971002,0.0,105.74,115.4375,132.0,79.0,0.09171080007565724,buy,2.05882,16,46.40060151733322,24.270541216580497,0.0029839746772490124,0.01330849343973658,0.5286434699922254,0.0141199995,1792672200,0.64956486,2026-08-29T11:28:04,0.073,3.73,-4.79,Credit Services,0.4499170306835486,Buy
CBT,Cabot Corporation,11.972406,6.9869,6.36062,23.431374,1.1884794,1.0,16.723849045498547,5487933952,51631007,51631007,7.456,0.839,74.394,1.1655,0.864,1.467,8.97,0.1088,0.09639939426321864,-0.937,0.13345,0.05228,0.14257,0.24215999,83.65,91.33333,100.0,78.0,0.09185092647937831,buy,2.5,6,37.31093322829734,79.77377233739102,0.004534176891332984,-0.006684750466311792,0.2903646261784805,0.01344,1793649600,0.046652675,2026-08-29T11:28:04,0.0739,10.16,8.23,Specialty Chemicals,0.4501365317939551,Buy
SPB,"Spectrum Brands Holdings, Inc.",15.822802,5.60457,6.2588,27.540373,0.70987207,1.36,7.489667975696102,2586210304,22995596,22995596,7.573,0.646,39.163,1.9775,1.543,2.412,9.54,0.17860001,0.14907933675648155,,0.04463,0.0276,0.16792999,0.39646,88.68,99.71429,110.0,90.0,0.12442816869643658,none,,7,51.6816052084833,75.86416886463823,0.19048117214500787,0.028061538010011655,1.5341713850430425,0.04492,1794573000,0.61290324,2026-08-29T11:28:04,0.1679,11.63,-5.27,Household & Personal Products,0.4506763847168603,Buy
PBF,PBF Energy Inc.,7.35006,9.69788,17.97351,6.2471514,0.24581087,,107.68592709566619,9889741824,118536838,118536849,10.207,0.081,38.424,0.9730000000000001,0.616,1.33,3.28,0.123,0.5239196274157405,,0.23228,0.03937,0.08801,0.050430004,71.28,67.61538,84.0,38.0,-0.05141161616161616,hold,3.35714,13,64.41724519964637,41.12915296905419,0.6486206849107745,0.6497937757780277,1.1825752260125304,0.14287,1793277000,1.4083567,2026-08-29T11:28:04,0.1088,3.32,-12.31,Oil & Gas Refining & Marketing,0.4506768158382374,Buy
OPCH,"Option Care Health, Inc.",11.479623,2.08195,1.88225,18.10606,0.6287622,1.26,13.980150512595348,4663148032,149785243,149785243,11.511,0.606,100.649,1.1875,0.91,1.465,4.71,0.111999996,0.11398291186802689,0.129,0.15999,0.03681,0.05903,0.19058001,23.9,28.58333,39.0,23.0,0.19595523012552318,none,,12,39.09711184804487,48.65184887144051,0.022256377391691614,0.01576374387697344,0.22574810034274634,0.0128,1793277000,-0.15682137,2026-08-29T11:28:04,0.0881,4.74,-3.36,Medical Care Facilities,0.45076220127241184,Buy
GMED,"Globus Medical, Inc.",15.3699665,5.39819,4.98106,21.219948,3.5421133,1.49,20.100712586879187,10598748160,111831817,134261914,10.491,0.954,2.347,3.703,2.784,4.622,4.23,0.061300002,0.27893258255832487,-0.262,0.118140005,0.17025,0.24755,0.68974996,82.97,103.23077,125.0,84.0,0.24419392551524655,buy,1.86667,13,42.75068820050248,49.2218433538458,0.050344663254827386,0.04153398058252422,0.751136060138602,0.0061299996,1793908800,0.3779633,2026-08-29T11:28:04,0.0625,4.89,-2.58,Medical Devices,0.4507674479928381,Buy
COP,ConocoPhillips,13.679668,9.52874,10.43893,17.242064,2.4293635,1.03,20.35973252150465,172192333824,1201337479,1201337479,6.43,0.123,35.639,1.359,1.176,1.542,2.62,0.014099999,0.4252602743945524,1.07,0.1418,0.144,0.3151,0.47574002,130.35,145.33333,189.0,126.0,0.11494691215957031,buy,1.64,24,64.25026340209027,37.26519697320697,0.09948285305021892,0.06282185843303958,0.38000342988965213,0.00096000003,1793881800,0.30841494,2026-08-29T11:28:04,0.0141,,,Oil & Gas E&P,0.451540152698236,Buy
HII,"Huntington Ingalls Industries, ",14.121112,20.83476,18.51263,17.5125,0.87927395,1.06,-38.61191634235025,14637592576,39404598,39404598,12.511,0.241,55.252,1.165,1.1,1.23,1.85,0.0297,0.10437319522965316,0.365,0.12968001,0.05013,0.0708,0.124,294.21,368.41666,439.0,304.0,0.2522234458380068,buy,2.08333,12,21.092456694958827,59.149429530377816,0.06717644820807854,0.03273564339651252,0.09017535185686662,0.00476,1793277000,0.10225797,2026-08-29T11:28:04,0.029,1.7,11.7,Aerospace & Defense,0.45187585629290833,Buy
SAIC,Science Applications Internatio,11.449888,11.00098,10.17841,14.168728,0.7303783,,12.7358761085489,7891188224,42276819,42276819,10.707,0.286,187.983,1.0945,1.033,1.156,6.61,0.0721,0.13241276501905208,0.838,0.27664,0.055549998,0.08762,0.12605,125.96,121.5,137.0,93.0,-0.03540806605271507,hold,2.81818,10,68.41011697497238,21.843887585744696,0.0,0.0,0.19991038860382576,0.0072000003,1788179400,0.09038639,2026-08-29T11:28:04,0.0649,,,Information Technology Services,0.45195465587893424,Buy
PD,"PagerDuty, Inc.",9.393977,1.47222,1.31556,6.6811595,2.1559207,,7.9560509437833185,951064896,77122565,77122565,20.893,,167.197,1.951,1.886,2.016,6.04,0.13350001,0.2046389280750711,-0.4,0.82557,0.37504002,0.082279995,0.84922,13.83,10.64286,13.5,8.0,-0.23045119305856832,hold,2.66667,7,80.75852382251728,49.219710834290886,0.0,0.0,1.2227303236791196,0.07725,1795550400,-0.21650124,2026-08-29T11:28:04,0.106,5.05,9.29,Software - Application,0.45207426203186124,Buy
AVT,"Avnet, Inc.",8.023232,11.04667,10.5725,22.102242,0.26324365,2.65,-56.24166226215236,10831327232,82072979,82072979,11.472,1.119,69.205,1.3575,0.938,1.777,6.83,0.112799995,0.5091108876649888,19.689,0.06665,0.0121,0.03852,0.10429,88.63,106.25,120.0,80.0,0.1988040166986349,none,,4,44.31961565889363,23.09835911456034,0.339562876148242,0.24399436936936933,0.40465339187052485,0.01393,1793190600,0.677112,2026-08-29T11:28:04,0.0981,,,Electronics & Computer Distribution,0.45228960623248854,Buy
ANF,Abercrombie & Fitch Company,11.65143,12.73835,12.487,12.805867,1.23472,3.62,15.95786648842078,7043622400,44431710,44431710,8.029,0.915,93.997,1.0805,0.754,1.407,4.11,0.1241,0.13575901535187374,0.433,0.40609002,0.10035,0.19941,0.63675,148.42,147.88889,175.0,87.0,-0.003578426088128195,buy,2.07143,9,86.32773912223995,45.54058352632147,0.161504734754725,0.024687572652625247,0.7265419538873913,0.02214,1795609800,0.5854454,2026-08-29T11:28:04,0.1,,,Apparel Retail,0.45234422178155764,Buy
PSX,Phillips 66,11.793808,20.68967,25.16354,13.919565,0.64292616,1.13,21.523448340029148,113352204288,400935020,400935020,11.421,0.687,62.884,1.091,0.862,1.32,1.9,0.0143,0.5431773557720152,3.449,0.23452999,0.046609998,0.08529,0.13098,244.01,222.0,260.0,160.0,-0.09020122126142371,buy,2.1,19,84.30424848597431,43.08431961150023,0.20308934359098435,0.09699696929207839,0.5667244877859599,0.00211,1793277000,0.7917663,2026-08-29T11:28:04,0.0185,3.1,-6.91,Oil & Gas Refining & Marketing,0.45239186817781674,Buy
TRUP,"Trupanion, Inc.",6.9530516,4.26,4.04,55.8868,0.8496027,,111.90355101333795,1009240896,43620472,43620472,24.773,1.429,26.096,1.751,1.728,1.774,7.64,0.1091,0.08968767463130622,-0.289,0.06068,0.01526,0.01623,0.22584,29.62,34.25,42.0,29.0,0.15631330182309244,buy,2.33333,4,55.752488664500454,24.797121106198915,0.03061224489795921,-0.0116009280742459,1.0439351714777094,0.15719,1793908800,-0.34402657,2026-08-29T11:28:04,0.1184,,,Insurance - Property & Casualty,0.45243509034929325,Buy
WWW,"Wolverine World Wide, Inc.",11.049184,1.84086,1.64645,15.890625,0.85522556,2.36,12.710674372739387,2275329280,82066339,82066339,11.492,1.736,159.137,1.174,0.799,1.549,6.61,0.112399995,0.05743353800636841,0.159,0.27647,0.05549,0.09854,0.47120997,20.34,24.3,31.0,19.0,0.19469026548672574,buy,2.0,10,53.88452010335958,32.11518394439051,0.060037342261138334,0.04765156818220613,1.346872633473531,0.0143099995,1794486600,-0.36949587,2026-08-29T11:28:04,0.0728,,,Footwear & Accessories,0.45253299605703157,Buy
CACC,Credit Acceptance Corporation,10.728404,55.45,47.71667,13.120645,4.737842,1.77,,12460103680,10380580,10380580,,1.346,395.632,4.6925,4.552,4.833,7.49,0.2756,0.18541367630710415,0.706,0.31932,0.38507,0.52556,0.94652003,594.89,636.6667,660.0,600.0,0.07022592412042572,none,,3,50.58754113289354,19.070910250613807,-0.0003839949722425651,0.01306293961816029,0.33603792583965614,0.46081,1793304000,0.17253768,2026-08-29T11:28:04,0.1844,,,Credit Services,0.45266547984798594,Buy
SUPN,"Supernus Pharmaceuticals, Inc.",9.804933,4.46,2.565,-22.776041666666664,3.0630662,,30.063309215113875,2236735744,58127013,58168001,20.254,0.56,3.895,1.8815,1.68,2.083,4.42,0.0876,0.2753146355550733,,-0.104899995,-0.13232,-0.02485,0.72890997,43.73,61.75,67.0,55.0,0.4120740910130347,none,,4,37.31607286091654,54.14867595478402,0.031499957774855446,0.02686187786790321,1.2085436857771186,0.044899996,1793709000,-0.007858098,2026-08-29T11:28:04,0.0933,9.51,-0.7,Drug Manufacturers - Specialty & Generic,0.4528073241265683,Buy
ESI,Element Solutions Inc.,16.779314,2.08173,1.81026,47.2027,2.7020898,,167.52026355719556,10840892416,243690914,243690914,19.221,1.269,74.976,2.3165,1.726,2.907,1.43,0.0367,0.5563824263058081,0.619,0.06539,0.05669,0.118310004,0.38591,34.93,46.75,50.0,42.0,0.33839106784998574,buy,1.625,8,37.38588698254155,48.68121826030521,0.022797769378103905,0.013643601092656563,0.27951660965176545,0.06526,1793131200,0.4355346,2026-08-29T11:28:04,0.0283,,,Specialty Chemicals,0.45283921834857654,Buy
NTAP,"NetApp, Inc.",18.620998,10.0435,9.01774,29.45197,5.2996006,2.11,28.334091994567522,36499173376,196234265,196234265,19.373,1.433,202.295,1.3235000000000001,1.211,1.436,4.35,0.0547,0.14715635416679151,0.234,1.06734,0.18426001,0.27259,0.70744,187.02,187.5625,210.0,150.0,0.002900759277082665,buy,2.3,16,33.855586025290236,26.65051413316351,0.012675086778358262,0.020855186657884717,0.12787927322461895,0.0041,1788379200,0.65242267,2026-08-29T11:28:04,0.0677,6.33,2.48,Software - Infrastructure,0.45285354136377226,Buy
INOD,Innodata Inc.,27.106773,2.08767,1.645,43.868217,6.134726,0.87,11.460664898158749,1789862400,34382651,34382651,30.209,2.915,2.402,1.6665,1.605,1.728,3.27,0.13939999,0.4615614369002552,1.05,0.37765998,0.14656,0.17212999,0.43198,56.59,122.75,140.0,111.0,1.1691111503799259,none,,4,34.659985957102194,50.47985885528406,0.19549418604651173,0.04383500000000007,1.1916487212573679,0.048520003,1793908800,0.5819979,2026-08-29T11:28:04,0.1332,4.72,-3.59,Information Technology Services,0.4529119587756544,Buy
TRU,TransUnion,15.287403,5.60396,4.85504,22.604221,3.3525403,1.35,20.299114364286606,21197971456,191600000,191600000,13.883,1.53,113.212,1.773,1.646,1.9,3.97,0.045,0.16818997912317335,0.321,0.15626,0.15077,0.19701,0.5873,85.67,96.57143,115.0,77.0,0.1272490953659391,buy,1.77273,21,66.54353532505024,60.71457285005126,0.016000569206751792,0.0030858893948506718,0.9353484515613762,0.00415,1792672200,-0.020703197,2026-08-29T11:28:04,0.0449,3.33,-21.01,Financial Data & Stock Exchanges,0.45300810159559096,Buy
BBY,"Best Buy Co., Inc.",11.471892,7.18626,6.59432,13.717138,0.4117353,1.67,13.685649028198059,19534227456,210767126,210767126,7.366,1.317,129.846,0.7364999999999999,0.356,1.117,4.29,0.0752,0.03885033896604906,0.701,0.43126,0.03014,0.03896,0.22677,82.44,83.4,95.0,62.0,0.011644832605531397,hold,2.72,20,61.83212510519749,49.91434123514618,0.00637154582095262,0.001979721990469086,0.162002748396608,0.064840004,1795523400,0.13470936,2026-08-29T11:28:04,0.0709,,,Specialty Retail,0.4530569622885085,Buy
WMG,Warner Music Group Corp.,14.224311,1.97057,1.78149,22.424,2.0074983,0.5,38.35910321974009,19279464448,147729456,523109769,11.531,1.293,452.947,0.6174999999999999,0.501,0.734,4.42,0.0849,2.895491071408264,,0.70074,0.092,0.16738,0.45769,28.03,36.88235,46.0,23.0,0.3158169818052088,none,,17,66.20602438341591,62.72765839377139,-0.0343180832610581,0.00529540503726671,0.18098793347787184,0.0105,1795118400,-0.14859557,2026-08-29T11:28:04,0.0658,4.75,-13.32,Entertainment,0.45317150724298866,Buy
VRTS,"Virtus Investment Partners, Inc",6.861494,24.56025,23.31033,9.607754,1.3644303,0.56,20.003972971402025,1549346688,6682122,6682122,7.641,1.33,44.522,2.655,2.651,2.659,3.06,0.1018,-0.011251946612168995,0.092,0.106709994,0.14517,0.117910005,0.41079,168.52,148.0,172.0,130.0,-0.12176596249703309,hold,3.5,4,34.37781823413026,47.76359293568652,-0.05564065427659896,-0.040305957974737995,0.10687840254831918,0.06418,1793363400,-0.15625632,2026-08-29T11:28:04,0.0715,2.97,4.04,Asset Management,0.4532232999923707,Buy
LRCX,Lam Research Corporation,26.12238,11.55714,9.45969,52.322357,16.26044,1.46,122.23772276895563,397188235264,1251321000,1251321000,45.964,1.865,33.049,2.234,1.839,2.629,2.65,0.0254,0.3180966022307625,0.348,0.65066004,0.31272,0.37390998,0.50469,301.9,371.19354,500.0,290.0,0.22952480953958276,strong_buy,1.45714,31,51.072865124841634,31.209782973904098,0.1658005035535897,0.16002232290727778,0.31322975886589344,0.0028,1792612800,2.2833145,2026-08-29T11:28:04,0.0216,2.22,-8.66,Semiconductor Equipment & Materials,0.45351243048378725,Buy
BG,Bunge Limited,10.1822815,11.34127,9.63786,24.887932,0.24162664,1.37,-3.4261978742042616,39915917312,192119123,192119123,12.769,0.65,97.995,0.949,0.331,1.567,4.79,0.047399998,0.9604086779846481,0.33,0.071779996,0.01097,0.04617,0.049239997,115.48,141.22221,150.0,116.0,0.22291487703498425,buy,1.55556,9,46.126011483042205,55.784817711745475,0.019882602801913597,0.016908013306194944,0.47583176921445636,0.18369,1793795400,0.37030208,2026-08-29T11:28:04,0.0371,4.2,-7.09,Farm Products,0.4536583985868069,Buy
ROCK,"Gibraltar Industries, Inc.",9.411643,4.81,3.855,22.41089,0.9289736,0.79,4.364994660046171,2715137280,29661919,29661919,13.476,1.221,153.722,1.034,0.611,1.457,4.06,0.0797,0.688505838074738,-0.686,0.06241,-0.104320005,0.122770004,0.25445,45.27,75.25,86.0,55.0,0.6622487298431632,none,,4,55.7444605418759,23.531873459660815,0.011811023622047225,0.00891452543261658,0.8687509935921839,0.01,1793277000,-0.2437737,2026-08-29T11:28:04,0.0481,4.04,2.74,Building Products & Equipment,0.45387278269664666,Buy
AN,"AutoNation, Inc.",8.073409,24.78383,21.85162,9.280612,0.24100175,0.61,18.575323037143093,17893136384,33060806,33060806,11.807,0.727,501.585,0.4645,0.147,0.782,4.6,0.090900004,0.13366153263172098,1.385,0.32766998,0.02822,0.04449,0.17834999,200.09,246.6923,300.0,210.0,0.23290669198860514,buy,1.71429,13,43.94972305167928,57.23177942356114,0.00921667499535849,0.016188438973127623,0.18901380351510644,0.01525,1793277000,-0.097165465,2026-08-29T11:28:04,0.0614,,,Auto & Truck Dealerships,0.45443416977114914,Buy
AMRC,"Ameresco, Inc.",13.36445,1.64541,1.22418,41.490566,0.5765624,1.61,-3.141491729841489,3760839936,35066211,53066211,14.842,2.623,190.148,1.522,1.371,1.673,6.83,0.16620001,0.6397476391161849,-0.25,0.04315,0.0139999995,0.08489,0.16132,21.99,43.5,62.0,32.0,0.9781718963165076,buy,1.75,10,36.15668734874615,46.54566396066684,0.11101228831248977,0.010214781602545572,0.3334771362323028,0.08901,1793649600,-0.10015708,2026-08-29T11:28:04,0.1396,8.21,6.27,Engineering & Construction,0.4544814832076273,Buy
DXC,DXC Technology Company,3.7902994,2.95755,2.59189,15.148648,0.14347318,0.49,2.0423250900798178,4245565696,159778689,159778689,3.106,0.802,125.421,1.323,1.238,1.408,7.13,0.2047,0.0631584202821942,7.263,0.04025,0.00993,0.02034,0.22997,11.21,11.21429,14.0,9.0,0.0003826940231934639,hold,3.125,7,45.467548544927894,55.649323461974014,0.011240382664606648,-0.03975649350649356,1.474764636558492,0.01698,1793304000,-0.23237962,2026-08-29T11:28:04,0.176,,,Information Technology Services,0.45469747498226504,Buy
ZBRA,Zebra Technologies Corporation,16.027674,22.23966,21.12142,32.671864,2.8841944,0.67,29.239505581565513,19889352704,47310660,47310660,16.798,1.583,86.23,0.4085,0.301,0.516,2.26,0.0469,0.2941814212695406,1.215,0.15286,0.092180006,0.21259001,0.49581,356.45,412.86667,455.0,350.0,0.15827372703043907,buy,1.8125,15,19.25161967979355,22.118611908571296,0.1381982649032247,0.07349291165269281,0.2268304641003077,0.00852,1793709000,0.17598593,2026-08-29T11:28:04,0.0571,3.6,-14.83,Communication Equipment,0.45577965856550395,Buy
FRSH,Freshworks Inc.,16.634861,0.83319,0.66967,22.0,4.000984,0.65,13.866271349774713,2942492416,236959436,260920772,51.184,0.865,3.861,1.6,1.507,1.693,2.15,0.106800005,0.4266476846273384,,0.19695,0.20489,0.05531,0.84963995,13.86,14.38462,25.0,10.0,0.0378513708513708,none,,13,69.70943790994801,81.99172079220634,0.07327510217164834,0.04292151708599315,1.106806784630182,0.07819,1793736000,0.016332626,2026-08-29T11:28:04,0.1195,1.79,23.94,Software - Application,0.45645395338334,Buy
AAMI,Acadian Asset Management Inc.,14.702157,6.51333,5.375,33.837456,5.083822,,14.706700263636929,3687644416,35490128,35490128,21.242,1.303,193.318,1.012,0.976,1.048,2.2,0.0381,0.46549403541176293,1.714,1.0676999,0.15168001,0.17612,0.40853,95.76,85.66667,96.0,80.0,-0.10540236006683379,none,,3,79.88509138165013,48.87451774829169,0.0671733506463596,0.03059018987341765,0.1712847494455652,0.00522,1793277000,0.9276941,2026-08-29T11:28:04,0.0301,,,Asset Management,0.45663799545761424,Buy
BLMN,"Bloomin' Brands, Inc.",10.192089,1.03806,0.95931,33.0625,0.22763292,,3.2799025729848124,2752945408,85620917,85620917,8.693,1.2,441.871,0.193,0.132,0.254,3.71,0.1065,0.006380230662561104,0.224,0.08071999,0.00695,0.0444,0.13574,10.58,11.32273,15.0,6.0,0.07020132325141781,hold,2.83333,11,36.49033705672502,38.45921973799049,0.10353038616834037,0.09113269424823411,1.3100585805960179,0.01353,1793881800,0.47666192,2026-08-29T11:28:04,0.0935,,,Restaurants,0.4571582076645179,Buy
WT,"WisdomTree, Inc.",18.487549,1.32143,1.18667,44.418182,6.0711207,1.54,23.63697523226995,4353250816,151512111,151512111,17.53,1.175,257.672,2.94,2.885,2.995,5.48,0.1579,0.5267884454200495,0.647,0.18731001,0.13266,0.41166002,0.53330004,24.43,22.61429,27.0,18.3,-0.07432296356938184,buy,1.71429,7,66.77998937829378,35.68694232836759,0.03445961260177471,0.016649315536771493,0.4359907404713219,0.09486,1793363400,0.85344195,2026-08-29T11:28:04,0.1023,,,Asset Management,0.45746692689269247,Buy
PLMR,"Palomar Holdings, Inc.",11.581317,11.36572,10.10191,17.692205,3.1965907,,6.121241909661759,3642539776,26503871,26503871,12.582,0.386,30.152,0.4045,0.268,0.541,2.89,0.0352,0.5633216181892828,0.155,0.22226,0.18615,0.23774,0.27354,131.63,163.16667,168.0,152.0,0.23958573273569872,buy,1.625,6,48.40996869369056,70.11406222723092,0.021287286366370717,0.014371660438619921,0.5287751645105646,0.02737,1793908800,0.05954039,2026-08-29T11:28:04,0.0338,3.4,-23.98,Insurance - Property & Casualty,0.4578092835321026,Buy
CRMD,CorMedix Inc.,23.714287,0.35,,3.8073394,1.3995441,,3.63157185665852,538480320,77944324,77944324,2.051,1.496,31.997,2.3975,2.231,2.564,14.32,0.22299999,1.456557131729053,0.067,0.54932,0.40492,0.42097,0.90212,8.3,15.4,19.0,13.0,0.8554216867469879,buy,1.6,5,62.789160779020236,49.228418466249735,-0.03174603174603177,-0.3181818181818182,1.3727717947748306,0.075780004,1794832200,-0.43237704,2026-08-29T11:28:04,0.2466,17.1,6.08,Biotechnology,0.45839319712515697,Buy
KBR,"KBR, Inc.",9.355773,4.06487,3.99462,11.454819,0.62078935,0.54,17.0314608312611,7275356672,126067755,126067755,10.794,0.445,170.402,1.0939999999999999,1.04,1.148,5.09,0.0804,0.04556296731071319,0.331,0.27531,0.054899998,0.07611,0.14476,38.03,45.71429,60.0,35.0,0.20205863791743361,none,,7,60.724337017751154,50.30975865713784,0.008401197574558098,-0.02013547391765492,1.017469252311523,0.0121,1792672200,-0.23984873,2026-08-29T11:28:04,0.0679,,,Engineering & Construction,0.45866195915006663,Buy
Q,"Qnity Electronics, Inc.",22.360891,5.37814,4.58512,42.95,4.8290634,1.9,32.57937251572672,29012418560,209208543,209208543,19.012,,59.992,1.605,1.202,2.008,2.26,0.0228,0.222313601113316,-0.343,0.06722,0.11248,0.22323,0.46219003,120.26,176.75,189.0,150.0,0.4697322467986029,strong_buy,1.375,8,46.45672668012889,54.4886241746325,0.10374710529736599,0.10005809006414455,,0.00074,1794832200,0.32581317,2026-08-29T11:28:04,0.0235,2.48,11.16,Semiconductor Equipment & Materials,0.458976754437683,Buy
THG,Hanover Insurance Group Inc,11.658196,19.52875,20.38375,10.893302,1.1719471,0.34,7.331979491113486,8505419776,34820221,34820221,,0.281,22.982,0.26949999999999996,0.179,0.36,2.13,0.0223,0.07583179612788782,0.249,0.21885,0.1117,0.14755,0.25191,227.67,236.5,260.0,222.0,0.038784205209294154,hold,2.625,8,53.33916662023086,26.50362228540058,0.10256930358350227,0.048523489932885834,0.9301746399434667,0.00952,1793217600,0.2936697,2026-08-29T11:28:04,0.02,,,Insurance - Property & Casualty,0.4590075556901729,Buy
HSIC,"Henry Schein, Inc.",14.924103,5.99835,5.37635,26.099123,0.7334726,2.04,22.36926852017937,15198694400,111446542,111446542,14.073,0.808,80.733,0.9345,0.55,1.319,5.02,0.0752,0.19680999164603952,0.171,0.088549994,0.02963,0.057550002,0.31319,89.52,98.1875,112.0,64.0,0.09682193923145666,buy,2.29412,16,57.37199834554521,23.82194010618923,0.005859649057161515,0.015371880681298862,0.11519210883651715,0.00837,1793709000,0.320076,2026-08-29T11:28:04,0.0689,4.71,-3.58,Medical Distribution,0.4591626490049968,Buy
GPI,"Group 1 Automotive, Inc.",5.966923,44.23553,39.06029,10.925083,0.14204018,0.35,23.30152944835246,8697598976,11922225,11922225,8.462,0.834,195.668,0.612,0.204,1.02,5.56,0.1416,0.024563518974016985,-0.201,0.0949,0.0130900005,0.03827,0.15946001,263.95,371.08334,450.0,275.0,0.40588497821557135,buy,1.83333,12,43.01264069205678,74.68248292060989,-0.051481399727199645,-0.0444178882136781,0.25007854759022724,0.02394,1793104200,-0.4392107,2026-08-29T11:28:04,0.0932,4.15,-1.85,Auto & Truck Dealerships,0.4591996111956382,Buy
THC,Tenet Healthcare Corporation,12.799668,20.84429,21.20789,10.317091,0.98489213,1.97,9.556788807167305,36678963200,80519000,80519000,7.572,1.23,152.276,1.2755,1.145,1.406,1.9,0.0368,0.1718832573678264,2.134,0.37337002,0.102740005,0.18159,0.41661,266.8,282.4762,309.0,260.0,0.05875637181409288,strong_buy,1.5,21,49.79562232120886,47.616315879874676,0.0730744846478411,0.13048380606105323,0.9165001363462553,0.01,1793131200,0.44456434,2026-08-29T11:28:04,0.0317,,,Medical Care Facilities,0.4593251315305454,Buy
RGA,"Reinsurance Group of America, I",8.272495,29.68149,29.78367,10.811977,0.61741126,1.14,1.6300686126327653,16167171072,65301665,65301665,6.988,0.461,41.418,0.9075,0.649,1.166,2.29,0.0143,0.1993745182454385,1.596,0.11687,0.05807,0.10637,0.1407,245.54,272.33334,302.0,235.0,0.10912006190437418,buy,2.2,9,72.68310420739769,52.698177608764794,0.10486380651759653,0.01492181596233213,0.3444538640259445,0.00234,1793304000,0.26352012,2026-08-29T11:28:04,0.0128,,,Insurance - Reinsurance,0.459614573126524,Buy
OHI,"Omega Healthcare Investors, Inc",22.50033,2.04397,1.97894,16.366549,11.64174,11.99,22.065292559214782,18271772672,303013000,319297278,16.042,0.582,71.471,0.373,0.302,0.444,6.29,0.0403,0.11272289376363398,1.613,0.16529,0.68055,0.61487,0.97924006,45.99,51.94444,61.0,45.0,0.12947249402043925,buy,2.4,18,58.227483967502195,33.68957835115194,0.0,0.004916493360275612,0.26350202319960697,0.0019699999,1793304000,0.08509147,2026-08-29T11:28:04,0.0403,,,REIT - Healthcare Facilities,0.45992967751713437,Buy
CI,The Cigna Group,8.327389,33.48949,30.50562,11.52873,0.26096347,0.84,9.234365157547884,98282659840,264240486,264240486,7.704,0.321,74.29,0.7665,0.687,0.846,2.7,0.0221,0.07774309219216313,0.102,0.16758,0.022720002,0.03985,0.091359995,278.88,341.41666,400.0,290.0,0.22424218301778542,buy,1.66667,24,54.7081478197243,53.46615502217428,0.003299754746624669,0.00020428490576474546,0.25126171901355177,0.0144299995,1793881800,-0.07664937,2026-08-29T11:28:04,0.0181,2.55,-22.84,Healthcare Plans,0.46011522533348426,Buy
GATX,GATX Corporation,15.757799,11.27061,10.22798,17.584158,3.0554936,0.64,-1.2701057294262172,18797078528,35305058,35305058,15.863,1.186,347.592,3.3015,3.301,3.302,8.47,0.0924,0.36082295063783754,0.379,0.117989995,0.17938,0.27771,0.73627,177.6,219.75,223.0,215.0,0.23733108108108114,none,,4,55.077945060607625,76.8826108228941,0.018608463390076588,0.00909298463163825,0.2832245828069017,0.01516,1792499400,0.060879946,2026-08-29T11:28:04,0.0483,6.88,5.24,Rental & Leasing Services,0.4603013640750062,Hold
VLO,Valero Energy Corporation,11.501557,30.63585,43.59597,14.693912,0.7660962,4.08,12.054371784021543,108196118528,287927461,287927461,8.087,0.554,40.148,1.3415,1.047,1.636,3.42,0.038900003,0.636728509199058,4.535,0.27637,0.05446,0.12269,0.16118999,352.36,317.89474,401.0,190.0,-0.09781263480531277,buy,2.35,19,77.21082833720072,49.77930413998477,0.237236484708926,0.23110990912503004,0.6305142723334983,0.00422,1792672200,1.2464998,2026-08-29T11:28:04,0.0318,3.57,-17.06,Oil & Gas Refining & Marketing,0.46065761772379016,Hold
NRG,"NRG Energy, Inc.",9.924574,11.19645,8.8307,28.937502,0.70516497,0.55,30.242550126326204,47313588224,210210483,210210483,14.545,1.203,483.357,0.6695,0.371,0.968,2.02,0.038900003,0.03237525028663768,,0.23772,0.02563,0.12765999,0.18795,111.12,188.75,270.0,104.0,0.6986141108711303,buy,1.5625,16,38.00187690896211,19.847253069376876,-0.03154309127119913,-0.0443494181059315,0.7758791612359843,0.04457,1793881800,-0.21400112,2026-08-29T11:28:04,0.0292,,,Utilities - Independent Power Producers,0.4616436306613036,Hold
FORM,"FormFactor, Inc.",29.26475,3.475,3.05714,69.654106,8.805439,1.39,69.17272463212886,7628759040,78120725,78120725,40.846,1.254,2.691,3.582,3.086,4.078,2.02,0.0493,0.3013708641336854,5.025,0.10989001,0.12798001,0.24122,0.46182,101.695,138.625,175.0,64.0,0.363144697379419,buy,2.0,8,43.21049136242371,15.053680298928228,0.25439654677203616,0.24496193461710716,0.2266237376384773,0.0076099997,1793217600,2.8772423,2026-08-29T11:28:04,0.0351,,,Semiconductor Equipment & Materials,0.46177149077915763,Hold
CMCSA,Comcast Corporation,7.4705358,3.62223,3.51572,8.673077,0.7687993,142.98,7.562525362854136,176631496704,3539192198,3548636573,5.184,0.647,100.474,0.7245,0.653,0.796,2.44,0.024,0.11213279364344264,-0.668,0.114879996,0.08966,0.17233999,0.6939,27.06,30.08136,44.0,21.0,0.11165410199556547,hold,2.60714,22,70.19228258469013,52.023613944056194,0.008638373197230924,-0.015575316479777297,0.4852660424826425,0.0074299998,1793277000,-0.17434895,2026-08-29T11:28:04,0.0207,1.97,-14.69,Telecom Services,0.46180496460995113,Hold
OXY,Occidental Petroleum Corporatio,15.41471,3.834,5.83379,17.433628,2.4692204,0.81,15.595727968557641,78476566528,999637371,999637371,5.721,0.16,34.511,1.2245,1.038,1.411,0.01,0.0001,0.5102076548196597,9.649,0.10629,0.30318,0.45443,0.73318,59.1,66.82609,79.0,55.0,0.13072910321488984,buy,2.33333,23,56.353431224762545,59.04666908098228,0.0616832124625786,-0.031651899821181384,0.9761285372228031,0.26812,1794254400,0.23142564,2026-08-29T11:28:04,0.0001,,,Oil & Gas E&P,0.46202741030676786,Hold
SR,Spire Inc.,15.016369,5.498,4.017,18.225164,1.8289436,2.5,-14.94691045714046,12119252992,59112807,59112807,12.584,0.556,202.612,0.2545,0.139,0.37,6.12,0.060300004,0.19023140281597528,11.382,0.081099994,0.20559,0.07068,0.43965998,82.56,92.66667,100.0,85.0,0.12241606104651148,buy,1.9,9,63.107468579480624,21.797173152243587,-0.0010717900385693643,-0.0035486572011641858,0.05744420598763195,0.02331,1794573000,0.087053895,2026-08-29T11:28:04,0.0455,,,Utilities - Regulated Gas,0.4627159894190761,Hold
CMC,Commercial Metals Company,9.163323,7.38051,6.36408,12.784498,,13.13,,10671909888,,,8.86,1.529,79.981,1.8185,1.311,2.326,4.48,0.0586,0.229,1.123,0.13791999,0.06724,0.09476,0.18565,67.63,81.54545,88.0,75.0,0.20575853910986264,none,,11,36.33736549116859,61.351628278485485,0.0005644219234681576,0.03970467665728467,0.7198710983472422,0.00659,1792067400,0.20188773,2026-08-29T11:28:04,0.0446,,,Metal Fabrication,0.4628429796330439,Hold
PNFP,"Pinnacle Financial Partners, In",8.829885,11.44862,10.18295,13.924241,4.625431,1.41,,19435364352,151112640,151112640,,1.023,,,,,3.87,0.0359,0.2165394736006201,0.035,0.07648,0.24855,0.47018,0.0,101.09,119.25,131.0,110.0,0.17964190325452556,buy,1.7,20,52.98486500177391,64.76847812436598,-0.002240878243982285,-0.006063310546722326,0.12212766731286656,0.01265,1792008000,0.0360111,2026-08-29T11:28:04,0.0352,3.44,-11.87,Banks - Regional,0.4629324554346559,Hold
NBIX,"Neurocrine Biosciences, Inc.",12.888038,11.95372,10.18869,22.523392,4.6415343,0.45,24.53643488803817,15920940032,101649181,101649181,17.432,0.394,12.497,1.666,1.46,1.872,3.29,0.0581,0.3611344107140422,0.311,0.22089,0.20910999,0.2219,0.6448,154.06,211.57185,249.0,165.0,0.3733081267038816,strong_buy,1.44444,27,32.077384492767294,53.94318190046105,0.0048503330042575805,-0.05103448713857245,0.4403785560518949,0.01061,1793217600,0.09864712,2026-08-29T11:28:04,0.0453,,,Drug Manufacturers - Specialty & Generic,0.46320315749182345,Hold
IQV,"IQVIA Holdings, Inc.",18.101397,14.46021,12.96532,32.596516,2.536893,1.06,20.04142347311884,57492746240,164600000,164600000,18.862,1.175,257.975,0.663,0.62,0.706,2.99,0.03,0.12266099635479955,-0.006,0.22818,0.08096,0.13027,0.32968,261.75,275.16666,300.0,240.0,0.05125753581661874,strong_buy,1.42857,18,61.79073383815535,34.437645915437756,0.012558065433143925,0.020522364359303304,0.13238655986379985,0.01086,1793709000,0.42799604,2026-08-29T11:28:04,0.0292,2.72,-13.32,Diagnostics & Research,0.46337773470796106,Hold
ACT,"Enact Holdings, Inc.",9.798127,5.0081,4.84291,10.352321,5.381826,,12.935219660407133,6989862400,137483671,137483671,,0.46,13.812,0.876,0.83,0.922,6.03,0.1071,0.11688715382061621,0.126,0.12869,0.54507,0.73258,0.73177004,49.07,50.2,53.0,48.0,0.023028326879967365,none,,5,55.098593648919476,36.98248673907467,0.016009314815591705,0.01091230591597964,0.03923264435898236,0.81367993,1794254400,0.3087803,2026-08-29T11:28:04,0.094,,,Insurance - Specialty,0.46358584532733327,Hold
MMS,"Maximus, Inc.",7.1471295,8.36,8.01,8.8387575,0.596063,2.06,8.835380289123938,4793075200,52357763,52357763,6.928,0.59,99.546,2.2945,2.168,2.421,4.51,0.105100006,0.021349605788161696,0.048,0.21112,0.07067,0.12622,0.25594,59.75,92.5,110.0,75.0,0.5481171548117154,none,,2,50.54002519217754,43.07625384659585,-0.05430932703659986,-0.07828004410143338,0.3327420931887613,0.01824,1795091400,-0.3343023,2026-08-29T11:28:04,0.0597,,,Specialty Business Services,0.46396009394471716,Hold
RRR,"Red Rock Resorts, Inc.",14.545223,3.91675,3.156,20.130743,2.8979769,1.69,33.57652258648098,7002593792,59130385,101987726,8.868,1.336,1245.668,0.583,0.489,0.677,4.62,0.114700004,0.6815028347946661,-0.293,1.08938,0.08425,0.26652,0.67221,56.97,73.41176,78.0,61.0,0.2886038265753905,strong_buy,1.41176,17,32.962902915597965,37.84578819435602,0.06784674691212343,0.04833728538717908,0.11721456933819671,0.09612001,1793131200,-0.06455231,2026-08-29T11:28:04,0.0659,5.32,-6.78,Resorts & Casinos,0.46418190262802306,Hold
XYL,Xylem Inc.,17.822403,6.24551,5.66453,26.502382,2.8478434,1.53,21.955156586033787,28013416448,233486812,233486812,14.162,1.01,28.642,1.387,1.161,1.613,4.1,0.0436,0.05788104691754503,0.195,0.09182999,0.111549996,0.16995001,0.39240003,111.31,153.875,180.0,129.0,0.38240050309945195,buy,1.90476,16,26.078638507821438,62.022716995547135,0.02209828114455633,0.023218361051084702,0.2885168530185727,0.00331,1793709000,-0.19736373,2026-08-29T11:28:04,0.0338,,,Specialty Industrial Machinery,0.4644798314437658,Hold
ACI,"Albertsons Companies, Inc.",6.7744746,1.84959,1.79259,78.3125,0.07306127,1.29,3.4682184848675095,21328633856,485325683,485325683,6.097,0.188,973.585,0.503,0.164,0.842,5.24,0.1578,0.17405349426768324,-0.585,0.02717,0.00079,0.01428,0.27040002,12.53,14.1875,24.0,10.0,0.13228252194732648,hold,2.63158,16,52.148823573425176,68.5389406500604,-0.2119132510628196,-0.24239048067667474,0.533490891259104,0.01197,1791894600,-0.3650052,2026-08-29T11:28:04,0.1488,3.83,-4.65,Grocery Stores,0.4644978394329017,Hold
TROW,"T. Rowe Price Group, Inc.",10.8051815,10.29506,10.2122,11.168674,3.1255603,2.71,11.72444708438297,22354769920,213315850,213315850,7.543,1.483,3.702,4.039,4.039,4.039,12.88,0.1358,0.1402083523376252,0.286,0.19399999,0.29262,0.28688,0.51614,111.24,109.58333,124.0,90.0,-0.01489275440489024,hold,3.38462,12,30.617945169314027,45.98204413022984,0.004444767930787896,-0.00782842422484334,0.14791847810471828,0.01699,1793363400,0.06401515,2026-08-29T11:28:04,0.1219,12.38,-4.66,Asset Management,0.46463663081967976,Hold
VVX,"V2X, Inc.",11.202176,6.93526,6.22646,26.789656,0.49733344,,22.892255415205078,3355148288,31345358,31345358,10.716,0.198,97.529,1.2265000000000001,1.135,1.318,2.11,0.0809,0.17854506558834005,0.157,0.08349,0.018760001,0.04282,0.08473,77.69,89.18182,102.0,70.0,0.14791890848243017,none,,11,42.822870879599776,62.40780437097838,0.021600345211745812,0.024410635155096137,1.2404442511257436,0.00973,1793649600,0.37728226,2026-08-29T11:28:04,0.0559,,,Aerospace & Defense,0.46468628063978035,Hold
CCS,"Century Communities, Inc.",15.067538,4.59,4.86,15.2,0.5002646,,25.162560200676086,3547329024,28432900,28432900,15.683,1.295,66.068,2.4695,0.179,4.76,6.81,0.0896,-0.03234722451807592,0.105,0.052210003,0.03407,0.05158,0.17865999,69.16,78.0,92.0,64.0,0.1278195488721805,none,,2,39.687905017249484,53.53726785869461,0.2656250000000001,0.11951219512195128,0.47563307074235694,0.14056,1792612800,0.06493306,2026-08-29T11:28:04,0.0721,5.66,-8.03,Real Estate - Development,0.464800122531938,Hold
TPR,"Tapestry, Inc.",14.146253,8.8709,7.97863,17.261347,3.1260664,1.86,17.873572746388973,27377129472,199391678,199391678,13.53,1.464,571.608,1.38,1.008,1.752,5.79,0.090900004,0.1366925554435625,,1.97135,0.19086,0.19823,0.76595,125.49,167.4,232.0,96.0,0.33397083432942876,buy,1.77273,20,32.00084564487679,37.637499670011074,0.02223158930495533,0.00657555075201833,0.48520230880643195,0.00417,1793881800,0.19894934,2026-08-29T11:28:04,0.0834,7.71,-3.33,Luxury Goods,0.4653391471618169,Hold
GEHC,GE HealthCare Technologies Inc.,13.257316,5.41022,4.92746,16.526497,1.5234269,2.04,20.594164754074416,41443221504,451686252,451686252,11.534,0.817,93.965,1.0474999999999999,0.831,1.264,3.23,0.0437,0.0725195185617471,0.168,0.19376,0.093339995,0.14976,0.39528,71.725,82.5,96.0,70.0,0.1502265597769259,buy,1.73684,18,45.62230690233549,40.06280954508368,0.011242273245934487,0.008881902215160928,0.18088041624568676,0.0035299999,1793190600,0.012290478,2026-08-29T11:28:04,0.0387,,,Medical Devices,0.4654175050874559,Hold
AKAM,"Akamai Technologies, Inc.",14.998904,7.16519,6.69605,38.938408,3.5729396,1.26,21.75199611273466,21428822016,143716609,143716609,19.843,0.645,196.672,1.577,1.517,1.637,5.46,0.1612,0.04874447740413923,-0.268,0.08918,0.09507,0.076290004,0.57452,107.47,157.43086,195.0,93.0,0.46488192053596356,buy,2.12,23,53.669511066374575,34.55321332946244,-0.003289596094162829,-0.009446300003317948,0.05627182195084201,0.02128,1793908800,0.40578794,2026-08-29T11:28:04,0.1403,,,Software - Infrastructure,0.4656781280312036,Hold
FCFS,"FirstCash Holdings, Inc.",16.692812,13.132,11.322,24.966972,2.3074648,1.17,43.25296947955441,12249036800,43371800,43371800,15.541,0.527,116.419,4.042999999999999,3.199,4.887,5.24,0.062800005,0.32362024172388537,0.582,0.17398001,0.0942,0.15508,0.57869,219.21,249.25,255.0,240.0,0.1370375439076683,none,,4,46.07914189833913,21.817714640112968,0.03700311412346583,0.050391937290033516,0.19363402192856344,0.08437,1792672200,0.4989965,2026-08-29T11:28:04,0.0592,,,Credit Services,0.4657052177508688,Hold
MITK,"Mitek Systems, Inc.",15.813758,1.192,1.146,40.106384,4.2978687,1.38,16.771761371263864,823264832,45122374,45122374,16.614,0.979,22.423,2.686,2.628,2.744,5.0,0.082200006,0.19357382215749563,2.4,0.09233,0.11387,0.21363,0.83611,18.85,22.625,26.0,18.0,0.20026525198938994,none,,4,45.448950114027895,51.69224065219439,0.028725314183123702,-0.018121911037891285,0.5122499389946279,0.03185,1786046400,0.94630194,2026-08-29T11:28:04,0.0834,,,Software - Application,0.46578158858493346,Hold
DAN,Dana Incorporated,7.4536333,4.07184,1.9212,-79.86842105263158,0.42612273,4.21,5.172201826146898,4499952128,107576679,107576679,6.716,1.988,75.794,1.179,0.871,1.487,3.45,0.0653,0.4075804414077515,,-0.01627,0.14552,0.05075,0.09462,30.35,37.42857,43.0,28.0,0.23323130148270188,buy,2.125,7,61.88465376990758,31.198505062473416,-0.204472049689441,0.1929230399639061,1.3726541411873239,0.01555,1793190600,0.4844445,2026-08-29T11:28:04,0.0449,,,Auto Parts,0.46579842597238547,Hold
EIX,Edison International,10.781716,6.50824,6.12399,7.241486,1.3902279,3.37,327.7984421487102,71947395072,384813979,384813979,8.057,0.651,228.042,0.47100000000000003,0.28,0.662,4.33,0.045,-0.04112455332606313,0.551,0.19734,0.19281,0.26899,0.61005,70.17,76.25,86.0,62.0,0.08664671512042177,hold,2.82353,14,58.47176330927092,31.356436156921916,0.0011623572801820452,-0.00017205992601426745,0.9204900796606658,0.00262,1793131200,0.3206668,2026-08-29T11:28:04,0.0345,,,Utilities - Regulated Electric,0.46592069902896177,Hold
KD,"Kyndryl Holdings, Inc.",5.2990127,2.49103,1.85452,35.675674,0.1921027,,1.0839078786961667,5798200832,217818263,217818263,4.426,1.716,422.451,0.709,0.57,0.848,6.52,0.1364,0.02615935377282841,,0.069299996,0.0058099995,0.02902,0.21841,13.2,14.2,16.0,13.0,0.07575757575757569,none,,5,45.02702698245196,42.14192431535828,-0.01342199760606468,-0.03128548540140322,1.4007981541731978,0.02179,1793709000,-0.5750481,2026-08-29T11:28:04,0.1472,,,Information Technology Services,0.46620446850358455,Hold
KMPR,Kemper Corporation,6.6035395,4.22955,2.04936,-3.3610108303249095,0.3580216,0.75,7.455712428020857,2644625152,58874232,58874232,23.301,1.032,63.974,0.798,0.779,0.817,6.18,0.0995,-0.03127050217827032,,-0.19700001,-0.107880004,0.030079998,0.254,27.93,36.33333,43.0,24.0,0.30087110633727154,hold,2.66667,3,59.09817543484027,48.23842489368064,0.028330573536053078,-0.04194159978798169,1.1855778453037942,0.011829999,1793822400,-0.4914475,2026-08-29T11:28:04,0.0953,,,Insurance - Property & Casualty,0.466641536105437,Hold
GTY,Getty Realty Corporation,22.632753,1.45232,1.50785,19.921211,8.735717,1.27,18.743487185032315,2560477440,61932699,61932699,12.135,0.757,81.057,1.518,1.317,1.719,18.07,0.2047,-0.03688033360212506,0.333,0.094639994,0.42743,0.47073,0.96416,32.87,36.42857,39.0,33.0,0.10826194097961683,buy,2.375,7,59.066331049451605,35.45832597263018,-0.17713989467652597,-0.26140952225962955,0.23119715651698056,0.060650002,1792612800,0.16678464,2026-08-29T11:28:04,0.1379,,,REIT - Retail,0.4668523006320442,Hold
FR,"First Industrial Realty Trust, ",33.252625,1.86271,2.51,22.523636,11.1616125,,29.200844743250308,10843786240,132572946,137018972,20.831,1.056,90.051,1.31,1.122,1.498,3.53,0.0385,0.13558680366052966,0.393,0.1363,0.47917998,0.45097,0.73745,61.94,71.9375,86.0,61.0,0.16140619954794966,buy,2.0,16,57.18525410482984,42.36883167619298,0.20833413568003675,-0.014585140825697713,0.16476521587614346,0.0035299999,1792612800,0.21689093,2026-08-29T11:28:04,0.0286,,,REIT - Industrial,0.46719802031750113,Hold
AVGO,Broadcom Inc.,18.905115,19.50742,11.62853,61.2608,23.249825,0.4,64.47640565592636,1812910309376,4757580198,4757580198,43.078,1.473,74.018,2.0835,1.929,2.238,3.03,0.012,0.47756370832279993,0.854,0.37280998,0.38848,0.48988,0.76284,368.79,525.97394,675.0,215.88,0.42621529867946517,strong_buy,1.32653,46,22.63522032607068,70.7037149380057,0.000129009729913835,-0.0011658428044183159,0.49169445302161957,0.01948,1788379200,0.24577522,2026-08-29T11:28:04,0.013,3.22,-10.84,Semiconductors,0.46764031516835464,Hold
GHC,Graham Holdings Company,17.3303,67.0,69.0,9.389697,0.97019315,4.04,18.369723950289057,5112771072,3270927,4234928,7.748,0.724,30.218,1.6515,1.443,1.86,6.71,0.0912,0.42755273046448306,6.765,0.118710004,0.10691,0.1974,0.29947,1161.13,990.0,990.0,990.0,-0.14738229138856118,none,,1,49.715286072427,33.555350579367214,0.04150943396226415,0.015151515151515152,0.9005490223339963,0.07151,1793190600,0.049551845,2026-08-29T11:28:04,0.0537,,,Conglomerates,0.4676584806868596,Hold
LAMR,Lamar Advertising Company,23.20679,6.48,6.056,27.441607,6.5647283,2.2,27.333442082111436,20194932736,87129599,101549684,19.075,1.212,500.114,0.5965,0.566,0.627,4.75,0.0783,0.251530493099136,0.039,0.59433,0.23905,0.33283,0.67430997,150.38,162.2,170.0,151.0,0.0786008777763001,hold,2.66667,5,33.0062023162551,77.59493549488394,-0.008188666885031087,0.01408450704225364,0.20496215228868422,0.0081400005,1793881800,0.20414197,2026-08-29T11:28:04,0.0405,5.89,-6.97,REIT - Specialty,0.46779025493277476,Hold
TILE,"Interface, Inc.",15.942149,2.42,2.3775,15.619433,1.5478678,1.27,21.524145432430025,2398932480,57800460,57800460,10.413,1.912,42.809,1.8525,1.178,2.527,9.41,0.0967,0.06423064799138278,0.6,0.23225,0.10103,0.18611,0.40485,38.58,45.25,50.0,41.0,0.17288750648004148,strong_buy,1.33333,4,56.49602710181135,71.18887661619037,0.11228070175438584,0.03198294243070351,0.6424865078482067,0.023459999,1793968200,0.42981136,2026-08-29T11:28:04,0.0713,,,"Furnishings, Fixtures & Appliances",0.46787859534510834,Hold
NOG,"Northern Oil and Gas, Inc.",5.862958,4.38857,4.06015,-5.3271221532091095,1.3624579,7.35,-5.964613128668785,5443936256,106549128,106549128,4.532,0.727,136.559,0.7495,0.703,0.796,7.84,0.22729999,0.07032572467416154,1.19,-0.22049999,-0.24154,0.57063997,0.75398004,25.73,29.77778,35.0,25.0,0.157317528177225,buy,2.44444,9,72.2335882284627,34.80377610815778,0.04086927318732656,0.028801770396956028,0.7117471504343943,0.02894,1794254400,-0.024682105,2026-08-29T11:28:04,0.1978,,,Oil & Gas E&P,0.46796995226078236,Hold
IART,Integra LifeSciences Holdings C,6.475085,2.60846,2.45695,-187.66666666666669,0.7972353,0.67,13.914722145717251,3089611520,77772506,77772506,9.749,1.212,196.489,2.6185,1.636,3.601,7.31,0.1195,0.007219729193244762,,-0.00696,-0.0044,0.09621,0.56872004,16.89,19.55556,27.0,14.0,0.15781882770870337,none,,9,37.29118466288291,31.486531719769843,0.002934981385931695,-0.005155387188671922,1.6130177189784252,0.14297,1793277000,0.11147761,2026-08-29T11:28:04,0.1149,,,Medical Devices,0.46798854166226445,Hold
AR,Antero Resources Corporation,8.8976,4.32139,4.29443,11.017192,2.0447247,0.5,30.2157562527565,,307439000,307439000,,0.344,55.493,0.3405,0.28,0.401,2.9,0.0444,0.14106755809119842,0.799,0.14216,0.18746,0.26017,0.67154,38.45,49.4,60.0,37.0,0.28478543563068914,buy,1.7,20,73.52798618612091,48.50953683721164,0.03379352679914792,0.028787254759586406,1.1763653777166438,0.04407,1793217600,0.18705702,2026-08-29T11:28:04,0.0441,,,Oil & Gas E&P,0.46808053033054986,Hold
HCC,"Warrior Met Coal, Inc.",15.666221,6.83445,6.33334,25.737982,3.3602796,,-105.43774858027396,5629687808,52802087,52802087,12.662,0.645,10.297,3.217,2.507,3.927,6.48,0.112399995,0.7051235285453774,14.478,0.10037,0.13036,0.18545,0.30597,107.07,105.16667,125.0,90.0,-0.017776501354254237,buy,1.85714,6,86.95480115082205,38.7593132383988,0.03602585263474728,-0.05270095513724114,0.7225138302368026,0.018099999,1793822400,0.8992982,2026-08-29T11:28:04,0.0837,,,Coking Coal,0.46847704702012555,Hold
UPST,"Upstart Holdings, Inc.",8.54495,3.40318,2.28554,55.92308,2.200704,,-21.37637555683991,4429623296,97313046,97313046,38.5,2.165,258.011,6.4215,2.388,10.455,5.83,0.2913,0.3912953357559068,2.112,0.07941,0.046919998,0.07202,0.83043,29.08,40.6,61.0,20.0,0.3961485557083908,buy,2.13333,15,46.50093558039353,45.07567353759301,-0.020695506118671284,0.010370370370370276,0.8960554020911983,0.12747,1793736000,-0.55963564,2026-08-29T11:28:04,0.2957,,,Credit Services,0.468664904618782,Hold
MLI,"Mueller Industries, Inc.",14.337899,4.38,4.2,16.354166,2.9800007,3.41,26.460544317254058,12830382080,221181388,221181388,11.777,1.122,0.691,4.215,3.655,4.775,3.33,0.0208,0.2562517692492281,0.018,0.26325,0.18247,0.2181,0.28776,62.8,80.0,80.0,80.0,0.2738853503184715,none,,2,38.760936690302565,42.20669459937465,0.0,0.0011428571428571184,0.12589906272202667,0.02122,1792499400,0.33791947,2026-08-29T11:28:04,0.0213,2.96,13.84,Metal Fabrication,0.4686706898132735,Hold
QSR,Restaurant Brands International,17.696394,4.42237,4.04805,19.663317,3.6964395,1.24,20.924647733386763,43321540608,348758065,458110986,14.816,0.53,290.102,0.9095,0.806,1.013,7.6,0.060300004,0.36473825200286036,1.512,0.34792998,0.13125,0.27738002,0.34085998,78.26,85.86957,104.0,78.0,0.09723447482749803,buy,1.88889,23,70.72889144893851,36.5182256219649,-0.0010537173767125982,0.0018190714806742931,0.18618664303046234,0.01279,1793277000,0.24912,2026-08-29T11:28:04,0.0569,,,Restaurants,0.4686712840873184,Hold
OMF,"OneMain Holdings, Inc.",7.3122487,8.5938,7.09182,9.478129,2.393777,0.75,,29551998976,115041469,115041469,,1.193,673.042,,,,4.63,0.040900003,0.0053810248198413735,-0.059,0.23281999,0.25861,0.28592,0.93675005,62.84,69.57143,85.0,60.0,0.10712014640356471,buy,1.9375,14,68.34918365153686,47.39416038921257,-0.008328462478570485,0.001532517932790587,0.2189369339044901,0.00224,1793363400,0.045491695,2026-08-29T11:28:04,0.0485,4.96,-10.8,Credit Services,0.4689938570273515,Hold
PHR,"Phreesia, Inc.",7.5634956,1.6064,1.32927,75.9375,1.5153946,,13.325603803292166,750940032,61811889,61811889,22.876,0.844,25.775,1.595,1.433,1.757,3.87,0.0539,0.08603704539752877,,0.02864,0.01853,0.05154,0.67837995,12.15,13.94118,20.0,9.0,0.14742222222222212,none,,17,47.816129287967,81.40493214329248,-0.00017299736743132943,4.3577596135298785e-05,0.8754362038734333,0.04378,1788379200,-0.6253948,2026-08-29T11:28:04,0.0542,,,Health Information Services,0.4690037750845707,Hold
OSIS,"OSI Systems, Inc.",16.058865,12.86766,11.35666,23.114096,1.8445004,1.51,15.743526065453418,3984258304,15941968,15941968,14.862,1.213,126.037,2.6925,2.232,3.153,12.56,0.1587,0.009929727622085327,0.078,0.17344,0.08663,0.14169,0.33208,206.64,281.14285,300.0,265.0,0.3605441831204028,strong_buy,1.42857,7,37.29260209037056,31.544604393274483,-0.005379188094670911,-0.014695725283661469,0.21781931962454054,0.048720002,1793304000,-0.083286226,2026-08-29T11:28:04,0.1357,,,Electronic Components,0.46926123352145865,Hold
PACS,"PACS Group, Inc.",15.752355,2.71388,2.51881,25.0,1.2193841,1.18,17.89198114971066,10250237952,158335612,158335612,21.431,-0.084,305.265,0.877,0.842,0.912,3.83,0.074099995,0.11354131582224225,0.516,0.27917,0.04849,0.07656,0.17316,42.75,59.2,62.0,57.0,0.3847953216374269,none,,5,32.51617172420784,51.05151401525072,0.08413785385631845,0.10921374766519389,0.42742340741266094,0.69234,1794254400,2.8006873,2026-08-29T11:28:04,0.0742,,,Medical Care Facilities,0.4696732912957573,Hold
WAY,Waystar Holding Corp.,13.972385,1.87799,1.66976,37.485714,4.1729484,,16.03682048209692,6319690240,191748416,191748416,14.561,0.058,37.171,1.7215,1.596,1.847,4.67,0.08180001,0.06564347550073113,0.167,0.03765,0.11179,0.2441,0.69107,26.24,33.17391,44.0,27.0,0.26424961890243903,strong_buy,1.29167,23,59.122114642471026,57.00158504813594,0.017011505454279683,0.015904013329077888,1.2901768478734996,0.02384,1793217600,-0.31830454,2026-08-29T11:28:04,0.0978,,,Health Information Services,0.4697959380909296,Hold
AVA,Avista Corporation,13.505808,2.78843,2.61357,13.595668,1.6436329,2.39,-13.41470204919773,6506131456,83752830,83752830,10.118,0.241,119.709,0.6990000000000001,0.298,1.1,7.41,0.073699996,-0.03326946683473275,1.479,0.08306,0.11829001,0.13317001,0.66753995,37.66,41.33333,50.0,37.0,0.0975392989909718,none,,6,50.178070512823425,38.417146982684294,0.0044465795541892015,-0.0006665973787671513,0.04803359864042261,0.00884,1793795400,0.035107017,2026-08-29T11:28:04,0.0534,,,Utilities - Diversified,0.46993297600224765,Hold
VCYT,"Veracyte, Inc.",22.246405,1.94818,1.90636,30.957144,6.2006297,,32.79775528906512,3039009280,80390731,80390731,26.772,1.94,2.889,8.88,8.598,9.162,5.17,0.0998,0.12517154496331173,,0.087740004,0.20374,0.15287,0.73756,43.34,57.81818,70.0,44.0,0.334060452238117,buy,1.66667,11,55.552582832028556,21.533941408456585,0.05695149808165718,0.03227413141733828,1.2366840252141957,0.00537,1793736000,0.4914304,2026-08-29T11:28:04,0.085,,,Diagnostics & Research,0.47028074354749666,Hold
APEI,"American Public Education, Inc.",12.236702,3.76,3.025,18.62753,1.2605335,1.43,16.499094998437975,775564160,18301543,18301543,9.2,1.404,48.866,3.1265,3.004,3.249,4.66,0.1076,0.041485436501173645,,0.1558,0.06837,0.07879,0.55851,46.01,62.83333,70.0,55.0,0.3656450771571398,none,,6,38.43746225574744,70.17083577988546,0.0033167495854062308,-0.0026525198938992657,1.2529995425391325,0.04953,1794254400,0.4933592,2026-08-29T11:28:04,0.1213,5.75,-5.07,Education & Training Services,0.4703891023860023,Hold
GFF,Griffon Corporation,16.081705,6.15482,5.39836,20.663883,1.7750636,0.54,10.203380585739586,5719877632,45866631,45866631,11.288,1.389,1035.176,1.7385000000000002,1.066,2.411,4.59,0.0533,0.0970440144164939,,2.27544,0.06998,0.23589,0.41297,98.98,125.57143,135.0,115.0,0.268654576682158,strong_buy,1.14286,7,40.615733836761294,60.40554031897339,0.038018397735663366,0.06972629500629168,1.2611510809358908,0.18261999,1795005000,0.302521,2026-08-29T11:28:04,0.0383,6.04,-0.52,Building Products & Equipment,0.47066318268938834,Hold
CVSA,Covista Inc.,13.44028,10.005,9.045,17.977272,2.342375,1.0,14.12965747725697,5287760384,34038820,34038820,11.889,0.623,62.613,1.029,0.965,1.093,4.44,0.0692,0.17079311383297058,0.432,0.18569,0.12874,0.19256,0.57338,134.47,159.5,175.0,140.0,0.18613817208299244,strong_buy,1.25,4,62.77843711306013,41.96111103072357,0.017721518987341846,0.004518072289156619,0.5011937843149318,0.02733,1793304000,0.06293917,2026-08-29T11:28:04,0.0492,,,Education & Training Services,0.47081516477946134,Hold
PBH,Prestige Consumer Healthcare In,10.3262,5.08125,4.5675,14.697479,2.2497735,1.57,16.808323818894124,4464052224,47374522,47374522,13.72,0.327,107.864,2.5140000000000002,1.798,3.23,7.68,0.1088,0.10635676704030894,-0.358,0.0912,0.15568,0.20834999,0.54772997,52.47,67.8,75.0,55.0,0.2921669525443109,buy,1.71429,5,36.941997144549475,76.55919857621765,-0.0010934937124111304,0.014221556886227553,0.8248275552184147,0.014090001,1793881800,-0.2299248,2026-08-29T11:28:04,0.0818,8.1,23.71,Drug Manufacturers - Specialty & Generic,0.47130141290786637,Hold
NBN,Northeast Bank,8.205079,15.75,14.6,10.143641,,5.27,,1537363456,,,,0.587,,,,,3.42,0.052800003,0.113,0.35,0.19002001,0.42713,0.65229,0.0,129.23,143.5,151.0,136.0,0.11042327632902582,none,,2,62.56594853687799,49.62391153294765,0.006896551724137907,,0.2922350783622771,0.13461,1793104200,0.19087255,2026-08-29T11:28:04,0.0552,,,Banks - Regional,0.4715483810187265,Hold
BRO,"Brown & Brown, Inc.",15.193278,4.82516,4.48234,23.421724,3.6815674,1.51,14.932451840363834,31703285760,334610357,334610357,10.962,0.581,63.975,0.7615000000000001,0.396,1.127,5.15,0.056199998,0.3050334165478328,0.071,0.10023,0.18084998,0.41838002,0.56281,73.31,76.6875,90.0,60.0,0.046071477288228024,hold,2.78947,16,59.40549822605488,24.60563768959973,0.0009647120825721814,-0.0031110660931005546,0.15299234784454546,0.13281,1793044800,-0.25191242,2026-08-29T11:28:04,0.0576,4.86,-11.6,Insurance Brokers,0.47170182927066523,Hold
DRS,"Leonardo DRS, Inc.",26.213587,1.47023,1.39039,32.386555,2.7218838,,31.371708282200025,10282998784,266891515,266891515,20.69,0.179,9.526,1.7045,1.494,1.915,3.63,0.0117999995,0.09783379213085897,0.6,0.11919,0.085209996,0.111719996,0.24874,38.54,54.1,59.0,47.0,0.40373637778930993,none,,10,49.82760516490927,60.42143132082468,0.06948963501403799,0.021510904833700332,0.5076314600295146,0.71416,1793277000,-0.07355392,2026-08-29T11:28:04,0.0413,,,Aerospace & Defense,0.4719742697089401,Hold
KDP,Keurig Dr Pepper Inc.,12.699089,2.53404,2.29293,32.50505,2.1797602,1.09,9.504884961829898,83999137792,1360826038,1360826038,17.474,0.411,99.649,0.3395,0.2,0.479,5.22,0.055,0.7529209913721537,-0.9,0.051,0.07103,0.12888,0.50956,32.18,36.20588,42.0,29.0,0.12510503418272223,buy,1.83333,17,74.01692898358223,35.75671269932951,0.001966413654776493,0.002409066635020443,0.2295829758409908,0.049850002,1793017800,0.10273266,2026-08-29T11:28:04,0.0471,5.5,1.36,Beverages - Non-Alcoholic,0.47208448830905414,Hold
TREE,"LendingTree, Inc.",4.3739486,6.62102,5.3377,2.2380216,0.32060844,3.55,6.442759781360581,722334784,14039561,14039561,6.141,2.076,135.941,1.8054999999999999,1.765,1.846,1.96,0.062,0.2155729513194895,0.046,0.82782996,0.14325,0.07783,0.96408,28.96,56.0,70.0,45.0,0.9337016574585635,none,,6,29.308018479343488,51.70397428431727,-0.08663274001622187,-0.023694613895315585,1.1561010330912027,0.1899,1793304000,-0.5831368,2026-08-29T11:28:04,0.1226,4.79,-4.28,Financial Conglomerates,0.472092785025738,Hold
VTRS,Viatris Inc.,6.1233826,2.66846,2.50058,-44.16216216216216,1.2735015,1.05,7.009939426391353,31512899584,1148590864,1148590864,7.341,0.893,95.535,1.2005,0.816,1.585,3.41,0.0323,0.07191373237320109,,-0.02754,-0.02787,0.12550999,0.40307,16.34,18.5,23.0,12.0,0.13219094247246033,buy,2.2,8,49.66379158287127,27.03425053834117,0.017074757992353244,0.0022422619427678717,1.4755638820235637,0.00318,1793881800,0.5994319,2026-08-29T11:28:04,0.0324,,,Drug Manufacturers - Specialty & Generic,0.47245653194479964,Hold
ALAB,"Astera Labs, Inc.",45.275814,6.39348,4.0322,141.89706,41.782127,,546.3717170848543,51546542080,173485104,173485104,180.614,3.843,2.574,9.609,9.164,10.054,1.91,0.066199996,0.9593490364452268,1.862,0.25826,0.30742002,0.22744,0.75128996,289.47,389.9527,500.0,190.0,0.34712647251874107,buy,1.80769,23,39.00839668411624,41.496986094251035,0.337530600465724,0.4109624411591401,1.3585056192040383,0.103240006,1793736000,0.7452364,2026-08-29T11:28:04,0.0562,,,Semiconductors,0.47286675563383646,Hold
PPL,PPL Corporation,16.154709,2.11703,1.94774,20.236687,2.7385652,1.38,-13.277633686409828,45781032960,752544841,752544841,12.179,0.589,135.434,0.738,0.571,0.905,4.73,0.0558,0.02395843590136315,0.212,0.086330004,0.13471,0.23591,0.44094002,34.2,40.92857,45.0,36.0,0.19674181286549697,buy,1.6,14,52.184112092597786,38.539433044488256,-0.0007900352950832487,7.08590000378361e-05,0.2274774115025352,0.00171,1793795400,-0.054365754,2026-08-29T11:28:04,0.0489,,,Utilities - Regulated Electric,0.4730289341209316,Hold
BL,"BlackLine, Inc.",11.861688,2.78038,2.48472,58.892857,2.6172116,4.53,13.828842400841753,2147257088,58125270,58125270,33.306,0.645,202.88,1.6865,1.652,1.721,4.37,0.1277,0.17080831108397443,1.016,0.070300005,0.047480002,0.06446,0.75563,32.98,38.8,70.0,26.0,0.17647058823529416,none,,10,60.98719189023135,,0.003781268179173953,-0.006911380740285584,1.0360586120637247,0.094610006,1793736000,-0.3749768,2026-08-29T11:28:04,0.1124,,,Software - Application,0.47324316571262015,Hold
VAC,Marriott Vacations Worldwide Co,11.48907,9.58215,8.62888,-11.503657262277953,1.1088084,,13.756879041271807,9146014720,34395320,34395320,15.796,1.238,268.546,2.5995000000000004,0.65,4.549,4.7,0.1033,0.10360777280164868,0.195,-0.1471,-0.097799994,0.18478,0.53148,110.09,115.09091,147.0,65.0,0.04542565173948576,buy,2.33333,11,61.671011040545594,7.056841587113638,0.14296159521456833,0.12233519839675613,1.0864096169992687,0.19996999,1793795400,0.44389737,2026-08-29T11:28:04,0.0793,,,Resorts & Casinos,0.4733288191632285,Hold
MPWR,"Monolithic Power Systems, Inc.",36.104584,34.79503,27.4317,76.64796,18.861414,1.31,138.94698542205518,60341559296,49143000,49143000,60.325,1.686,0.486,4.252,3.529,4.975,2.14,0.0504,0.4384264696904949,0.858,0.21979,0.24500999,0.30989,0.55195,1256.26,1842.6428,2100.0,1575.0,0.46676866253800964,strong_buy,1.3125,14,48.78849768689577,36.27471764809267,0.13475579235628216,0.13744115026109296,0.7918549133478927,0.03592,1793304000,0.5917926,2026-08-29T11:28:04,0.0388,,,Semiconductors,0.4733888862449296,Hold
LIFE,Ethos Technologies Inc.,14.684588,2.63133,1.75345,-23.137724550898206,6.313719,,18.342913366637752,2348126976,31554807,95838454,-23.956,,0.372,1.4024999999999999,1.288,1.517,0.96,0.0497,3.2567320323651483,-0.053,-0.26112,-0.18145001,0.09558,0.98126,38.64,34.875,40.0,32.0,-0.09743788819875776,strong_buy,1.33333,8,83.95789825847856,54.041526270961,0.30248917346961507,0.36669748405459884,0.8743813416778956,0.114429995,1793822400,1.3406527,2026-08-29T11:28:04,0.0616,3.22,-7.99,Insurance Brokers,0.4735126085709423,Hold
GOLF,Acushnet Holdings Corp.,20.08319,4.3275,4.58,23.616848,1.8745725,3.61,112.18012389360973,5982436352,58405044,58405044,16.007,0.827,117.199,1.8335,1.117,2.55,7.57,0.1306,0.14503893533579038,0.664,0.25239,0.081190005,0.16048001,0.47506002,86.91,102.0,118.0,95.0,0.1736278909216431,none,,5,34.431321264174485,35.852006546963935,0.15583596214511045,0.04592145015105728,0.08651868637241349,0.53095,1793795400,0.108284354,2026-08-29T11:28:04,0.1015,,,Leisure,0.47435123970903326,Hold
HRI,Herc Holdings Inc.,14.845308,10.14462,7.47812,89.11243,1.0368154,0.06,10.01198204703782,14711248896,33431444,33431444,15.802,1.869,505.714,1.038,0.974,1.102,3.97,0.08189999,0.147171896015021,,0.02578,0.010089999,0.12209,0.3194,150.6,186.58333,240.0,115.0,0.23893313413014616,buy,1.90909,12,26.795357766767623,26.170819746639964,0.1797467955038453,0.029626336686722047,0.7138263731371705,0.02185,1793104200,0.18107903,2026-08-29T11:28:04,0.066,3.22,-9.39,Rental & Leasing Services,0.47456558703993285,Hold
CNC,Centene Corporation,12.1881895,5.31252,4.88635,-6.25,0.17740136,0.88,3.3181972309282135,21415694336,493995000,493995000,4.65,1.105,71.082,1.1255000000000002,1.106,1.145,2.67,0.0308,0.03993989743216031,,-0.20358999,-0.02829,0.0376,0.11415,64.75,71.66667,85.0,56.0,0.10682115830115824,buy,2.33333,18,51.28032140590622,36.56292611560521,0.3874226622637278,0.18712082107111974,1.3639411107145614,0.00382,1793104200,1.2056043,2026-08-29T11:28:04,0.0286,,,Healthcare Plans,0.4753808947078059,Hold
M,Macy's Inc,9.299594,2.36677,2.24971,9.095041,0.25481802,2.95,7.73088370976856,9604465664,263037954,263037954,6.821,1.45,105.623,0.908,0.341,1.475,6.43,0.1286,0.08508488474632814,0.769,0.14363,0.029360002,0.01758,0.40308,22.01,23.22727,30.0,10.0,0.05530531576556097,hold,2.92308,11,26.620592358234873,30.7917730770598,0.017181276026242052,0.0162870785455419,0.696266388319443,0.03159,1789043400,0.6686435,2026-08-29T11:28:04,0.1193,,,Department Stores,0.47544840152824064,Hold
BMRN,BioMarin Pharmaceutical Inc.,9.991532,6.47198,5.0248,174.77026,3.6744545,0.52,146.99193737486698,15966625792,193573759,193573759,24.742,0.227,66.473,1.775,1.163,2.387,4.8,0.052800003,0.18934506299482456,-0.813,0.011820001,0.02142,0.21162,0.50968,64.665,91.03846,124.0,59.0,0.4078475218433464,buy,1.74074,26,48.60786295896053,59.738990608680446,0.01829972641605027,0.012081842520079046,0.5056024443173014,0.00345,1793044800,0.10492468,2026-08-29T11:28:04,0.065,7.42,-12.66,Biotechnology,0.4761935811655157,Hold
MS,Morgan Stanley,15.7520685,13.6344,12.96643,17.348143,4.334051,2.05,,216591515648,1570566292,1570566292,,1.209,517.282,1.8010000000000002,1.603,1.999,0.0,0.0,0.30100535676083395,0.624,0.17969999,0.25897,0.41567,0.87641,214.77,236.61905,262.0,184.0,0.10173231829398888,none,,21,51.02410915161946,64.13508843469077,0.06876617162884856,0.0447642608485324,0.3001120107261078,0.24410999,1791981000,0.42783093,2026-08-29T11:28:04,0.0,,,Capital Markets,0.47634169760943085,Hold
CBOE,"Cboe Global Markets, Inc.",20.366245,15.24336,14.16696,24.17835,6.405589,2.62,47.80038453786384,32011919360,104431019,104431019,16.58,0.415,28.09,1.179,0.793,1.565,2.87,0.0298,0.23087097330727002,0.502,0.26297,0.26734,0.34634,0.54078996,310.45,315.14285,356.0,258.0,0.015116282815268223,hold,3.05882,14,60.731639604539346,38.93829885847458,0.013690984729121163,0.01482219227839933,0.5041860173357156,0.0025499999,1793363400,0.3539331,2026-08-29T11:28:04,0.0245,,,Financial Data & Stock Exchanges,0.47644080327224586,Hold
PRCH,"Porch Group, Inc.",47.027027,0.37,,-133.84615384615384,3.8459048,,-10.200993733370055,2198412032,113519836,113519836,31.818,3.147,2091.675,2.5695,2.398,2.741,9.54,0.23,0.03893351290606151,1.553,-1.03316,-0.026180001,-0.029189998,0.72102,17.4,19.75,23.0,16.5,0.13505747126436796,strong_buy,1.28571,6,66.36919206326272,,1.0,0.5897692307692307,0.9285618064145787,0.22575001,1793822400,-0.017464817,2026-08-29T11:28:04,0.196,,,Insurance - Property & Casualty,0.47658132078046145,Hold
FDS,FactSet Research Systems Inc.,15.676506,19.70975,17.82577,20.341015,4.5065517,1.3,17.69112287837409,12095046656,35565543,35565543,12.97,0.687,77.284,0.6205,0.558,0.683,4.06,0.1162,0.13524807986201703,-0.096,0.27032,0.2321,0.30542,0.51382,308.98,255.0625,340.0,210.0,-0.17450158586316267,hold,3.33333,16,50.51771217324208,65.56230289303909,0.0,0.0,0.17751553667468348,0.0043200003,1789648200,-0.1746096,2026-08-29T11:28:04,0.1117,3.88,-21.21,Financial Data & Stock Exchanges,0.47687371009286394,Hold
BIIB,Biogen Inc.,13.213004,16.53674,12.41218,38.809944,3.2194426,1.56,25.481109761838855,39797612544,147753998,147753998,11.847,0.162,44.329,1.4024999999999999,0.94,1.865,4.35,0.0392,0.025420320606146962,-0.848,0.04575,0.083229996,0.25058,0.78322,218.5,236.22,300.0,165.0,0.08109839816933628,buy,1.82857,31,55.48186676280592,48.3563070668704,0.03599383687757379,0.007361769602501039,0.486508281320062,0.0018799999,1793277000,0.5863353,2026-08-29T11:28:04,0.0353,,,Drug Manufacturers - General,0.4770294929537943,Hold
BKH,Black Hills Corporation,15.784909,4.612,4.338,18.337532,2.4143126,2.69,-71.39844280385852,10101206016,76253141,76253141,12.037,0.695,111.686,0.394,0.265,0.523,12.67,0.1657,-0.0149901028208137,0.316,0.07958,0.13008,0.21422,0.39716,72.8,84.8,87.0,80.0,0.16483516483516492,none,,5,45.52431493368224,58.52858246417382,0.0,0.0,0.009574932701675006,0.00482,1793822400,0.231053,2026-08-29T11:28:04,0.1251,,,Utilities - Regulated Gas,0.47730810480975555,Hold
DVN,Devon Energy Corporation,8.767836,5.40042,5.53388,10.293478,2.7732816,2.92,66.55166465006874,63027998720,1100000000,1100000000,7.063,0.419,28.488,0.6505,0.584,0.717,2.43,0.0233,-0.03974492962909093,0.44,0.11522,0.17464,0.41077,0.50349,47.35,59.46154,68.0,44.0,0.2557875395987328,strong_buy,1.33333,26,65.33306029035391,71.14925743070043,0.0991108012719296,-0.03462137188911873,0.379608292523402,0.0070499997,1793822400,0.29379463,2026-08-29T11:28:04,0.0224,,,Oil & Gas E&P,0.4781724790567176,Hold
LMT,Lockheed Martin Corporation,17.23439,32.71656,30.482,20.798597,1.6897105,1.15,23.39387631388903,147349176320,230790753,230790753,15.222,0.11,234.238,1.0835,0.974,1.193,2.01,0.0124,0.1178039536098745,4.438,0.89165,0.08163,0.119569995,0.11798,563.85,632.9474,756.0,503.0,0.12254571251219293,hold,2.52381,19,32.62599050278767,,0.0038616158221132877,0.007896265567834416,0.12414619880658594,0.0011100001,1792499400,0.25058568,2026-08-29T11:28:04,0.0121,,,Aerospace & Defense,0.47846351606909565,Hold
PIPR,Piper Sandler Companies,13.667751,5.532,4.632,17.542923,2.5261223,1.26,,4852374528,70670291,70670291,,1.415,11.269,2.4105,2.392,2.429,4.98,0.0471,0.18059794037072807,0.61,0.24528,0.14529,0.21613,0.91817003,75.61,87.125,93.0,81.0,0.15229467001719343,none,,4,44.57122111250884,55.58517595169406,-0.01656050955414019,-0.01530793876824498,0.5144392129186,0.026180001,1793363400,-0.09213644,2026-08-29T11:28:04,0.0405,,,Capital Markets,0.4794666300452427,Hold
PENG,"Penguin Solutions, Inc.",14.805001,3.34414,2.61471,35.618706,1.6883061,,-23.58532321880113,2822765056,51242699,51242699,16.23,2.874,77.496,1.283,1.022,1.544,2.12,0.1762,0.5208710610656944,,0.16194999,0.06445,0.108260006,0.27924,49.51,74.28571,85.0,40.0,0.500418299333468,none,,7,62.81668464127678,15.52533439756742,0.14513013887611526,0.1902675498385874,1.3840672976191524,0.03265,1791921600,1.1736429,2026-08-29T11:28:04,0.1279,,,Information Technology Services,0.4796328517517302,Hold
APH,Amphenol Corporation,24.352404,6.47739,5.31661,39.435,6.7038984,1.1,50.93549346261785,208013508608,1232983457,1232983457,21.98,1.251,120.415,1.591,1.294,1.888,2.24,0.0136,0.5348349472623948,0.593,0.38115,0.17729001,0.29779,0.38952,157.74,192.11765,230.0,105.0,0.2179386965893242,strong_buy,1.47059,17,45.756960378733204,25.55423205865145,0.08691678967015971,0.10894084292919437,0.4096480913234128,0.00533,1793190600,0.47716248,2026-08-29T11:28:04,0.0121,,,Electronic Components,0.4797337557243493,Hold
GM,General Motors Company,5.8101707,14.8481,13.38804,38.51339,0.42056742,0.34,3.557395774110143,181391736832,904451541,904451541,11.019,1.329,202.341,1.014,0.892,1.136,3.25,0.025,0.08320040238839055,-0.262,0.03164,0.01051,0.03202,0.10177,86.27,101.19231,132.0,61.0,0.17297218036397366,buy,1.7037,26,48.8964045039875,46.34751034766248,0.04638370309928113,0.04770896353859065,0.30241116480841557,0.0017200001,1792499400,0.47240734,2026-08-29T11:28:04,0.023,2.31,-17.85,Auto Manufacturers,0.4797487770442044,Hold
CPB,The Campbell's Company,12.250499,1.90931,2.16859,11.465686,0.70256287,0.78,11.56244304848585,13911044096,298206243,298206243,8.159,0.008,182.035,0.5945,0.323,0.866,7.91,0.2705,-0.04424447376844498,0.864,0.15389,0.061240003,0.13102001,0.292,23.39,22.0,56.0,14.0,-0.059427105600684094,hold,3.3,17,50.48084982737899,54.17673568402909,-0.0025527334946231356,-0.016629501473792142,0.1928424560306671,0.37469003,1788438600,-0.2600127,2026-08-29T11:28:04,0.2174,,,Packaged Foods,0.4798744698828109,Hold
BMY,Bristol-Myers Squibb Company,10.152548,6.55796,6.94908,14.665198,2.7650945,2.4,16.760864716281258,169989947392,2042714656,2042714656,8.98,0.225,201.859,1.411,1.29,1.532,3.74,0.0225,0.05304942422266534,1.531,0.46598998,0.18871,0.34418,0.71661,66.58,66.20833,80.0,40.0,-0.005582306999098785,buy,2.46429,24,62.4628948970241,,0.09803859603105251,0.05699217969298997,1.0720250120371446,0.00098,1793277000,0.4121493,2026-08-29T11:28:04,0.0225,,,Drug Manufacturers - General,0.4799180180428648,Hold
GIII,"G-III Apparel Group, LTD.",13.546558,2.47,2.22333,11.781691,0.48522496,1.29,10.99431767524302,1306400640,42190573,42190573,4.968,1.288,16.093,2.4975,1.818,3.177,18.17,0.283,-0.057734428020212114,7.824,0.0719,0.04335,0.15903,0.43488,33.46,39.33333,40.0,38.0,0.17553287507471604,none,,3,50.55174433616846,,0.06634532374100711,0.08651185705550893,1.0436127299893154,0.16136,1788352200,0.23381424,2026-08-29T11:28:04,0.2098,,,Apparel Manufacturing,0.4800538379234878,Hold
XRAY,DENTSPLY SIRONA Inc.,7.3260555,1.51787,1.50262,-4.073260073260073,0.6085136,0.73,15.652711238988102,4288866816,199353876,199353876,8.154,0.871,172.243,1.176,0.725,1.627,3.79,0.1101,-0.04037403315900423,,-0.33031,-0.14987999,0.09243,0.4952,11.12,13.71875,17.0,10.5,0.23370053956834536,hold,2.83333,16,43.1955624741391,58.90518862880579,0.058608032801899426,-0.021051138012653903,0.5772504694151196,0.0064600003,1793908800,-0.20057929,2026-08-29T11:28:04,0.1047,,,Medical Instruments & Supplies,0.4801861605641904,Hold
JBL,Jabil Inc.,17.904936,16.83614,12.76506,37.728413,0.940401,0.82,26.070830841913327,35303624704,104787089,104787089,14.728,1.304,297.136,0.7145,0.448,0.981,2.87,0.035,0.1450135999101949,0.276,0.65876,0.02566,0.05211,0.092259996,301.45,441.44443,482.0,365.0,0.4644034831647039,none,,9,44.974771284041836,35.81145192738202,0.0002562336474742611,0.005345556297330462,0.3311335179814389,0.01192,1790253000,0.54503167,2026-08-29T11:28:04,0.0301,,,Electronic Components,0.48037568065110214,Hold
QCRH,"QCR Holdings, Inc.",11.246088,8.948,8.532,11.908875,4.3452573,1.02,,1923511680,16375614,16375614,,0.745,,,,,4.13,0.028900001,0.1954674310227389,0.281,0.12908,0.37447,0.45281,0.0,100.63,111.2,123.0,105.0,0.10503825896849861,none,,5,38.27900416945289,32.90402834032953,0.04507594316511518,0.02992633517495393,0.09877846034492119,0.0306,1792612800,0.28631604,2026-08-29T11:28:04,0.0291,,,Banks - Regional,0.48038124617822703,Hold
MWA,MUELLER WATER PRODUCTS,15.20424,1.6035,1.569,17.169014,2.573071,1.01,29.11996979997995,3817026816,156125679,156125679,10.582,1.015,40.423,3.7505,2.865,4.636,4.53,0.0448,0.04212231480511286,0.303,0.21684,0.15021,0.23945,0.38072,24.38,31.0,35.0,25.0,0.2715340442986054,none,,6,40.33887681769043,44.144560004553774,0.0626481544192347,0.022966507177033513,0.44629305248151224,0.011080001,1793908800,-0.063281536,2026-08-29T11:28:04,0.0317,,,Specialty Industrial Machinery,0.48071568826223415,Hold
GEO,Geo Group Inc (The) REIT,18.877192,1.71,1.3075,15.226416,1.5027229,1.89,-1169.6297139710944,5761108992,131619584,131619584,11.749,0.779,106.105,1.5905,1.528,1.653,6.25,0.111499995,0.2377093837950437,0.714,0.20127001,0.10312,0.13892001,0.26042998,32.28,37.75,40.0,31.0,0.169454770755886,none,,4,59.51281941987344,51.56220692074396,0.07172131147540994,0.02805817246126745,0.6773054143770764,0.0519,1793881800,0.5538608,2026-08-29T11:28:04,0.0909,,,Security & Protection Services,0.480751667170138,Hold
APAM,Artisan Partners Asset Manageme,10.806712,4.0225,3.8625,10.42446,2.4734974,,10.597587714719785,3181824000,70996433,70996433,7.556,1.653,57.111,2.944,2.881,3.007,3.64,0.0638,0.0809374211800189,0.183,0.64552003,0.24084,0.27482998,0.45593,43.47,39.25,45.0,35.0,-0.09707844490453188,none,,4,64.29910051754032,65.41736390059424,0.013779527559055057,0.008777429467084676,0.1427055132442602,0.02226,1793131200,-0.059598386,2026-08-29T11:28:04,0.0539,,,Asset Management,0.4809307490820561,Hold
DRVN,Driven Brands Holdings Inc.,8.629758,1.445,1.207,12.59596,1.0651464,0.93,8.083337220526037,4093794304,164979816,164979816,10.666,0.965,266.467,1.2494999999999998,1.029,1.47,11.64,0.1358,0.06346972771505577,-0.37,0.20706,0.08557,0.14396,0.4486,12.47,16.61,22.0,13.0,0.33199679230152346,none,,10,53.31757554720975,5.685781938147571,-0.010655737704917952,-0.027590847913862668,1.305175707276095,0.02326,1793277000,-0.3132465,2026-08-29T11:28:04,0.0503,,,Auto & Truck Dealerships,0.48165055776541993,Hold
AM,Antero Midstream Corporation,13.828574,1.61188,1.38526,26.855423,8.0605345,,24.456948932893567,,474674000,474674000,,0.631,185.545,0.835,0.828,0.842,4.78,0.0318,0.09336973515296809,-0.08,0.19822,0.3045,0.52005,0.79644996,22.29,24.28571,26.0,23.0,0.08953387169134142,hold,3.14286,7,36.13300297873517,39.2187213176159,0.0650930339843149,0.08219086111745194,0.10111151507253206,0.30628002,1793217600,0.27432132,2026-08-29T11:28:04,0.0318,,,Oil & Gas Midstream,0.4822860427790454,Hold
CVI,CVR Energy Inc.,19.080168,2.18866,0.11654,60.521736,0.49547476,0.71,19.571830153846154,5278096384,100530599,100530599,6.846,0.821,241.801,1.1484999999999999,0.879,1.418,6.0,0.2013,0.606313317599948,,0.24254999,0.0081400005,0.02849,0.10905,41.76,31.4,36.0,25.0,-0.24808429118773945,underperform,4.16667,5,81.66438483574274,54.9765309438127,1.0,0.25604591104734586,1.1638692635531103,0.0,1793217600,0.25070775,2026-08-29T11:28:04,0.1858,5.35,3.57,Oil & Gas Refining & Marketing,0.4823733474204113,Hold
KFRC,"Kforce, Inc.",18.81696,3.08764,2.53858,27.40566,0.77398497,0.56,28.38539893908397,1095782528,17909000,17909000,19.271,0.881,98.737,1.889,1.847,1.931,4.24,0.08229999,0.08707074655201286,0.238,0.28273,0.02713,0.05368,0.2767,58.1,60.66667,63.0,59.0,0.04417676419965577,none,,3,38.53084266910171,51.05781516813262,0.05462174400731182,0.052659570841203,0.2676179559878126,0.075040005,1793649600,0.80436134,2026-08-29T11:28:04,0.078,,,Staffing & Employment Services,0.4824504869382826,Hold
SWK,"Stanley Black & Decker, Inc.",15.330596,6.3794,5.6046,23.91198,0.9686331,1.39,10.407968445458225,19605991424,151016641,151016641,10.947,1.172,58.172,0.949,0.466,1.432,3.29,0.0505,0.0290996208821781,2.478,0.06886,0.040689997,0.08443,0.32213002,97.8,99.36364,110.0,90.0,0.01598813905930485,buy,2.46667,11,40.75161295384018,,0.04165234021436701,0.024664944810660182,1.077061915517735,0.00318,1793709000,0.38371444,2026-08-29T11:28:04,0.0442,,,Tools & Accessories,0.4824660404803487,Hold
MUR,Murphy Oil Corporation,12.02319,2.96344,2.89218,17.638615,1.7066474,0.33,14.81657365005859,7078584320,143349576,143349576,3.99,0.502,41.896,0.8125,0.771,0.854,6.44,0.1071,0.35000675551352844,9.166,0.06461,0.09826,0.3793,0.82672995,35.63,39.92857,52.0,32.0,0.12064468144821783,hold,2.86667,14,58.69815312500928,,-0.16090866891029357,-0.07176395044713485,0.6664430156740668,0.05688,1793822400,0.38856697,2026-08-29T11:28:04,0.0801,,,Oil & Gas E&P,0.4831039629340894,Hold
TRV,"The Travelers Companies, Inc.",12.244842,30.20864,34.05444,9.935535,1.5752037,2.36,5.221742881077077,81158897664,208575022,208575022,7.07,0.457,27.378,0.2565,0.19,0.323,2.74,0.031400003,0.08262916544244692,0.571,0.26511,0.16951999,0.23698,0.34730998,369.9,360.33334,430.0,262.0,-0.025862827791294785,hold,2.96552,24,36.1167139675251,,0.20612824518647568,0.057785490633572335,0.40551966582211446,0.0028400002,1792067400,0.35112488,2026-08-29T11:28:04,0.0281,,,Insurance - Property & Casualty,0.4833776231023296,Hold
KR,Kroger Company (The),10.394138,5.55313,5.21533,33.754387,0.23789565,0.57,11.808983056382576,67352010752,612647282,612647282,8.336,0.409,373.449,0.534,0.277,0.791,4.32,0.0454,0.1029207492607469,0.132,0.13779001,0.00708,0.03224,0.23979001,57.72,70.5,86.0,58.0,0.2214137214137215,buy,2.08333,22,39.336073567285524,40.05545496464209,0.0,0.0005742476993976548,0.3210625810694602,0.06684,1789129800,-0.17060024,2026-08-29T11:28:04,0.0349,,,Grocery Stores,0.48338652007776195,Hold
CUZ,Cousins Properties Incorporated,73.6,0.4,,736.0,4.7263308,1.31,-193.04151255063206,8637576192,164602058,164627058,13.296,1.168,84.208,0.4085,0.293,0.524,6.46,0.088,0.13899049228169447,0.844,0.0015199999,0.00627,0.24225001,0.67779,29.44,33.63636,36.0,30.0,0.14253940217391303,strong_buy,1.36364,11,58.939060652837355,,0.9216634429400384,0.3333333333333335,0.7213394336319044,0.00993,1793304000,0.013402104,2026-08-29T11:28:04,0.0655,,,REIT - Office,0.4834881125959586,Hold
FTDR,"frontdoor, inc.",15.95889,5.19397,4.71161,21.870712,2.6610281,2.38,17.116722478632536,6267567104,68893316,68893316,12.146,1.497,416.901,1.5390000000000001,1.487,1.591,6.04,0.0653,0.10500738562214051,0.189,1.01859,0.12768,0.28217,0.55544996,82.89,97.4,105.0,91.0,0.17505127277114263,buy,1.85714,5,50.73646270125148,64.51463627997917,0.035518681318681425,0.028508910891089183,0.4793915412024826,0.00728,1793795400,0.36329222,2026-08-29T11:28:04,0.0461,,,Personal Services,0.4835037763178108,Hold
FET,"Forum Energy Technologies, Inc.",16.252016,4.96,4.01,-1151.5714285714284,1.0878575,3.0,14.217459334970242,1091024384,11246295,11246295,16.76,0.558,78.511,1.6035,1.015,2.192,3.65,0.0729,0.24506668196059245,0.721,-0.0050700004,-0.0019,0.09324,0.28039,80.61,91.0,91.0,91.0,0.12889219699789112,strong_buy,0.0,1,48.75937974610367,54.50011491595063,0.8564814814814813,0.8003629764065336,1.4729437362427173,0.07113,1793304000,2.0403965,2026-08-29T11:28:04,0.0763,,,Oil & Gas Equipment & Services,0.48355743765755504,Hold
SRE,DBA Sempra,15.219703,5.53953,5.10335,24.43768,4.068059,0.75,-1.9933051758561295,102367338496,653900348,653900348,17.427,0.576,84.663,0.8654999999999999,0.089,1.642,3.19,0.019299999,0.011336059151324962,0.713,0.06679,0.16824,0.28328,0.43994,84.31,104.38235,118.0,93.0,0.23807792669908667,buy,1.57895,17,68.17901283488692,,-0.0008105742742522211,0.00048222277608611603,0.24877927164152988,0.00099,1793795400,0.02243936,2026-08-29T11:28:04,0.0171,,,Utilities - Diversified,0.4848173823237548,Hold
REG,Regency Centers Corporation,30.008858,2.51659,2.47931,25.427608,8.376657,2.61,18.993553026234384,19246108672,183120547,186958735,17.967,0.819,71.972,0.9259999999999999,0.888,0.964,4.13,0.042600002,0.08604118418235163,0.089,0.081870005,0.32996,0.39643002,0.71539,75.52,87.05556,102.0,82.0,0.15274841101694925,buy,2.1,18,49.77490823904774,20.51822619609878,0.018222214921106802,-0.0017017866776681662,0.17405101031969286,0.0064600003,1793217600,0.043273926,2026-08-29T11:28:04,0.0352,,,REIT - Retail,0.4848211656379538,Hold
CG,The Carlyle Group Inc.,9.609607,5.10843,3.66224,51.135418,6.2546496,1.15,,31729627136,356332798,356332798,,1.825,197.617,1.7405,1.673,1.808,5.14,0.0752,-0.3188837766429796,-0.575,0.077659994,0.13012,0.26855,0.98319,49.09,58.17647,73.0,49.0,0.18509818700346292,buy,2.27778,17,60.7141444131513,25.14794268156946,-0.01638886352282667,0.0026418212472301603,0.9114484609132232,0.26544002,1793304000,-0.23575974,2026-08-29T11:28:04,0.0772,,,Asset Management,0.48484958687225177,Hold
RDN,Radian Group Inc.,6.9304857,5.2536,4.9176,8.990123,2.9202685,0.76,15.602659085941022,5464374272,132301318,132301318,6.051,0.713,27.967,1.1455,0.703,1.588,4.09,0.0496,0.9810516929241777,-0.162,0.12026,0.32512,0.31627,0.69302005,36.41,43.8,48.0,35.0,0.20296621807195825,none,,5,43.14067224237302,28.853247689826773,-0.07176563856695221,-0.04361756353309551,0.06275332958713115,0.01666,1793736000,0.053360224,2026-08-29T11:28:04,0.039,4.94,-15.52,Insurance - Specialty,0.48489916937980326,Hold
CALX,"Calix, Inc",16.284,2.30226,1.72167,49.32895,2.1243,3.34,38.396720315023195,2180197888,62963989,62963989,27.552,1.24,1.969,2.2015000000000002,1.573,2.83,3.12,0.0881,0.2580802655308261,,0.06905,0.04607,0.074489996,0.56581,37.49,62.33333,85.0,52.0,0.6626655108028805,none,,6,38.836684567081385,26.74414474519685,-0.030956789949737395,-0.08032101241146795,1.0539209453056229,0.097049996,1793044800,-0.36118644,2026-08-29T11:28:04,0.0695,,,Software - Infrastructure,0.485073315373377,Hold
FLEX,Flex Ltd.,15.539064,7.11111,4.72433,42.664093,1.3947117,0.94,65.23216448147882,45682163712,369402978,369402978,21.518,1.668,107.818,1.0405,0.701,1.38,2.04,0.028499998,0.22533376098554347,0.52,0.18378,0.03325,0.0497,0.0953,110.5,160.5,180.0,142.0,0.4524886877828054,none,,10,53.56390051339735,,0.04032634545935,0.022861926563936198,0.13105500885912252,0.00614,1793190600,1.1491146,2026-08-29T11:28:04,0.0256,,,Electronic Components,0.4851503386871483,Hold
SWKS,"Skyworks Solutions, Inc.",13.229173,4.9731,5.04049,34.088085,2.466208,9.3,22.05732845522809,9781504000,150472782,150472782,11.113,1.51,11.869,2.2065,1.312,3.101,5.3,0.3136,-0.033213905435735214,-0.686,0.05094,0.072270006,0.08825,0.40734002,65.79,68.35294,85.0,52.0,0.038956376348989075,hold,3.0,17,38.772840981025254,65.64305613343421,0.007292166266986527,-0.03150043331353409,0.4238823164736882,0.00399,1793736000,-0.07814425,2026-08-29T11:28:04,0.199,,,Semiconductors,0.4851901269394364,Hold
PEGA,Pegasystems Inc.,13.68184,2.64365,2.45118,20.551136,3.4247165,2.99,11.719557486003051,5656635904,164404945,164404945,26.975,0.865,12.851,1.022,0.985,1.059,3.3,0.13270001,0.13897678686003023,-0.529,0.54693,0.18662001,0.046040002,0.75573,36.17,43.35734,60.0,25.0,0.198709980646945,buy,2.0,8,60.53800149778802,90.1494603513286,-0.0016576723347927983,0.0029630023066650837,,0.47845,1792526400,-0.33165735,2026-08-29T11:28:04,0.1326,,,Software - Application,0.48523173032211764,Hold
CASH,"Pathward Financial, Inc.",8.492529,9.59667,7.88,10.200251,2.2512696,0.2,,1768673664,20773362,20773362,,0.617,,,,,11.53,0.1287,-0.02465693805364777,-0.247,0.21176,0.23382999,0.20522,0.0,81.5,101.0,105.0,97.0,0.23926380368098155,none,,2,20.389736792145655,45.86507092063376,-0.09059434506635884,-0.007583247156153086,0.17192857799342814,0.014630001,1792612800,0.03280139,2026-08-29T11:28:04,0.1078,,,Banks - Regional,0.48544696297581025,Hold
HPE,Hewlett Packard Enterprise Comp,12.810122,4.08349,3.44257,48.887848,1.7855619,0.85,18.057634569343065,88122916864,1324203521,1324203521,15.65,1.436,84.03,0.827,0.566,1.088,3.53,0.0512,0.3887684299549601,,0.06315,0.040110003,0.087,0.33776,52.31,65.34684,80.0,28.0,0.24922271076276048,buy,1.95455,19,48.661849914479994,22.327532497788667,0.008120439024961647,0.019173028974185685,0.8492820793471904,0.00377,1788379200,1.39903,2026-08-29T11:28:04,0.0452,,,Communication Equipment,0.4854945862333886,Hold
HURN,Huron Consulting Group Inc.,15.093484,10.59,9.198,24.036089,1.4335296,1.47,16.8366878014702,3214139136,15910072,15910072,13.211,0.067,224.857,1.6440000000000001,1.579,1.709,1.81,0.041300002,0.254295769371754,0.752,0.26881,0.06514,0.117060006,0.32652,159.84,190.75,215.0,160.0,0.1933808808808808,none,,4,69.57999506691755,,0.03961571065272679,0.03640634174985319,0.3263442456037467,0.02642,1793736000,0.16045892,2026-08-29T11:28:04,0.0442,,,Consulting Services,0.4857555418703792,Hold
CXW,"CoreCivic, Inc.",14.850637,2.27667,1.68667,26.833334,1.3460307,1.06,136.22142223037045,4608219648,98893489,98893489,11.96,0.59,95.487,1.225,1.131,1.319,11.9,0.1906,0.40512924971228403,0.057,0.08772001,0.05149,0.101789996,0.2258,33.81,41.8,45.0,40.0,0.23632061520260272,none,,5,71.86563383747794,66.27423423575567,0.022224242424242414,0.0663559718969557,0.31433240047147787,0.02116,1793822400,0.68025863,2026-08-29T11:28:04,0.1601,,,Security & Protection Services,0.485889530907404,Hold
LFST,"LifeStance Health Group, Inc.",23.193596,0.53075,0.39551,94.692314,2.9675694,,27.287135529059924,4951311360,382055609,382055609,36.675,1.201,32.099,1.301,1.226,1.376,2.82,0.0619,0.28351115504758906,,0.03429,0.03193,0.0725,0.33558998,12.31,13.8,18.0,12.0,0.12103980503655576,buy,1.54545,10,65.29653273333523,29.67540025518258,0.2698988601701717,0.35391954286880445,0.9206657064473855,0.0319,1793881800,1.1847248,2026-08-29T11:28:04,0.0458,,,Medical Care Facilities,0.48600858213944637,Hold
KKR,KKR & Co. Inc.,14.711257,7.38754,6.31447,34.722042,3.885548,0.55,,158108696576,897635601,923590503,,1.786,69.812,0.8365,0.817,0.856,2.58,0.018099999,0.11147168574032529,0.4,0.0728,0.12201,0.2065,0.54767,108.68,126.626,147.0,105.0,0.165126978284873,buy,1.59091,20,70.62030331235722,,0.033111423424720475,0.0016392220135721346,0.8139256606739662,0.23056999,1793881800,-0.21205133,2026-08-29T11:28:04,0.0181,,,Asset Management,0.486570067348612,Hold
CDNL,Cardinal Infrastructure Group I,16.611355,2.29,1.64,42.26667,1.1728525,,-17.36695923867035,1081478272,20428610,20428610,11.438,,38.353,3.582,3.571,3.593,3.21,0.1378,2.8329303000546786,,0.11915,0.02737,0.07,0.19207,38.04,61.0,70.0,52.0,0.6035751840168244,strong_buy,1.0,2,31.580788785502392,19.156224453415987,0.0,-0.01716738197424894,0.8182579012221721,0.09193,1794486600,0.75914896,2026-08-29T11:28:04,0.139,,,Engineering & Construction,0.4866192603591381,Hold
KFY,Korn Ferry,13.629126,6.33056,5.78005,16.528736,1.5240084,1.2,18.14586542605882,3869500928,51356133,51356133,9.394,1.203,30.126,1.8715000000000002,1.802,1.941,5.92,0.06,0.07873595155616564,0.15,0.14583999,0.095419995,0.14693,0.24304001,86.28,81.0,85.0,75.0,-0.061196105702364445,none,,4,61.06844445202438,49.60331925574795,0.0,0.0,0.2012097209077482,0.01154,1788957000,0.1454668,2026-08-29T11:28:04,0.044,,,Staffing & Employment Services,0.4866591072519709,Hold
SIRI,SiriusXM Holdings Inc.,8.557542,3.33507,3.05058,11.461847,1.1182017,1.24,8.111205018549747,19103889408,337066891,337066891,7.557,0.964,81.105,0.404,0.35,0.458,8.61,0.1742,0.01257124634053719,0.237,0.07574,0.102290004,0.22129999,0.47355998,28.54,32.0,46.0,24.0,0.12123335669236157,none,,13,41.06648394653773,59.68155829529112,-0.041110061332009486,-0.032098919257274934,1.230467702334286,0.46353,1793881800,0.23323238,2026-08-29T11:28:04,0.1139,,,Entertainment,0.4866869436254383,Hold
DOCS,"Doximity, Inc.",17.252285,1.54936,1.35204,31.821428,7.267766,0.59,19.87667022750471,3883198720,127349369,178245980,18.633,1.212,1.056,5.937,5.796,6.078,2.6,0.1479,0.5736737258588223,-0.519,0.17206,0.25481,0.21539,0.88068,26.73,29.77778,47.0,18.0,0.11402095024317238,hold,2.52381,18,60.514982726481946,83.78689970090178,-0.05645735341326238,-0.027761044176706724,0.31145400558546155,0.02791,1793908800,-0.6180597,2026-08-29T11:28:04,0.1987,7.99,18.52,Health Information Services,0.48687401522971496,Hold
DK,"Delek US Holdings, Inc.",16.094648,4.48907,11.93916,19.686647,0.36694103,0.38,8.906161786407012,7465324544,61232174,61232174,7.023,0.562,812.326,0.601,0.439,0.763,4.67,0.11350001,0.541151927743085,,0.78763,0.01862,0.07556,0.10446999,72.25,64.33333,85.0,45.0,-0.1095732871972318,buy,2.16667,12,60.694358938073705,51.64660410408583,0.6643098900976352,0.47118469650939093,1.61462109088817,0.0253,1793968200,1.2664516,2026-08-29T11:28:04,0.0997,,,Oil & Gas Refining & Marketing,0.4870419735384006,Hold
RNG,"Ringcentral, Inc.",12.4349165,5.57945,5.06997,55.503998,2.2422159,0.36,9.05957543862072,6975316480,73736624,83506162,16.826,1.117,,0.9305000000000001,0.755,1.106,2.91,0.16360001,0.30036769158295074,2.214,,0.04267,0.08796,0.71861,69.38,50.53846,80.0,38.0,-0.27157019313923314,buy,2.42857,13,58.08180765418879,,-0.0002819734195685693,0.014663145911304482,1.4551237756298958,0.012359999,1793908800,1.2617161,2026-08-29T11:28:04,0.0973,,,Software - Application,0.4870882436491153,Hold
ONB,Old National Bancorp,8.946712,2.88933,2.60633,11.438053,3.7168546,1.59,,17107724288,382570000,382570000,,0.839,,,,,3.93,0.0594,0.31913522595080646,0.929,0.106079996,0.33310002,0.52542,0.0,25.85,29.81818,32.0,27.0,0.15350793036750487,buy,1.83333,11,52.70453630929631,,-0.001509422396916815,-0.005777462733816863,0.1072995716761176,0.00675,1792585800,0.12931406,2026-08-29T11:28:04,0.047,,,Banks - Regional,0.48711026525794754,Hold
EXE,Expand Energy Corporation,10.998012,8.92525,8.87112,8.462069,1.795261,1.07,15.49832135582141,25789411328,231503789,231503789,3.837,0.319,19.207,0.7765,0.594,0.959,2.48,0.0364,-0.08099459593726122,-0.455,0.14893,0.2197,0.26323998,0.47069,98.16,125.52,160.0,93.0,0.2787286063569683,buy,1.57692,25,54.35875253930972,57.39672162311555,0.05147549494300572,0.05946494231013059,1.0249469473075623,0.0036000002,1793131200,-0.002138257,2026-08-29T11:28:04,0.0365,,,Oil & Gas E&P,0.48750231278524414,Hold
AOS,A.O. Smith Corporation,14.760707,4.09059,3.74322,16.818943,2.1567347,1.64,16.933446142636946,8915436544,110047214,135908573,11.376,1.157,36.766,1.2850000000000001,0.976,1.594,6.26,0.1125,0.2644490027707562,-0.15,0.27133,0.13149,0.18929,0.38592,60.38,69.90909,84.0,59.0,0.15781864855912553,hold,2.53846,11,37.917098810213766,48.614222137162294,-0.003293756773236752,-0.017030080788953926,0.3501613955122716,0.0046200003,1793104200,-0.119778335,2026-08-29T11:28:04,0.0993,,,Specialty Industrial Machinery,0.48753324906214623,Hold
VC,Visteon Corporation,9.74016,10.47416,8.53763,19.657032,0.7206847,1.01,13.407840626524184,2587467776,26695429,26695429,6.534,1.313,25.696,1.5899999999999999,1.405,1.775,6.96,0.1388,0.012563360566335113,-0.3,0.09538999,0.037839998,0.07813,0.12808,102.02,131.72726,170.0,110.0,0.291190550872378,none,,11,36.38666348603949,15.014034159996896,-0.005301096453158759,0.030324969407468896,0.6543829214096603,0.01828,1792672200,-0.18327403,2026-08-29T11:28:04,0.1214,,,Auto Parts,0.48781869337392736,Hold
VLY,Valley National Bancorp,9.023025,1.54272,1.27735,11.796611,3.830405,1.16,,10506236928,552605226,552605226,,1.059,,,,,5.99,0.1024,0.16597572966130425,0.318,0.08953,0.34535998,0.46787998,0.0,13.92,16.69231,18.0,15.0,0.19916020114942512,buy,1.69231,13,33.191581711438175,,-0.0027948443708867127,-0.0008891946622358983,0.1995765062160709,0.01021,1793277000,0.3400576,2026-08-29T11:28:04,0.077,,,Banks - Regional,0.48789884704215675,Hold
WDC,Western Digital Corporation,14.471081,31.74953,20.09143,17.0609,12.822241,0.86,73.01400527289458,166181912576,360540944,360540944,33.223,2.217,13.436,1.0895,0.85,1.329,2.44,0.0631,0.38368144116247715,9.841,1.30853,0.72947,0.43608,0.48851,459.45,664.9167,1050.0,420.0,0.4472014365001633,buy,1.53846,24,59.048863318276965,,0.10227131829727933,0.16950913777721466,1.4764090353064003,0.00535,1793908800,4.640337,2026-08-29T11:28:04,0.0566,,,Computer Hardware,0.48802576577348755,Hold
NFG,National Fuel Gas Company,10.9159565,7.6008,7.37553,11.555711,3.13722,1.55,-318.4224660919424,10208610304,95045099,95045099,6.698,0.386,90.92,3.068,2.935,3.201,7.54,0.0636,-0.038920754872379115,-0.116,0.19576,0.26864,0.40073,0.63229,82.97,92.0,95.0,89.0,0.10883451850066295,none,,2,49.24724700453717,21.092579902557432,-0.006234336683823305,-0.034093316538975627,0.548495450126447,0.0129700005,1793822400,-0.048237026,2026-08-29T11:28:04,0.055,,,Oil & Gas Integrated,0.4880303930017693,Hold
BDX,"Becton, Dickinson and Company",14.257675,13.29249,12.62289,32.788925,2.295977,1.11,11.527117150838487,67343130624,272386800,272386800,11.002,0.258,68.84,0.596,0.327,0.865,5.07,0.0392,0.41067987267189165,-0.314,0.06607,0.0419,0.15732999,0.46936,189.52,194.41667,225.0,170.0,0.025837220346137668,buy,2.07143,12,77.81476615296094,52.36326457855713,0.00523446384373539,-0.00920986430432202,0.08338277997284275,0.00435,1793881800,0.27186477,2026-08-29T11:28:04,0.0369,5.73,-3.53,Medical Instruments & Supplies,0.4881361783292248,Hold
FIVE,"Five Below, Inc.",24.27128,9.9661,9.23028,30.503153,2.6333547,0.98,31.301388391929745,14542292992,55295351,55295351,19.198,0.975,86.432,1.6155,1.133,2.098,1.71,0.031600002,0.3192646159348911,1.956,0.21127,0.086739995,0.11998,0.36805,241.89,272.4762,350.0,235.0,0.1264467319856133,buy,1.72,21,52.0615034960173,,0.013938763471629942,0.02051578807214478,0.1633732847679068,0.01663,1788379200,0.6490619,2026-08-29T11:28:04,0.0321,,,Specialty Retail,0.48823935285661535,Hold
EHC,Encompass Health Corporation,18.096735,6.678,6.11315,20.175293,1.9210553,0.41,51.852827690867116,15393985536,98653384,98653384,10.519,0.6,82.121,1.051,0.91,1.192,3.47,0.0374,0.11900372317689589,0.108,0.24968,0.10005999,0.18054001,0.43865,120.85,148.16667,155.0,140.0,0.22603781547372792,none,,12,51.51175410026344,,0.017886251962708995,0.02147108355780304,0.30454105756945277,0.008719999,1793217600,-0.033387244,2026-08-29T11:28:04,0.0374,4.89,-6.73,Medical Care Facilities,0.48910537113301394,Hold
OTIS,Otis Worldwide Corporation,15.710888,4.56626,4.05661,18.442158,1.8314813,1.41,19.01425106786981,35636219904,380669339,380669339,13.499,0.879,,0.7575000000000001,0.684,0.831,3.93,0.045100003,0.11248364138935796,0.13,,0.10167,0.15133001,0.30313,71.74,88.83333,105.0,75.0,0.2382677725118485,buy,2.14286,12,48.85937471282908,33.536802782220704,-0.025960866610800593,-0.032453140428273096,0.13136930403060304,0.0014300001,1793190600,-0.17249364,2026-08-29T11:28:04,0.0394,,,Specialty Industrial Machinery,0.4892930098833504,Hold
BKE,"Buckle, Inc. (The)",10.472328,4.14712,4.29943,10.006912,1.6840742,3.32,,2306689792,51515996,51515996,7.609,1.028,86.18,1.683,1.283,2.083,8.66,0.1157,0.03871081129830056,-0.022,0.45764,0.16623,0.17448,0.58674,43.43,46.0,46.0,46.0,0.05917568501036152,hold,3.0,1,39.30197060816059,32.89209049876423,0.010313614723395904,-0.013515892234427725,0.12197605173919857,0.38286,1795177800,-0.2535652,2026-08-29T11:28:04,0.1176,,,Apparel Retail,0.4893905844691815,Hold
ALHC,"Alignment Healthcare, Inc.",18.099669,0.7525,0.495,71.68421,0.6172304,,14.981645149858307,2441609728,207435149,207435149,27.931,1.131,124.655,1.5795,1.461,1.698,4.26,0.1166,0.2563387052982038,1.429,0.20044,0.00889,0.031519998,0.12549,13.62,24.07692,30.0,16.0,0.7677621145374451,strong_buy,1.5,13,50.70052208802425,,0.04210526315789478,0.04152249134948085,0.6771610337217967,0.02775,1793304000,-0.18509614,2026-08-29T11:28:04,0.1253,,,Healthcare Plans,0.48951440436642096,Hold
WFC,Wells Fargo & Company,10.972835,7.90042,7.19996,12.600291,3.1574507,1.6,,261689507840,3023999336,3023999336,,0.92,,,,,0.0,0.0,0.16610642747839544,0.25,0.12575,0.27232,0.37387002,0.0,86.69,100.23913,115.0,90.0,0.15629403622101745,buy,1.88462,23,43.12143258769656,,0.01843497850367744,0.007165521523754594,0.267987496626075,0.00090000004,1791894600,0.033949852,2026-08-29T11:28:04,0.0,,,Banks - Diversified,0.48991229574095546,Hold
ADSK,"Autodesk, Inc.",18.327427,14.2224,12.59579,33.80804,7.065099,0.97,16.98611063925002,54288601088,211145251,211145251,23.676,,109.518,0.7925,0.73,0.855,3.5,0.0392,0.17639461240830845,0.596,0.53854,0.21078,0.29228002,0.92503,260.66,314.57352,456.0,220.5,0.20683465050257022,strong_buy,1.5,34,55.836026392928616,,-0.0018305889028275252,-0.002081590200254926,0.15470887079649537,0.00228,1795809600,-0.15221208,2026-08-29T11:28:04,0.0354,,,Software - Application,0.49011267404884545,Hold
SMTC,Semtech Corporation,22.477512,5.83561,3.62037,86.867546,10.425281,1.21,92.28106403606257,12562464768,93325626,93325626,70.049,2.345,70.105,1.2765,0.855,1.698,3.33,0.09,0.23384222464256488,,0.23663999,0.13116999,0.16222,0.52901,131.17,211.38461,300.0,155.0,0.6115316764504082,strong_buy,1.33333,13,64.79676179428147,31.511916368544092,0.36145593206953985,0.45158041287585177,1.608223549614942,0.00773,1795464000,1.4658933,2026-08-29T11:28:04,0.0777,,,Semiconductors,0.49021326931794706,Hold
FE,FirstEnergy Corp.,15.555707,2.9494,2.73338,24.53476,1.6978768,1.66,-13.17763874256334,57173098496,578639932,578639932,10.545,0.45,200.908,0.4455,0.35,0.541,5.47,0.0589,0.08520974522719271,0.083,0.09491,0.06939,0.19304001,0.68605006,45.88,53.16667,56.0,48.0,0.15882018308631207,buy,2.1875,12,53.01967497044691,40.994038952211014,-0.00018289025121811015,0.00014581362306151247,0.36096421160562137,0.0013799999,1792612800,0.06395221,2026-08-29T11:28:04,0.0466,,,Utilities - Regulated Electric,0.4902509738214896,Hold
SFBS,"ServisFirst Bancshares, Inc.",11.889919,3.63333,3.215,14.693877,8.07173,,,5989221888,109345020,109345020,,0.857,,,,,10.12,0.059,0.2997575984713341,0.401,0.17334999,0.54804003,0.70001,0.0,43.2,49.0,50.0,47.0,0.13425925925925908,none,,3,38.43486607946319,,0.0046874999999999,0.01300928158988704,0.12498188066743063,0.0654,1792440000,-0.020079434,2026-08-29T11:28:04,0.0506,,,Banks - Regional,0.49029825395783927,Hold
OSK,Oshkosh Corporation (Holding Co,10.998926,13.99773,10.74299,17.63574,0.89587027,6.3,12.949545466276339,10204651520,61739749,61739749,9.791,1.255,24.359,1.323,0.928,1.718,2.48,0.0422,0.11251015451974045,-0.076,0.12387,0.05243,0.08405,0.15898,153.96,167.32176,197.0,138.0,0.08678721745908025,buy,2.0,17,51.93867748922384,48.30231876386524,-0.01654292959345272,-0.00025950777879936774,0.4530413262898103,0.00728,1793190600,0.1375581,2026-08-29T11:28:04,0.0389,,,Farm & Heavy Construction Machinery,0.49047004474325967,Hold
REZI,"Resideo Technologies, Inc.",9.552311,2.055,2.33,7.6679688,0.38954052,,-1.5665557636025105,6869910528,151847378,151847378,8.208,1.629,129.907,1.6244999999999998,1.026,2.223,2.97,0.0679,0.4359674445344721,,0.15196,0.0558,0.07925,0.29208001,19.63,34.25,45.0,27.0,0.7447784004075395,buy,1.75,4,37.829251146459235,53.41800955006705,-0.1824561403508772,-0.32234130255564714,1.348149534790751,0.015759999,1793908800,-0.15679115,2026-08-29T11:28:04,0.0493,,,Industrial Distribution,0.49056572730401,Hold
RL,Ralph Lauren Corporation,16.927984,20.91448,18.89766,22.30876,2.5247147,1.95,23.968635554559775,22156795904,37700963,59582239,13.907,1.371,110.373,1.685,1.325,2.045,4.76,0.0877,0.831642921163579,0.216,0.37537,0.117639996,0.18395,0.70268995,354.04,446.70587,520.0,250.0,0.26173841938763975,buy,1.52632,17,6.526549892346338,30.020837783207412,0.026452623888890286,0.024719805781004002,0.2903913927517595,0.025409998,1793881800,0.1314385,2026-08-29T11:28:04,0.077,,,Apparel Manufacturing,0.49110998439858433,Hold
CRC,California Resources Corporatio,12.78214,4.08617,3.5281,-41.784,1.2420517,0.36,13.842784485616638,5993125376,88819893,88819893,9.989,0.901,39.594,0.579,0.497,0.661,4.33,0.059,0.25303461016328854,2.0,-0.03554,-0.0324,0.46795,0.5676,52.23,76.72727,87.0,58.0,0.4690268045184762,strong_buy,1.27273,11,42.64553429363228,,-0.3099273370952442,0.06307691507185754,0.2962770502473894,0.049489997,1793709000,0.058588266,2026-08-29T11:28:04,0.0411,,,Oil & Gas E&P,0.4911259355939744,Hold
CLH,"Clean Harbors, Inc.",31.265532,9.93778,9.79275,37.616222,2.6269448,0.27,42.73923951076503,19191977984,52787248,52787248,16.037,0.856,110.951,1.919,1.707,2.131,2.24,0.0222,0.1369200265943018,0.364,0.15562001,0.07032,0.15498,0.32257,310.71,359.93332,390.0,325.0,0.15842206559170924,buy,1.625,15,69.69420109770743,,0.10444507351688974,0.02363434287874433,0.035785928533267196,0.04927,1793795400,0.287354,2026-08-29T11:28:04,0.0223,,,Waste Management,0.4911985886858605,Hold
DAL,"Delta Air Lines, Inc.",9.209715,8.69408,6.48786,13.278606,0.77109665,0.21,18.689694695435527,68790370304,657623030,657623030,9.163,1.311,96.649,0.34550000000000003,0.267,0.424,4.23,0.0345,0.17856158111737663,-0.254,0.20125,0.05784,0.07921,0.187,80.07,104.77083,125.0,50.0,0.30849044585987273,strong_buy,1.32,24,42.809493188295804,9.078262148514796,-0.021571732344025575,-0.015252440458722122,0.45665591514796094,0.091759995,1791462600,0.32733524,2026-08-29T11:28:04,0.0347,,,Airlines,0.4915381123267725,Hold
UMBF,UMB Financial Corporation,10.377454,13.93261,13.20506,12.018704,3.9024997,2.54,,12872335360,75950030,75950030,,0.788,,,,,5.57,0.053000003,0.12165978077954653,0.262,0.12309,0.33501,0.51058,0.0,144.585,168.2143,181.0,159.0,0.1634284331016358,buy,1.71429,14,69.55628697333125,,0.0194021335939532,0.011956326720065788,0.11078597949449302,0.0529,1793131200,0.18933594,2026-08-29T11:28:04,0.0465,,,Banks - Regional,0.491555006350282,Hold
INGR,Ingredion Incorporated,9.218596,11.3488,10.56652,11.371739,0.9144496,1.32,14.429205220048734,7358121984,63063979,63063979,6.376,0.606,39.412,2.3275,1.857,2.798,6.11,0.0734,0.028951868070360653,-0.405,0.13693,0.082049996,0.12595001,0.23728001,104.62,121.5,150.0,108.0,0.16134582297839795,none,,6,51.29479800456909,43.426830728132,-0.02372383997841687,-0.018577227546391146,0.16757184395976704,0.008880001,1793709000,-0.19411355,2026-08-29T11:28:04,0.066,,,Packaged Foods,0.49170319570934273,Hold
CSCO,"Cisco Systems, Inc.",19.638422,5.5977,5.1456,33.012012,6.842194,1.02,37.455214827109266,447728582656,3941434665,3941434665,24.038,1.002,58.731,0.788,0.645,0.931,2.58,0.015,0.1869964476298125,0.52,0.27319,0.20951,0.27701,0.64564,109.93,137.73914,170.0,115.0,0.25297134540161914,buy,1.85185,23,30.56748189132358,,0.07397118461175609,0.06065256934970443,0.08640120590589333,0.0005,1794513600,0.65412974,2026-08-29T11:28:04,0.015,,,Communication Equipment,0.4917625570452082,Hold
CHRD,Chord Energy Corporation,10.537484,13.8553,19.17443,9.864864,1.3401442,,8.30800706403036,8876574720,54697872,54697872,3.331,0.381,17.982,1.163,1.105,1.221,4.25,0.077800006,0.927171172216718,,0.10312,0.14236,0.34717,0.4811,146.0,167.46667,217.0,130.0,0.14703198630136982,strong_buy,1.4,15,58.12936957420837,,-0.017458752537773126,-0.05638802282326955,0.9818834114130928,0.00611,1793736000,0.3075683,2026-08-29T11:28:04,0.0603,,,Oil & Gas E&P,0.4917825941639162,Hold
ICFI,"ICF International, Inc.",11.701686,7.71,7.108,18.640495,0.8884844,1.81,19.554966836704356,2170295808,17933884,17933884,11.013,0.516,53.793,1.2415,1.098,1.385,2.71,0.038,0.02449723105156698,0.164,0.08637,0.04862,0.08406,0.3716,90.22,107.25,124.0,80.0,0.1887608069164266,buy,1.6,4,25.599555789636682,,0.012247223013386415,0.003906250000000033,0.22188250959523714,0.019,1793304000,-0.100200415,2026-08-29T11:28:04,0.038,,,Consulting Services,0.49204712352093793,Hold
GNRC,Generac Holdlings Inc.,15.549614,11.82023,9.74759,42.35023,2.4433486,0.83,37.51989280213829,12780790784,59006361,59006361,20.088,1.925,49.003,1.4625,0.88,2.045,1.95,0.039300002,0.09973094934629168,0.92,0.09491,0.05817,0.17932,0.39539,183.8,283.875,340.0,214.0,0.5444776931447224,none,,16,26.55058903253905,,0.08073357266875258,0.049645862415594856,0.3387021592819598,0.01705,1793190600,0.09904742,2026-08-29T11:28:04,0.0394,,,Specialty Industrial Machinery,0.4921486433567856,Hold
AXTA,Axalta Coating Systems Ltd.,12.966543,2.85504,2.65038,22.711657,1.5384505,2.04,14.685856938002924,10404020224,214019997,214019997,10.499,1.241,119.424,1.2694999999999999,1.006,1.533,6.28,0.0559,0.0528658088337417,-0.18,0.14344,0.06777,0.15156001,0.34039003,37.02,38.57143,44.0,33.0,0.04190788762830899,buy,2.26667,14,42.326796762040296,64.63986651803697,0.01704163900582127,0.01078032564018128,0.3167059073230917,0.0044400003,1793190600,0.18240416,2026-08-29T11:28:04,0.0484,,,Specialty Chemicals,0.49232915045051945,Hold
RNST,Renasant Corporation,10.459276,3.92857,3.78429,12.01462,3.53463,1.79,,3982696448,91404465,91404465,,0.996,,,,,7.34,0.0546,0.5104627228877714,93.0,0.082100004,0.29556,0.43483,0.0,41.09,47.85714,50.0,45.0,0.16469067899732281,buy,1.57143,7,35.651863535254066,,0.013650012187510854,-0.0057852473661434214,0.18987838341058025,0.01845,1793131200,0.065582275,2026-08-29T11:28:04,0.048,,,Banks - Regional,0.49236703183562,Hold
MATX,"Matson, Inc.",13.432026,16.69964,16.05338,15.145846,1.9390739,2.01,45.59146834821918,7304744448,29903458,29903458,10.828,1.256,25.834,0.8205,0.753,0.888,3.36,0.052800003,0.24058438325092713,0.462,0.17206,0.13408,0.16072,0.23023,224.31,261.66666,270.0,255.0,0.16654032365922156,strong_buy,1.33333,3,72.61634363855984,62.8034256009255,0.07022533333333338,0.08217445287449872,0.5047993653369646,0.01919,1793822400,1.1711967,2026-08-29T11:28:04,0.0366,,,Marine Shipping,0.4927448809773577,Hold
AAON,"AAON, Inc.",21.505102,3.528,2.368,39.93158,3.237355,1.67,-29.26560794917617,6895822848,82453639,82453639,22.982,1.439,44.742,2.4735,1.934,3.013,3.41,0.0619,0.9854622201938232,2.579,0.17284,0.08243,0.10987,0.25569,75.87,143.0,154.0,135.0,0.8848029524186107,buy,1.6,3,25.65129308766305,,0.047787610619469074,0.03308931185944363,0.28158572541039323,0.16726999,1793881800,-0.043334544,2026-08-29T11:28:04,0.0619,,,Building Products & Equipment,0.4928980864771075,Hold
VFC,V.F. Corporation,10.200427,1.34014,1.08483,19.811594,0.42035303,0.35,6.873651287497525,9660029952,393134570,393134570,4.893,0.974,280.723,1.0375,0.632,1.443,3.92,0.0834,-0.060147043288510615,,0.22092,0.05546,-0.05529,0.50798,13.67,18.77143,40.0,13.0,0.3731843452816386,hold,2.52174,21,37.03726890287754,13.1276766843378,-0.015232250978113867,-0.021174030223572525,1.4292525205257334,0.01,1793017800,-0.08086252,2026-08-29T11:28:04,0.083,,,Apparel Manufacturing,0.4929776783498952,Hold
CFG,"Citizens Financial Group, Inc.",10.683983,6.52472,5.30312,15.187363,3.5976272,1.65,,33953232896,421176788,421176788,,1.006,,,,,0.01,0.0001,0.17470218663617332,0.413,0.08270001,0.26051,0.35132998,0.0,69.71,80.82353,90.0,70.0,0.15942519007316047,buy,1.61111,17,53.15905583471132,,0.0006094466111559673,0.006439949591005419,0.15023960315613358,0.00715,1792153800,0.3600775,2026-08-29T11:28:04,0.0001,,,Banks - Regional,0.49300699299616574,Hold
GRND,Grindr Inc.,20.246754,0.77,0.6,33.17021,5.3153443,,21.296467142314835,3092954624,173820627,173820627,19.573,0.207,,1.0015,0.902,1.101,4.77,0.1774,0.4955630093314529,0.25,1.0865101,0.18749,0.23528999,0.74938005,15.59,20.8,22.0,19.0,0.33418858242463134,buy,1.6,5,27.88340830138678,42.17610723422043,0.0,0.0,1.323429887325606,0.83449,1793908800,0.0039241314,2026-08-29T11:28:04,0.191,,,Software - Application,0.4930667720858544,Hold
MYE,"Myers Industries, Inc.",16.4,2.0,1.86,24.477612,1.4608527,4.62,17.17044962049115,1545886592,37618070,37618070,10.793,0.901,111.375,1.223,0.838,1.608,2.25,0.031,0.09111832159385114,1.055,0.17146999,0.04336,0.17437,0.34943,32.8,37.0,37.0,37.0,0.128048780487805,none,,1,61.16975173897359,,0.14814814814814814,0.06951871657754005,0.6126209024462507,0.0135699995,1793881800,1.0078409,2026-08-29T11:28:04,0.0268,,,Packaging & Containers,0.4932504531550044,Hold
HTGC,"Hercules Capital, Inc.",8.887487,1.96681,1.93309,8.653465,5.778493,0.52,12.687233083987834,5528547328,187164000,187164000,11.657,0.739,103.331,0.11649999999999999,0.115,0.118,6.71,0.0585,0.0169541685366843,0.547,0.17318001,0.67682,0.83192,1.0,17.48,19.16667,25.0,15.5,0.096491418764302,none,,9,50.97907836818844,,-0.0020958624783831673,-0.011578762218257634,0.38826990577473197,0.01966,1793304000,-0.09363681,2026-08-29T11:28:04,0.0626,,,Asset Management,0.4932886271946329,Hold
STT,State Street Corporation,12.633495,15.30297,13.69424,17.063549,3.535119,0.82,,,274701765,274701765,,1.418,,,,,0.01,0.0001,0.010427612097796413,-0.241,0.12437,0.23005,0.27818,0.0,193.33,199.5,215.0,150.0,0.03191434335074739,none,,14,72.91790188212313,48.66110767587693,0.07369677183128198,0.0781598748731823,0.2131261209098618,0.00352,1791981000,0.6819171,2026-08-29T11:28:04,0.0,,,Asset Management,0.4937420944932216,Hold
WDAY,"Workday, Inc.",15.566297,13.15149,10.76116,41.609756,4.9788685,0.75,16.720402925428793,47019368448,201000000,246973479,29.647,,58.39,0.857,0.806,0.908,3.97,0.1149,0.494145432835821,2.06,0.16006,0.12319,0.11816,0.75795,204.72,188.2071,275.0,92.0,-0.08066090269636583,buy,2.19512,38,66.36862978095742,,0.0009310631885890725,-0.0005550885888177872,0.978172571781436,0.02199,1787860800,-0.15430993,2026-08-29T11:28:04,0.1035,,,Software - Application,0.4939103533160694,Hold
WHD,"Cactus, Inc. Class A Common Sto",19.222383,3.62338,2.95973,58.52941,3.563312,,37.55222421590179,4931529216,69733168,69733168,12.876,1.373,3.301,2.1765,1.766,2.587,3.86,0.056399997,0.6157096738814447,0.189,0.13114001,0.119849995,0.18593,0.33233002,69.65,67.55556,75.0,57.0,-0.030070926058865854,buy,2.22222,9,50.63116773169468,70.24284915214596,0.009746994364005977,0.005664771008362556,0.17526264357940533,0.00972,1793822400,0.6561141,2026-08-29T11:28:04,0.0564,,,Oil & Gas Equipment & Services,0.4941639688514824,Hold
FCF,First,10.601677,1.96667,1.72667,12.713415,4.1552444,1.46,,2222459136,101055925,101055925,,0.737,,,,,3.39,0.0417,0.13797282049518622,0.375,0.109069996,0.33199,0.45363998,0.0,20.85,24.08333,25.0,23.5,0.15507577937649875,none,,6,35.69424371163177,,0.002904157010344545,0.0008498727735368134,0.053578374678116575,0.01627,1793131200,0.17647064,2026-08-29T11:28:04,0.0307,,,Banks - Regional,0.49427205370588423,Hold
CON,Concentra Group Holdings Parent,18.718855,1.83024,1.64019,22.103226,1.9098685,,21.33248580698056,6383867392,127517736,127517736,13.83,0.617,423.325,1.3105,1.244,1.377,2.29,0.0313,0.10564384549612793,0.47,0.4706,0.08688,0.1929,0.29314,34.26,39.875,42.0,34.0,0.16389375364856984,strong_buy,1.22222,8,55.53755520736562,,0.07691146055612096,0.08283488046005585,0.05692351945161346,0.09652001,1793908800,0.4622841,2026-08-29T11:28:04,0.0193,,,Medical Care Facilities,0.4945187921276163,Hold
AA,Alcoa Corporation,8.677104,5.79917,6.49824,10.461538,0.9762496,8.36,13.822454310528993,14449524736,263909445,263909445,6.252,1.623,29.918,1.1675,0.8,1.535,1.96,0.041500002,0.2890680286186802,1.468,0.18226999,0.09388,0.18356001,0.19790001,50.32,62.975,80.0,49.7,0.2514904610492845,buy,1.84615,12,46.29422567946258,,-0.15294191257557155,-0.2053656457807783,1.495094308014776,0.00541,1792094400,0.6544926,2026-08-29T11:28:04,0.0416,,,Aluminum,0.49457629952042853,Hold
GME,GameStop Corporation,13.043797,1.37,1.3,13.335821,2.1480157,0.31,-6.3572747027558485,3989112832,448691257,448691257,9.675,1.738,74.273,11.097999999999999,9.795,12.401,8.95,0.132,0.13755364749618915,6.333,0.14095001,0.20446,0.16605,0.34387,17.87,,,,,none,,,23.54118650398175,,0.19266055045871555,0.1322314049586778,1.425442915995029,0.08826999,1788897600,-0.22041863,2026-08-29T11:28:04,0.1322,,,Specialty Retail,0.4949776910173986,Hold
COLM,Columbia Sportswear Company,13.857336,4.18623,4.67302,15.146214,0.87164444,2.19,11.640590847093065,2806360064,51193194,51193194,8.196,0.937,28.799,1.845,1.197,2.493,5.03,0.1373,0.10392554330561965,,0.12658,0.06047,0.05027,0.52155,58.01,69.83333,92.0,47.0,0.2038153766591968,hold,2.625,6,35.929398338572454,51.04813368367475,0.212423591436014,-0.010279664563291512,0.17673545327457674,0.58046,1793304000,0.008337736,2026-08-29T11:28:04,0.1376,,,Apparel Manufacturing,0.4951125315401546,Hold
URBN,"Urban Outfitters, Inc.",11.781628,6.88275,6.21981,12.690141,1.072558,1.4,68.66208227867176,7245641216,85635083,85635083,9.256,1.251,42.512,1.1455,0.71,1.581,7.1,0.1197,0.15565940188322136,0.759,0.20942,0.08789,0.11618,0.36034,81.09,87.69231,110.0,73.0,0.08141953385127643,buy,2.21429,13,34.38825647354557,59.15943558856082,0.001249491533114676,0.006150441416370865,0.4169350747816283,0.33796,1795636800,0.16536021,2026-08-29T11:28:04,0.1129,,,Apparel Retail,0.4951735618856713,Hold
RHP,"Ryman Hospitality Properties, I",26.748707,4.835,4.38,31.543903,3.2634647,1.08,15.707756424023525,12307922944,68984288,68984288,14.734,1.201,334.57,1.068,0.823,1.313,2.5,0.045,0.03745033651720808,0.264,0.22583,0.09947,0.23305,0.35156,129.33,138.07143,152.0,125.0,0.067590118302018,strong_buy,1.21429,14,86.6805403520409,,0.026963657678780825,0.0,0.32039872236278494,0.02861,1793649600,0.31333876,2026-08-29T11:28:04,0.0354,,,REIT - Hotel & Motel,0.4951899600474797,Hold
AVAH,Aveanna Healthcare Holdings Inc,14.830154,0.89817,0.8277,10.571428,1.1171082,,28.008461398683075,4302747136,218290683,218290683,13.825,1.925,522.657,1.1284999999999998,1.095,1.162,2.13,0.0596,0.08806637432161968,0.385,1.98567,0.10556,0.12583,0.32037,13.32,13.35,16.0,8.0,0.0022522522522521182,buy,1.72727,10,70.83427963902659,,0.1712017659294478,0.139519006582422,1.4623668024433039,0.05638,1793881800,0.67718446,2026-08-29T11:28:04,0.0512,,,Medical Care Facilities,0.49530150856318655,Hold
URI,"United Rentals, Inc.",18.015915,57.18555,49.23641,24.765625,3.8097267,1.6,37.5826061933021,79850201088,62242489,62242489,17.022,1.799,166.793,0.6915,0.619,0.764,2.48,0.0232,0.16751246885387228,0.255,0.28895,0.15673,0.25986,0.3848,1030.25,1272.4286,1610.0,950.0,0.23506779907789377,buy,1.72727,21,21.229117345832847,,0.03706885784148839,0.05721574000415224,0.11943465691499425,0.00434,1792612800,0.08212602,2026-08-29T11:28:04,0.0204,,,Rental & Leasing Services,0.4954105533393158,Hold
DGX,Quest Diagnostics Incorporated,20.133177,12.05771,11.19176,25.7707,2.3178406,2.04,29.456353109300565,33159428096,110373360,110373360,14.633,0.548,81.074,1.4365,1.282,1.591,3.15,0.030199999,0.11647363095587582,0.15,0.14602,0.09187,0.15248,0.33192003,242.76,245.86667,265.0,204.0,0.012797289504036913,none,,15,64.9812462010941,20.458298442775487,0.03890500480383191,0.033160821544551744,0.06932933390234022,0.0044299997,1792499400,0.36883044,2026-08-29T11:28:04,0.0302,,,Diagnostics & Research,0.4954744421535818,Hold
CRM,"Salesforce, Inc.",16.19084,15.81141,14.67067,23.464712,4.7951202,0.85,11.88187950717371,238410153984,823000000,823000000,18.483,1.152,110.417,0.756,0.673,0.839,2.12,0.0374,0.3313515177837183,1.189,0.19381,0.2199,0.21375,0.77282,256.0,244.02213,475.0,160.0,-0.046788554687499984,buy,1.69811,52,85.49662353657227,,0.038020083037814185,0.0028196997348553738,0.7118292200738154,0.029779999,1787774400,-0.0032033324,2026-08-29T11:28:04,0.0332,,,Software - Application,0.4955525772934163,Hold
BBT,Beacon Financial Corporation,9.442617,3.32429,3.04286,10.191559,3.4641223,2.6,,2439536640,83816086,83816086,,,,,,,4.96,0.0462,1.4583053066925604,2.11,0.084230006,0.21039,0.46051997,0.0,31.39,34.83333,38.0,33.0,0.10969512583625352,none,,6,61.4134575234297,,-0.018432258064516118,-0.02960554162494784,0.4722241052669611,0.013250001,1793217600,0.19514966,2026-08-29T11:28:04,0.0491,,,Banks - Regional,0.4956260300238748,Hold
MQ,"Marqeta, Inc.",32.94,0.5,0.27,182.99998,2.5317147,1.5,11.226202312064848,1020356800,95911790,104098834,59.628,1.294,0.943,1.4495,1.235,1.664,4.21,0.0622,0.4280692724012345,,0.01332,0.01533,0.02468,0.69991994,16.47,20.5,28.0,17.0,0.24468731026108093,hold,2.85714,10,47.83486650569215,71.91035104354536,1.0,0.18979630687226345,1.0945477465434486,0.0326,1793822400,-0.34319288,2026-08-29T11:28:04,0.0453,4.35,-3.83,Software - Infrastructure,0.4958073309560721,Hold
COO,"The Cooper Companies, Inc.",14.246593,4.99558,4.6265,60.31356,3.280626,0.69,32.71540617353544,16468329472,195030630,195030630,18.579,0.823,33.093,0.8995,0.525,1.274,3.96,0.044699997,0.10379850779336564,,0.02853,0.05573,-0.02866,0.65550005,71.17,81.5,92.0,66.0,0.1451454264437262,buy,2.0,14,32.051580408401236,47.907091772096656,-0.0006199547670632735,-0.0016906339677539484,0.12486048046590409,0.00614,1788984000,0.086177826,2026-08-29T11:28:04,0.0394,,,Medical Instruments & Supplies,0.49595462387588257,Hold
UCTT,"Ultra Clean Holdings, Inc.",11.836457,5.87,3.16458,-138.96,1.4330577,0.75,-38.60528190923605,3981757952,45277029,45277029,28.625,1.91,108.2,1.9125,1.092,2.733,2.25,0.0936,0.24483856924446168,,-0.0155299995,-0.01066,0.045739997,0.1583,69.48,137.0,150.0,120.0,0.9717904432930338,none,,5,46.62042513356689,52.91368365368276,0.3562505089292984,0.49079365079365084,1.457071215151638,0.01953,1793736000,2.1460438,2026-08-29T11:28:04,0.071,,,Semiconductor Equipment & Materials,0.49597409167256234,Hold
TXN,Texas Instruments Incorporated,24.297197,10.64485,8.48588,39.306995,12.142209,1.15,66.62503078823737,250468040704,913247686,913247686,26.31,1.325,78.036,4.051,3.245,4.857,2.6,0.024,0.22228834204787673,0.518,0.35176,0.31111,0.42576998,0.58325,258.64,324.7097,400.0,225.0,0.25545043303433346,buy,2.08333,31,30.887967619042428,,0.0007518168908196511,0.00677897510986814,0.28571940963504816,0.00279,1793131200,0.33396733,2026-08-29T11:28:04,0.0216,,,Semiconductors,0.49598305721138053,Hold
BANR,Banner Corporation,10.452187,6.745,6.192,11.633663,3.567765,1.83,,2517097984,33984909,33984909,,0.819,,,,,4.4,0.0733,0.10204963032268233,0.092,0.10782,0.31026,0.37702,0.0,70.5,76.5,81.0,73.0,0.0851063829787233,none,,6,41.14025785477593,62.71050476379187,0.04300895956824277,0.005590756615728742,0.06822683915749558,0.01767,1792008000,0.049035788,2026-08-29T11:28:04,0.0547,,,Banks - Regional,0.49657497165088527,Hold
MMSI,"Merit Medical Systems, Inc.",19.622683,4.6115,4.3022,37.23868,3.4223151,1.84,31.07032654597533,5717893120,59710420,59710420,16.87,0.484,48.822,3.4195,2.641,4.198,3.18,0.078200005,0.08598992437165909,0.204,0.0919,0.0922,0.14456001,0.49514,90.49,100.27273,114.0,83.0,0.10810840976903524,buy,1.81818,11,45.1708254233949,,0.05606040522163462,0.04798958259948687,0.21914037235490022,0.024260001,1793304000,-0.0125716925,2026-08-29T11:28:04,0.0593,,,Medical Instruments & Supplies,0.49657989267283326,Hold
SKT,Tanger Inc.,31.93101,1.18161,1.09445,34.614677,7.1849146,4.14,19.797629184232505,6132650496,114878989,119541893,18.198,1.093,278.311,0.632,0.521,0.743,6.91,0.097200006,0.09845160632463434,0.108,0.19399999,0.2023,0.32639998,0.73124003,37.73,41.36364,46.0,38.0,0.09630638749006093,hold,2.66667,11,46.964422990301124,,-0.0030424762477341935,-0.02206460476549108,0.10338706922728284,0.0242,1793822400,0.12518668,2026-08-29T11:28:04,0.0598,,,REIT - Retail,0.4967375423910292,Hold
AVPT,"AvePoint, Inc.",28.247446,0.49562,0.44898,45.16129,6.35397,,36.37321024479448,2634774528,211565426,211565426,50.132,1.182,6.143,1.9575,1.916,1.999,4.83,0.060599998,0.22180828241756267,11.0,0.16246,0.15334,0.08212,0.73445,14.0,16.71408,26.0,14.0,0.19386285714285711,buy,1.71429,13,69.73492091444184,,0.11191460907897673,-0.00373884377261392,1.0080787838282543,0.19118999,1793908800,-0.1259169,2026-08-29T11:28:04,0.0755,,,Software - Infrastructure,0.49675563259060274,Hold
KEYS,Keysight Technologies Inc.,23.441181,13.64991,11.49984,43.23919,8.278774,0.63,28.330871993210334,54631890944,170300000,170300000,30.555,1.21,41.79,1.7149999999999999,1.406,2.024,2.62,0.0198,0.37949955419847337,1.091,0.20897,0.19143,0.24972999,0.64692,319.97,415.08334,452.0,350.0,0.29725705534893887,buy,1.58333,12,37.14548003534607,,0.12292816870326362,0.148664216727859,0.23622287004199533,0.0058099995,1795550400,0.99363637,2026-08-29T11:28:04,0.0174,,,Scientific & Technical Instruments,0.4970925885490809,Hold
EQH,"Equitable Holdings, Inc.",5.5708327,9.01122,7.16645,-15.258358662613983,1.2893449,,-1.5517287516745129,4803713024,272765787,272765787,9.844,1.092,586.1,1.8715,1.713,2.03,0.01,0.0001,-0.22353385177298657,,-0.25131,-0.08719,-0.26357,0.12768,50.2,62.0,68.0,52.0,0.2350597609561753,strong_buy,1.33333,11,39.08774745901503,50.99388746017807,0.002522235682850257,0.00955869996302887,1.052523298453863,0.00611,1793736000,-0.049289107,2026-08-29T11:28:04,0.0001,,,Asset Management,0.4973778533525533,Hold
CSL,Carlisle Companies Incorporated,14.805915,24.08024,21.22494,20.257385,2.7779634,1.21,21.141536342168415,16350722048,39714133,39714133,13.465,0.843,178.698,2.2175000000000002,1.835,2.6,4.62,0.0728,0.17952087233026082,0.072,0.39183,0.14214,0.22849001,0.35264,356.53,411.875,475.0,340.0,0.15523237876195561,buy,2.2,8,26.546289669145835,40.167255578321274,0.02887499169868824,0.03415290279274328,0.29323648106720995,0.01166,1793217600,-0.046896875,2026-08-29T11:28:04,0.0547,,,Building Products & Equipment,0.49772427009164116,Hold
IR,Ingersoll Rand Inc.,20.059889,3.91727,3.55555,32.471073,3.8388603,0.71,27.53143118427492,34431012864,387999429,387999429,17.09,1.161,47.903,1.316,1.016,1.616,3.61,0.0464,0.11143590451005525,,0.0947,0.12076,0.16882999,0.42821,78.58,96.25,109.0,82.0,0.2248663782132858,buy,2.0,13,25.609276706174953,43.34786598281952,0.014682800148397589,0.01679398427543166,0.17869436135244982,0.00215,1793304000,0.013215303,2026-08-29T11:28:04,0.041,,,Specialty Industrial Machinery,0.49788856902071305,Hold
HLIO,"Helios Technologies, Inc.",20.383118,3.58532,3.19731,34.149532,2.7017033,1.03,20.327346133243722,2735111424,32950577,32950577,15.54,1.271,36.971,2.0545,1.365,2.744,3.24,0.030299999,0.09772875297449257,0.941,0.07677,0.08011,0.14015001,0.33580002,73.08,94.66667,110.0,88.0,0.2953840996168582,strong_buy,1.33333,6,28.763739930674234,,0.08908365068227185,0.06821357597642684,0.5276086986364532,0.01392,1793908800,0.37223446,2026-08-29T11:28:04,0.0303,,,Specialty Industrial Machinery,0.497907143712484,Hold
WSFS,WSFS Financial Corporation,11.369791,6.88667,6.57833,13.137585,3.7332141,0.98,,1842860288,51388000,51388000,,0.762,,,,,5.47,0.0655,0.18499223164941236,0.283,0.11901,0.29723,0.41717,0.0,78.3,88.91667,92.5,83.0,0.13558965517241384,buy,2.33333,6,48.84830569759164,,0.048339442231075676,0.03923539273873602,0.15102374072943062,0.00968,1792699200,0.36412668,2026-08-29T11:28:04,0.0452,,,Banks - Regional,0.49823248748773075,Hold
RMBS,"Rambus, Inc.",23.199259,3.69667,3.0325,39.33945,12.298408,3.8,45.979030833687524,8498522112,108461603,108461603,26.851,1.887,1.487,9.325,8.896,9.754,2.06,0.0679,0.192348669233664,0.151,0.17789,0.3169,0.36671,0.80357003,85.76,147.5,180.0,100.0,0.7199160447761193,none,,8,33.750178605394694,40.27624199571314,0.027530707327403734,0.007610221465076646,0.7653637687549101,0.00759,1793044800,0.23976052,2026-08-29T11:28:04,0.0505,,,Semiconductors,0.4983164075536582,Hold
HCSG,"Healthcare Services Group, Inc.",18.231602,1.23083,1.20204,13.1228075,0.8259742,1.36,21.913790400967283,1427429760,68632202,68632202,10.526,0.817,3.417,2.8105,2.599,3.022,3.19,0.046,0.09114089330836261,,0.24691999,0.06594,0.04717,0.17114,22.44,27.0,30.0,24.0,0.20320855614973254,buy,1.85714,6,52.462355821680816,52.8537004506189,0.11045007759958603,0.06469499325282874,0.2642420178461543,0.01386,1792585800,0.4482323,2026-08-29T11:28:04,0.0383,,,Medical Care Facilities,0.498405915199327,Hold
LH,Labcorp Holdings Inc.,16.92627,19.79822,18.34577,27.740892,1.8941609,1.41,30.466253334970073,33990993920,81100000,81100000,14.653,0.843,79.124,1.521,1.246,1.796,2.57,0.024,0.08409124537607915,0.282,0.11728,0.069860004,0.1224,0.28882998,335.11,341.5,385.0,293.0,0.01906836561129177,buy,1.72222,16,66.11361965652634,,0.01866728707721124,0.019920634797978395,0.40137677548206235,0.0034999999,1793709000,0.22923517,2026-08-29T11:28:04,0.024,,,Diagnostics & Research,0.4987811571896134,Hold
MUSA,Murphy USA Inc.,16.403912,30.675,34.94429,15.3974905,0.48436257,1.39,23.911083019648398,11944067072,18380347,18380347,9.701,0.276,352.932,0.7170000000000001,0.509,0.925,2.46,0.0398,0.47786650600230773,0.531,0.86394,0.03232,0.049050003,0.08061,503.19,622.7,710.0,550.0,0.2375047198871203,buy,2.0,10,33.622737956989155,,0.07104535783051373,0.04038279303521806,0.07400606182330037,0.09842,1793822400,0.366071,2026-08-29T11:28:04,0.0427,,,Specialty Retail,0.4988690277266921,Hold
WD,"Walker & Dunlop, Inc",7.2927685,5.67,4.88333,36.91964,1.1845838,1.09,,3585466624,34325745,34325745,,1.469,136.457,1.0625,0.551,1.574,3.89,0.0535,-0.10902589295585574,-0.909,0.023599999,0.03276,0.00767,1.0,41.35,57.0,59.0,55.0,0.3784764207980653,buy,2.0,3,50.6822776793877,,0.06159347826086964,-0.026609442060085878,0.5521378732656808,0.04028,1793881800,-0.51522446,2026-08-29T11:28:04,0.0454,,,Mortgage Finance,0.4988866207522817,Hold
TNC,Tennant Company,12.380783,5.62,3.85,66.90385,0.9749265,2.57,23.404006115906288,1501990528,17049303,17049303,14.197,1.134,73.113,1.6284999999999998,1.212,2.045,5.45,0.1016,0.10546156051071409,-0.593,0.03078,0.015039999,0.05309,0.38766,69.58,87.75,93.0,77.0,0.26113825812014957,buy,1.66667,4,65.05015866052754,43.50390316385672,-0.247557493447887,-0.12324492979719189,0.3619144483254927,0.02207,1793649600,-0.13280475,2026-08-29T11:28:04,0.0708,,,Specialty Industrial Machinery,0.4989099499161895,Hold
INVX,"Innovex International, Inc.",16.0893,1.87143,1.53893,33.831463,2.1109838,,12.099340546515686,1950461696,69935827,69935827,11.16,,7.043,4.11,3.214,5.006,3.07,0.0525,0.07705518042991044,0.636,0.05994,0.06171,0.11575,0.32401,30.11,33.4,36.0,27.0,0.10926602457655266,buy,1.6,5,63.45184241131633,,0.08385274708247935,-0.04147203441917639,0.4877284005733835,0.01605,1793736000,0.7470726,2026-08-29T11:28:04,0.0398,,,Oil & Gas Equipment & Services,0.49902894579820034,Hold
QRVO,"Qorvo, Inc.",11.981448,7.90639,7.55875,21.97912,2.2930875,0.87,17.551981197139302,8577430528,88221633,88221633,9.687,1.449,44.619,3.0255,2.508,3.543,4.11,0.0645,0.008280180349869548,2.556,0.115559995,0.10953,0.1578,0.48535,94.73,90.76923,105.0,66.0,-0.041811147471761956,hold,2.85,13,30.602102371745644,,0.09718835278406783,0.01715276163421918,1.2302858744512473,0.00543,1794254400,0.064644694,2026-08-29T11:28:04,0.0616,,,Semiconductors,0.49939885518299726,Hold
NEM,Newmont Corporation,12.690612,10.08462,9.40872,16.159092,5.233498,2.78,15.2964444185808,131611533312,1053692271,1053692271,7.716,0.5,15.807,2.2475,1.949,2.546,2.48,0.020599999,0.2157846855232366,0.114,0.25905,0.33363998,0.51569,0.68041,127.98,132.86714,170.0,67.0,0.03818674792936405,buy,1.56522,21,73.90359027517935,44.352115952395124,0.03503196274698115,0.005943838613471838,1.2741721841242066,0.00306,1792699200,0.74387026,2026-08-29T11:28:04,0.018,,,Gold,0.4995188931738487,Hold
TXT,Textron Inc.,11.433245,7.26303,6.45697,15.638418,0.93351156,1.1,31.54454562404698,17056793600,171986917,171986917,10.153,0.908,52.285,1.2570000000000001,0.653,1.861,4.2,0.0495,0.06723897934631862,0.052,0.12126,0.06125,0.08701,0.17628999,83.04,102.06667,115.0,92.0,0.22912656551059718,buy,2.1875,15,26.01235591312731,48.557064876183624,-0.0074033877877921275,-0.0029719905335581207,0.10291921970630856,0.00732,1792672200,0.035458326,2026-08-29T11:28:04,0.043,,,Aerospace & Defense,0.499899803467606,Hold
ITRI,"Itron, Inc.",14.101001,6.91653,6.42152,16.309364,1.8541963,0.85,14.463487969203241,5224743936,43786753,43786753,14.456,1.332,97.754,2.3445,1.943,2.746,5.64,0.195,-0.03382292813536547,-0.19,0.16885,0.11895,0.13455,0.39869,97.53,129.6,150.0,115.0,0.3288219009535527,buy,1.58333,10,39.650428028244775,,0.07495446753803295,0.05482182563526946,0.8651587834336623,0.01806,1793277000,-0.17877233,2026-08-29T11:28:04,0.1388,,,Scientific & Technical Instruments,0.5001231456095759,Hold
NGVT,Ingevity Corporation,11.546016,6.01333,5.24333,97.788734,2.057105,2.41,26.837485882221294,3536416256,34377922,34377922,9.491,1.18,2636.034,1.1935,0.776,1.611,5.04,0.0514,0.005550166761097541,,0.30072,0.04654,0.29895002,0.41127,69.43,89.0,92.0,85.0,0.2818666282586777,none,,3,36.74349553050079,,0.063555780933063,0.04488792354474369,1.325695143339617,0.00765,1793822400,0.19111872,2026-08-29T11:28:04,0.0367,,,Specialty Chemicals,0.5001378833082223,Hold
TPG,TPG Inc.,14.815974,3.64269,2.87189,80.55224,4.5405793,,,13627661312,160109058,390567348,,1.421,82.131,3.6265,3.609,3.644,3.55,0.0673,3.8386849566499865,,0.18572001,0.050890002,0.1982,1.0,53.97,60.4375,68.0,46.0,0.11983509357050215,buy,1.75,16,77.94487731958587,46.584853340849726,-0.15040064862813426,0.022174369318414138,1.3387218936507852,0.053829998,1793795400,-0.08405501,2026-08-29T11:28:04,0.0781,,,Asset Management,0.5001712363368701,Hold
FNB,F.N.B. Corporation,9.825217,1.87375,1.6875,10.958334,3.7556858,1.05,,9231987712,355963949,355963949,,0.871,,,,,4.0,0.082200006,0.07820416234341754,0.162,0.0904,0.34615,0.44671002,0.0,18.41,21.0625,22.0,19.0,0.14407930472569253,none,,8,54.38964239626581,,-0.01960784313725487,-0.035392535392535326,0.1128487186289926,0.01509,1792094400,0.12812686,2026-08-29T11:28:04,0.064,,,Banks - Regional,0.500235115507583,Hold
RPRX,Royalty Pharma plc,10.606921,5.73682,5.32994,32.715054,13.864871,2.2,-29.414508539332218,38173007872,445277344,577835444,24.511,0.425,91.581,2.7915,2.786,2.797,4.07,0.026400002,0.5026439633093034,-0.463,0.13965,0.32019,0.19746,0.95821,60.85,64.75,70.0,61.0,0.06409202958093663,strong_buy,1.5,8,68.27789706600291,38.35350927451107,0.0232784058947643,0.03159064508356198,0.6940029673571059,0.06489,1793795400,0.71191597,2026-08-29T11:28:04,0.0257,4.07,-12.09,Biotechnology,0.5003295162869272,Hold
HAE,Haemonetics Corporation,18.112288,5.73975,5.29736,50.960785,3.4983933,1.72,15.119145275540212,5679514624,45497051,45497051,15.83,0.518,140.265,2.377,1.674,3.08,3.74,0.071,0.11505045019291482,0.029,0.111999996,0.07122,0.17932,0.59331,103.96,106.4,120.0,86.0,0.02347056560215477,buy,1.90909,10,70.25223722858203,25.660353340338347,0.015356778679915044,0.0201787345677915,0.22965613626791953,0.01263,1793881800,0.9611505,2026-08-29T11:28:04,0.0615,,,Medical Devices,0.5003847102577317,Hold
MOD,Modine Manufacturing Company,15.885238,11.18208,7.6441,66.279854,2.7975361,0.63,-127.94589586325027,10018809856,53112708,53112708,22.279,1.759,55.497,1.574,1.112,2.036,2.06,0.059699997,0.2646748119113038,0.442,0.13094,0.04276,0.09004,0.22209999,177.63,310.2857,355.0,280.0,0.7468090975623489,strong_buy,1.125,7,50.05490909712429,,-0.02117306596495273,-0.015977274887272127,0.16605218192272475,0.01957,1793131200,0.39089215,2026-08-29T11:28:04,0.0599,,,Auto Parts,0.5004257834174388,Hold
XOM,ExxonMobil Holdings Corporation,14.724317,10.64294,11.61792,20.142673,1.7846832,1.26,31.173030879412423,681778479104,4111911960,4111911960,10.035,0.173,15.921,0.968,0.801,1.135,2.6,0.01,0.5019312169047512,1.128,0.12584,0.09072,0.15859,0.29767,156.71,169.68182,200.0,142.0,0.08277595558675244,buy,2.32,22,43.78658379290932,,0.05080968437504518,0.006558794127633096,0.3126737720727732,0.00082,1793363400,0.36402476,2026-08-29T11:28:04,0.009,,,Oil & Gas Integrated,0.500480927769788,Hold
MKSI,MKS Inc.,14.526948,17.6059,13.13414,40.661366,3.9783454,1.32,36.00076340357823,20868866048,67617558,67617558,19.743,1.999,140.094,0.869,0.594,1.144,3.71,0.0922,0.2726521800742936,1.62,0.15845999,0.10099,0.20593001,0.46952,255.76,411.30768,600.0,270.0,0.6081782921488896,buy,1.69231,13,32.608916867727544,,0.12094734146965945,0.14631222763861326,1.5822418107329834,0.00484,1793822400,1.6580677,2026-08-29T11:28:04,0.0816,,,Scientific & Technical Instruments,0.5005340553523858,Hold
FHB,"First Hawaiian, Inc.",10.213214,2.52516,2.34768,11.213044,3.5617535,,,2119135488,121680634,121680634,,0.716,,,,,4.62,0.1382,0.08465125189929568,0.034,0.10321999,0.32339,0.43712002,0.0,25.79,30.77778,34.0,28.0,0.19339976735168674,none,,9,31.913076407214035,51.668616054623044,0.004776334035231813,0.012506164869665654,0.09860935524652342,0.00733,1792758600,0.005060315,2026-08-29T11:28:04,0.09,,,Banks - Regional,0.5005403497373748,Hold
FBP,First BanCorp. New,10.992418,2.54812,2.39709,11.818566,4.4814343,4.15,,3840988160,152668268,152668268,,0.802,,,,,4.3,0.0637,0.14990614814599224,0.244,0.19494,0.39044,0.49097002,0.0,28.01,31.71429,33.0,30.0,0.13224883970010692,none,,7,54.59337698733694,,0.06875058518251001,0.060585375599360745,0.1326516127070292,0.01822,1792672200,0.25954545,2026-08-29T11:28:04,0.0443,,,Banks - Regional,0.5007506642380574,Hold
FNF,"Fidelity National Financial, In",8.214336,5.78866,5.15731,16.567945,0.8307863,0.85,3.553113618953468,14874568704,268192827,268192827,6.175,0.993,54.297,0.5425,0.145,0.94,3.46,0.0279,0.16096810830097263,0.058,0.102110006,0.05029,0.10666,0.54046,47.55,61.4,70.0,54.0,0.2912723449001051,buy,1.6,5,34.45851265413059,56.8119011062016,-0.004829864501364269,-0.017100301050876458,0.42294258549912234,0.057389997,1793908800,-0.16311038,2026-08-29T11:28:04,0.0238,,,Insurance - Specialty,0.5010241131731445,Hold
IVZ,Invesco Ltd,10.0756445,3.26133,2.80685,-48.3235294117647,2.1018012,0.9,12.717253104157555,18923757568,441499780,441499780,13.098,1.596,12.056,0.708,0.708,0.708,2.16,0.036199998,0.21718434378381812,,-0.0057300003,-0.00934,0.19950001,0.2952,32.86,33.375,39.0,29.0,0.01567255021302505,buy,2.46154,12,62.92115405550731,57.774763102683856,0.012243499585271711,0.02005498544043086,1.1934487839869794,0.00606,1793104200,0.53856814,2026-08-29T11:28:04,0.0311,,,Asset Management,0.5011225876158436,Hold
AMPX,"Amprius Technologies, Inc.",98.9,0.1,-0.06667,-34.10344827586207,13.226805,,-40.24632351957982,1376597376,146080618,146080618,-93.608,2.346,5.076,6.723,6.276,7.17,3.53,0.1538,0.8641310375617386,,-0.3607,-0.33401,-0.12629,0.22252001,9.89,23.0,30.0,18.0,1.325581395348837,strong_buy,1.1,9,45.403375560350185,41.66561546639154,-0.014609648455333869,0.6666666666666669,0.25945641252404184,0.04364,1793908800,0.43579233,2026-08-29T11:28:04,0.1556,,,Electrical Equipment & Parts,0.5011868279726827,Hold
RLJ,RLJ Lodging Trust,859.7149,0.01333,,1146.0,1.2702692,2.06,8.020557050560749,3967950592,152375872,153146802,12.176,1.109,130.001,1.4289999999999998,1.376,1.482,6.15,0.1009,0.045543223851083114,0.094,0.0125899995,0.01997,0.14519,0.2684,11.46,11.45455,13.0,9.5,-0.0004755671902270109,hold,2.91667,11,62.08072242108602,,1.0,1.0,0.8274212049132751,0.13167,1793908800,0.49934125,2026-08-29T11:28:04,0.0922,,,REIT - Hotel & Motel,0.5012822244064579,Hold
LDOS,"Leidos Holdings, Inc.",11.00397,12.78266,12.39938,13.13352,1.0010056,2.46,15.394513601684661,23533733888,125492209,125492209,9.88,0.546,123.276,1.3915,1.154,1.629,2.59,0.0383,0.09595954279520269,-0.067,0.27781,0.07803,0.11715999,0.17795,140.66,156.6,225.0,125.0,0.11332290629887676,buy,2.35294,15,61.31392552675594,41.44283451682256,0.003930909906459772,-0.02520145838560283,0.6501743877270996,0.00555,1793709000,-0.22682291,2026-08-29T11:28:04,0.0337,,,Information Technology Services,0.5016391922029081,Hold
WMS,"Advanced Drainage Systems, Inc.",18.465973,7.41851,6.32406,23.337309,3.2064044,1.33,31.564305883747185,11961439232,75405342,75405342,12.624,1.286,97.185,1.5895000000000001,1.06,2.119,3.41,0.0324,0.2417514003716077,0.188,0.26354,0.14001,0.26325,0.38645,136.99,183.91667,207.0,165.0,0.34255544200306587,strong_buy,1.16667,12,55.37902366250168,,-0.016247933035804553,0.006864886067050049,0.07294935902569902,0.07172,1793881800,-0.018733203,2026-08-29T11:28:04,0.0346,,,Building Products & Equipment,0.5016905502196031,Hold
CWT,California Water Service Group,18.356363,2.75,2.60667,22.63677,2.9606326,2.22,-12.064329121319311,4758349824,61839101,61839101,13.169,0.49,92.677,0.5675,0.434,0.701,2.94,0.0322,0.12225380669748098,0.314,0.07677,0.12634,0.28211,0.53286,50.48,55.33333,57.0,53.0,0.09614362123613307,strong_buy,1.0,3,57.526597246345695,,0.06394693877551005,-0.0036231884057970243,0.4803426001255863,0.0064499998,1793304000,0.08796704,2026-08-29T11:28:04,0.0232,,,Utilities - Regulated Water,0.5017052162757414,Hold
AMT,American Tower Corporation (REI,25.139656,7.01004,6.98352,24.274103,7.5050163,1.67,28.1218453067029,131866337280,465960048,465960048,18.719,0.894,438.721,0.3255,0.299,0.352,2.43,0.0174,0.051893765037984485,1.385,0.33914003,0.31083,0.45411,0.73774004,176.23,215.69565,260.0,188.0,0.223943993644669,buy,1.52,23,68.84286537954101,,0.057876678608487615,0.019692610252725166,0.23093294248711635,0.00075999997,1793104200,-0.13132823,2026-08-29T11:28:04,0.0151,,,REIT - Specialty,0.5020039469190094,Hold
ALL,Allstate Corporation (The),9.438622,27.60784,35.24733,5.2168164,0.93944305,3.09,4.346681915472483,69652725760,252857950,252857950,4.069,0.156,22.261,0.303,0.243,0.363,0.01,0.0,0.18786805002571594,0.612,0.46113998,0.18971,0.22827,0.36800998,260.58,274.0909,334.0,176.0,0.0518493360964003,hold,2.52,22,33.99560366430934,,0.12595557744813263,0.0384131338715993,1.2876514408289854,0.00497,1793822400,0.26625705,2026-08-29T11:28:04,0.0,,,Insurance - Property & Casualty,0.5021364661246628,Hold
ADC,Agree Realty Corporation,37.966805,1.928,1.91571,39.354836,11.710877,0.13,20.389500701237214,13079496704,124379310,124726929,19.346,0.468,58.984,0.2575,0.244,0.271,0.01,0.0001,0.04249132753671003,0.021,0.037049998,0.28842,0.48116,0.87656,73.2,84.86111,93.0,80.0,0.15930478142076487,buy,1.85,18,35.33297906778833,,-0.002961382325387724,-0.0015484285263000059,0.030249300196250516,0.01745,1792526400,0.0138504505,2026-08-29T11:28:04,0.0001,,,REIT - Retail,0.5021641571272293,Hold
EFC,Ellington Financial Inc.,6.862685,1.97736,2.09025,8.48125,4.1313486,,,19573510144,128887386,131323605,,0.934,928.78,7.6145,7.604,7.625,5.61,0.0657,0.016223772278227466,-0.033,0.12247,0.51501,0.55869997,1.0,13.57,14.85714,16.0,14.0,0.09485187914517312,buy,2.0,7,60.12934131088427,,0.07961882134187295,0.0247777979321603,1.070146865023367,0.02576,1793822400,-0.0007363558,2026-08-29T11:28:04,0.054,,,REIT - Mortgage,0.5028698931424762,Hold
FLS,Flowserve Corporation,17.238457,4.65993,4.11295,27.98955,2.2034566,2.0,23.838679264171372,12078431232,127112780,127112780,16.848,1.262,99.608,1.811,1.469,2.153,4.11,0.0608,0.012404008471846861,0.242,0.16936001,0.08012,0.13919,0.35146,80.33,89.1,100.0,70.0,0.10917465454998121,none,,10,64.83371700052615,,0.012762489165550346,0.009549703738206423,0.3092700484471702,0.0060900003,1793131200,0.5321375,2026-08-29T11:28:04,0.0608,,,Specialty Industrial Machinery,0.5029619909720524,Hold
NSSC,"NAPCO Security Technologies, In",19.584488,1.805,1.61667,29.45833,6.2496996,,24.90315782043331,1238839424,35768437,35768437,19.539,1.434,12.493,4.4935,4.088,4.899,10.81,0.0804,0.07262965949560507,0.214,0.2393,0.21267,0.17812,0.5899,35.35,50.66667,55.0,48.0,0.4332862800565771,strong_buy,1.16667,6,48.683702657392466,33.45121046446589,-0.0020555555555555895,,0.40164517114697684,0.04919,1793622600,-0.08339828,2026-08-29T11:28:04,0.0798,,,Security & Protection Services,0.5031088166215023,Hold
MTX,Minerals Technologies Inc.,10.293467,7.0025,6.02667,-32.468468468468465,1.0449708,2.22,5.711677548994914,2900898304,31128762,31128762,7.612,1.149,61.194,1.1725,0.916,1.429,3.79,0.0496,0.04523963079546811,,-0.03835,-0.0313,0.13603,0.24516001,72.08,93.0,100.0,90.0,0.2902330743618202,none,,4,59.71727365801294,,-0.030692400482509055,-0.018570427470217154,0.8134568726597629,0.01248,1793304000,0.11318135,2026-08-29T11:28:04,0.0307,,,Specialty Chemicals,0.5032134321579226,Hold
DV,"DoubleVerify Holdings, Inc.",11.544236,1.15902,1.02932,38.228573,2.697284,0.54,12.789230899786663,1969180544,154987592,154987592,13.716,0.972,10.218,4.277,4.056,4.498,1.72,0.0657,0.08214275630529166,0.6,0.05389,0.07656,0.11942001,0.82434,13.38,13.48,14.0,12.0,0.007473841554558991,hold,3.0,10,70.8508462598819,,-0.03983134643010388,-0.05641852286049249,0.2088535172475356,0.0118700005,1793908800,-0.16416043,2026-08-29T11:28:04,0.058,,,Advertising Agencies,0.503306377090514,Hold
ROG,Rogers Corporation,28.206741,4.45,3.75,74.27219,2.6866715,0.52,22.467652471825694,2128011776,17868335,17868335,16.522,0.502,2.366,3.416,2.844,3.988,2.46,0.0476,0.1082799880346994,,0.02596,0.03749,0.09548,0.32439,125.52,173.33333,200.0,150.0,0.3809220044614403,none,,3,59.35761682762075,59.38119833848298,0.030219780219780185,0.01908319153954847,1.1401359634679706,0.01211,1793304000,0.67157817,2026-08-29T11:28:04,0.0314,1.85,2.0,Electronic Components,0.5037048712722597,Hold
AIR,AAR Corp.,20.365444,6.54,5.70857,27.349077,1.6209416,2.4,-106.46959813353189,6173884416,40258840,40258840,17.984,1.125,59.397,1.9255,1.01,2.841,3.15,0.0347,0.09522648938717548,0.323,0.12876001,0.056739997,0.08384,0.18802999,133.19,145.2,155.0,128.0,0.09017193482994212,none,,5,44.4009562015636,,0.010622157466402932,-0.005171889260724035,0.86433144879794,0.02468,1790107200,0.7961935,2026-08-29T11:28:04,0.0352,,,Aerospace & Defense,0.5037938465683969,Hold
KEX,Kirby Corporation,16.680382,8.33674,7.08929,21.393847,2.1041715,2.63,21.146207056975108,8532918784,52800000,52800000,10.962,0.859,35.618,1.3605,1.037,1.684,2.48,0.0361,0.16059766666666686,0.0,0.10414,0.1018,0.13833,0.33196998,139.06,166.16667,175.0,158.0,0.19492787286063584,none,,6,58.42064828139329,25.451011457420122,0.010780360666583047,0.006957244351466549,0.4292213657007803,0.007929999,1793277000,0.47205555,2026-08-29T11:28:04,0.0285,,,Marine Shipping,0.5039587321154788,Hold
PCTY,Paylocity Holding Corporation,16.30501,9.68598,8.72032,32.09959,4.936388,1.23,24.297860220518178,8252013568,55366000,55366000,19.281,0.433,10.887,0.5915,0.094,1.089,3.71,0.0714,0.1100000000000001,0.276,0.21972999,0.15228,0.19062,0.69281995,157.93,172.0,250.0,128.0,0.0890901032102831,strong_buy,1.45,19,67.96514486225638,,0.003584922380388283,0.004742610676475644,0.3930601316933374,0.2019,1793736000,-0.09390396,2026-08-29T11:28:04,0.0715,,,Software - Application,0.5039677541548723,Hold
AMD,"Advanced Micro Devices, Inc.",30.133204,15.45073,7.56794,119.074165,18.400862,1.03,85.96365949343529,751198011392,1632475042,1632475042,78.561,2.489,6.361,2.1485,1.688,2.609,1.42,0.024600001,0.4921409965813124,1.595,0.10196,0.15577,0.1725,0.55724,465.58,613.8449,1250.0,365.0,0.31845203831779734,strong_buy,1.48148,49,54.082379335210305,,0.01554733711930099,0.12693420546869136,0.7571677946554851,0.00425,1793736000,1.9366066,2026-08-29T11:28:04,0.0247,,,Semiconductors,0.5044265434476763,Hold
NUE,Nucor Corporation,13.152609,19.04565,18.72638,20.007986,1.5742599,5.21,83.16423390955421,62820614144,226875676,226875676,11.058,1.892,30.512,1.896,1.284,2.508,2.63,0.020599999,0.25101000179499167,0.938,0.14548999,0.07989,0.15668,0.15554,250.5,282.8125,305.0,231.0,0.12899201596806398,buy,1.52941,16,25.360767541973487,,0.10209243829031416,0.09554216701141459,0.6329501723966766,0.0117999995,1793044800,0.7238388,2026-08-29T11:28:04,0.0158,,,Steel,0.5049464204656166,Hold
FAF,First American Corporation (New,10.079395,7.38834,7.14233,10.328711,0.95233995,2.98,3.2524205024482895,7695654912,102100000,102100000,5.616,1.235,49.421,0.396,0.396,0.396,7.45,0.0633,0.1593937316356513,0.504,0.13846,0.09333,0.15567,0.63984,74.47,87.66667,99.0,83.0,0.177207868940513,none,,6,74.39269201359286,,0.047383787858124374,0.021503399093851575,0.7118025710821653,0.035269998,1792612800,0.15760875,2026-08-29T11:28:04,0.0564,,,Insurance - Specialty,0.5050807185221359,Hold
CVBF,CVB Financial Corporation,11.132126,1.99333,1.74,15.409722,6.821904,1.47,,3975243008,175997435,175997435,,0.654,,,,,6.02,0.064,0.11201330087566319,-0.216,0.07649,0.3614,0.55747,0.0,22.19,26.16667,28.0,25.0,0.17921000450653435,buy,2.16667,6,44.735522391307015,38.26286728495028,0.0419161676646707,0.05355708245243137,0.06311867894677581,0.051020004,1792612800,0.120602965,2026-08-29T11:28:04,0.0507,,,Banks - Regional,0.5051579194665093,Hold
OMER,Omeros Corporation,16.253277,1.145,0.66,11.278789,35.061855,0.81,7.348987937930188,1558392064,72388316,72388316,-21.671,2.538,,1.7825000000000002,1.614,1.951,6.79,0.20969999,,,,3.2488198,0.00259,0.38342997,18.61,33.0,33.0,33.0,0.7732401934443849,buy,2.33333,1,79.8931456898435,41.9249400282644,0.736842105263158,1.0,1.1858582497284522,0.04082,1794513600,3.4871793,2026-08-29T11:28:04,0.2113,,,Biotechnology,0.5053278789398629,Hold
OMC,Omnicom Group Inc.,7.329444,12.04457,10.59339,238.59459,1.0826042,15.97,5.68443867253786,33116467200,274345967,274345967,9.008,0.66,107.744,0.796,0.668,0.924,8.35,0.0933,0.15381100197474362,0.588,0.060510002,0.017439999,0.15384,0.18959999,88.28,102.08333,139.0,77.0,0.15635851835070236,buy,2.07692,12,71.7330551756767,,-0.02708861038505411,-0.016128874156389215,0.6891387155806654,0.00934,1792526400,0.14246714,2026-08-29T11:28:04,0.0934,,,Advertising Agencies,0.5055093775343897,Hold
WGO,"Winnebago Industries, Inc.",12.800456,2.39054,1.80459,22.5,0.3050062,0.24,5.267335290842943,1284326272,28268893,28268893,9.872,1.119,39.12,1.6070000000000002,0.841,2.373,5.98,0.1285,-0.009023738566628636,-0.182,0.03142,0.0135699995,0.03292,0.13,30.6,38.0,73.0,30.0,0.24183006535947715,none,,11,31.01053818807752,46.965502482803515,-0.021769887518633946,-0.0469709292127127,1.101113280090261,0.03469,1792585800,-0.13500428,2026-08-29T11:28:04,0.116,,,Recreational Vehicles,0.5055457594480615,Hold
UCB,"United Community Banks, Inc.",10.901294,3.22714,2.91833,11.496733,3.801213,1.67,,4906418176,119763827,119763827,,0.833,,,,,4.75,0.049000002,0.27887132397664605,0.508,0.10271,0.34092,0.50902003,0.0,35.18,39.16667,40.0,37.0,0.11332205798749295,buy,2.28571,6,50.69406253133214,,0.00011309115832760159,0.0008839155286900431,0.22757718599558477,0.00428,1792585800,0.064350486,2026-08-29T11:28:04,0.0365,,,Banks - Regional,0.505552009720675,Hold
CMCO,Columbus McKinnon Corporation,6.809618,2.64332,2.01308,-1.9189765458422172,0.3489316,0.46,-2.0198782659150534,3700547072,28864244,28864244,14.942,1.37,180.952,1.44,0.882,1.998,2.76,0.3051,1.2421547191743532,,-0.27747,-0.21247,0.10429,0.35138,18.0,26.0,30.0,18.0,0.4444444444444444,none,,4,38.20796261975655,57.47593724608006,0.14269820456493482,0.05430005025566579,1.5842735056951254,0.02861,1793277000,0.24005389,2026-08-29T11:28:04,0.0752,,,Farm & Heavy Construction Machinery,0.5057613936956007,Hold
CALY,Callaway Golf Company,17.941065,0.87453,0.73155,36.48837,1.3150673,0.72,27.73785796484278,2796130048,178510521,178510521,10.918,0.956,12.643,2.3045,1.566,3.043,3.0,0.0452,0.0507017104050691,2.621,0.03466,-0.12367,0.19046,0.44812,15.69,20.5,23.0,19.0,0.30656469088591454,none,,10,18.071415203732954,,0.0837296120172437,0.10306248581014614,1.409613993930007,0.13315,1793908800,0.6373277,2026-08-29T11:28:04,0.0392,,,Leisure,0.505882253193907,Hold
BWA,BorgWarner Inc.,10.789217,5.94019,5.21906,31.571426,0.90999556,0.47,12.241947314298857,14846977024,203666354,203666354,7.292,1.106,70.11,1.8944999999999999,1.662,2.127,2.91,0.0377,0.06567514325905788,0.301,0.08056,0.02893,0.106359996,0.19325,64.09,79.66667,95.0,62.0,0.24304368856295833,buy,1.86667,15,28.810132997055348,,0.007546375751210885,0.02039873295954272,0.528048392531335,0.00616,1793277000,0.5189873,2026-08-29T11:28:04,0.0332,,,Auto Parts,0.5059642637520958,Hold
SIGI,"Selective Insurance Group, Inc.",10.536753,8.775,8.15125,11.471463,1.0067271,0.28,4.062434561572686,6219752448,59569119,59569119,8.687,0.29,24.596,0.2545,0.191,0.318,3.42,0.041199997,0.06747530545147051,0.551,0.14152999,0.090959996,0.12693,0.22764,92.46,102.85714,115.0,80.0,0.11245014060134118,none,,7,36.71514983905952,,0.03606609469335869,-0.009174311926605385,0.4007813956335339,0.0073,1792612800,0.17609584,2026-08-29T11:28:04,0.0334,,,Insurance - Property & Casualty,0.5060032261053043,Hold
CDW,CDW Corporation,12.372009,11.93743,10.92964,17.729893,0.78568125,1.33,27.281566705012526,24531523584,125017426,125017426,12.199,0.94,263.278,1.089,1.011,1.167,4.17,0.0766,0.1586664726243845,0.049,0.44009998,0.04597,0.07345,0.21360001,147.69,155.88889,171.0,123.0,0.055514185117475856,buy,1.8,9,62.33916879454012,61.92360315529935,0.016083089143077975,0.013278159748748007,0.008644547516091053,0.00454,1793709000,-0.08196217,2026-08-29T11:28:04,0.0664,,,Information Technology Services,0.5061271972845386,Hold
JBTM,JBT Marel Corporation,12.768383,9.26429,8.05429,31.97027,1.5629637,1.22,17.99232835028569,7682371072,51876817,51876817,12.053,0.944,37.545,0.881,0.523,1.239,6.57,0.0924,0.07903994186844576,8.333,0.0437,0.04903,0.08053,0.35551,118.29,172.64285,210.0,118.0,0.45948812241102366,buy,1.57143,7,30.83150508938546,,-0.027650715352400483,-0.009873170689999603,1.2981077727266739,0.00698,1793649600,-0.1701948,2026-08-29T11:28:04,0.0795,,,Specialty Industrial Machinery,0.5061273803087111,Hold
NJR,NewJersey Resources Corporation,15.497734,3.45857,3.56,14.847646,2.4394035,2.08,-20.9634510455373,9284734976,101467946,101467946,12.344,0.527,146.778,0.4565,0.252,0.661,5.55,0.048600003,0.1557068475595238,,0.14453,0.16423,0.09133001,0.39178002,53.6,60.0,64.0,53.0,0.11940298507462677,none,,7,55.54019763036032,,0.01146708186064489,0.0012158512261280586,0.09022186428734158,0.0047999998,1794859200,0.13844204,2026-08-29T11:28:04,0.0358,,,Utilities - Regulated Gas,0.5061666763944328,Hold
DRI,"Darden Restaurants, Inc.",17.405518,12.3886,11.27317,20.674017,1.8532431,1.97,30.952952119688803,31912282112,113541756,113541756,15.089,0.585,364.507,0.2145,0.115,0.314,5.25,0.077,0.16757499329145498,0.36,0.53718,0.09134,0.14142,0.21667999,215.63,230.16667,276.0,156.0,0.06741487733617779,buy,1.92857,24,65.76736483236665,,0.0,0.0,0.11499776932569085,0.00299,1790253000,0.014755368,2026-08-29T11:28:04,0.0573,,,Restaurants,0.5063493141812755,Hold
TEX,Terex Corporation,10.681161,5.96658,5.0234,30.492825,1.0909599,1.47,31.36421614639397,9564339200,114300000,114300000,14.968,1.506,54.558,1.33,0.842,1.818,4.45,0.060500003,-0.11488882764654418,-0.119,0.042090002,0.02232,0.084,0.17163,63.73,79.94,100.0,66.5,0.25435430723364205,buy,2.0,13,38.68650618412722,54.78835670657168,0.03028252063785051,0.02693064330967926,0.3599040005354935,0.01747,1793277000,0.29235077,2026-08-29T11:28:04,0.0531,,,Farm & Heavy Construction Machinery,0.5064975113350273,Hold
BIRK,Birkenstock Holding plc,12.714793,2.8038208,1.95418,16.658878,2.5977461,1.0,38.06596805607646,7521555968,165126204,165126204,11.615,1.296,69.021,2.875,1.967,3.783,3.01,0.11229999,0.2618560407287023,-0.13,0.12361,0.14821,0.28972998,0.57484,35.65,53.984825,76.361534,38.692932,0.5143008415147265,buy,1.59091,20,25.00166138990916,16.82326917856166,-0.019049961598891604,-0.00572689408964705,0.5645600214014073,0.17471,1786624200,-0.30023783,2026-08-29T11:28:04,0.089,,,Footwear & Accessories,0.5065895938129904,Hold
GPOR,Gulfport Energy Corporation,6.4037437,27.5417,23.45182,6.706084,2.2900226,,30.575984471349443,4040259328,17683866,17683866,4.008,0.413,50.48,0.4565,0.337,0.576,3.56,0.077199996,-0.1581220644852206,-0.468,0.27411,0.36472,0.49495,0.68134004,176.37,225.33333,261.0,186.0,0.2776171117536994,buy,1.84615,12,63.21090351985802,46.85990268183819,-0.01209531171344974,-0.031121114345980288,1.0820931532340505,0.02155,1793736000,-0.00096428394,2026-08-29T11:28:04,0.079,,,Oil & Gas E&P,0.506673512200197,Hold
RDDT,"Reddit, Inc.",15.793564,9.68749,7.67514,35.581394,10.593172,1.05,43.41251010870969,26671175680,146103200,192396510,33.276,2.034,0.635,10.3305,10.175,10.486,2.63,0.1164,1.0636667506255852,1.778,0.30712,0.31348,0.28788,0.91442,153.0,214.84375,300.0,130.0,0.4042075163398693,buy,1.90909,32,41.68728316556954,,0.08129676611323414,0.07817144607373942,1.2918340279216356,0.0065499996,1793304000,-0.30041808,2026-08-29T11:28:04,0.1173,,,Internet Content & Information,0.5067126116413151,Hold
RBA,"RB Global, Inc.",17.660904,4.87291,4.35536,37.094826,3.2877412,1.01,26.405965398356813,20591411200,185200000,185200000,15.564,0.552,77.606,1.017,0.722,1.312,8.46,0.097600006,0.11191183585313169,0.34,0.08066,0.09988,0.17721,0.45761,86.06,128.90909,152.0,104.0,0.4978978619567742,buy,1.58333,11,41.57240593115401,,-0.016793272758056362,-0.0036008440820199787,0.3745274657757602,0.00238,1793908800,-0.25739235,2026-08-29T11:28:04,0.078,,,Specialty Business Services,0.5067613339890102,Hold
PJT,PJT Partners Inc.,20.157646,9.06852,7.99383,24.904633,4.129488,,,5422330368,25564818,42597204,,0.828,42.653,1.706,1.706,1.706,4.42,0.0919,0.8574727971855698,0.375,0.37633,0.10582,0.20994,0.95252,182.8,187.8,203.0,171.0,0.027352297592997843,none,,5,60.55211488337156,,0.07095746490911936,0.05561201149605919,0.35380346721052913,0.07119,1793709000,0.010177493,2026-08-29T11:28:04,0.083,,,Capital Markets,0.5067700925196602,Hold
FBK,FB Financial Corporation,11.252127,5.14125,4.68125,15.304233,4.442743,,,2147833344,49978138,49978138,,0.932,,,,,4.98,0.053200003,1.4802878370538735,17.834,0.1108,0.30199,0.45556,0.0,57.85,66.34375,67.5,65.0,0.14682368193604156,strong_buy,1.25,8,36.922269737513666,,-0.0002669514148424455,0.0009734728644438828,0.03416273782187133,0.0209,1791921600,0.08123827,2026-08-29T11:28:04,0.0392,,,Banks - Regional,0.5068543282207257,Hold
EYE,"National Vision Holdings, Inc.",14.404707,1.20655,1.00539,28.032257,0.6758174,,28.243682999013483,2073549568,79069313,79069313,11.206,1.009,77.705,0.389,0.186,0.592,6.7,0.253,0.026647468152404263,0.364,0.057550002,0.02473,0.04887,0.58637,17.38,28.72727,35.0,20.0,0.6528924050632914,buy,1.58333,11,31.532063145365555,,0.0391090899695106,0.0289873633879781,1.219723494531427,0.02664,1793795400,-0.18550593,2026-08-29T11:28:04,0.183,,,Specialty Retail,0.5070152453786385,Hold
HLX,"Helix Energy Solutions Group, I",18.691244,0.5425,0.28,42.250004,1.107646,17.67,5.045832202026833,1452621952,147382447,147382447,6.27,1.165,38.544,3.3575,3.25,3.465,5.05,0.062,0.2047505765730704,,0.02191,0.0294,0.11531,0.13374,10.14,12.25,14.0,9.0,0.20808678500986177,buy,2.0,4,57.60245349528933,61.11945302466375,-0.07691293310915492,-0.02690582959641258,1.3563365511249723,0.0678,1792585800,0.54977024,2026-08-29T11:28:04,0.0537,5.39,0.65,Oil & Gas Equipment & Services,0.5072470042505139,Hold
CNO,"CNO Financial Group, Inc.",11.012331,5.028,4.67,19.093102,1.1025068,1.29,5.142965891551961,8127108096,92521371,92521371,8.21,0.817,175.664,1.4415,0.613,2.27,0.01,0.0001,0.2045721890567318,0.462,0.10934,0.060170002,0.16729,0.38706002,55.37,53.75,56.0,52.0,-0.02925772078742994,none,,4,56.32175628501828,,0.05120990433314576,0.01699029126213585,0.2415193958736232,0.02402,1793649600,0.40929997,2026-08-29T11:28:04,0.0001,,,Insurance - Life,0.5076189930947316,Hold
HAL,Halliburton Company,12.466963,2.90207,2.35076,18.94241,1.3472784,0.83,14.68761444609664,35760795648,833130367,833130367,8.64,0.753,74.186,1.6349999999999998,1.252,2.018,2.59,0.0504,0.061236383198597366,0.161,0.14917,0.0716,0.12793,0.15076,36.18,43.2,53.0,29.0,0.19402985074626877,buy,1.75,25,63.079498014998016,,-0.013856086316328063,-0.013904243846524254,0.3257360409303918,0.00404,1792499400,0.5641252,2026-08-29T11:28:04,0.0373,,,Oil & Gas Equipment & Services,0.507656990648071,Hold
PHIN,PHINIA Inc.,9.945658,6.90251,5.96515,19.670488,0.69576895,,9.341522798382043,3185954560,36638088,36638088,6.555,1.107,68.916,1.5035,1.201,1.806,9.28,0.14220001,0.12132357998594268,-0.079,0.08523,0.03734,0.077659994,0.21798,68.65,94.0,105.0,80.0,0.36926438455935906,none,,5,40.02511329703345,60.51075187629188,-0.021230478428232464,0.023370319412650803,0.5417025251167573,0.02313,1793709000,0.17402554,2026-08-29T11:28:04,0.0946,,,Auto Parts,0.5076803818456941,Hold
GRDN,"Guardian Pharmacy Services, Inc",25.916086,1.43,1.30333,35.634617,1.6041113,,36.369165689319935,2326058240,49798904,63342304,21.261,,15.241,1.455,1.257,1.653,8.81,0.081,0.2988017808584704,1.398,0.30424,0.04504,0.0348,0.21632999,37.06,48.83333,50.0,47.0,0.31768294657312457,none,,6,30.010983390206633,,0.03438888888888896,0.05276331966458806,1.4817409785276192,0.37505,1794254400,0.4033835,2026-08-29T11:28:04,0.094,,,Medical Care Facilities,0.5080335686295183,Hold
LSCC,Lattice Semiconductor Corporati,35.607014,3.21285,2.1324,457.6,24.954445,0.59,104.78475002664719,16113040384,142030272,142030272,174.881,1.796,4.836,2.5455,2.067,3.024,2.65,0.0695,0.5633660970528873,6.0,0.04927,0.05579,0.1333,0.69024,114.4,164.53847,180.0,125.0,0.4382733391608391,strong_buy,1.46154,13,36.67845610453905,,0.16791359498745773,0.37940879720069565,0.9180387620847585,0.00603,1793649600,0.80479395,2026-08-29T11:28:04,0.0368,,,Semiconductors,0.5081119436228075,Hold
DAVE,Dave Inc.,17.220837,21.98209,17.3259,24.391108,7.501864,,28.884289158231677,4842992128,11441425,12755507,20.844,3.861,129.139,3.2005,2.178,4.223,5.12,0.2168,0.5111018426463487,-0.21,1.04779,0.34589002,0.32945,0.71748,378.55,436.58334,490.0,350.0,0.15330429269581303,buy,1.61538,12,68.61029493590426,75.24231805509436,0.0422879212173532,0.04354065600090379,1.2914210457868927,0.108009994,1793822400,0.7798134,2026-08-29T11:28:04,0.2434,5.3,-1.49,Software - Application,0.5081485315677152,Hold
VSH,"Vishay Intertechnology, Inc.",17.741241,1.72254,0.84544,152.79999,1.4120916,1.35,312.4870925924383,4662793728,141282019,153379167,14.593,1.826,37.664,1.4620000000000002,1.122,1.802,2.59,0.1099,0.11872667957838279,18.0,0.01134,0.00856,0.0581,0.20927,30.56,39.0,45.0,26.0,0.27617801047120416,none,,4,38.89017025689528,,0.1214070645037206,0.11853246753246748,1.17210343484789,0.0124,1793795400,1.1373737,2026-08-29T11:28:04,0.0965,,,Semiconductors,0.5082257220729188,Hold
STZ,"Constellation Brands, Inc.",10.546371,12.39194,11.80013,12.446667,2.464741,1.72,10.098415501052322,33047046144,170752511,170804357,9.563,0.4,123.205,0.5800000000000001,0.247,0.913,4.08,0.0494,0.008004053679772749,0.307,0.2369,0.20143999,0.35931,0.5272,130.69,170.8261,209.0,115.0,0.30710918968551537,none,,23,46.06943996989054,,0.004175793502883877,0.001532371344655844,1.1551953985087908,0.12562999,1791230400,-0.13109875,2026-08-29T11:28:04,0.0468,,,Beverages - Brewers,0.5083384742743372,Hold
DKS,Dick's Sporting Goods Inc,9.730669,13.88291,12.10695,14.894156,0.5718049,0.86,-14.687494081707193,18754412544,65931904,89502537,9.001,1.186,139.077,0.891,0.297,1.485,4.87,0.1254,0.8419485049301778,-0.257,0.18475,0.03967,0.08005,0.33093,135.09,174.27727,275.0,99.0,0.290082685616996,buy,2.15385,22,14.082291175911621,75.61081285772312,,,0.15218155581661272,0.044299997,1795523400,-0.37033498,2026-08-29T11:28:04,0.1235,6.85,3.45,Specialty Retail,0.5083496738420851,Hold
APP,Applovin Corporation,14.864721,21.37679,16.55512,24.42429,15.631308,0.88,33.56906009030645,105083707392,305732000,335939521,19.406,2.529,111.13,4.2330000000000005,4.166,4.3,1.59,0.039100002,0.6364731464158151,0.57,2.03686,0.64575994,0.77678,0.88464,317.76,525.5806,790.0,325.0,0.6540174974823767,buy,1.60606,31,51.083510460768856,,-0.020536039383706864,-0.041633315724666095,1.1569723839673605,0.14314,1793822400,-0.35102654,2026-08-29T11:28:04,0.0449,,,Advertising Agencies,0.5083889057974741,Hold
NNN,"NNN REIT, Inc.",21.70978,2.10366,2.06991,22.497536,9.114778,4.79,-6.333671446626324,13697300480,190248177,190248177,15.915,0.783,112.118,0.147,0.115,0.179,4.25,0.0432,0.0686999329302378,-0.037,0.08719,0.40353,0.61697,0.96094,45.67,47.8,50.5,45.0,0.04663893146485654,hold,2.94118,15,43.37400943072486,,0.015672458377699417,0.0020291511860531246,0.06045949214026605,0.008590001,1793709000,0.07595539,2026-08-29T11:28:04,0.0341,,,REIT - Retail,0.508458160930623,Hold
SMG,Scotts Miracle-Gro Company (The,12.769796,4.73226,4.4161,23.332047,1.0099759,0.88,14.157951742454728,5989966336,58220274,58220274,11.2,1.829,,0.9410000000000001,0.667,1.215,3.89,0.0942,0.016638894554154682,-0.255,,0.02121,0.16825001,0.32157,60.43,77.16667,82.0,70.0,0.276959622703955,buy,2.0,6,58.977926041571074,58.13906688708037,0.018355816903032427,0.006204444746846791,1.116554528779324,0.23698,1793795400,0.0059770346,2026-08-29T11:28:04,0.0945,,,Agricultural Inputs,0.5085135420097983,Hold
HON,Honeywell International Inc.,21.737349,10.0026,8.3123,8.359477,1.8107643,4.04,26.399372272238573,94991269888,316940010,316940010,11.16,0.918,185.369,0.9835,0.756,1.211,1.57,0.0166,1.1137158975079204,2.639,0.46577,0.21581,0.20249,0.36511,217.43,264.0909,303.0,186.0,0.21460194085452766,buy,1.91667,22,28.811483044680713,,0.007622354056406368,0.006925849121182179,0.09349538181497946,0.00081,1792672200,0.024634719,2026-08-29T11:28:04,0.0177,,,Conglomerates,0.5086890490027701,Hold
CHDN,"Churchill Downs, Incorporated",12.249041,7.33935,6.88917,15.263159,2.0943387,1.69,45.172942342555785,10740767744,69700243,69700243,10.842,0.663,349.173,0.2975,0.239,0.356,3.58,0.0551,0.055382187060667665,0.144,0.33848,0.13804,0.36530998,0.34179002,89.9,131.63635,157.0,100.0,0.4642530589543936,none,,11,50.44115704470995,,-0.004481097312497681,0.007419049318490558,0.03509003218543385,0.059070002,1793217600,-0.15244442,2026-08-29T11:28:04,0.055,,,Gambling,0.5091115307899691,Hold
HGV,Hilton Grand Vacations Inc.,7.8379526,5.58947,4.77092,24.892046,0.72387224,,-26.81177096062992,11123649536,77724145,77724145,11.948,1.523,624.086,3.846,2.878,4.814,5.28,0.1262,0.2524974317826205,-0.4,0.11456,0.0321,0.12666,0.24617,43.81,55.63636,74.0,46.0,0.2699465875370921,buy,2.36364,11,46.83363188155431,22.229181836263052,-0.08839871903637285,0.011716388463529495,0.7247813300176741,0.020599999,1793277000,-0.062058628,2026-08-29T11:28:04,0.1291,,,Resorts & Casinos,0.5091947549814368,Hold
HOPE,"Hope Bancorp, Inc.",8.824089,1.5775,1.1325,13.782179,3.3297312,1.24,,1777457408,127741836,127741836,,0.81,,,,,5.63,0.0638,0.7151157902568426,,0.056550004,0.23934,0.34244,0.0,13.92,15.5,16.0,15.0,0.11350574712643668,none,,4,50.237682761508246,,-0.013071895424836517,-0.014062500000000117,0.5314260953486358,0.04765,1793104200,0.2594937,2026-08-29T11:28:04,0.0479,,,Banks - Regional,0.5092874765175625,Hold
SPXC,"SPX Technologies, Inc.",20.311691,9.78402,8.47755,34.926186,4.0201797,1.39,42.532049841924575,10401862656,50085860,50085860,19.935,1.289,26.175,1.4809999999999999,1.137,1.825,2.65,0.0332,0.14734633287718335,0.41,0.14684,0.11265001,0.17673,0.40287998,198.73,272.16666,310.0,225.0,0.369529814320938,strong_buy,1.25,12,43.496088978799314,,0.05441246158304601,0.07645286182505906,0.8155945458646499,0.030620001,1793217600,0.114985585,2026-08-29T11:28:04,0.0291,,,Building Products & Equipment,0.5093295077162392,Hold
HST,"Host Hotels & Resorts, Inc.",21.20471,1.05071,1.3695,14.95302,2.4829173,3.59,9.146026223596396,19227678720,685124399,694726443,11.344,1.122,85.298,1.67,1.669,1.671,4.39,0.089899994,0.05309560954053838,0.084,0.15558,0.16474001,0.18215,0.29195,22.28,25.06533,29.0,21.0,0.1250148114901255,buy,1.90476,20,49.62426337222413,,0.010701107011070079,0.04652390438247015,0.09299661693065338,0.01469,1793822400,0.3087288,2026-08-29T11:28:04,0.0651,,,REIT - Hotel & Motel,0.5093445039929699,Hold
SNX,TD SYNNEX Corporation,11.860236,21.41357,18.97409,18.218796,,0.74,,24425457664,,,11.002,1.436,52.735,0.902,0.605,1.199,2.71,0.025,0.31,0.879,0.13141,0.01629,0.02661,0.07047,253.97,333.54544,374.0,278.0,0.31332614088278143,buy,1.54545,11,49.05304194466486,,0.0,0.0,0.19350056023156065,0.0494,1790253000,0.77466226,2026-08-29T11:28:04,0.0241,,,Electronics & Computer Distribution,0.5094756876340129,Hold
MCRI,"Monarch Casino & Resort, Inc.",17.77665,6.895,6.64,19.674158,3.909082,1.07,16.648343119702915,2090112000,17922521,17922521,10.571,1.35,2.218,1.15,1.093,1.207,3.99,0.046,0.06009749409695209,0.236,0.20544,0.20399,0.27436,0.68021005,122.57,127.0,144.0,114.0,0.03614261238475969,hold,2.66667,6,43.78484426186723,,-0.004497751124437818,0.012481644640234943,0.11408166148941767,0.32479,1792526400,0.20381737,2026-08-29T11:28:04,0.0448,,,Resorts & Casinos,0.5098318414663695,Hold
LKQ,LKQ Corporation,8.255964,3.09231,2.6848,14.183334,0.47188362,0.92,8.91992851974373,11452133376,253002086,253002086,8.163,0.827,82.105,1.0395,0.501,1.578,4.34,0.077199996,-0.013548835957028493,-0.29,0.07131,0.03368,0.07013,0.3834,25.53,32.5,42.5,25.0,0.27301214257735995,buy,1.77778,8,45.66235946027691,,-0.09578642130398315,-0.06975533889458795,0.25962774960455104,0.00375,1793277000,-0.22256285,2026-08-29T11:28:04,0.0592,,,Auto Parts,0.5102784041553762,Hold
TMUS,"T-Mobile US, Inc.",12.561519,14.43854,12.17617,18.971756,2.1103435,0.84,17.16217862694385,312152457216,1072671613,1072671613,9.082,0.327,214.035,0.7545,0.585,0.924,3.59,0.0355,0.14214874141169243,0.053,0.17994,0.11455,0.2522,0.63054,181.37,243.375,300.0,169.0,0.34187021006781704,buy,1.7037,24,51.59833726534771,,0.048279818380846704,0.025954742925998035,0.5073713007067887,0.55553,1792672200,-0.30536556,2026-08-29T11:28:04,0.0348,,,Telecom Services,0.5105524418963734,Hold
DOCU,"DocuSign, Inc.",12.555002,5.09757,4.52359,41.55844,3.7188537,0.71,9.773480612081315,11589608448,190944608,190944608,29.912,0.871,10.075,0.63,0.595,0.665,4.91,0.1067,0.152799086612595,0.176,0.16440001,0.09592,0.13407,0.79541,64.0,57.52294,86.0,46.89,-0.10120406250000002,hold,2.7619,17,65.77946179128332,,-0.0003646215449345686,0.00015696215446251485,1.3233731876715742,0.00526,1788465600,-0.13865262,2026-08-29T11:28:04,0.0813,,,Software - Application,0.510577135957657,Hold
BSX,Boston Scientific Corporation,13.642851,3.4333,3.30364,18.963562,3.233088,0.72,27.6913615779301,80208912384,1449229526,1449229526,14.045,0.566,50.151,0.899,0.558,1.24,1.4,0.0191,0.0991228363918939,0.151,0.15338999,0.17499,0.22895999,0.69189,46.84,62.68966,94.0,44.0,0.33837873612297176,buy,1.58065,29,38.790359447657615,,-0.016765030640154523,-0.07521784218394359,0.5206332698910494,0.00254,1793190600,-0.5624414,2026-08-29T11:28:04,0.0191,,,Medical Devices,0.5107441293590829,Hold
OCFC,OceanFirst Financial Corp.,8.153007,2.31571,1.80167,23.308641,4.266807,1.15,,3931606784,96645219,96645219,,0.96,,,,,4.51,0.0436,-0.21503102186565481,,0.02365,0.11201,0.36817002,0.0,18.88,22.08333,24.0,21.0,0.16966790254237285,none,,6,50.72617516277873,,-0.03284734225867744,0.0006135791106559579,0.29705837905454474,0.024330001,1793217600,0.039053917,2026-08-29T11:28:04,0.0488,,,Banks - Regional,0.5108223492422526,Hold
JBHT,"J.B. Hunt Transport Services, I",25.805157,10.11542,7.82498,37.130867,1.9300855,2.44,27.147115859325755,26135431168,93914939,93914939,15.613,1.297,38.373,1.1345,1.014,1.255,2.71,0.0444,0.2306706542608734,0.458,0.18448,0.05311,0.07423,0.18505,261.03,305.45456,370.0,182.0,0.17018948013638302,buy,2.08333,22,51.16461332651073,,0.0004359738517969782,0.0021538229862646157,0.23043827653293597,0.20436001,1792008000,0.82592726,2026-08-29T11:28:04,0.0384,,,Integrated Freight & Logistics,0.510831771722365,Hold
TRMB,Trimble Inc.,14.796041,4.1234,3.66919,-127.10416666666667,3.7606869,1.65,20.732761248349576,15471202304,233179848,233179848,17.579,1.356,28.553,0.7649999999999999,0.576,0.954,3.82,0.0517,0.13279763832764835,,-0.01939,-0.027679998,0.15134,0.71773005,61.01,80.18182,94.0,61.0,0.3142406162924112,strong_buy,1.38462,11,66.54833650777258,,0.0227051645469419,0.011460305935221932,0.8283531573131403,0.00402,1793795400,-0.21674937,2026-08-29T11:28:04,0.045,,,Scientific & Technical Instruments,0.5109962737602487,Hold
AWI,Armstrong World Industries Inc,18.272001,9.58242,8.43595,23.98493,4.3646326,2.02,33.5097838925768,7920638976,42262826,42262826,17.629,1.17,65.589,1.2449999999999999,0.971,1.519,2.67,0.040999997,0.1426259474461078,0.124,0.36618,0.18597001,0.21568,0.40308997,175.09,210.18182,230.0,190.0,0.20042161174253237,buy,1.7,11,36.91061919477338,,0.015449708700466957,0.02236798726523767,0.21199716651115838,0.01548,1793104200,-0.098680496,2026-08-29T11:28:04,0.0357,,,Building Products & Equipment,0.5115021030383413,Hold
BCRX,"BioCryst Pharmaceuticals, Inc.",10.446808,0.94,0.745,-7.014285714285715,2.6677866,9.39,7.752896262882139,3006203392,255535105,255535105,6.942,0.554,,2.27,2.219,2.321,9.31,0.1299,0.0975130794651482,14.0,,-0.40895998,0.45116,0.77388,9.82,20.81818,32.0,12.0,1.1199775967413443,strong_buy,1.45455,11,47.65709690662091,,0.12878787878787873,-0.06000000000000005,1.1215670351399742,0.01195,1793622600,0.1905911,2026-08-29T11:28:04,0.1481,,,Drug Manufacturers - Specialty & Generic,0.5115594021530718,Hold
HOV,"Hovnanian Enterprises, Inc.",10.114575,12.83,,124.778854,0.26933524,2.0,,1578496000,5071686,5859597,18.728,1.831,113.88,2.532,0.598,4.466,2.47,0.0799,-0.019070758718106817,,0.02099,0.00641,0.0080699995,0.14609,129.77,74.0,74.0,74.0,-0.42976034522616946,underperform,4.0,1,48.289136676183084,,1.0,1.0,0.4660621341141413,0.10176,1787229000,-0.06980842,2026-08-29T11:28:04,0.0819,,,Residential Construction,0.5115867997111576,Hold
EAT,"Brinker International, Inc.",15.892753,14.48396,10.76466,21.176634,1.6999589,1.76,26.85803108790247,11386435584,42887790,42887790,13.456,1.254,395.763,0.37,0.285,0.455,5.08,0.19510001,0.08931262720695088,0.294,1.19568,0.083859995,0.11258,0.18646999,230.19,266.66666,325.0,139.0,0.1584632694730439,buy,1.73913,21,47.21699299533624,,0.059656715999214564,0.0672390455537847,0.6811343424583699,0.01211,1793190600,0.4963429,2026-08-29T11:28:04,0.1456,,,Restaurants,0.5118791579667621,Hold
SOLV,Solventum Corporation,12.61414,7.22364,7.1848,11.139364,1.8665206,1.22,31.719400965235174,20402786304,170223729,170223729,17.913,0.671,110.313,0.7609999999999999,0.501,1.021,2.84,0.024,0.047698161987745014,0.039,0.33960998,0.17256,0.09778,0.54777,91.12,93.92308,113.0,70.0,0.03076251097453908,buy,2.2,13,73.47448295325951,,0.09685239634952483,0.01934797425538308,0.40338968452547663,0.15318,1793908800,0.26608193,2026-08-29T11:28:04,0.0241,,,Medical Instruments & Supplies,0.5119015949148771,Hold
VECO,Veeco Instruments Inc.,15.2436495,2.9058,1.51372,116.56579,3.9598634,0.81,37.65447046533978,2701825536,61033485,61033485,54.839,1.386,28.931,3.2315,2.537,3.926,6.48,0.15810001,0.11267467358287031,-0.086,0.02643,0.03404,0.06676,0.3786,44.295,61.33333,66.0,55.0,0.3846558302291454,buy,2.5,3,42.25874471403406,18.38886603213645,-0.06566838054206195,-0.045720553559582496,1.071616340213464,0.021540001,1793822400,0.97767484,2026-08-29T11:28:04,0.0983,,,Semiconductor Equipment & Materials,0.5119381460216355,Hold
ALG,"Alamo Group, Inc.",13.573424,12.176,10.554,19.816547,1.2105963,0.98,22.02091942840898,2095358336,12170965,12170965,10.217,1.091,23.471,3.4050000000000002,2.419,4.391,3.93,0.056799997,0.06884211728486611,-0.008,0.08771,0.0608,0.10153,0.24215001,165.27,204.8,216.0,188.0,0.23918436497851991,none,,5,53.146408362287374,61.399191207031095,-0.0028344671201813456,0.011463698288752275,0.13844900987233805,0.012180001,1793908800,-0.21387172,2026-08-29T11:28:04,0.0415,,,Farm & Heavy Construction Machinery,0.5120084324241636,Hold
ADM,Archer-Daniels-Midland Company,14.329901,5.6902,5.41792,22.278688,0.478678,1.03,33.7438962534262,46671003648,481959583,481959583,15.583,0.612,39.134,0.845,0.301,1.389,3.19,0.033299997,0.06864227004694712,3.156,0.07642,0.021559998,0.04008,0.0687,81.54,78.7,95.0,60.0,-0.03482953151827328,hold,3.0,10,59.718622777847365,,0.16256144951108603,0.04297874524352415,0.5012861854264768,0.0070700003,1793709000,0.27477837,2026-08-29T11:28:04,0.0256,,,Farm Products,0.5120411209296457,Hold
MHK,"Mohawk Industries, Inc.",12.912788,10.05902,9.83665,17.203974,0.7871553,0.64,9.099707621461002,9357971456,67738145,67738145,6.221,1.181,27.604,1.4364999999999999,0.957,1.916,3.65,0.0923,-0.02039140280561269,0.376,0.055120002,0.04152,0.097849995,0.25641,129.89,135.7857,155.0,115.0,0.04538994533836327,none,,14,40.750857099576905,,0.14737605809753002,0.016435319213004475,1.255744234864444,0.16166,1793304000,-0.00551641,2026-08-29T11:28:04,0.0745,,,"Furnishings, Fixtures & Appliances",0.5129260949855453,Hold
EZPW,"EZCORP, Inc.",15.0960655,2.186,2.036,16.582914,1.2796978,0.28,-184.26102575170674,2531584512,58473206,61443377,9.807,0.638,69.526,3.242,1.673,4.811,12.56,0.2811,0.4028142513683961,0.412,0.14745,0.09991,0.13097,0.58554,33.0,40.8,45.0,36.0,0.23636363636363633,none,,5,67.83050481164491,,0.020040080160320658,0.019589552238805884,0.4274104627915696,0.04441,1795032000,1.0666666,2026-08-29T11:28:04,0.2289,,,Credit Services,0.513163165256804,Hold
NTST,NetSTREIT Corp.,49.926826,0.41,,146.21428,9.520664,,15.635456121670014,3454080000,101527998,101930176,19.558,0.813,88.837,4.291,3.051,5.531,24.63,0.35599998,0.20381636033047767,0.527,0.00962,0.06347,0.39020002,0.90376997,20.47,23.18421,25.0,21.0,0.1325945285784076,strong_buy,1.5,19,47.29138538490453,,-0.017716657374713507,-0.0030753604378862833,1.1154088355551288,0.00622,1793044800,0.15216172,2026-08-29T11:28:04,0.3094,,,REIT - Retail,0.5135011636643898,Hold
DEC,Diversified Energy Company,4.4952383,3.28125,2.69867,2.4220033,0.5243596,,-12.461200061003902,4031217408,69088589,69088589,4.007,0.305,308.044,0.499,0.429,0.569,5.41,0.066199996,0.39285651354089723,-0.098,0.53721,0.23305,0.8365,0.57092,14.75,20.375,32.0,15.0,0.3813559322033899,strong_buy,1.2,8,67.00739390326196,58.692884452772695,-0.15109468386284994,0.22115742463714186,1.3706713110381028,0.06742,1793908800,-0.05220127,2026-08-29T11:28:04,0.0678,,,Oil & Gas Integrated,0.5135595427049875,Hold
T,AT&T Inc.,10.145413,2.56372,2.33771,8.584159,1.4007542,1.71,17.573511779786088,340437172224,6852385650,6852385650,7.576,0.417,129.054,0.7865,0.602,0.971,1.72,0.0172,0.06907335761640887,0.062,0.18339,0.16943,0.24786,0.59721,26.01,28.70652,36.0,20.0,0.10367243367935397,buy,2.08,23,77.21950843549838,,0.00834206791840825,0.00414391690232421,0.9284873338410655,0.00091,1792585800,-0.12551582,2026-08-29T11:28:04,0.0172,,,Telecom Services,0.5135639836289768,Hold
CRSR,"Corsair Gaming, Inc.",14.476668,0.82892,0.89898,38.70968,0.89435405,,16.790847442684242,1306250496,108176959,108176959,16.024,1.86,27.173,1.353,0.954,1.752,5.18,0.2134,-0.039386732991819384,,0.05845,0.02535,-0.02543,0.30526,12.0,13.22222,16.0,11.0,0.10185166666666667,buy,2.44444,9,28.00112708175685,,0.2609476253261144,0.08025125759115903,1.0489697161189284,0.03777,1793736000,0.38337183,2026-08-29T11:28:04,0.2292,,,Computer Hardware,0.5137006295099952,Hold
AFG,"American Financial Group, Inc.",11.831706,12.13857,12.38714,12.554195,1.478116,2.3,83.7200732231986,12344259584,82921466,82921466,8.724,0.601,42.232,1.4735,0.862,2.085,4.52,0.024500001,0.06392701740222484,0.443,0.20413,0.11828,0.17241,0.20156,143.62,155.83333,175.0,136.0,0.0850392006684304,buy,2.42857,6,51.15677818271251,,0.06812024343933082,0.0065149253731342565,0.02701079769945245,0.20265,1793736000,0.042010665,2026-08-29T11:28:04,0.0236,,,Insurance - Property & Casualty,0.5137871833142788,Hold
CNA,CNA Financial Corporation,10.272917,4.8,4.3,10.861234,0.8806899,0.92,6.273679601203908,14150797312,270600928,270600928,7.968,0.292,26.578,0.26949999999999996,0.173,0.366,6.47,0.142,0.030243849570242398,0.073,0.11324,0.08164,0.11439,0.31087,49.31,49.0,49.0,49.0,-0.0062867572500507896,none,,1,42.47964541015521,91.07973869416813,0.0617283950617284,0.0,0.17214264455236827,0.00483,1793622600,-0.0012249947,2026-08-29T11:28:04,0.1488,,,Insurance - Property & Casualty,0.5138780438028965,Hold
EVRG,"Evergy, Inc.",17.666916,4.56503,4.25934,20.52163,3.051452,2.24,-12.883278601878104,35124142080,230567172,230567172,12.366,0.515,160.554,0.2165,0.074,0.359,9.09,0.088999994,0.0418439462492084,0.23,0.092539996,0.15192,0.25238,0.52696997,80.65,91.95455,103.0,80.0,0.1401680099194047,buy,1.92308,11,38.55252979044352,,-7.981820230638241e-05,0.0013841604660957544,0.08614876258550962,0.0018799999,1793881800,0.14241612,2026-08-29T11:28:04,0.0758,,,Utilities - Regulated Electric,0.5139950235844016,Hold
SNPS,"Synopsys, Inc.",25.322865,17.47867,15.115,77.37937,9.007657,2.19,24.76112614691326,92053258240,191636646,191636646,44.353,1.213,34.804,1.2515,1.166,1.337,2.34,0.0228,0.3750118335926207,0.893,0.03661,0.11432999,0.14521,0.82921,442.61,558.2508,650.0,414.77,0.2612701927204537,buy,1.70833,26,63.913081194051756,,0.022014385959692837,-0.0013900052718351572,0.395579163922343,0.02984,1787774400,-0.21472609,2026-08-29T11:28:04,0.0229,,,Software - Infrastructure,0.5143166492153314,Hold
XPRO,Expro Ltd,14.933853,1.1792,0.983,97.833336,1.2729509,0.74,11.422518198724417,1950242560,112349149,112349149,7.161,0.983,11.378,1.7675,1.488,2.047,7.47,0.0846,-0.04482026828703445,-0.885,0.0137,0.01334,0.0433,0.22375,17.61,17.75,20.0,16.0,0.007950028392958552,none,,4,50.1099163340631,,0.04175498092412038,0.0156761412575366,1.1553248696162066,0.015800001,1792672200,0.46672082,2026-08-29T11:28:04,0.0741,,,Oil & Gas Equipment & Services,0.5144275435240528,Hold
CLB,Core Laboratories Inc.,17.573544,0.70333,0.45667,23.769232,1.0923586,1.44,15.75041110879678,715612928,45884542,45884542,12.526,1.058,59.23,1.7475,1.374,2.121,5.98,0.2223,-0.021950211467731462,-0.412,0.090459995,0.04691,0.07361,0.19516,12.36,15.16667,21.0,11.0,0.22707686084142398,buy,2.33333,3,58.06387130669878,,0.06202325581395355,0.04197037037037032,0.282399154024792,0.01432,1793217600,0.046848416,2026-08-29T11:28:04,0.0941,,,Oil & Gas Equipment & Services,0.514568598881816,Hold
GPK,Graphic Packaging Holding Compa,10.3421135,1.11776,0.71307,17.784616,0.39627042,3.33,14.388176701606248,8918587392,296071573,296071573,7.803,0.658,176.151,0.94,0.501,1.379,3.98,0.0758,-0.006404951089309718,-0.765,0.060100004,0.02246,0.045250002,0.15491,11.56,12.58182,18.0,10.0,0.08839273356401378,none,,11,36.03437079481383,,-0.14765718383934978,-0.03741786584683217,0.2087081448381329,0.015470001,1794227400,-0.48429674,2026-08-29T11:28:04,0.0724,,,Packaging & Containers,0.5147802681976693,Hold
OLED,Universal Display Corporation,17.428381,4.7612,4.19378,20.04348,6.284854,1.0,34.10610043562635,3364708096,45966835,45966835,13.065,1.561,1.288,7.063,5.628,8.498,5.13,0.0858,-0.08394553159903217,-0.249,0.115159996,0.32243,0.35257998,0.73767996,82.98,115.37333,158.0,80.36,0.3903751506387081,buy,1.77778,9,30.106582690777657,,-0.025928583203887818,-0.046885671975581,0.07973550137705365,0.08344,1793908800,-0.38665605,2026-08-29T11:28:04,0.0915,,,Electronic Components,0.5148758028366205,Hold
EXC,Exelon Corporation,14.458743,3.0383,2.85674,16.150736,1.787059,2.55,-16.85547342538734,96237887488,1030253967,1030253967,11.519,0.396,177.362,0.902,0.716,1.088,4.05,0.0355,0.07690381242861055,-0.002,0.09711,0.10989001,0.16590999,0.42363998,43.93,48.88235,58.0,41.0,0.11273275665832005,hold,2.80952,17,49.577357185003535,,-0.00022048247164355,-4.278525422667742e-05,0.11256072562783065,0.0007,1793709000,0.013603926,2026-08-29T11:28:04,0.0312,,,Utilities - Regulated Electric,0.5149383543800093,Hold
LCII,LCI Industries,10.835819,9.50182,8.53727,11.930475,0.6213713,1.04,9.460372932463226,3416736256,24311507,24311507,7.8,1.185,80.054,1.7655,1.045,2.486,7.6,0.1367,-0.09166521433656916,0.201,0.15,0.05244,0.00543,0.25651,102.96,129.4,175.0,114.0,0.25679875679875686,none,,10,35.04265657624539,,-0.023754145225843314,-0.03338555442522886,0.7096983938770624,0.03523,1793277000,-0.010159671,2026-08-29T11:28:04,0.0992,,,Recreational Vehicles,0.5150322265802538,Hold
CBZ,"CBIZ, Inc.",12.833431,4.2475,3.9725,26.206732,1.0688976,1.34,12.297795014460716,4851943424,54263879,54263879,12.671,0.927,102.081,1.27,1.072,1.468,1.19,0.051,-0.0073092710530332505,-0.53,0.064959995,0.04413,0.04978,0.15204,54.51,51.66667,55.0,45.0,-0.05216162172078509,none,,3,50.44018985343019,,-0.023754288354353226,-0.05471208499690659,0.3931957018916152,0.04991,1793190600,-0.14604813,2026-08-29T11:28:04,0.0473,,,Specialty Business Services,0.5151201080598667,Hold
CBRE,CBRE Group Inc,16.614927,9.07738,7.80185,34.51259,0.9991477,1.0,26.66895566613738,53766746112,289575298,289575298,24.285,1.193,117.789,1.056,0.971,1.141,2.54,0.015,0.1890215364986001,-0.042,0.15798001,0.029760001,0.03608,0.18574,150.82,182.5,200.0,144.0,0.21005171727887562,buy,1.53846,12,47.453951156555135,58.00110009719973,0.00875338595708647,0.021538399210442524,0.15619237388583004,0.00509,1792672200,-0.07733768,2026-08-29T11:28:04,0.0168,2.5,-10.33,Real Estate Services,0.5151318909789956,Hold
BX,Blackstone Inc.,19.009285,7.49055,6.01888,31.854588,10.992384,1.69,,140962054144,750625114,1195297834,,1.546,68.185,0.85,0.828,0.872,4.22,0.0293,1.1041654607468945,0.573,0.31374002,0.22728,0.54357,1.0,142.39,142.57143,184.0,119.0,0.0012741765573425212,buy,2.08696,21,61.675484389826885,,0.02144760288502336,0.00700956252747558,0.3348212254560692,0.01052,1792672200,-0.1528163,2026-08-29T11:28:04,0.0293,,,Asset Management,0.5151321184982456,Hold
CCK,"Crown Holdings, Inc.",13.092327,9.04652,8.40305,17.041727,0.97175586,0.64,15.086043356828169,18730141696,108760511,108760511,8.856,0.578,186.334,0.82,0.591,1.049,2.57,0.0295,0.24657413571732856,0.429,0.27367002,0.05914,0.12595001,0.20957,118.44,136.57143,155.0,121.0,0.15308535967578507,none,,14,42.94538143571306,,0.036303072756601655,0.023828736403586657,0.2991558764896979,0.00858,1792440000,0.18813288,2026-08-29T11:28:04,0.0265,,,Packaging & Containers,0.5155393691606882,Hold
BAC,Bank of America Corporation,11.76886,5.29533,4.67517,14.39261,3.8250177,1.06,,381627072512,6992748365,6992748365,,1.168,,,,,0.0,0.0,0.23718415387080793,0.341,0.111990005,0.29524,0.38305,0.0,62.32,68.77273,75.0,62.0,0.10354188061617453,buy,1.54167,22,41.565495853919664,,0.00612741145890446,0.019757216722329253,0.09931899879482778,0.07029,1791981000,0.21320903,2026-08-29T11:28:04,0.0,,,Banks - Diversified,0.5155880843324836,Hold
CNR,"Core Natural Resources, Inc.",15.193378,6.645,4.0,50.73367,1.1735185,,18.28160694046089,4984904704,49636257,49636257,9.042,0.135,12.037,1.5194999999999999,1.214,1.825,2.89,0.0552,0.07326792388878145,,0.02675,0.02345,0.02162,0.16860001,100.96,107.0,118.0,100.0,0.059825673534072976,strong_buy,1.5,4,84.71958860159059,,0.809889469358792,-0.0006846100841135483,0.840835664474863,0.02537,1793881800,0.40959513,2026-08-29T11:28:04,0.0325,,,Thermal Coal,0.5156060474828605,Hold
CSGP,"CoStar Group, Inc.",18.599657,1.73229,1.36135,179.0,3.6713912,0.14,31.634280397383087,12600892416,405197588,405197588,31.982,0.731,14.537,2.1390000000000002,2.064,2.214,2.15,0.041500002,0.237918477086295,12.61,0.00894,0.02081,0.082159996,0.78683996,32.22,37.2,53.0,25.0,0.15456238361266306,buy,2.14286,20,58.917358962185595,,0.0009705668257317763,-0.02495494480738909,0.8136580404460789,0.012619999,1793131200,-0.6443486,2026-08-29T11:28:04,0.0418,,,Real Estate Services,0.515623871429723,Hold
PFBC,Preferred Bank,9.430679,10.978,10.738,9.666667,4.2811646,0.94,,819453120,11853116,11853116,,0.542,,,,,11.73,0.1216,0.09319580606483546,0.082,0.17577,0.47252998,0.67442,0.0,103.53,111.5,115.0,110.0,0.07698251714478888,none,,4,36.725634997313186,,0.003926701570680611,-0.023657061543934543,0.08572453857678264,0.07964,1792413000,0.10232365,2026-08-29T11:28:04,0.1145,,,Banks - Regional,0.515680622392008,Hold
STEP,StepStone Group Inc.,14.524295,3.46454,2.47887,-6.535064935064935,3.2344823,,2.3012760518677857,6785119744,82288907,129083932,-6.04,1.263,126.487,0.637,0.635,0.639,4.49,0.08979999,0.5643304145478565,,-0.61397,-0.30535,-0.54055,-0.48369,50.32,70.375,92.0,56.0,0.39854928457869643,strong_buy,1.5,8,67.57924845795165,,0.016417708491366884,0.06316014148066848,1.2879820057767646,0.05515,1793908800,-0.17812705,2026-08-29T11:28:04,0.0853,,,Asset Management,0.5159138908987647,Hold
KAI,Kadant Inc,22.367437,13.5125,12.0375,32.498924,3.0978467,2.64,33.75640778188025,3998830592,11809117,11809117,16.627,1.179,49.396,1.992,1.393,2.591,8.92,0.1409,0.2227175833722368,0.239,0.11291,0.09523,0.16839,0.44798002,302.24,361.66666,380.0,335.0,0.19662076495500247,buy,2.25,3,24.792789117639558,,0.062444836716681336,0.032473734479465055,0.0753784809108639,0.0070599997,1793736000,-0.03769189,2026-08-29T11:28:04,0.0906,,,Specialty Industrial Machinery,0.5159321714129056,Hold
SAH,"Sonic Automotive, Inc.",10.421394,7.64581,6.9241,12.687898,0.16286092,0.8,-21.70206669825544,6884137472,19585427,31614802,10.489,0.888,455.519,0.6234999999999999,0.235,1.012,6.88,0.2166,0.8761657634525917,,0.20631,0.013710001,0.03376,0.15704,79.68,98.54545,139.0,72.0,0.23676518574297178,buy,2.41667,11,55.698485807756754,,0.00040021209796382184,0.005514290072962724,0.41245261300457386,0.38944998,1793277000,-0.03587061,2026-08-29T11:28:04,0.1735,,,Auto & Truck Dealerships,0.5160346071680761,Hold
KIM,Kimco Realty Corporation (HC),26.599554,0.894,0.85,27.651163,7.2932763,3.37,18.303701980358564,24285399040,670789373,670789373,18.231,0.968,84.993,0.9704999999999999,0.97,0.971,6.49,0.052399997,0.059025125611225304,-0.058,0.05806,0.27759,0.36565,0.68933,23.78,27.01136,31.0,24.0,0.13588561816652645,buy,2.33333,22,36.02120674342504,,0.049382716049382616,0.03233256351039264,0.5836158485422945,0.022079999,1793277000,0.07011235,2026-08-29T11:28:04,0.0442,,,REIT - Retail,0.5160655538443466,Hold
BFAM,Bright Horizons Family Solution,12.705308,5.88809,5.111,23.749205,1.2016232,,15.150472891731422,5528418304,48635306,48635306,11.624,1.151,217.779,0.4315,0.384,0.479,2.82,0.0466,0.2679212196176992,-0.17,0.14942999,0.05781,0.127,0.25485,74.81,89.44444,99.0,68.0,0.19562144098382572,none,,9,51.43051951277835,52.34413957736825,0.019213703847726197,0.025376281918441313,0.46624724021680813,0.01113,1793304000,-0.35872662,2026-08-29T11:28:04,0.0498,,,Personal Services,0.5163207041224585,Hold
ICE,Intercontinental Exchange Inc.,18.43974,8.80327,8.14719,22.895628,8.63148,2.97,25.079958584874234,110080245760,561394487,561394487,16.396,0.93,69.226,0.518,0.024,1.012,1.92,0.0153,0.0708335139600329,0.142,0.14094,0.38246,0.52626,1.0,162.33,185.35715,232.0,163.0,0.1418539395059446,strong_buy,1.46667,14,74.97098764231569,,0.01512876646103745,0.009406929985793198,0.3086462013712615,0.00813,1793277000,-0.07910216,2026-08-29T11:28:04,0.0137,,,Financial Data & Stock Exchanges,0.5164492079499737,Hold
HBAN,Huntington Bancshares Incorpora,9.014289,1.87702,1.59378,13.015386,3.725119,2.0,,42989195264,2020414826,2020414826,,0.946,,,,,1.92,0.0252,0.07089577991841556,-0.029,0.09002,0.26131,0.41932,0.0,16.92,20.3,23.0,18.0,0.19976359338061456,buy,1.8,19,54.13684034174629,,-0.010375724158485929,-0.014749727051314361,0.08505228429875202,0.008090001,1792672200,-0.046380103,2026-08-29T11:28:04,0.0253,,,Banks - Regional,0.5165855968685805,Hold
RPD,"Rapid7, Inc.",6.546798,2.03,1.83,42.870968,1.0465375,0.63,6.723583710752858,1154822528,67400640,67400640,19.854,0.958,488.88,0.766,0.73,0.802,3.07,0.1339,-0.053796647925004826,-0.304,0.14028,0.023529999,0.02273,0.69297,13.29,11.71,15.0,8.76,-0.11888638073739644,hold,3.12,21,63.96086575973311,70.15754308938081,,,1.159149802431613,0.04027,1793736000,-0.33068913,2026-08-29T11:28:04,0.1344,,,Software - Infrastructure,0.5169417984486384,Hold
BFC,Bank First Corporation,12.808885,11.93,9.94,19.845455,7.7980757,0.1,,1521672448,11085607,11085607,,0.408,,,,,6.94,0.0591,0.39602109293609256,0.297,0.11324,0.37313998,0.51466,0.0,152.81,163.0,165.0,161.0,0.0666841175315751,none,,2,46.685527083057124,,0.0060728744939269955,-0.00831255195344968,0.11973881555400016,0.10342,1792526400,0.17941749,2026-08-29T11:28:04,0.0626,,,Banks - Regional,0.5169864126462986,Hold
VEEV,Veeva Systems Inc.,27.052341,10.22795,9.08467,45.4335,12.997444,1.11,35.73672975937572,38710861824,162443291,162443291,35.999,0.922,2.041,5.410500000000001,5.363,5.458,3.5,0.039300002,0.18301291987491197,0.395,0.14425,0.29345,0.29637,0.74961,276.69,260.44443,350.0,165.0,-0.058713975929740814,buy,1.96552,27,64.72963945816983,,0.0024983364654496956,0.0012916317015852026,0.2811352921088202,0.08612,1795636800,0.045003295,2026-08-29T11:28:04,0.0393,,,Health Information Services,0.5171631668946512,Hold
TRS,TriMas Corporation,18.699148,2.114,1.652,18.913876,2.1344945,1.94,4.8308020610636095,615177920,35873873,35873873,8.872,0.598,30.346,5.1785,4.913,5.444,7.3,0.14819999,0.15102892849065963,-0.097,0.077360004,1.3624899,0.07389,0.21297,39.53,45.0,45.0,45.0,0.13837591702504426,none,,2,46.492673765376075,56.17802625958499,-0.012552301255230203,-0.02580645161290325,0.6820640564204935,0.25087,1793104200,0.04157889,2026-08-29T11:28:04,0.1082,,,Packaging & Containers,0.5176451390652889,Hold
TOST,"Toast, Inc.",20.287195,1.73262,1.38658,44.49367,2.9859939,0.23,42.282415550468265,18615259136,514000000,578000000,38.224,1.725,,2.04,1.68,2.4,3.1,0.0617,0.396250972762646,1.0,0.25162,0.07143,0.07966,0.26793,35.15,38.73077,45.0,25.0,0.10187112375533425,buy,1.8,26,50.21863296185756,,0.028711754755616197,0.02671952498622251,1.273716640337273,0.05598,1793736000,-0.19684857,2026-08-29T11:28:04,0.0646,,,Software - Infrastructure,0.5176701740030928,Hold
HSY,The Hershey Company,18.144102,9.86822,8.48975,24.427013,2.9575799,1.06,20.63259428993598,41107836928,146312143,200925657,15.104,0.097,129.821,0.8434999999999999,0.507,1.18,6.72,0.0828,0.4770051177502064,6.31,0.32808998,0.12242,0.23119,0.38377,179.05,205.5238,250.0,170.0,0.14785702317788307,buy,2.47826,21,59.42712090148996,,0.007760817722868429,-0.0003373330429363453,0.3433129427071447,0.00321,1793881800,-0.024006903,2026-08-29T11:28:04,0.0714,,,Confectioners,0.5177974595125869,Hold
RGLD,"Royal Gold, Inc.",20.354715,12.91347,10.50933,29.076328,14.502159,1.06,-117.52016422699786,22530781184,84727857,84727857,17.683,0.458,5.186,2.7800000000000002,2.636,2.924,3.7,0.0357,0.6743728157788769,0.383,0.136,0.48054,0.62036,0.86802,262.85,302.66666,350.0,218.0,0.15148054023207136,buy,1.83333,12,77.31105332071014,,-0.03471393655158721,-0.018868971008568745,0.30660735656134297,0.00265,1793822400,0.46996772,2026-08-29T11:28:04,0.0316,,,Gold,0.5179072685611514,Hold
MSA,MSA Safety Incorporated,18.972225,10.03256,9.16282,23.703611,3.772762,0.99,23.203738913889563,7841320448,38578289,38578289,15.119,0.941,45.911,2.5665,1.897,3.236,3.39,0.026300002,0.08202999360598917,0.403,0.2366,0.16133,0.24591999,0.47571,190.34,209.14285,223.0,190.0,0.098785594199853,buy,2.42857,7,39.79841525026171,,0.03048208570162546,0.03374634855049693,0.5302117702291267,0.06079,1793131200,0.13367248,2026-08-29T11:28:04,0.0279,,,Security & Protection Services,0.5179826802211746,Hold
BLK,"BlackRock, Inc.",18.107883,64.3079,56.28456,27.93858,6.9306664,1.13,24.966634135135912,188872704000,154869259,162476186,16.991,1.425,23.192,2.1465,1.846,2.447,2.49,0.0119,0.31445603417008683,0.196,0.122779995,0.24089001,0.35079,0.47152,1164.48,1320.8125,1488.0,1190.0,0.13425091027754865,buy,1.52941,16,56.46687039640762,,0.000607284570420832,0.006440742477349292,0.09551469828555598,0.01909,1791981000,0.047363997,2026-08-29T11:28:04,0.0126,,,Asset Management,0.5180748481440862,Hold
FIGS,"FIGS, Inc.",41.57679,0.37088,0.3554,46.727272,3.607889,,32.58377165304818,2323261440,157856601,166140242,29.463,1.016,13.036,4.2265,3.497,4.956,5.26,0.19530001,0.3263030939327016,2.75,0.14762,0.0872,0.17934,0.68906,15.42,18.625,22.0,15.0,0.20784695201037606,none,,8,66.3384618552895,,0.33328331332533,0.15459809476371328,0.6341954404986774,0.04603,1793908800,1.2503726,2026-08-29T11:28:04,0.1187,,,Apparel Manufacturing,0.5181321971346646,Hold
BELFB,Bel Fuse Inc.,23.289484,10.67821,9.8298,63.766666,4.8259315,2.02,64.85116619329972,3550936832,12324187,14439450,23.899,1.411,3.386,3.755,3.029,4.481,2.79,0.073,0.26449674935961287,-0.117,0.1041,0.07211,0.18247999,0.39521998,248.69,329.66666,380.0,300.0,0.3256128513410268,none,,9,46.23891272573616,57.254885803786685,0.13775573982249267,0.054274625339019014,0.25403419091921514,0.013250001,1793217600,0.89482975,2026-08-29T11:28:04,0.0548,,,Electronic Components,0.518193091640773,Hold
ROP,"Roper Technologies, Inc.",17.544575,24.29241,22.21842,17.750937,5.0905824,1.79,18.604308850437643,52758908928,98900874,98900874,16.294,0.737,60.531,0.49550000000000005,0.438,0.553,6.05,0.0596,0.1805880502127819,2.33,0.13066,0.30244,0.27725,0.69525003,426.2,445.2,550.0,335.0,0.044580009385265074,buy,2.4,15,66.71691122669313,,0.013054837430068253,0.017376183697546326,0.6850001087574397,0.00387,1792672200,-0.18555272,2026-08-29T11:28:04,0.0521,,,Software - Application,0.5183822796064496,Hold
QLYS,"Qualys, Inc.",22.227928,8.41509,7.78229,32.530434,9.20513,3.41,26.47894861788537,6151376384,34595001,34595001,24.157,0.581,9.498,1.325,1.266,1.384,5.07,0.1617,0.1655432818169309,0.161,0.38592,0.29381,0.33979,0.83417,187.05,171.74167,220.0,95.35,-0.08184084469393216,none,,18,37.930068305274,,0.027040973211092396,0.017407578910206622,0.2704938484827557,0.00452,1793736000,0.40980792,2026-08-29T11:28:04,0.1183,,,Software - Infrastructure,0.5187455040092467,Hold
MET,"MetLife, Inc.",8.841038,10.91614,9.82559,18.488506,0.772436,0.53,-2.9268817845377657,84678656000,635476927,635476927,14.02,0.763,179.933,1.866,1.705,2.027,2.9,0.0178,0.15946617208967528,0.058,0.13094,0.04567,0.055180002,0.23951,96.51,105.0625,119.0,84.0,0.08861775981763542,buy,1.94444,16,48.97931666992515,,-0.002646254539844118,-0.006510024418279691,0.49277310719283746,0.16352,1794254400,0.19476163,2026-08-29T11:28:04,0.0213,,,Insurance - Life,0.5187779957778385,Hold
GOOG,Alphabet Inc.,23.124334,14.82767,20.59201,17.212852,9.405068,0.93,185.01654312252896,4089762283520,5527000000,12229934831,23.618,1.237,18.859,2.5975,2.471,2.724,2.1,,1.7168271833370725,2.94,0.48676,0.54771,0.34033,0.60897,342.88,422.336,475.0,340.0,0.23173121791880558,strong_buy,1.36508,15,43.89896739046753,,0.44296230374930357,0.009847558190116568,0.37606657973310714,0.00522,1793217600,0.5930468,2026-08-29T11:28:04,0.0043,,,Internet Content & Information,0.5190404635324373,Hold
ASML,ASML Holding N.V. - New York Re,28.162144,60.22837,38.18989,57.16751,18.441584,2.08,77.21263017576511,36188572352512,384100000,384100000,2682.94,1.365,9.092,1.0275,0.721,1.334,0.75,0.0034999999,0.24173808903931282,0.285,0.53942,0.30114,0.37057,0.52733004,1696.16,2142.8894,2877.5518,896.4543,0.2633769219884916,strong_buy,1.40909,16,47.72952968165546,,0.007942685136431522,0.025897260426226476,0.17767426997697713,0.00016000001,1791981000,1.3363361,2026-08-29T11:28:04,0.0001,,,Semiconductor Equipment & Materials,0.5195272391198513,Hold
WCC,"WESCO International, Inc.",16.787651,20.03973,16.87218,23.281662,0.6554527,1.86,92.59931074837617,22284607488,48732854,48732854,14.038,1.541,128.65,1.625,1.159,2.091,2.05,0.0328,0.13164275172556072,0.104,0.14308,0.02839,0.06082,0.21395001,336.42,397.0909,440.0,275.0,0.1803427263539621,strong_buy,1.45455,11,36.989022272850335,,0.04965071117556256,0.06650526953303573,0.07882462670487643,0.01847,1793277000,0.59506917,2026-08-29T11:28:04,0.0295,,,Industrial Distribution,0.5196698186526388,Hold
ELS,"Equity Lifestyle Properties, In",29.297665,2.1756,2.04807,30.792273,8.1504755,4.92,21.176407162019878,15726426112,194064619,200510918,20.665,0.659,182.359,0.084,0.029,0.139,5.07,0.0584,0.09826906939693125,0.191,0.22877,0.25625,0.32112998,0.53656,63.74,70.63158,78.0,59.0,0.10812017571383747,buy,1.89474,19,33.633465634873346,,0.0020059002822938768,0.001224147928612896,0.1263224487754738,0.0076200003,1792612800,0.07357633,2026-08-29T11:28:04,0.0438,,,REIT - Residential,0.5197034997662152,Hold
NOC,Northrop Grumman Corporation,17.922817,30.43997,28.99309,17.347218,1.8069878,3.75,31.277368444106877,92250324992,142063026,142063026,12.715,-0.108,95.348,1.091,1.014,1.168,2.94,0.0173,0.05997373306689946,-0.058,0.26958,0.104820006,0.11604,0.2006,545.57,647.1429,815.0,538.0,0.18617757574646698,buy,2.08696,21,21.041971605391595,,0.03741747434552873,0.006376146349188388,0.31869006958840723,0.00266,1792499400,-0.07498473,2026-08-29T11:28:04,0.0173,,,Aerospace & Defense,0.5197564254622322,Hold
FSUN,FirstSun Capital Bancorp,8.521,4.7025,3.3175,23.994013,3.9429944,,,1140762752,43950366,43950366,,0.192,,,,,4.11,0.0296,-0.09940749981467734,,0.03186,0.10459,0.23533002,0.0,40.07,45.75,47.0,45.0,0.14175193411529818,none,,4,64.43465169049982,,-0.08734525447042639,-0.0015923566878981495,0.23138329734776295,0.33058998,1793044800,0.042879462,2026-08-29T11:28:04,0.0348,,,Banks - Regional,0.5197678353817969,Hold
WABC,Westamerica Bancorporation,12.42139,4.675,4.635,12.818984,5.321409,4.62,,1197583488,23111153,23111153,,0.554,,,,,4.72,0.0535,0.08837524462756141,0.045,0.12486,0.43937,0.60288,0.0,58.07,64.0,64.0,64.0,0.1021181332874117,none,,1,48.630115549841996,,0.04274465691788515,0.08847497089639113,0.14285788095195037,0.036140002,1792090800,0.16951191,2026-08-29T11:28:04,0.0373,,,Banks - Regional,0.5198858931629714,Hold
IOSP,Innospec Inc.,15.508943,6.15,4.93667,19.465305,1.275343,0.66,72.12000564850345,2153624064,24631047,24631047,11.281,0.905,3.546,2.287,1.79,2.784,2.73,0.026199998,0.1765780317824086,0.33,0.091309994,0.065960005,0.080790006,0.27462998,95.38,101.0,110.0,93.0,0.05892220591318931,none,,3,58.90695268654293,,0.03277615062761508,0.0126240464456896,0.4522947174654081,0.01349,1793736000,0.09472954,2026-08-29T11:28:04,0.0191,,,Specialty Chemicals,0.5199445652236006,Hold
UFPI,"UFP Industries, Inc.",15.553345,5.53,4.5325,19.636986,0.76110095,2.67,40.24411977982739,4531654656,55161491,55161491,9.467,1.235,13.347,3.242,2.503,3.981,4.23,0.0499,0.12752975803355282,-0.13,0.0802,0.03994,0.05508,0.16128,86.01,102.6,115.0,90.0,0.19288454830833612,buy,1.8,5,41.40546462977303,58.86700208908348,0.006104328523862344,0.04143126177024494,0.32659478750646426,0.01985,1793044800,-0.14814812,2026-08-29T11:28:04,0.0364,,,Lumber & Wood Production,0.5200158860116132,Hold
DXPE,"DXP Enterprises, Inc.",24.271542,7.66,6.46,32.674866,1.34859,0.55,38.94447619454909,3557347072,15517148,15517148,15.079,1.009,166.254,2.718,2.443,2.993,2.57,0.0423,0.16919750974856962,0.23,0.18469,0.04355,0.096260004,0.31765,185.92,200.0,220.0,180.0,0.07573149741824459,none,,2,57.44372616882712,,0.05211726384364826,0.019973368841544655,0.2994625851520075,0.17703,1793908800,0.5876976,2026-08-29T11:28:04,0.0283,,,Industrial Distribution,0.52014504700603,Hold
SDRL,Seadrill Limited,13.877227,3.43008,0.73967,1586.6666,2.0169191,,85.97754639711191,3393972736,62541443,62541443,8.218,1.379,26.327,2.231,1.962,2.5,6.56,0.075500004,0.1849814754034378,,0.00035,0.00068000006,0.16744,0.35298002,47.6,53.33333,80.0,26.0,0.12044810924369731,buy,1.77778,9,55.79789412092463,,-0.30687994302635035,-0.013378051481480432,1.2491543558471503,0.0062800003,1793795400,0.49829674,2026-08-29T11:28:04,0.0813,,,Oil & Gas Drilling,0.5203040710177881,Hold
SUN,Sunoco LP,18.545387,4.02526,3.96841,16.479029,0.35534966,8.54,15.290223708306248,25907959808,136896651,188413849,8.946,0.42,177.779,1.0365,0.784,1.289,5.22,0.0324,1.6393264811131134,1.85,0.18658,0.02933,0.041100003,0.119320005,74.65,82.57143,90.0,78.0,0.10611426657736112,none,,7,62.14699693044874,,-0.00504201140240598,0.17484485800026692,0.37950358535761813,0.21312,1793795400,0.46279073,2026-08-29T11:28:04,0.025,,,Oil & Gas Refining & Marketing,0.5204100585285206,Hold
FSS,Federal Signal Corporation,20.441254,5.779,5.23102,25.514038,2.9457273,1.76,37.03092048913783,7771189248,61041611,61041611,15.549,1.24,32.223,1.9315,1.124,2.739,9.35,0.0958,0.18214418194172488,0.207,0.20608,0.11659,0.17650999,0.29167998,118.13,145.625,155.0,132.0,0.23275205282316103,buy,1.57143,8,41.03197115229972,,0.054641129032258075,0.04152961934336237,0.3047437154941828,0.02567,1793277000,-0.015779555,2026-08-29T11:28:04,0.0712,,,Farm & Heavy Construction Machinery,0.5204382166915547,Hold
HXL,Hexcel Corporation,30.450972,3.1155,2.3994,47.914143,3.6265466,1.29,28.360103619405756,8059196928,75623452,75623452,20.718,1.06,73.902,1.8315000000000001,1.236,2.427,4.21,0.0683,0.13626603133641657,2.802,0.10764,0.077589996,0.13904999,0.24956,94.87,109.92308,126.0,90.0,0.1586706018762516,hold,2.5625,13,47.9775404915134,,0.050833650852045095,-0.02539509741356665,0.10636198445728286,0.00957,1792612800,0.46315467,2026-08-29T11:28:04,0.0603,,,Aerospace & Defense,0.5204485678867167,Hold
ONON,On Holding AG,13.831307,2.0858476,1.41226,19.62585,2.994067,0.55,33.42291769686732,8998616064,301715535,334214703,18.35,2.119,29.429,2.4745,2.118,2.831,2.48,0.0689,0.22682402124239331,,0.23951,0.12303001,0.14019,0.64824,28.85,44.672768,73.359695,19.843075,0.5484494974003464,buy,1.67857,27,31.120854381721742,,-0.001287055894998821,-0.03324890628597745,0.6119900613621044,0.24214001,1794400200,-0.3536504,2026-08-29T11:28:04,0.0701,,,Footwear & Accessories,0.5205536339463523,Hold
ENTG,"Entegris, Inc.",26.89975,5.01566,3.92154,67.124374,6.198183,1.52,43.14842220397366,23822176256,152800000,152800000,26.044,1.35,85.655,2.304,1.559,3.049,2.91,0.066700004,0.10478403141361259,0.751,0.07671,0.091850005,0.19271,0.45555001,134.92,173.36365,215.0,120.0,0.2849366291135489,buy,1.75,11,47.26853502226175,,0.07267236710377303,0.07844870033392026,0.19691804279865388,0.0051200003,1793795400,0.77337074,2026-08-29T11:28:04,0.0525,,,Semiconductor Equipment & Materials,0.5206361396242423,Hold
ABBV,AbbVie Inc.,15.690927,16.28202,14.0106,72.169495,7.0118213,0.43,26.760901917552655,520544321536,1767117285,1767117285,16.921,0.28,,0.6495,0.49,0.809,3.36,0.0115,0.10155269065799466,2.904,,0.098000005,0.40035,0.72792,255.48,276.5862,328.0,200.0,0.0826139032409583,buy,1.67742,29,59.07629142348511,,-0.009502991158725858,-0.0030046984004129785,0.5881077681193478,0.0011,1793277000,0.22694862,2026-08-29T11:28:04,0.0104,,,Drug Manufacturers - General,0.5206407629404856,Hold
MLKN,"MillerKnoll, Inc.",9.780127,2.365,2.015,17.522726,0.4101545,0.96,19.154421183621757,3297814784,68123238,68123238,9.279,1.357,128.174,1.1655,0.754,1.577,5.95,0.0796,0.0391474697664842,,0.06983,0.02382,0.060739998,0.38794997,23.13,35.0,35.0,35.0,0.513186338089062,buy,2.0,1,39.75412696660649,,0.0,-0.005257623554153411,0.9462573077984567,0.01713,1790080200,0.11274278,2026-08-29T11:28:04,0.058,,,"Furnishings, Fixtures & Appliances",0.520658371829128,Hold
FULT,Fulton Financial Corporation,10.03178,2.36,2.21714,11.382212,3.3894622,1.54,,5272796672,190914563,190914563,,0.802,,,,,4.8,0.0512,0.08452830808931,-0.019,0.11101,0.29740998,0.42348,0.0,23.675,26.5,28.5,25.0,0.11932418162618785,none,,7,52.58098347526887,,0.01371654306537316,0.0012133348040422227,0.13247510819632546,0.00846,1792526400,0.22170782,2026-08-29T11:28:04,0.0451,,,Banks - Regional,0.5211495682557219,Hold
SYBT,"Stock Yards Bancorp, Inc.",14.052205,5.68167,5.33,15.904382,5.9305997,1.33,,2102328448,31066643,31066643,,0.68,,,,,6.35,0.038900003,0.13655709115400705,0.139,0.13277,0.35747,0.48621,0.0,79.84,90.2,94.0,87.0,0.12975951903807603,hold,3.0,5,34.077221940402694,,0.04305283757338547,0.02249548740522651,0.16636526401234608,0.07174,1793190600,-0.005240202,2026-08-29T11:28:04,0.0428,,,Banks - Regional,0.5214197177132138,Hold
FIZZ,National Beverage Corp.,15.867065,2.05331,1.9467,16.62245,2.583438,4.03,28.730262529721422,2744027904,93612102,93612102,10.855,0.756,9.271,3.871,3.356,4.386,10.89,0.1817,-0.0529180789039434,-0.085,0.34018,0.15556,0.16876,0.37039003,32.58,33.0,33.0,33.0,0.012891344383057168,none,,1,58.266623283729444,,-0.0325514362389424,-0.028841833428715935,0.11815705695014729,0.74697,1789070400,-0.21016783,2026-08-29T11:28:04,0.1817,,,Beverages - Non-Alcoholic,0.5215002520170711,Hold
SCCO,Southern Copper Corporation,29.401667,7.13565,7.62602,31.501503,11.220479,5.41,35.3932653947039,178514198528,844343686,844343686,18.021,1.137,67.863,4.7355,4.411,5.06,9.58,0.11310001,0.40443985779857883,0.716,0.49897,0.35866,0.61162996,0.64502,209.8,169.05853,275.0,126.97628,-0.19419194470924694,underperform,3.77778,17,64.59085701138429,,-0.004150016976155079,-0.0009310726236645899,0.2653755247182348,0.90056,1793131200,1.3096688,2026-08-29T11:28:04,0.1206,,,Copper,0.5218656866402448,Hold
ED,"Consolidated Edison, Inc.",16.562683,6.48989,6.10888,17.679276,2.247322,2.25,-47.051788432117995,66307018752,369828633,369828633,10.761,0.263,110.113,1.1175,0.967,1.268,4.47,0.0341,0.10282178178453805,0.221,0.08962,0.12533,0.16540001,0.53372,107.49,110.28125,130.0,94.0,0.02596753186342915,hold,3.33333,16,72.37365454073179,,-0.00036327338776985036,-0.0003373715215302464,0.19197002275070765,0.00202,1793908800,0.09763372,2026-08-29T11:28:04,0.0269,,,Utilities - Regulated Electric,0.52202690506854,Hold
UBER,"Uber Technologies, Inc.",17.968071,4.38667,3.36011,17.285088,2.9151428,8.92,22.222242952636705,171417583616,2042560121,2042560121,22.935,1.154,51.872,0.7475,0.652,0.843,2.3,0.023599999,0.14870194993687513,0.855,0.3716,0.17345,0.13317999,0.40752,78.82,101.78391,150.0,70.0,0.2913462319208324,buy,1.52,46,49.246475609511506,,0.08695335276967926,0.024667213843727002,1.1871156733877892,0.002,1793709000,-0.17088675,2026-08-29T11:28:04,0.0228,,,Software - Application,0.5220352378078928,Hold
NOVT,Novanta Inc.,32.564857,4.36667,3.69333,89.99999,5.222581,,45.42607690574599,4944633856,37817770,37817770,27.326,1.676,17.668,4.1095,3.65,4.569,11.01,0.1458,0.049305932105462524,1.5,0.051090002,0.05998,0.11497,0.44544998,142.2,194.5,195.0,194.0,0.367791842475387,none,,2,43.692727540013365,,0.02878272980501397,0.05390350273813583,0.14871689527832568,0.0070700003,1793709000,0.29048085,2026-08-29T11:28:04,0.1278,,,Scientific & Technical Instruments,0.5221305738979759,Hold
RTX,RTX Corporation,26.949308,7.85586,7.24276,37.27289,3.0516994,2.61,28.879945956018997,317651877888,1347758144,1347758144,19.984,0.294,57.02,0.8314999999999999,0.652,1.011,2.6,0.0095999995,0.13716867040500702,0.287,0.12274,0.08276,0.12696,0.20347,211.71,234.81818,265.0,200.0,0.10915015823532181,buy,1.86957,22,45.67618977608626,,0.046782298777147804,0.03528273764418905,0.3133250376522685,0.00091,1792499400,0.34219348,2026-08-29T11:28:04,0.0104,,,Aerospace & Defense,0.5222690220812786,Hold
INVH,Invitation Homes Inc.,42.8011,0.68316,0.79574,26.825687,6.0989337,13.14,14.861399188293856,25774749696,594041956,594041956,17.179,0.836,94.425,0.286,0.142,0.43,3.15,0.0296,0.13604238450793882,0.605,0.070539996,0.23197001,0.25115,0.56262,29.24,33.56522,41.0,29.0,0.14792134062927498,buy,2.2,23,31.57774929021606,,0.28873125384640297,0.024627290997990207,0.1786281627181618,0.00341,1793217600,-0.036267698,2026-08-29T11:28:04,0.024,,,REIT - Residential,0.5224396237766756,Hold
BY,"Byline Bancorp, Inc.",11.220714,3.41333,3.386,11.536144,3.9833999,,,2139760384,45186420,45186420,,0.715,,,,,3.36,0.0431,0.13377190093837932,0.364,0.11975,0.34405997,0.50378,0.0,38.3,43.2,46.0,40.0,0.1279373368146215,none,,5,32.629508133395916,,0.03737745098039226,0.011656787196206308,0.08767493028252465,0.27753,1792699200,0.32662964,2026-08-29T11:28:04,0.0267,,,Banks - Regional,0.5224689473390541,Hold
BAM,Brookfield Asset Management Inc,24.006926,2.17104,1.83407,29.954021,14.510851,1.35,31.128302250541005,90189758464,1597230353,1597251633,23.548,1.254,34.454,1.214,1.156,1.272,7.34,0.051999997,0.6278022413364444,0.474,0.26771,0.48893002,0.68738997,0.74377,52.12,57.19111,70.0,44.0,0.09729681504221044,buy,2.27778,18,52.219680505701774,,0.0015071178555242399,0.0007236790552531592,0.8009236078875988,0.03568,1793968200,-0.11939794,2026-08-29T11:28:04,0.0603,,,Asset Management,0.5224693974462451,Hold
HE,"Hawaiian Electric Industries, I",10.6046505,1.075,0.8235,8.83721,0.5998625,7.18,6.065777042799102,4541385728,172728004,172728004,8.821,0.512,158.868,0.792,0.598,0.986,9.49,0.1368,0.25815445652923774,3.733,0.13448,0.06824,0.045450002,0.17581,11.4,11.91667,12.0,11.75,0.04532192982456129,none,,3,36.147225286717244,,-0.15336136613651086,-0.04698581560283683,1.613211019205989,0.00306,1794600000,-0.06525284,2026-08-29T11:28:04,0.0996,,,Utilities - Regulated Electric,0.5226279535988327,Hold
HUBS,"HubSpot, Inc.",15.698601,16.6053,13.27859,92.768684,3.8690639,0.37,20.01705998470492,11656241152,51190708,51190708,74.403,1.169,14.3,1.245,1.112,1.378,1.79,0.103199996,0.23420142577438074,,0.07892,0.042579997,0.04869,0.83248,260.68,240.69434,320.0,190.0,-0.07666740831671015,buy,2.32353,30,62.896660362511554,,0.012421782493765072,0.06254335200935766,1.1936829955938901,0.03708,1793822400,-0.45745856,2026-08-29T11:28:04,0.0804,,,Software - Application,0.5228180749805968,Hold
GTX,Garrett Motion Inc.,11.597203,2.29883,2.09236,14.648351,1.3244311,,16.175401742486493,6374514176,186493414,186493414,9.732,0.819,,0.8245,0.647,1.002,1.86,0.0222,0.15544929405389096,0.262,,0.0951,0.15471,0.20751,26.66,37.16667,42.0,34.0,0.3940986496624157,none,,6,40.50012572288843,,0.055686456541153236,0.04873631386861313,0.8429351346359361,0.01049,1792672200,1.0907011,2026-08-29T11:28:04,0.0223,,,Auto Parts,0.5230358124028676,Hold
CHH,"Choice Hotels International, In",14.471233,7.52251,7.0229,15.419264,4.922279,2.16,23.33096722297997,6906558976,45495493,45495493,14.566,0.68,1481.726,0.819,0.712,0.926,10.86,0.2988,0.09228339607178238,-0.194,5.66362,0.32631,0.37729,0.90328,108.86,115.26667,131.0,91.0,0.05885237920264563,hold,3.0625,15,51.791376791462774,,-0.011879285188671446,-0.02159492674894537,0.187630798656198,0.39189,1793795400,-0.07087827,2026-08-29T11:28:04,0.1754,,,Lodging,0.5232021018708464,Hold
VREX,Varex Imaging Corporation,16.910421,1.094,0.888,34.905663,0.9014367,4.98,-19.72783605313093,1071529024,42148256,42148256,10.769,0.877,74.3,2.342,1.306,3.378,1.35,0.040999997,0.02155984579765291,,0.04592,0.02555,0.10831001,0.34324002,18.5,18.925,19.0,18.9,0.02297297297297307,hold,3.0,4,60.359439558968624,,0.14138817480719792,0.028195488721804534,1.1757755714480578,0.01667,1794945600,0.59396553,2026-08-29T11:28:04,0.0369,,,Medical Devices,0.5234558211711408,Hold
MGEE,MGE Energy Inc.,18.431604,4.24,3.96667,19.201473,3.9220488,4.12,-14.277284719404841,3878497280,37746521,37746521,13.452,0.705,64.863,0.847,0.557,1.137,8.78,0.0583,-0.02133143873047283,0.236,0.110410005,0.19895001,0.22672,0.41184,78.15,77.75,81.0,74.0,-0.0051183621241203126,hold,3.25,4,60.29506766562556,,0.009330788804071241,0.024154589371980808,0.08201950699771828,0.00328,1793818800,-0.075179994,2026-08-29T11:28:04,0.0426,,,Utilities - Regulated Electric,0.523470008054967,Hold
ANET,"Arista Networks, Inc.",37.86757,5.15956,4.11295,61.829113,23.377552,1.81,63.32193236319635,240276357120,1261224648,1261224648,51.788,1.615,,2.623,2.289,2.957,1.65,0.0123000005,0.37120840664065424,0.357,0.31476,0.38371,0.45393002,0.63004,195.38,241.81519,289.0,185.0,0.23766603541815945,strong_buy,1.26667,27,62.880494806981766,,0.13107793339951757,0.15491249001116963,0.37823972444222054,0.17247999,1793736000,0.48001766,2026-08-29T11:28:04,0.0123,,,Computer Hardware,0.5235154946110879,Hold
OC,Owens Corning Inc,11.915585,12.012,10.04323,-29.756756756756758,1.1490036,1.51,12.78264489903817,16811238400,79048683,79048683,8.582,1.325,150.328,0.8795,0.599,1.16,2.29,0.0298,0.06109905461676046,-0.342,-0.094510004,-0.06814,0.17816,0.26485002,143.13,176.53333,198.0,140.0,0.2333775588625726,buy,1.70588,15,21.177006828069352,,0.05783573639712109,0.019224584932412362,0.9164603102883923,0.01112,1793795400,-0.038672566,2026-08-29T11:28:04,0.0262,,,Building Products & Equipment,0.5235173841339029,Hold
BTSG,"BrightSpring Health Services, I",25.954361,2.27823,1.8194,52.794643,0.8140857,,11.376185944940305,14394713088,197864241,197864241,22.965,1.881,116.007,1.395,1.202,1.588,1.98,0.0692,0.10122606823129798,1.966,0.13036,0.02547,0.03367,0.12382,59.13,78.94118,90.0,70.0,0.3350444782682225,strong_buy,1.16667,17,44.41925002677663,,0.0764533954963376,0.06959657087591979,1.354485933768617,0.03125,1793363400,1.5502512,2026-08-29T11:28:04,0.0587,,,Health Information Services,0.5236405213830314,Hold
ASAN,"Asana, Inc.",21.66748,0.47029,0.37288,-14.768115942028986,2.904769,,12.419366084674826,2167885056,160969547,230509827,-17.784,0.92,181.221,1.0935,1.039,1.148,4.89,0.2856,0.6015193855270027,,-0.87553,-0.20208,-0.074310005,0.88505995,10.19,9.26923,15.0,5.75,-0.09036015701668298,hold,2.66667,13,62.49515900638206,,0.0,0.0,0.41560737744594956,0.44357,1788465600,-0.30342466,2026-08-29T11:28:04,0.2849,,,Software - Application,0.5238208704976492,Hold
BWMN,Bowman Consulting Group Ltd.,17.17448,2.47926,1.9456,101.38096,1.3989218,,24.101660274464663,1011200960,17333752,17333752,21.691,1.366,110.951,0.868,0.834,0.902,1.49,0.0547,0.1912647590665888,-0.588,0.02915,0.01398,0.05237,0.53357,42.58,43.0,43.0,43.0,0.009863785814936632,hold,3.2,5,48.953138745880366,,0.14397262368145636,0.04346398764304572,1.1777777777777778,0.17323999,1793795400,0.012139916,2026-08-29T11:28:04,0.0448,,,Engineering & Construction,0.5240977609634554,Hold
LVS,Las Vegas Sands Corp.,12.782998,3.52343,3.09675,17.457365,2.1264277,1.13,13.183058899637588,41394966528,647701184,647701184,8.923,0.835,1703.902,0.962,0.927,0.997,3.01,0.129,0.052412524056772325,-0.198,1.22869,0.12588,0.19658001,0.79335,45.04,59.06842,71.5,47.0,0.3114658081705153,buy,1.75,19,68.57042086978466,,-0.07548110509377291,-0.0375429884153221,0.17562058289532842,0.61711,1792612800,-0.2239958,2026-08-29T11:28:04,0.0582,,,Resorts & Casinos,0.524469996276285,Hold
CDNA,"CareDx, Inc.",36.745388,1.355,1.21333,23.937502,5.623028,,22.96564855522878,2221457920,51734223,51734223,178.674,2.419,4.522,4.468,4.355,4.581,4.49,0.11399999,0.6380978796182946,,0.29487,0.24234,0.00195,0.70582,49.79,52.33333,64.0,40.0,0.05108114079132342,buy,1.85714,6,62.20010310004952,,0.29906852248394,0.19488536155202832,1.1960379403702948,0.03159,1793736000,2.7805054,2026-08-29T11:28:04,0.117,,,Diagnostics & Research,0.5248334460937907,Hold
CSX,CSX Corporation,22.575293,2.27151,2.00572,29.813951,6.5459557,2.09,48.634278664561435,113535107072,1852474917,1852474917,16.621,1.211,138.068,0.7525,0.685,0.82,2.58,0.0186,0.1164974751536676,0.227,0.24357,0.22208999,0.38424,0.47070998,51.28,53.14088,60.0,32.0,0.036288611544461835,buy,1.92,23,59.6669682177913,,0.02810512125235157,0.022636107021785375,0.09796276694076551,0.00223,1792699200,0.6011183,2026-08-29T11:28:04,0.0186,,,Railroads,0.5248992991561592,Hold
EPC,Edgewell Personal Care Company,14.434638,2.01252,1.92539,-69.16666666666667,0.5967033,2.87,5.535719535450424,2203469312,46088915,46088915,8.369,0.395,87.622,1.4065,0.971,1.842,7.36,0.108,0.02528105510837042,-0.534,-0.012949999,-0.041539997,0.08805,0.40952998,29.05,32.16667,35.0,29.0,0.10728640275387269,none,,6,70.12810566282302,,0.01859013358021423,-0.018278137942136466,0.4580320602436832,0.014099999,1794486600,0.20868468,2026-08-29T11:28:04,0.1155,,,Household & Personal Products,0.5248993492202296,Hold
DG,Dollar General Corporation,15.019648,8.18195,7.39183,15.959741,0.6212841,1.76,15.599130346342125,41293783040,220616790,220616790,11.528,0.235,169.811,0.7190000000000001,0.229,1.209,3.05,0.0334,0.04939746614933527,0.333,0.19692,0.03903,0.06813,0.31160998,122.89,132.65517,175.0,90.0,0.07946269021075758,buy,2.45161,29,53.58092681491068,,0.002316409619338492,0.005369468483935391,0.3082730892649924,0.0028,1787833800,0.13968861,2026-08-29T11:28:04,0.0298,,,Discount Stores,0.5251145414094285,Hold
KN,Knowles Corporation,21.162289,1.6175,1.335,40.75,4.6040874,0.43,74.36808953895071,3086544896,85410326,85410326,23.277,1.61,18.881,2.4205,1.64,3.201,5.73,0.090299994,0.14938709869811295,1.466,0.094969995,0.106300004,0.15168001,0.45259997,34.23,43.75,48.0,40.0,0.278118609406953,none,,4,39.849981824549594,,0.032882011605415845,0.038523274478330545,1.2170498975947859,0.01783,1792699200,0.67192733,2026-08-29T11:28:04,0.0631,,,Electronic Components,0.5251482095239687,Hold
PEP,"Pepsico, Inc.",15.712084,8.97844,8.55981,18.488861,1.9885827,1.54,24.604788335418434,233372647424,1366000000,1366000000,12.36,0.361,238.949,0.812,0.69,0.934,3.18,0.019199999,0.08066098750219619,1.37,0.51508,0.10785,0.16836001,0.54171,141.07,155.0,183.0,124.0,0.09874530374991153,hold,2.66667,22,65.65208730015421,,-0.0005581119469817269,-0.0009191360566169933,0.06048905586864953,0.00183,1791462600,-0.07026881,2026-08-29T11:28:04,0.0173,,,Beverages - Non-Alcoholic,0.5253907535415242,Hold
CHE,Chemed Corp,19.014715,27.525,25.5225,26.34021,2.6360514,2.2,22.21973432243219,7025936384,13069961,13069961,16.852,0.511,35.495,0.8135,0.716,0.911,3.67,0.0575,0.21301124004884175,0.437,0.27106002,0.10597,0.1325,0.33113998,523.38,552.0,590.0,520.0,0.05468302189613672,none,,4,33.60746682254073,,0.04847488959638491,0.023900306891100096,0.07608017921819743,0.01946,1793131200,0.12127161,2026-08-29T11:28:04,0.0539,,,Medical Care Facilities,0.5254077591125917,Hold
ELAN,Elanco Animal Health Incorporat,18.840942,1.27966,1.13248,-58.80487804878049,2.3987508,4.04,14.562937454266365,15938738176,499449583,499449583,15.828,1.694,64.253,1.4789999999999999,0.908,2.05,3.81,0.0945,0.09581412871456951,4.405,-0.029779999,-0.03964,0.086260006,0.55359,24.11,31.21429,34.0,26.0,0.29466155122355864,strong_buy,1.41176,14,70.19991217774418,,0.06257330243293699,0.06989615905556588,1.4210396360679336,0.012259999,1793881800,0.37198877,2026-08-29T11:28:04,0.06,,,Drug Manufacturers - Specialty & Generic,0.525765064791889,Hold
COR,"Cencora, Inc.",16.273956,19.78806,17.87269,23.924963,0.18466757,0.69,30.074706808847818,73287958528,190827165,190827165,13.213,0.573,446.516,0.706,0.477,0.935,3.03,0.0277,0.08813129719765,0.119,0.96871,0.00789,0.014149999,0.03961,322.03,369.30768,430.0,330.0,0.14681141508555107,buy,1.66667,13,47.999150856730765,,0.0051696298866696,-0.0016145258894271776,0.051143941500266236,0.04303,1793795400,0.089469194,2026-08-29T11:28:04,0.0258,,,Medical Distribution,0.5257852048354716,Hold
DOV,Dover Corporation,17.063202,11.64377,10.67208,24.024181,3.1777287,1.66,29.519128115983285,28685180928,134680225,134680225,15.026,1.156,42.316,1.6445,1.31,1.979,3.16,0.0321,0.08823827700020548,0.141,0.14914,0.13475999,0.18691999,0.40092,198.68,246.88889,288.0,168.0,0.2426459130259715,buy,1.61111,18,27.144742264315184,,0.0034837701445128897,0.005255160624713978,0.5590321699762034,0.012560001,1792672200,0.14820504,2026-08-29T11:28:04,0.0281,,,Specialty Industrial Machinery,0.5261153855755665,Hold
NWPX,"NWPX Infrastructure, Inc.",21.397738,5.2356,5.45824,22.632324,1.8795058,2.15,17.681555943844074,1168371712,9637202,9637202,13.73,1.117,25.82,2.3064999999999998,1.902,2.711,3.52,0.0849,0.22691729300682928,0.78,0.12218001,0.08487,0.13262999,0.20878,112.03,111.0,130.0,95.0,-0.009193965901990508,none,,3,55.998675295999966,,0.12969149063875055,0.032115110523213544,0.21715509794867116,0.03145,1793217600,1.2220495,2026-08-29T11:28:04,0.0752,,,Steel,0.5261669267738529,Hold
SPSC,"SPS Commerce, Inc.",15.947088,5.32511,4.90345,40.826923,3.957497,4.55,17.3140717674621,2890273792,36000174,36000174,15.777,0.487,0.672,1.939,1.619,2.259,4.95,0.1042,0.11198609206722177,-0.639,0.08262,0.10098,0.16108999,0.69821,84.92,75.45455,103.0,59.0,-0.11146314178049932,hold,2.75,11,82.55144191477214,,0.034005385697325585,0.020505508699509845,0.21390315851092614,0.010290001,1793304000,-0.21042758,2026-08-29T11:28:04,0.0887,,,Software - Application,0.5263246063479878,Hold
SNDR,"Schneider National, Inc.",20.090887,1.71421,1.06616,53.8125,1.0374901,4.51,69.28546734595473,6106362880,92271399,175300899,10.35,1.187,12.947,1.9129999999999998,1.793,2.033,5.98,0.104399994,1.096970057124635,0.4,0.036760002,0.01918,0.04552,0.16025,34.44,37.5,45.0,32.0,0.08885017421602792,buy,2.4375,14,37.556915918545165,,0.11398330320666203,0.03588909972081559,0.7093484978621123,0.50317,1793304000,0.4424888,2026-08-29T11:28:04,0.0833,,,Trucking,0.5264807197929786,Hold
CHEF,"The Chefs' Warehouse, Inc.",37.41553,3.07359,2.54066,54.761906,1.0683236,1.08,43.78753280273529,5502691328,40796083,40796083,21.124,1.391,146.029,1.6895000000000002,1.231,2.148,7.2,0.1784,0.12588435267179943,0.555,0.15252,0.02094,0.05017,0.24457,115.0,116.55556,125.0,93.0,0.013526608695652254,strong_buy,1.44444,9,65.1187793602694,,0.13504409438969261,0.16890095722712176,0.37457041728852164,0.101289995,1793190600,0.7232461,2026-08-29T11:28:04,0.1497,,,Food Distribution,0.5266164156445969,Hold
ALGT,Allegiant Travel Company,6.7002215,11.7817,6.47621,68.05173,0.7456846,0.85,11.090623508088779,3980426752,27337755,27337755,10.429,1.527,160.47,0.7715,0.711,0.832,3.38,0.07,-0.08107217289788438,,0.018339999,0.00898,0.09228,0.22812,78.94,132.7857,165.0,105.0,0.6821091968583735,buy,1.71429,14,42.179811481509695,,-0.14350687909899207,-0.027564325839450707,1.4760031323132887,0.101,1793822400,0.24530935,2026-08-29T11:28:04,0.0663,,,Airlines,0.5271944499280564,Hold
AROC,"Archrock, Inc.",14.2666645,2.18972,1.8294,16.795698,3.640768,1.41,22.69980468163345,7976551424,175338185,175338185,9.342,0.881,151.872,1.139,0.884,1.394,4.13,0.0555,-0.028331784956026618,0.059,0.22194,0.21837,0.35931998,0.67337996,31.24,42.5,46.0,40.0,0.36043533930857885,strong_buy,1.42857,8,38.58191839217434,,-0.07513106607145571,-0.08753302386052052,0.6905268946192846,0.027,1793131200,0.3117839,2026-08-29T11:28:04,0.0407,,,Oil & Gas Equipment & Services,0.5272160776942152,Hold
PB,"Prosperity Bancshares, Inc.",9.875875,7.32087,6.40364,12.53033,6.2451477,4.18,,9761781760,120176771,120176771,,0.652,,,,,4.06,0.036,-0.0018558328547536584,0.177,0.07071,0.40417,0.58042,0.0,72.3,81.38462,90.0,68.0,0.12565172890733067,buy,2.46667,13,45.21741729413022,,0.02310748824494613,0.020368710738940688,0.11203532007094652,0.03546,1793795400,0.052562952,2026-08-29T11:28:04,0.0349,,,Banks - Regional,0.5272514106543137,Hold
AGX,"Argan, Inc.",26.125046,15.99002,12.09207,36.77289,5.6208844,,14.062258974547127,5484314624,14019247,14019247,34.675,0.612,2.023,1.5055,1.481,1.53,3.28,0.074499995,0.46145378564198203,1.025,0.38521,0.1548,0.15602,0.20743999,417.74,667.8,800.0,500.0,0.5986020012447932,buy,2.4,5,18.484739489227906,,-0.011888000457608013,-0.015787390645744914,0.6874404354002079,0.04112,1788379200,1.0525682,2026-08-29T11:28:04,0.0767,2.63,14.44,Engineering & Construction,0.527292905953013,Hold
MSTR,Strategy Inc,2.5724387,49.49,-17.44,-1.2838846308995564,101.49139,2.85,-2.2391976327274916,71556308992,377641410,397281660,-1.968,3.555,14.938,5.3055,5.221,5.39,2.04,0.0853,-0.19733869109322522,,-0.63562,0.0,-3.0,0.67600995,127.31,225.14285,435.0,125.0,0.7684616290943367,strong_buy,1.26667,14,74.82617597871409,,-1.0,0.8007770847802459,0.8715501451490653,0.00224,1793304000,-0.5977987,2026-08-29T11:28:04,0.0877,,,Software - Application,0.5273088482960929,Hold
EXPD,Expeditors International of Was,24.089258,7.9276,7.66174,27.797672,2.0625048,3.17,31.125232006971643,24362516480,129990622,129990622,19.279,1.045,26.745,1.4985,1.431,1.566,3.35,0.0377,0.3809408376551964,0.515,0.4267,0.07634,0.107080005,0.13549,190.97,177.7143,220.0,100.0,-0.069412473163324,hold,3.17647,14,61.093187608875034,,0.12322638931927402,0.13494095858452487,0.2258278200258741,0.00634,1793709000,0.5781547,2026-08-29T11:28:04,0.0329,,,Integrated Freight & Logistics,0.527413744377627,Hold
HQY,"HealthEquity, Inc.",17.616241,5.47052,4.71907,34.790615,5.9610515,1.5,21.5248703723898,9449050112,82715296,82715296,18.848,0.233,48.094,3.1455,2.854,3.437,5.83,0.0652,0.12073139168842495,0.344,0.11062,0.17252001,0.29343998,0.70677,96.37,118.53333,135.0,105.0,0.22998163328836774,strong_buy,1.33333,15,43.95807370905726,,0.0,0.0,1.0240627552786847,0.021440001,1787833800,0.051097393,2026-08-29T11:28:04,0.0503,,,Health Information Services,0.5275180684218809,Hold
CC,Chemours Company (The),8.101366,1.92807,0.98509,-7.732673267326732,0.4055191,1.6,7.755197697456764,5840924160,150498995,150498995,12.043,1.428,,1.2535,0.844,1.663,4.58,0.1261,0.03103027365730915,,-3.19372,-0.05244,0.01131,0.15405,15.62,19.77778,24.0,15.0,0.2661830985915494,buy,2.22222,9,58.22264620874832,,-0.2278709212186768,-0.13930441536875102,1.3085462246091046,0.0037200002,1793908800,0.036553502,2026-08-29T11:28:04,0.0906,,,Specialty Chemicals,0.5275767701748889,Hold
AEHR,Aehr Test Systems,58.417007,1.38333,0.75,-351.3478260869565,52.72011,0.9,-1348.1088630058173,2529582592,32620450,32620450,-222.989,3.087,4.502,8.966000000000001,7.602,10.33,1.27,0.14029999,0.273161384959435,,-0.04163,-0.14252,-0.06403,0.35301,80.81,130.0,175.0,110.0,0.608711793094914,strong_buy,1.0,4,47.85324672705403,,1.0,1.0,1.0140276729534545,0.04502,1791489600,2.635852,2026-08-29T11:28:04,0.1389,,,Semiconductor Equipment & Materials,0.5276803029209278,Hold
DELL,Dell Technologies Inc.,20.37284,22.39452,18.82044,36.32484,2.1999373,0.74,54.24903036455843,316035792896,325046693,646142428,22.47,1.401,,0.7789999999999999,0.612,0.946,2.22,0.0464,2.915874080281752,2.825,,0.062750004,0.088570006,0.19212,456.24,510.26086,700.0,360.0,0.11840448009819382,buy,1.77778,23,44.758610097731626,,0.022125624014285673,0.037511259812122076,0.4134089512353314,0.07491,1788292800,2.9042659,2026-08-29T11:28:04,0.0463,,,Computer Hardware,0.5276958151179573,Hold
MSFT,Microsoft Corporation,21.78441,23.57328,19.75306,28.640827,11.491237,1.6,230.4699584068663,3802315882496,7425545491,7425545491,19.576,1.099,29.118,1.1644999999999999,1.099,1.23,1.85,0.0092,0.17810870311453586,0.317,0.34039003,0.40305,0.45111,0.67944,513.53,569.4537,870.0,400.0,0.10890055108757046,strong_buy,1.36364,52,55.99498888983683,,0.018027898404701162,0.04277387916299514,0.2650138635475805,0.00090000004,1793217600,-0.00011879206,2026-08-29T11:28:04,0.0092,,,Software - Infrastructure,0.5279601790420775,Hold
AES,The AES Corporation,6.1950097,2.37772,,5.516854,0.8050369,0.81,-3.401918389113355,49495220224,713438630,713438630,12.161,0.952,256.886,0.598,0.45,0.746,2.6,0.024300002,0.1966662511896784,,0.095740005,0.1434,0.18673,0.2027,14.73,15.0,15.0,15.0,0.018329938900203624,none,,8,47.83887917601828,,0.0,-0.0007648537112214683,1.1277583729253935,0.0057599996,1793822400,0.0999254,2026-08-29T11:28:04,0.0243,,,Utilities - Diversified,0.5279875011513998,Hold
CNXN,"PC Connection, Inc.",17.843224,4.465,4.175,21.07672,0.67296106,2.16,168.81374038431267,1677575296,25238099,25238099,12.471,0.867,0.792,2.628,2.376,2.88,3.02,0.0448,0.13108569706458506,0.351,0.104320005,0.03208,0.05037,0.18892,79.67,83.0,83.0,83.0,0.0417974143341282,none,,1,46.4256901452848,,0.06369426751592357,0.05430932703659965,0.027804651777748966,0.56955004,1793217600,0.25725424,2026-08-29T11:28:04,0.0449,,,Electronics & Computer Distribution,0.5280600989797204,Hold
KSS,Kohl's Corporation,11.175825,1.56588,1.77805,7.51073,0.12861308,1.94,2.106687728237792,7650950144,113399993,113399993,5.917,1.416,154.055,0.898,0.305,1.491,9.3,0.3109,-0.02086747042391801,-0.052,0.06671,0.0175,0.074250005,0.41167,17.5,18.23077,41.0,9.0,0.04175828571428575,hold,3.28571,13,34.65035321099842,,0.24943783905332098,0.006208748937089092,0.8584310497642463,0.03924,1795523400,0.12523246,2026-08-29T11:28:04,0.2774,9.52,1.54,Department Stores,0.5282916859123377,Hold
BELFA,Bel Fuse Inc.,25.886393,8.01,8.26,53.30334,4.023712,1.67,54.07089126651526,2909680896,2115263,14439450,19.584,1.411,3.386,3.755,3.029,4.481,0.82,0.0908,7.206653451603891,-0.117,0.1041,0.07211,0.18247999,0.39521998,207.35,313.0,326.0,300.0,0.5095249578008199,none,,2,64.9857166373554,13.35823093039241,0.0854139290407358,-0.13498920086393087,0.25403419091921514,0.22016001,1793217600,0.84168255,2026-08-29T11:28:04,0.0114,1.0,5.39,Electronic Components,0.5284128052456101,Hold
OKE,"ONEOK, Inc.",15.057547,6.29319,5.93794,16.36615,1.5173965,1.97,66.38014296314361,92713615360,630369667,630369667,12.088,0.715,143.07,0.626,0.515,0.737,6.72,0.0448,0.526495499625619,0.142,0.16277,0.09287,0.13254,0.27214,94.76,96.61905,111.0,88.0,0.01961850991979741,buy,2.21739,21,68.2622214460714,,0.019122597858227054,0.01039780948487854,0.15472113487044412,0.0015199999,1793131200,0.26936483,2026-08-29T11:28:04,0.0399,,,Oil & Gas Midstream,0.5284577699189086,Hold
GRC,Gorman-Rupp Company (The),24.094862,3.16333,2.81,32.16034,2.867289,2.21,26.203582951815026,2280455680,26410243,26410243,17.121,1.298,62.33,2.2595,1.712,2.807,3.48,0.028800001,0.03181074479322277,0.225,0.14863,0.08883,0.16145,0.31825,76.22,80.66667,84.0,78.0,0.0583399370244031,buy,2.0,3,25.897252521004063,,0.06708995834171946,0.05561506605665631,0.4999104824986112,0.21079001,1792758600,0.83926034,2026-08-29T11:28:04,0.0324,,,Specialty Industrial Machinery,0.5285310606127033,Hold
MTCH,"Match Group, Inc.",9.083482,4.57754,3.95459,14.744682,2.7638469,0.38,10.421830572580436,12546523136,233266526,233266526,10.553,1.32,,1.6435,1.563,1.724,3.7,0.067,0.038650063730104156,0.504,,0.20169,0.28771,0.74872,41.58,41.88235,51.0,35.0,0.007271524771524929,buy,2.4,17,64.86535713037568,,0.02185788113695089,0.09118951132300349,0.25941647508758475,0.00758,1793736000,0.11465657,2026-08-29T11:28:04,0.0496,,,Internet Content & Information,0.5286033799226504,Hold
MTSI,MACOM Technology Solutions Hold,31.290325,8.4777,5.51229,84.75079,17.404955,2.05,194.14108592052492,20917225472,76370931,76370931,75.773,1.71,26.873,2.0085,1.679,2.338,1.66,0.0357,0.32278832677841796,1.667,0.17184,0.20698999,0.23337,0.56536,265.27,395.33334,475.0,300.0,0.4903055000565464,buy,1.6875,15,44.08287703875365,,0.09615074859259827,0.22268229470887796,1.2844141217927993,0.06552,1793881800,1.1148417,2026-08-29T11:28:04,0.0341,,,Semiconductors,0.5286151698246533,Hold
ZWS,Zurn Elkay Water Solutions Corp,23.631186,2.03333,1.831,29.844719,4.4608583,1.6,24.699060275532712,8155269632,165864097,165864097,17.489,0.784,33.181,2.5469999999999997,2.041,3.053,4.59,0.0375,0.12090840249773893,1.32,0.16919,0.15454,0.31365,0.49008998,48.05,58.22222,65.0,52.0,0.21170072840790843,buy,2.3,9,37.8155160761156,,0.04155408288062804,0.055726895119418446,0.4203741992386937,0.116239995,1793131200,0.076019526,2026-08-29T11:28:04,0.0312,,,Pollution & Treatment Controls,0.5287086426033062,Hold
EXTR,"Extreme Networks, Inc.",14.852136,1.52032,1.30506,72.83871,2.2954934,0.83,36.175531578436626,2929286912,130490653,130490653,35.225,1.798,219.625,0.7815000000000001,0.635,0.928,3.99,0.0829,0.11629905017028319,,0.54638,0.03281,0.064380005,0.61479,22.58,33.5,38.0,28.0,0.4836138175376441,strong_buy,1.375,8,46.65978623307703,,-0.0012168522557685533,0.03084423289463857,1.3311179511974136,0.03272,1793190600,0.076958776,2026-08-29T11:28:04,0.0585,,,Communication Equipment,0.5287207445178032,Hold
BOKF,BOK Financial Corporation,12.774838,10.76178,10.31144,12.957587,3.6639779,1.46,,6905979904,60766867,60766867,,0.793,,,,,8.05,0.0924,0.15253302593335927,0.332,0.1086,0.28529,0.40091,0.0,137.48,152.0,175.0,146.0,0.10561536223450685,none,,8,48.03389079378785,,0.018492288788667172,0.021127970008852647,0.07778778105500239,0.63329,1792440000,0.24115956,2026-08-29T11:28:04,0.1099,,,Banks - Regional,0.5288130180761487,Hold
ATMU,Atmus Filtration Technologies I,14.560707,3.278,2.96,18.287357,2.0500894,,37.497217705994665,4691954688,81595527,81595527,13.707,1.193,232.278,2.186,1.722,2.65,4.39,0.0419,0.17924091912538276,0.083,0.5579,0.11323,0.16973,0.28789,47.73,65.2,73.0,56.0,0.3660171799706684,buy,1.6,5,38.25722080689418,,0.004806778372213002,0.013000899277796438,0.0968406870327362,0.00487,1793968200,0.0902189,2026-08-29T11:28:04,0.0377,,,Auto Parts,0.5289183287464977,Hold
DXCM,"DexCom, Inc.",29.071146,3.12406,2.66234,35.897232,6.896866,1.68,33.561657352523845,33145942016,377360765,377360765,23.622,1.41,53.346,1.5515,1.37,1.733,3.11,0.0506,0.17534029815738794,0.436,0.38491002,0.20118,0.24327,0.62473,90.82,94.12,115.0,79.0,0.03633560889671883,strong_buy,1.32143,25,67.53090230720201,,0.028339455459120696,0.01513905903225706,0.372053264107483,0.00261,1793304000,0.20174968,2026-08-29T11:28:04,0.044,,,Medical Devices,0.5291019146454529,Hold
NTRS,Northern Trust Corporation,14.742327,12.67032,11.42094,16.033476,3.761409,1.24,,41399484416,182955653,182955653,,1.259,,,,,3.09,0.0227,0.42144606533693696,0.986,0.17066,0.2467,0.42496,0.0,186.79,184.26923,208.0,158.0,-0.013495208522940172,none,,13,68.43583119379336,,-0.024719032307456715,0.03933969680327165,0.2945492000625628,0.008590001,1792585800,0.4353857,2026-08-29T11:28:04,0.02,,,Asset Management,0.5292579192469012,Hold
KMI,"Kinder Morgan, Inc.",20.524027,1.53771,1.55829,20.36129,3.9132397,3.36,65.37476230699089,103815340032,2226802089,2226802089,13.597,0.554,98.619,0.3755,0.293,0.458,4.6,0.023699999,0.10565040879122334,0.212,0.109910004,0.19305,0.30065,0.49407002,31.56,35.80952,43.0,31.0,0.13464892268694562,buy,2.13043,21,51.54910608250727,,0.04924048587357585,0.023386597629394937,0.11390872968167205,0.12696,1793217600,0.1795063,2026-08-29T11:28:04,0.0238,,,Oil & Gas Midstream,0.5293143949281653,Hold
BCC,"Boise Cascade, L.L.C.",14.891279,5.28833,3.93,26.694916,0.4254756,2.94,63.408262490326166,2992824832,34891351,34891351,9.301,1.051,27.115,1.984,1.258,2.71,3.53,0.0614,0.12575319883715608,-0.007,0.0506,0.01637,0.045840003,0.16511999,78.75,96.5,105.0,89.0,0.22539682539682548,none,,6,33.69375171322021,,0.07573090851360272,-0.020982399887442216,0.6411699075343744,0.01219,1793649600,-0.08172071,2026-08-29T11:28:04,0.0426,,,Lumber & Wood Production,0.5293792081552026,Hold
TKR,Timken Company (The),16.60724,7.27514,6.26691,32.742546,1.758806,1.75,23.636782655492418,10345543680,69296839,69296839,12.331,1.227,65.523,2.3075,1.52,3.095,3.76,0.0535,0.08036998628465586,-0.634,0.08538,0.05435,0.13649,0.30859,120.82,147.20091,160.0,129.0,0.2183488660817745,buy,2.16667,11,54.47414468316947,,0.021812679659488677,0.00574403581071086,0.12840996074908337,0.07908,1793190600,0.6281867,2026-08-29T11:28:04,0.0541,,,Tools & Accessories,0.5294819652517914,Hold
FIX,"Comfort Systems USA, Inc.",25.237095,60.17848,49.00705,37.31523,4.760471,0.68,29.019075794769186,55507181568,35194329,35194329,27.716,1.701,45.489,1.193,1.172,1.214,1.84,0.03,0.012501616382571079,0.388,0.55292,0.12775,0.07885,0.25661,1518.73,2197.0,2500.0,1910.0,0.4466034120613933,strong_buy,1.2,8,41.710981393800296,,0.12329301215136512,0.11093557057065095,0.6693315125493692,0.01127,1792699200,1.3117046,2026-08-29T11:28:04,0.0255,,,Engineering & Construction,0.529515658137434,Hold
FLR,Fluor Corporation,15.82553,3.36608,2.70598,-4.5568862275449105,0.45860228,1.1,331.3668048372093,5252386816,133741067,133741067,-22.542,1.257,38.492,1.767,1.738,1.796,3.63,0.100600004,0.31515648817128117,-0.945,-0.45167,-0.12848,0.03257,-0.00798,53.27,60.6875,71.0,47.5,0.13924347662849623,none,,8,33.96771511272257,49.95507741735714,0.05438746882793019,0.028825375866885543,1.7311363367332266,0.02387,1793968200,0.29611886,2026-08-29T11:28:04,0.0723,,,Engineering & Construction,0.5296162244652174,Hold
DPZ,Domino's Pizza Inc,16.771496,20.86874,19.01864,19.852526,2.3029106,1.75,21.78491740694622,16536624128,33081735,33081735,16.157,0.951,,1.1665,0.795,1.538,3.06,0.099700004,0.07033995345165533,0.068,,0.118640006,0.19084999,0.28709,350.0,380.2857,450.0,270.0,0.08653057142857157,buy,2.16667,28,47.51176932294054,,-0.002019920011377438,-0.0005221787418310239,0.14628866146765895,0.00476,1791894600,-0.28940725,2026-08-29T11:28:04,0.0959,,,Restaurants,0.5297479903097242,Hold
MGM,MGM Resorts International,20.437954,2.0687,1.87312,25.624243,0.6090378,0.6,12.306597323651639,39071358976,255851235,255851235,17.462,1.296,893.311,1.271,1.207,1.335,7.15,0.1453,0.08626686160025776,5.194,0.18924999,0.02398,0.067880005,0.44157,42.28,50.62778,60.0,43.0,0.19744039735099328,buy,2.40909,18,42.5233556076559,,0.05022595512295771,-0.06063399372454281,0.4971662709912075,0.27875,1793217600,0.104343414,2026-08-29T11:28:04,0.1103,8.52,0.27,Resorts & Casinos,0.5298253297117004,Hold
GEF,Greif Inc.,17.633007,4.76833,4.31167,34.7438,1.1108426,0.77,,5855693312,24808643,56848160,10.094,0.765,39.41,1.0525,0.816,1.289,0.9,,1.0104420665007754,0.434,,0.24743,0.10561,0.22521,84.08,87.2,100.0,74.0,0.0371075166508088,none,,5,42.21289079136643,,0.11125515463917537,0.06002227493314176,0.15638343226922055,0.0308,1793217600,0.3589002,2026-08-29T11:28:04,0.0113,,,Packaging & Containers,0.5303313204638476,Hold
FTK,"Flotek Industries, Inc.",29.543211,0.81,0.715,23.69307,2.958531,4.32,-37.92947498550439,918434560,36220429,36220429,22.529,1.477,44.259,1.6205,1.461,1.78,5.73,0.1997,0.40368418054904875,4.2,0.37796003,0.1297,0.14981,0.24679,23.93,38.25,43.0,32.0,0.5984120351023821,strong_buy,1.0,6,6.225783860575461,,0.3240740740740739,0.012500000000000011,1.6406978148865052,0.60745996,1793736000,1.0282626,2026-08-29T11:28:04,0.2002,,,Oil & Gas Equipment & Services,0.5304581064445888,Hold
FDX,FedEx Corporation,15.876619,20.84071,17.704,17.827587,0.8267474,1.41,13.843857982407105,107798372352,236670435,236670435,9.102,1.36,135.697,1.431,1.387,1.475,3.24,0.021300001,0.3915743322312313,-0.043,0.14846,0.0468,0.11129,0.27318,330.88,356.37125,479.0,160.0,0.07704077006769827,buy,1.82143,26,63.88396823239899,53.75979300630146,-0.0012788639941962012,0.007846328981945474,0.07429355881595519,0.06243,1793217600,0.8345964,2026-08-29T11:28:04,0.023,,,Integrated Freight & Logistics,0.5308615160757941,Hold
PINS,"Pinterest, Inc.",9.645139,2.40432,2.02941,68.20589,2.8827055,0.37,10.976554142713402,12878976000,492198008,566313027,40.685,0.908,41.35,3.7145,3.619,3.81,3.77,0.1181,0.6248987198014015,,0.06461,0.054640003,-0.03464,0.79473,23.19,28.99333,42.36,22.0,0.2502514014661492,buy,2.07692,36,45.61832724788585,,0.06710520088968805,0.07587442339558428,1.5082924865389877,0.013250001,1794254400,-0.37707597,2026-08-29T11:28:04,0.0906,,,Internet Content & Information,0.5309351833776195,Hold
BR,"Broadridge Financial Solutions,",15.864103,11.57582,10.54859,19.149113,2.8005247,2.01,17.529479702757094,23991810048,114021798,114021798,13.262,0.889,123.939,1.1600000000000001,1.084,1.236,2.85,0.0334,0.10744372755812881,0.084,0.40916002,0.15037,0.24609,0.31780002,183.64,213.25,250.0,176.0,0.16123938139838834,buy,2.33333,8,69.72158783270342,,0.012812105442552457,0.011195301048423815,0.27435854829471096,0.00525,1793709000,-0.2733767,2026-08-29T11:28:04,0.0293,,,Information Technology Services,0.5309659051156064,Hold
VLTO,Veralto Corp,20.618513,4.78017,4.40195,24.826195,4.2184463,2.55,29.770197714308914,25456951296,243793344,243793344,18.314,0.752,115.978,1.6265,1.478,1.775,3.86,0.0295,0.09425902292065858,0.101,0.34312,0.17346,0.21370001,0.60183,98.56,113.33333,136.0,100.0,0.14989174107142866,buy,1.94118,15,47.60605524682895,,0.03488607190212434,0.023858481230642718,0.054348703381604045,0.0019200001,1792612800,-0.06563449,2026-08-29T11:28:04,0.026,,,Pollution & Treatment Controls,0.5309732360364464,Hold
FELE,"Franklin Electric Co., Inc.",19.478935,5.1625,4.65,28.896551,2.0100062,1.78,29.75553794130428,4660822016,44211464,44211464,13.193,1.031,21.845,1.6965000000000001,0.987,2.406,2.15,0.017,0.093192797234672,0.114,0.11767,0.07056,0.15447,0.35525,100.56,118.5,125.0,105.0,0.17840095465393802,none,,4,35.15256867082685,,0.014176663031624948,0.016240157480314876,0.10383404321014393,0.07501,1793104200,0.057131052,2026-08-29T11:28:04,0.0167,,,Specialty Industrial Machinery,0.531041711263797,Hold
IEX,IDEX Corporation,24.033842,9.58149,8.82243,33.133812,4.73495,1.88,30.554060067189276,18511781888,73719896,73719896,19.13,0.976,47.06,2.5294999999999996,2.01,3.049,2.4,0.0271,0.0903359711739149,0.109,0.12955,0.1449,0.2217,0.4473,230.28,254.5,280.0,215.0,0.10517630710439474,none,,14,48.488166017602126,,0.03850350722102632,0.03806663611455089,0.10246282852134254,0.00223,1793190600,0.44298494,2026-08-29T11:28:04,0.0238,,,Specialty Industrial Machinery,0.5311226346521589,Hold
NHI,"National Health Investors, Inc.",22.186014,3.24664,14.55137,20.817919,8.117398,4.76,20.56842410605014,4985333248,49110434,49110434,17.21,0.559,97.569,1.506,1.195,1.817,5.56,0.045300003,-0.05847102063891352,-0.43,0.10717,0.38275,0.61341,0.73925,72.03,82.125,90.0,73.0,0.1401499375260309,buy,1.75,8,49.53898501911873,,1.0,-0.058934016626279645,0.30049502420760177,0.023929998,1793908800,-0.061440945,2026-08-29T11:28:04,0.0453,,,REIT - Healthcare Facilities,0.5311998340951412,Hold
KALU,Kaiser Aluminum Corporation,13.85246,11.28897,13.51603,11.600891,0.6181656,1.17,77.41622940196821,3549557760,16349092,16349092,7.73,1.604,113.255,1.7975,1.1,2.495,3.27,0.0637,0.5110200615422558,3.057,0.26398,0.05489,0.10560001,0.14524001,156.38,169.25,183.0,146.0,0.08229952679370767,none,,4,42.99372559393341,,0.314478192411716,0.03902736692517401,0.9798580411603373,0.014479999,1792612800,1.0129704,2026-08-29T11:28:04,0.0539,,,Aluminum,0.5315751345019835,Hold
DLTR,"Dollar Tree, Inc.",16.286839,7.87507,7.03946,15.698897,1.199154,1.63,18.9353905317923,30441748480,187630299,187630299,10.598,,223.945,0.727,0.32,1.134,3.41,0.050300002,0.1901314509976879,1.972,0.46032003,0.08035,0.13746999,0.39016998,128.26,131.68,170.0,98.0,0.0266645875565259,hold,2.62963,25,40.763031234387064,,0.01045412200734067,0.009482704713864415,1.2531827021318995,0.00166,1787833800,0.14054787,2026-08-29T11:28:04,0.0416,,,Discount Stores,0.5316855577806793,Hold
ALNT,Allient Inc.,27.981848,3.31858,2.73724,54.623528,2.7459037,,48.867625159393754,1782108288,16996512,16996512,23.3,1.616,63.283,2.604,1.785,3.423,1.79,0.041199997,0.09761625208748725,0.812,0.09514,0.04977,0.10568,0.33328998,92.86,118.0,130.0,90.0,0.270730131380573,buy,1.6,5,34.61440374162629,,0.08405115227266423,0.07172314459274845,0.2561251976713111,0.14352,1793822400,1.1165671,2026-08-29T11:28:04,0.0346,,,Electronic Components,0.5317401719575471,Hold
PVH,PVH Corp.,6.0095468,12.6116,12.08065,22.966667,,0.06,,7128032256,,,7.268,1.745,86.338,1.214,0.751,1.677,5.19,0.1377,0.021,,0.033239998,0.01758,0.05822,0.57532,75.79,91.83333,128.0,70.0,0.2116813563794695,buy,2.38462,12,38.863678193333755,,-0.0004699524173177389,0.01105769192226498,0.8414537798152983,0.00968,1788379200,-0.11400652,2026-08-29T11:28:04,0.0984,,,Apparel Manufacturing,0.531997754495239,Hold
CE,Celanese Corporation,7.284465,6.17753,5.97253,-4.2492917847025495,0.5085154,1.74,5.199317575897312,16392701952,109748926,109748926,9.775,0.752,270.205,1.127,0.807,1.447,3.41,0.09819999,0.11828881131829938,-0.371,-0.2225,-0.12037,0.11047,0.21375999,45.0,63.625,86.0,45.0,0.413888888888889,buy,1.875,16,72.72513457259878,,-0.016150048512742647,-0.04912216431212351,1.158295047371873,0.00365,1793908800,-0.026047349,2026-08-29T11:28:04,0.0684,,,Chemicals,0.5320001632485616,Hold
TNET,"TriNet Group, Inc.",14.314553,4.90899,4.85493,18.639257,0.6682672,6.06,12.195560287334594,3783756544,45904738,45904738,13.138,0.927,760.0,0.752,0.374,1.13,3.68,0.056799997,0.011920477576846222,0.494,1.50862,0.03625,0.06432,0.18148,70.27,66.2,82.0,50.0,-0.05791945353635963,hold,2.57143,5,68.29834242254535,,0.06375384534483226,0.012691156417677632,0.3507004351745634,0.011390001,1793190600,-0.039906085,2026-08-29T11:28:04,0.058,,,Staffing & Employment Services,0.5321365446236919,Hold
FOXF,Fox Factory Holding Corp.,11.184063,1.83833,1.592,-2.8795518207282913,0.5901884,1.85,17.684993142991768,1505519104,42031001,42031001,10.473,1.364,102.0,2.081,1.057,3.105,5.52,0.113400005,-0.05022592728638564,0.469,-0.3675,-0.20391001,0.04889,0.29549,20.56,21.83333,26.0,20.0,0.06193239299610909,hold,2.66667,6,38.36084244393508,,0.13850092610471063,0.05449341203329259,1.5430932414343432,0.00982,1793908800,-0.24884301,2026-08-29T11:28:04,0.0822,,,Auto Parts,0.5321927128026187,Hold
DY,"Dycom Industries, Inc.",14.445114,20.37644,16.60325,26.831358,1.2903358,3.5,27.185002087692492,11574285312,30160957,30160957,12.419,1.534,147.703,2.2765,2.205,2.348,3.14,0.0558,0.39773978657242215,0.144,0.19197,0.0479,0.09571,0.20528999,294.34,602.0909,654.0,423.0,1.0455626146633148,strong_buy,1.09091,11,11.230833568468967,,0.0025711520125695974,-0.0015034059662165204,0.2705021038581013,0.01258,1795609800,0.25559497,2026-08-29T11:28:04,0.0523,,,Engineering & Construction,0.5322937143626959,Hold
DHR,Danaher Corporation,23.240107,9.29729,8.5096,38.515152,6.049875,1.41,35.11902939446062,175141027840,702986054,702986054,21.816,0.796,52.97,1.4,1.149,1.651,1.44,0.0139999995,0.07403534193012584,0.597,0.07605,0.15948,0.19777,0.58752996,216.07,227.95651,310.0,195.0,0.05501231082519564,strong_buy,1.5,23,57.27637029229406,,-0.0014995811029312643,0.0035371503326671085,0.32201899892814567,0.1096,1792499400,0.058344364,2026-08-29T11:28:04,0.014,,,Diagnostics & Research,0.5323330064586241,Hold
INTU,Intuit Inc.,12.961509,27.62487,24.76867,21.753342,4.566517,0.93,15.211734556543115,98528321536,273537000,273537000,14.386,0.959,43.892,1.1444999999999999,0.782,1.507,2.43,0.038399998,0.16595531900985971,-0.008,0.23596,0.21289,0.17638999,0.80982,358.06,428.6125,921.0,290.0,0.19704099871529923,buy,2.0,32,54.641806597379684,,-0.09234003054034867,-0.08715534222993376,0.2815182838248229,0.02355,1795118400,-0.4743123,2026-08-29T11:28:04,0.0345,,,Software - Application,0.5327750906541849,Hold
WEC,"WEC Energy Group, Inc.",17.70658,5.9989,5.59942,20.625242,3.41426,2.24,-14.705629909235432,58042572800,325849383,325849383,14.638,0.462,157.985,0.4185,0.303,0.534,8.1,0.066,0.013457495434324729,0.197,0.11988,0.16686001,0.21802999,0.41909,106.22,121.61765,140.0,108.5,0.14495998870269244,buy,2.36842,17,54.31629908954879,,0.0011017096172454017,-0.0005989548238323465,0.06454432150459072,0.0015199999,1793277000,0.0024523735,2026-08-29T11:28:04,0.0576,,,Utilities - Regulated Electric,0.5329175848511982,Hold
PTGX,"Protagonist Therapeutics, Inc.",2434.7166,0.05928,4.74981,140.12622,33.11919,,97.13738516497328,8565986816,64708285,64708285,143.045,1.794,1.095,21.6425,21.576,21.709,14.77,0.1399,35.89417085308318,,0.10985,0.29400998,0.74372,1.0,144.33,170.38461,225.0,149.0,0.18052109748493028,strong_buy,1.23077,13,43.980904160714395,,0.1273345659350962,1.0,1.2310090399447693,0.0070999996,1793908800,1.5403569,2026-08-29T11:28:04,0.1473,,,Biotechnology,0.5331904218116791,Hold
UPS,"United Parcel Service, Inc.",13.044126,8.0749,7.20885,19.578068,0.9964731,1.64,16.123939426880565,113664827392,749349405,850781582,9.452,1.038,189.9,1.1155,1.052,1.179,4.72,0.0348,0.2159276555587577,-0.53,0.29602,0.050819997,0.09052,0.22413,105.33,116.07692,135.0,76.0,0.10203095034652998,buy,2.17241,26,52.756610682045824,26.970487338812262,0.011041889898066258,0.006334690499958186,0.3648546430924309,0.00017000001,1793104200,0.23993897,2026-08-29T11:28:04,0.0349,,,Integrated Freight & Logistics,0.5333123794511829,Hold
DUK,Duke Energy Corporation (Holdin,16.765844,7.17232,6.7109,18.137255,2.8582506,2.42,-20.940661345224797,188837216256,779702193,779702193,11.364,0.371,162.155,0.46,0.259,0.661,3.95,0.0255,0.0083053133082569,0.106,0.098570004,0.15995,0.27503002,0.51971,120.25,137.27779,147.0,129.0,0.14160324324324325,buy,2.09091,18,52.27073893373647,,0.00080680159093511,0.00047985180390804863,0.31956763448395153,0.00131,1793881800,-0.013470471,2026-08-29T11:28:04,0.023,,,Utilities - Regulated Electric,0.5333614879861474,Hold
PAY,"Paymentus Holdings, Inc.",33.605362,1.07096,0.92625,54.530304,3.3318594,,41.39227536491503,4117406720,63114220,125939647,38.042,1.312,1.694,4.8365,4.787,4.886,2.79,0.075500004,1.5563182433372384,0.818,0.15017,0.06238,0.09043,0.24948,35.99,39.33333,45.0,36.0,0.09289608224506796,buy,2.14286,6,34.99007282588899,23.457783529207887,0.12085239236186744,0.05680932316284935,0.8537798648669658,0.02868,1793649600,-0.08528125,2026-08-29T11:28:04,0.055,,,Software - Infrastructure,0.5333709305564345,Hold
TIC,"TIC Solutions, Inc.",16.880917,0.56632,0.44834,-14.9375,1.0154072,,-215.64881372751705,3437510656,218220356,218220356,13.996,1.743,81.295,2.817,2.721,2.913,6.09,0.0947,0.7488356952364243,,-0.07082,-0.05645,0.018550001,0.33927,9.56,12.14286,16.0,10.0,0.270173640167364,buy,1.83333,7,47.50990192751773,,0.5383084577114429,0.12830729996812243,1.5341291627722853,0.11415,1794227400,-0.120967746,2026-08-29T11:28:04,0.1567,,,Specialty Business Services,0.5337078949979953,Hold
LKFN,Lakeland Financial Corporation,13.223159,4.508,4.382,13.672018,5.413987,1.44,,1355187584,24857840,24857840,,0.715,,,,,14.36,0.1126,0.12131259996846078,0.087,0.14997,0.4064,0.51455003,0.0,59.61,66.5,67.0,66.0,0.11558463345076331,none,,4,39.45469463466303,,0.013765182186234792,0.00456824512534823,0.05812568665347806,0.028299998,1793017800,-0.12233096,2026-08-29T11:28:04,0.0949,,,Banks - Regional,0.5337158764279962,Hold
BUSE,First Busey Corporation,11.112701,2.72571,2.69,12.363265,3.19495,1.91,,2297714176,82576956,82576956,,0.71,,,,,4.25,0.0448,0.0688733896173166,0.327,0.09634,0.29507,0.47087002,0.0,30.29,33.28571,35.0,31.0,0.09890095741168703,none,,7,43.4412190188057,,0.024484806014373153,0.005797047970479664,0.18354029186405857,0.04281,1793131200,0.22864115,2026-08-29T11:28:04,0.045,,,Banks - Regional,0.5339084929653365,Hold
AMPL,"Amplitude, Inc.",82.745056,0.17282,0.07344,-19.066666666666666,5.065738,,26.6405201228676,1652969472,103867086,132619246,-17.174,1.427,7.127,0.9464999999999999,0.846,1.047,3.51,0.0904,0.5273122035983564,,-0.47887,-0.26587,-0.32768002,0.72416997,14.3,13.77273,18.0,11.0,-0.03687202797202804,buy,1.75,11,80.14757842736977,,0.45627602617489593,0.2890281196389946,0.09179144533533481,0.053969998,1793822400,0.24934387,2026-08-29T11:28:04,0.0829,,,Software - Application,0.5340439349542994,Hold
CMS,CMS Energy Corporation,16.40914,4.15683,3.87168,20.545181,2.4269938,2.65,-9.727291513739972,41298096128,313577136,313577136,13.684,0.339,185.604,0.6745,0.413,0.936,0.0,0.0,-0.05086071071202081,-0.439,0.09158,0.11642,0.17167999,0.40315,68.21,79.58333,87.0,68.0,0.1667399208327227,buy,2.26667,12,56.884162140122314,,-0.0010604289706098206,-0.0033542564771435173,0.092314952287225,0.00546,1793277000,-0.039488494,2026-08-29T11:28:04,0.0,,,Utilities - Regulated Electric,0.5341829037467819,Hold
LGN,Legence Corp.,22.11439,2.43484,1.49066,-168.265625,2.361641,,23.889547515625402,5705472000,76904346,164284941,22.127,,122.316,1.3250000000000002,1.304,1.346,2.22,0.0561,0.5068417888892782,,-0.12427,-0.01203,0.02747,0.1874,53.845,102.52941,130.0,80.0,0.904158417680379,strong_buy,1.23529,17,53.838642809110446,,0.020685405183333953,0.3467258859383728,0.23750466752778257,0.00252,1794573000,0.8878689,2026-08-29T11:28:04,0.0563,,,Engineering & Construction,0.534333748616004,Hold
ASH,Ashland Inc.,17.293016,4.30058,3.52781,47.67308,1.8488888,1.23,12.654540058472161,4441652736,45793370,45793370,12.202,0.39,78.93,2.324,1.601,3.047,5.37,0.104899995,0.07719959898124973,,0.0399,0.02823,0.11469,0.33388,74.37,80.18182,90.0,70.0,0.07814737125184879,buy,1.58333,11,48.65508304362917,,-0.01073444584965603,0.009876670768248172,1.38973985895677,0.01176,1793736000,0.34754872,2026-08-29T11:28:04,0.1129,,,Specialty Chemicals,0.5344292836429261,Hold
ABT,Abbott Laboratories,18.544504,6.06487,5.51886,36.39806,4.1776586,2.34,26.995816714987058,220862464000,1730383296,1730383296,18.908,0.581,63.212,1.0865,0.797,1.376,1.85,0.013200001,0.13617555402014214,-0.475,0.10576,0.116450004,0.14706999,0.56847,112.47,120.2,135.0,103.0,0.06872943896150097,buy,1.59259,25,61.290298300416424,,0.000939481435266498,4.781864531421457e-05,0.43680194927318866,0.00495,1791981000,-0.15114862,2026-08-29T11:28:04,0.0118,,,Medical Devices,0.5347276148308878,Hold
NVEC,NVE Corporation,35.650177,2.83,,27.120968,15.611385,0.84,62.47642164327426,497098400,4837166,4837167,24.842,1.341,1.515,21.4235,19.128,23.719,1.55,0.0932,0.8070014942633768,0.786,0.29813,0.57637,0.65849,0.79262,100.89,,,,,none,,,32.27101604971351,,,,0.20554788310520758,0.00971,1792612800,0.67338645,2026-08-29T11:28:04,0.0816,,,Semiconductors,0.5348031645722574,Hold
OMCL,"Omnicell, Inc.",15.827753,2.09,2.26875,39.380955,1.2067368,15.4,11.211964370269033,1431824256,45478909,45478909,17.422,0.973,15.484,1.419,1.194,1.644,4.16,0.0896,0.10725765211298266,3.333,0.03059,0.03135,0.05909,0.44014,33.08,57.85714,70.0,45.0,0.7490066505441355,strong_buy,1.375,7,30.924993221618053,,0.17096774193548378,-0.04783599088838268,1.4164033137166259,0.021459999,1793277000,0.04080999,2026-08-29T11:28:04,0.0759,,,Health Information Services,0.534813025382436,Hold
OLLI,Ollie's Bargain Outlet Holdings,14.434835,5.01703,4.42474,17.925743,1.6028752,,32.24911992425025,4783751680,60453292,60453292,12.984,0.499,37.58,1.4669999999999999,0.614,2.32,5.01,0.1361,0.15877124110958252,0.195,0.13781,0.09132,0.10556,0.40708,72.42,106.13333,135.0,73.0,0.46552513117923233,buy,1.6,15,30.940025286613036,,-0.007810170038815482,-0.009175525613281357,0.3234080922692613,0.00336,1788352200,-0.43403244,2026-08-29T11:28:04,0.1194,,,Discount Stores,0.5348467279220088,Hold
RBCAA,"Republic Bancorp, Inc.",13.753623,6.9,6.97,14.510704,4.87196,1.27,,1765498880,17497409,19634151,,0.564,,,,,3.63,0.0467,0.16530636050171776,0.04,0.115480006,0.33468,0.45019,0.0,94.9,98.0,98.0,98.0,0.03266596417281353,none,,1,39.231255664192936,79.04982360271354,0.048120300751879605,0.042296072507552906,0.18890229640478604,0.51509,1792153800,0.22829497,2026-08-29T11:28:04,0.0443,,,Banks - Regional,0.5353265209269804,Hold
GVA,Granite Construction Incorporat,15.336106,7.98899,7.0789,-28.426914153132252,1.095824,0.14,5.6756094225961515,6191800832,44426893,44426893,12.784,1.335,215.12,0.9655,0.918,1.013,3.83,0.1361,0.2743532751660125,,-0.14548,-0.0332,0.08996,0.15641,122.52,171.66667,200.0,119.0,0.4011318152138428,none,,6,38.56535334707707,,0.048550390823462165,0.04065041709435559,0.5450926723775414,0.00928,1793881800,0.1702168,2026-08-29T11:28:04,0.0877,,,Engineering & Construction,0.5355184740808522,Hold
PTC,PTC Inc.,17.680763,8.88819,8.18823,15.227713,5.772485,1.42,16.5322307284591,18503309312,108506261,108506261,14.501,0.988,46.335,0.957,0.889,1.025,3.73,0.090100005,0.028945933359550535,-0.12,0.35053003,0.41429,0.28232,0.84501,157.15,173.35,230.0,140.0,0.10308622335348394,buy,1.95,20,60.030423606108904,,0.013291967894347551,0.029966661220289664,0.5142708338093809,0.00354,1794427200,-0.2524925,2026-08-29T11:28:04,0.0539,,,Software - Application,0.5356400308959708,Hold
KNX,Knight-Swift Transportation Hol,16.805925,4.00097,2.31441,249.03702,1.4158697,0.49,22.277030073606017,13722475520,162756000,162756000,13.07,1.19,38.41,0.7555000000000001,0.634,0.877,2.59,0.071100004,0.12111565779448985,0.238,0.00611,0.00555,0.051810004,0.24333,67.24,88.63158,100.0,57.0,0.31813771564544924,none,,19,33.08427298309694,,0.17691838291380635,0.13199865324818988,1.1037050262645214,0.02918,1792612800,0.5879235,2026-08-29T11:28:04,0.0638,,,Trucking,0.5356976405349236,Hold
LECO,"Lincoln Electric Holdings, Inc.",22.763409,12.51548,11.20702,28.518017,3.4653609,1.76,50.568457382953184,16751628288,54505757,54505757,18.928,1.215,77.347,1.501,1.02,1.982,2.95,0.0254,0.147134898062236,0.125,0.37736,0.12353,0.18243,0.36051998,284.895,304.9091,340.0,238.0,0.07025079415223168,buy,2.0,11,57.914361033689865,,0.0256686694336272,0.03851959171108103,0.08295547417107034,0.0152,1793277000,0.1974293,2026-08-29T11:28:04,0.0228,,,Tools & Accessories,0.5357366959694827,Hold
USFD,US Foods Holding Corp.,19.424314,5.52246,4.78925,33.006153,0.5782223,0.73,28.822600305021957,28665124864,216330723,216330723,16.077,0.818,126.315,0.9015,0.666,1.137,4.47,0.056700002,0.08770837880479876,0.292,0.16350001,0.01814,0.04197,0.17554002,107.27,115.875,130.0,61.0,0.08021814113918158,buy,1.625,16,53.76850811692281,,0.01805361880144207,0.00655060038056912,0.39466704762955646,0.00459,1793881800,0.3923266,2026-08-29T11:28:04,0.0505,,,Food Distribution,0.5357603737938582,Hold
UPWK,Upwork Inc.,6.6101413,1.36457,1.38967,11.564103,1.4310355,0.85,7.204347842546122,890837248,124903365,124903365,5.974,1.01,62.069,1.2530000000000001,1.082,1.424,4.56,0.2351,0.07611602668991346,-0.159,0.16695,0.12935,0.21806999,0.77242,9.02,9.875,14.0,8.0,0.09478935698447888,buy,2.5,8,33.68547854481369,84.25327300849186,-0.09898595640390581,-0.21688503233877957,1.230852039527843,0.051859997,1793649600,-0.44110274,2026-08-29T11:28:04,0.1776,,,Internet Content & Information,0.5359448827573634,Hold
PRSU,Pursuit Attractions and Hospita,26.287018,1.89333,1.7,33.62838,2.8271213,1.97,-24.904292839434156,1626826112,27449264,27449264,13.554,1.385,39.955,1.0070000000000001,0.408,1.606,5.86,0.080699995,0.17658869469141325,1.696,0.08914,0.079450004,0.16551,0.92541003,49.77,62.0,70.0,58.0,0.24573035965441026,none,,4,80.02438161593807,,0.07142632053294001,0.053799529128888426,1.7005468077397747,0.01002,1793822400,0.31660438,2026-08-29T11:28:04,0.0933,5.57,21.29,Travel Services,0.5359503074392659,Hold
BAX,Baxter International Inc.,12.831467,2.0364,2.04697,-13.898936170212766,1.1777772,36.68,13.504040948741205,20895707136,516995999,516995999,11.091,0.595,156.449,1.5394999999999999,1.133,1.946,3.19,0.073,0.04521753450552324,0.368,-0.14371,-0.09268,0.14425999,0.34098,26.13,28.72727,40.0,23.0,0.09939800995024872,hold,2.76923,11,48.909110399635274,,0.06822214336408801,0.013487284128801026,1.2855043641774209,0.0034,1793277000,0.072817564,2026-08-29T11:28:04,0.0465,,,Medical Instruments & Supplies,0.5361506976289567,Hold
BULL,Webull Corporation,29.74603,0.315,0.235,15.360655,7.3623238,,,3117075200,445905406,529764411,,0.535,7.544,1.204,1.194,1.214,3.1,0.0624,0.716664148270048,,0.04723,0.06318,0.22861,0.77241,9.37,14.33333,15.0,13.0,0.5297043756670226,strong_buy,1.0,3,78.17930478408091,,0.7407407407407405,0.03278688524590167,0.8633019542006589,0.18993,1794513600,-0.2884758,2026-08-29T11:28:04,0.0874,,,Software - Application,0.5361592988726616,Hold
FBNC,First Bancorp,12.665018,5.0525,4.722,19.872671,6.4461017,1.56,,2169225984,41374221,41374221,,0.82,,,,,8.37,0.059899997,0.16263206502425742,0.312,0.08144,0.32444,0.51192003,0.0,63.99,69.4,72.0,65.0,0.08454446007188632,none,,5,53.58972803329068,,0.01461108723678567,0.020707070707070712,0.342300185750282,0.019989999,1792612800,0.1676768,2026-08-29T11:28:04,0.0511,,,Banks - Regional,0.5361891391878015,Hold
SBCF,Seacoast Banking Corporation of,12.398989,2.772,2.53167,22.318182,4.878155,1.58,,4499829760,96822799,96822799,,0.862,,,,,4.84,0.059499998,0.2542670908739171,0.097,0.06067,0.2377,0.48815,0.0,34.37,37.04167,38.75,35.5,0.07773261565318612,hold,2.66667,6,51.14649986444471,,0.007962829511838744,0.020994475138121527,0.1279924334845359,0.01317,1793044800,0.111435056,2026-08-29T11:28:04,0.0519,,,Banks - Regional,0.5366953687964582,Hold
TCBK,TriCo Bancshares,12.279781,4.382,4.292,12.904077,4.0358615,1.94,,1722036352,31966630,31966630,,0.621,,,,,3.13,0.043,0.12415763563441007,0.262,0.103819996,0.31792998,0.43166,0.0,53.81,62.808,67.04,56.0,0.16721798922133435,none,,5,25.10204516308991,,0.01746425718234465,0.007743202562822939,0.04664072864421403,0.0858,1792672200,0.18161881,2026-08-29T11:28:04,0.0432,,,Banks - Regional,0.5366961682593822,Hold
ATKR,Atkore Inc.,14.637533,6.39452,5.70686,-19.37888198757764,1.0775039,,10.165802525481471,3728415744,33772550,33772550,12.734,1.651,71.58,2.324,1.914,2.734,0.98,0.040799998,0.07712860296305712,-0.984,-0.11868,-0.05546,0.09663,0.2059,93.6,93.5,95.0,92.0,-0.0010683760683759536,none,,2,49.26669084147848,,0.06522542567131184,0.039184840900965245,0.7219737664713144,0.01016,1795091400,0.63000345,2026-08-29T11:28:04,0.0378,,,Electrical Equipment & Parts,0.5369227781792997,Hold
MGNI,"Magnite, Inc.",18.386347,1.289,1.104,21.545454,4.5807962,0.09,21.215831375081653,3434751232,143424157,143424157,21.85,2.272,44.536,1.016,1.007,1.025,4.12,0.088,0.09406563146820535,0.653,0.19579001,0.22489999,0.16192,0.64785004,23.7,27.33333,40.0,21.0,0.15330506329113924,strong_buy,1.46667,15,62.05251801935428,,-0.0014110496038206933,0.042880258899676324,1.2243324920388312,0.0123000005,1793822400,-0.08642942,2026-08-29T11:28:04,0.079,,,Advertising Agencies,0.5369815741466036,Hold
WSBC,"WesBanco, Inc.",10.447819,3.86875,3.58429,11.482954,3.7034183,1.23,,4976293888,95905889,95905889,,0.69,,,,,6.6,0.0669,0.03586454425129193,0.596,0.08979999,0.3401,0.48699,0.0,40.42,44.5,47.0,41.0,0.10094012864918356,buy,2.125,8,49.397426029628505,,0.0,0.0,0.14593170969156688,0.02121,1792612800,0.24807155,2026-08-29T11:28:04,0.0684,,,Banks - Regional,0.537018300237511,Hold
BC,Brunswick Corporation,14.152625,5.41525,4.55848,-58.95384615384615,0.8820894,0.76,13.566194117848118,7030480384,64797428,64797428,11.653,1.338,136.481,1.0015,0.556,1.447,0.01,0.0001,0.08586519205669685,0.875,-0.048270002,-0.01528,0.06804,0.25947002,76.64,90.70588,120.0,76.0,0.1835318371607515,buy,2.1,17,42.86501913490607,,0.06602683728783447,0.016723054797246888,1.0166454040924788,0.00868,1792672200,0.22243226,2026-08-29T11:28:04,0.0001,,,Recreational Vehicles,0.5371433649917638,Hold
LGND,Ligand Pharmaceuticals Incorpor,23.501583,11.93494,9.31514,28.916494,19.245886,1.53,40.01275980172435,5445774336,19935609,19935609,40.942,0.983,116.944,31.002000000000002,30.826,31.178,8.03,0.1472,0.2939833139785195,8.25,0.21962,0.6788,0.13488,0.81198996,280.49,342.81818,390.0,247.0,0.22221177225569533,strong_buy,1.2,11,43.71895707875004,,0.016936681222707358,0.032731747120926594,1.2696526638797923,0.02375,1793881800,0.73773897,2026-08-29T11:28:04,0.1257,,,Biotechnology,0.5372172968529517,Hold
SSD,"Simpson Manufacturing Company, ",18.750772,9.71,9.0575,19.963818,3.081088,3.8,16.716637019413778,7474860544,40984682,40984682,12.903,1.315,21.084,2.638,1.988,3.288,4.15,0.0313,0.09166291445179442,0.251,0.18722,0.15645,0.24405001,0.45841,182.07,219.0,230.0,212.0,0.20283407480639326,none,,5,33.11505157381275,,0.0037868503091430315,-0.014546351335030782,0.042135455036474145,0.00285,1793044800,-0.03018707,2026-08-29T11:28:04,0.0282,,,Lumber & Wood Production,0.5372725845079899,Hold
FHN,First Horizon Corporation,10.690849,2.30571,2.13912,11.850962,3.3357916,1.76,,12880607232,473777158,473777158,,0.622,,,,,0.0,0.0,0.17103577205383136,0.2,0.11453,0.30191,0.41284,0.0,24.65,28.10526,31.0,25.0,0.14017281947261684,none,,19,65.17369634680531,,0.0002478268391790476,-0.025761826693934196,0.13543320004889867,0.009649999,1791981000,0.080531,2026-08-29T11:28:04,0.0,,,Banks - Regional,0.5372997119546139,Hold
AXTI,AXT Inc,26.338724,2.226,0.868,1954.3334,30.631727,12.09,-86.55599360605174,4048448512,65573212,65573212,301.045,1.933,10.667,4.1884999999999994,3.612,4.765,0.93,0.1712,0.8415842981734674,,0.01012,0.0323,0.21902001,0.32184,58.63,91.6,125.0,55.0,0.5623400989254645,none,,5,40.55263951481458,,1.0,1.0,1.0130196494970287,0.0398,1793304000,19.40244,2026-08-29T11:28:04,0.1745,,,Semiconductor Equipment & Materials,0.5376871577801592,Hold
ADMA,ADMA Biologics Inc,9.506361,0.9825,0.79667,13.342857,4.083777,,38.206602690482846,43839565824,223984680,223984680,195.544,0.768,110.673,5.296,3.62,6.972,8.53,0.1248,0.23531978169221213,,0.41897,0.32981998,-1.23389,0.64705,9.34,17.0,21.0,12.0,0.8201284796573876,none,,5,33.271897003229896,,-0.020483690506928318,-0.015037593984962419,1.1821447996410939,0.01969,1793822400,-0.4507532,2026-08-29T11:28:04,0.1033,,,Biotechnology,0.5378532596893707,Hold
KVUE,Kenvue Inc.,15.439009,1.24166,1.18284,22.55294,2.3897476,1.59,19.303396566338826,44381851648,1920773467,1920773467,12.75,0.431,81.617,0.8079999999999999,0.611,1.005,2.7,0.0319,0.029086503182105927,0.085,0.15581,0.107609995,0.19418,0.58437,19.17,19.5,23.0,18.0,0.01721439749608744,hold,2.78571,12,60.101883801584485,,-0.006776330705091083,-0.0027067620860542277,0.2829104809419436,0.00071999995,1793881800,-0.076034665,2026-08-29T11:28:04,0.0275,,,Household & Personal Products,0.5381396383788581,Hold
BILL,"BILL Holdings, Inc.",11.557733,4.35293,3.73256,-457.3636363636364,3.0309901,0.47,22.486006589214497,4127412224,99596727,99596727,41.231,1.088,53.743,1.04,0.57,1.51,4.36,0.1377,0.17719456784960408,,-0.00302,-0.0068,0.09702,0.83938,50.31,56.9,75.0,43.0,0.13098787517392152,buy,1.95455,20,48.75847598044732,,0.10254297116154323,0.06598799550382385,1.545424283761478,0.042680003,1793908800,0.045794964,2026-08-29T11:28:04,0.1451,,,Software - Application,0.538218799681125,Hold
TRMK,Trustmark Corporation,11.257907,4.11,3.93833,11.773537,3.3048282,2.29,,2798261760,58225687,58225687,,0.639,,,,,7.15,0.075500004,0.14201074175389294,0.174,0.111190006,0.28741,0.36776,0.0,46.27,49.25,54.25,47.0,0.06440458180246367,hold,2.66667,5,45.86335365125792,,0.007245524296675183,0.0032538622832692728,0.42085311801004344,0.06814,1793131200,0.15171897,2026-08-29T11:28:04,0.0554,,,Banks - Regional,0.5382863124292335,Hold
EXLS,"ExlService Holdings, Inc.",14.78618,2.59702,2.28879,24.303799,2.6021917,1.11,22.192883700621568,5994907136,151612499,151612499,15.812,0.796,56.585,1.1764999999999999,1.109,1.244,4.23,0.0808,0.2404931337488212,0.05,0.25944,0.11174,0.14609,0.38511002,38.4,44.375,48.0,39.0,0.15559895833333348,strong_buy,1.33333,8,81.58420794825336,,0.022539024455623412,0.029848319619312055,0.24505870246472955,0.02694,1793131200,-0.11865187,2026-08-29T11:28:04,0.0723,,,Information Technology Services,0.5382927387146516,Hold
HOG,"Harley-Davidson, Inc.",14.161165,1.9843,0.67455,15.611112,0.6897527,2.85,26.578486890259487,3937990656,104072507,104072507,9.213,1.29,74.04,1.7475,1.592,1.903,7.22,0.2442,0.0993711144096876,-0.15,0.06093,0.0478,0.05633,0.27989,28.1,27.63636,33.0,17.0,-0.01649964412811389,buy,2.5,11,59.01191228802076,,0.0028922739205885515,0.003423847664483549,0.26841460884456175,0.011849999,1793795400,-0.049504936,2026-08-29T11:28:04,0.1818,,,Recreational Vehicles,0.5384450230080667,Hold
BNL,"Broadstone Net Lease, Inc.",26.601582,0.79281,0.74109,27.75,9.429364,,19.47074233638485,6826771968,204600604,212896604,16.833,0.951,89.326,2.01,2.003,2.017,9.47,0.1402,0.04558418605645942,0.957,0.04922,0.3061,0.46188998,0.9486,21.09,23.7,26.0,20.0,0.12375533428164998,buy,1.81818,10,58.5702862420772,,-0.07145542023755828,-0.02287489061710443,0.2242909810595288,0.00984,1793217600,0.14463711,2026-08-29T11:28:04,0.1058,,,REIT - Diversified,0.5387032070510402,Hold
KGS,"Kodiak Gas Services, Inc.",17.814777,3.2372,2.55906,65.53409,4.1872134,,362.39252997708115,8767342592,101104031,101104031,11.704,0.906,130.257,1.2875,1.128,1.447,5.15,0.108500004,0.05107494873275642,0.233,0.04587,0.057729997,0.34208,0.63846,57.67,83.13333,93.0,69.0,0.44153511357724984,strong_buy,1.33333,15,38.06303170401978,,0.001310790347887744,0.07892523066920042,0.6146137860513584,0.00622,1793736000,0.6894131,2026-08-29T11:28:04,0.0864,,,Oil & Gas Equipment & Services,0.5387078253474974,Hold
BKNG,Booking Holdings Inc. Common St,16.614698,12.37639,10.44798,22.873194,5.4709954,0.94,19.99856006786131,155909636096,751380500,751380500,14.973,1.068,,1.0585,1.023,1.094,3.54,0.028299998,0.16569108128305166,1.3,,0.25527,0.34412,0.87227994,205.63,237.80556,301.0,188.0,0.15647308272139293,buy,1.55263,36,52.14348304125647,,-0.0007316632283276986,0.005652146003479446,0.33872033255902656,0.00176,1793131200,-0.08020091,2026-08-29T11:28:04,0.0284,,,Travel Services,0.5387701232316395,Hold
NDAQ,"Nasdaq, Inc.",21.23188,4.6774,4.13591,28.953352,9.888144,1.86,32.818231376776,64279044096,558977372,558977372,19.171,0.971,77.687,0.696,0.386,1.006,2.6,0.024400001,0.180130346342535,0.141,0.16521999,0.35037,0.49333,1.0,99.31,109.8,135.0,84.0,0.10562883898902431,buy,1.76471,15,60.13624506430591,,0.00011365175168784227,0.004896221165682978,0.22131636540553934,0.10998999,1792672200,0.061545014,2026-08-29T11:28:04,0.0186,,,Financial Data & Stock Exchanges,0.5387839818267294,Hold
FERG,Ferguson Enterprises Inc.,18.175108,12.57159,11.31216,22.46706,1.4056392,1.42,,50652012544,193452717,193452717,16.496,1.121,111.063,1.2325,0.736,1.729,1.3,0.028800001,0.08511040452329244,0.069,,0.063200004,0.10159001,0.30633,228.49,288.1,325.0,235.0,0.26088669088362737,buy,1.86364,20,24.13206756891813,,0.005757775130252298,0.0035899548321894547,0.0726429612233743,0.01792,1794227400,0.015542746,2026-08-29T11:28:04,0.0259,,,Industrial Distribution,0.5388734246619381,Hold
NFLX,"Netflix, Inc.",21.387575,3.82091,3.59023,25.698112,7.0347686,1.84,13.403305801924548,339975700480,4163939676,4163939676,23.085,1.514,55.236,1.0295,0.917,1.142,2.06,0.0219,0.15899259024712142,0.111,0.49541,0.28219,0.33381,0.49118,81.72,93.66,135.0,70.0,0.14610866372980902,buy,1.76471,45,67.39493579970446,,0.001284998756903359,0.0019217945150094232,0.42300987008054947,0.0057200002,1792526400,-0.34239894,2026-08-29T11:28:04,0.0219,,,Entertainment,0.5389654206871431,Hold
ALRM,"Alarm.com Holdings, Inc.",18.71987,3.07,2.89294,25.429205,2.6590557,1.41,28.170849653404193,2959609088,49090228,49090228,17.647,0.759,62.337,4.47,3.98,4.96,6.63,0.083900005,0.11012440194818418,-0.234,0.13311,0.11112001,0.15068,0.65809,57.47,63.0,85.0,40.0,0.09622411693057242,buy,2.33333,5,69.39919257509835,,0.04243703989305149,0.033148241628807015,0.3549082450479435,0.055960003,1793908800,0.0029600859,2026-08-29T11:28:04,0.0586,,,Software - Application,0.5392411901872481,Hold
GFS,GlobalFoundries Inc.,17.039614,2.62682,1.95597,34.96875,3.5399034,0.89,32.390174731609356,24806125568,548700833,548700833,12.522,1.796,14.132,2.101,1.727,2.475,1.14,0.1193,0.07009206938091173,-0.268,0.061690003,0.103199996,0.09742,0.2714,44.76,76.7619,140.0,55.0,0.7149664879356568,buy,2.0,21,40.64050401091262,,0.029853575321044386,0.04356082425898918,0.811069860240394,0.00032000002,1794313800,0.39746678,2026-08-29T11:28:04,0.0345,,,Semiconductors,0.5393848063070009,Hold
MNST,Monster Beverage Corporation,35.807346,1.30867,1.15481,43.38889,9.957869,2.84,54.60353761335122,88474845184,1959051764,1959051764,30.162,0.524,0.992,3.414,3.099,3.729,3.34,0.0274,0.19819855302608524,0.18,0.25704,0.23079,0.2918,0.55546004,46.86,50.28261,57.0,35.0,0.07303905249679898,buy,2.11538,23,66.00159751037066,,0.006649692451723957,0.014692435255645342,0.2186577528728726,0.28299,1793908800,0.4903463,2026-08-29T11:28:04,0.0274,,,Beverages - Non-Alcoholic,0.5393958085688056,Hold
HWM,Howmet Aerospace Inc.,41.26045,6.41898,5.33373,57.203022,11.585232,0.8,88.76777606638971,109723549696,398801399,398801399,39.271,1.212,81.368,1.2565,0.695,1.818,3.52,0.0187,0.25777460474756264,0.33,0.34732,0.20522,0.28504,0.36032,264.85,337.128,375.0,256.56,0.2729016424391164,strong_buy,1.45455,20,32.46498271864202,,0.05484106375446715,0.0605291592731743,0.480140456942204,0.00874,1793881800,0.5451449,2026-08-29T11:28:04,0.0187,,,Aerospace & Defense,0.5394711986488814,Hold
NDSN,Nordson Corporation,25.07939,12.9425,11.905,32.82002,6.0673494,1.9,29.45464520997309,20131866624,55699366,55699366,21.017,0.964,55.619,1.435,1.047,1.823,4.59,0.0304,0.11264262684785309,0.23,0.17763,0.18631001,0.27403998,0.55391,324.59,349.7143,375.0,282.0,0.07740318555716441,buy,2.125,7,73.57017611230424,,0.027318650860082748,0.03173280890403156,0.03385839377999121,0.05592,1787169600,0.48558605,2026-08-29T11:28:04,0.0303,,,Specialty Industrial Machinery,0.5395261741233254,Hold
WTS,"Watts Water Technologies, Inc.",26.10933,14.031,12.85812,32.050743,4.568036,3.8,53.453732263279555,12093446144,27466760,33383050,20.815,1.13,9.674,2.0700000000000003,1.48,2.66,4.06,0.039300002,0.457997812628792,0.173,0.18805,0.14336,0.20912,0.48853,366.34,393.5,447.0,320.0,0.07413877818420045,hold,2.54545,8,24.216813249528272,,0.06432491985355533,0.06337989741351088,0.14053798930836015,0.00988,1793217600,0.34071434,2026-08-29T11:28:04,0.0298,,,Specialty Industrial Machinery,0.5398032606193762,Hold
FTAI,FTAI Aviation Ltd.,16.230303,12.01333,5.69,42.4793,6.4332275,,-38.17800288729308,23640999936,102707091,102707091,23.741,1.579,865.454,3.202,1.123,5.281,3.97,0.1039,0.4071330186929354,-0.28,1.7445799,0.15943,0.21037,0.32213002,194.98,368.1,600.0,290.0,0.8878859370191816,strong_buy,1.4,10,37.16158527187616,,-0.22816060770482902,0.040655751905751845,1.2802647644359526,0.011390001,1793044800,0.32866943,2026-08-29T11:28:04,0.0659,,,Aerospace & Defense,0.5399210476991826,Hold
APPS,"Digital Turbine, Inc.",11.673684,0.95,0.725,-38.24137931034483,2.2356362,0.69,46.40750614210258,1697685888,121016250,121016250,13.335,2.843,186.834,1.1615000000000002,1.118,1.205,2.63,0.0888,0.13554584611570752,,-0.2039,-0.058229998,0.13894,0.49080002,11.09,17.16667,18.0,16.0,0.547941388638413,none,,3,23.712485006247277,,-0.04605263157894741,-0.10377358490566047,1.4087195854626946,0.049000002,1793736000,1.7566266,2026-08-29T11:28:04,0.0948,,,Software - Application,0.5399577305747323,Hold
VOYA,"Voya Financial, Inc.",9.026987,11.36038,9.12932,17.293425,1.1377242,,6.481099083784325,14457655296,90596349,90596349,13.179,0.891,68.91,3.1839999999999997,0.699,5.669,0.02,0.0002,0.017185208291340626,-0.416,0.096099995,0.07446,0.0538,0.55609,102.55,108.08333,125.0,90.0,0.053957386640663074,buy,2.08333,12,68.24023901930941,,-0.020262649265464224,0.004253791903651352,0.16500120675190474,0.0028400002,1793736000,0.35931206,2026-08-29T11:28:04,0.0002,,,Financial Conglomerates,0.5400601297908657,Hold
BXP,"BXP, Inc.",31.648344,2.19032,2.09673,37.268818,3.9302692,3.3,14.237904190211143,29609054208,159661556,180877428,18.309,1.039,211.631,0.477,0.448,0.506,7.21,0.0871,0.14833353682210149,-0.232,0.05308,0.09304,0.28755,0.56452,69.32,76.35,91.0,60.0,0.10141373341027116,buy,2.13636,20,53.471242629389614,,0.042293639549623466,0.04701810742079199,1.0896681777303003,0.00375,1793131200,-0.033563554,2026-08-29T11:28:04,0.0661,,,REIT - Office,0.5401563182178479,Hold
KNTK,Kinetik Holdings Inc.,25.839136,2.0825,1.90002,18.814686,4.827991,3.49,-95.38541147465538,12437442560,80442263,169199867,19.847,0.77,136.574,0.41150000000000003,0.141,0.682,5.94,0.0964,0.07670243190448289,0.952,0.19231,0.29178,0.23035999,0.41193,53.81,56.5,70.0,48.0,0.04999070804683137,buy,1.76471,16,47.45112638038493,,0.43725321109245235,0.24100162090007626,0.4023655776782723,0.0802,1793822400,0.330886,2026-08-29T11:28:04,0.0894,6.1,-0.1,Oil & Gas Midstream,0.5402319084057694,Hold
SFM,"Sprouts Farmers Market, Inc.",13.662879,5.96214,5.55819,15.575525,0.84361,1.95,19.051803497945443,9478316032,93247625,93247625,11.252,0.679,140.338,0.6819999999999999,0.372,0.992,5.0,0.13939999,0.09877280198825433,0.015,0.35197,0.05585,0.074889995,0.38939,81.46,94.64286,114.0,70.0,0.16183231033636147,buy,2.1875,14,42.14071218682651,,-0.0021015352532987733,0.00997678475668104,0.3907110354223963,0.0057800002,1793217600,-0.41546452,2026-08-29T11:28:04,0.1084,,,Grocery Stores,0.5402974154693068,Hold
CATY,Cathay General Bancorp,10.43339,5.93,5.528,12.107632,5.190611,1.33,,2956569088,66713820,66713820,,0.85,,,,,5.22,0.0558,0.1891921591058643,0.245,0.117060006,0.4367,0.62619996,0.0,61.87,65.8,80.0,53.0,0.06352028446743163,none,,5,48.503810409889766,,0.00912741876597295,0.004403794037940346,0.09287083276644233,0.046329997,1792612800,0.25015092,2026-08-29T11:28:04,0.0394,,,Banks - Regional,0.5403778215626078,Hold
SITE,"SiteOne Landscape Supply, Inc.",18.739464,5.14369,4.2273,26.408218,0.88131845,,22.28930982635376,5209789952,43655390,43655390,13.462,1.337,66.846,1.6035000000000001,0.902,2.305,3.17,0.0748,0.07467935803574322,0.098,0.10059,0.0341,0.12909001,0.3513,96.39,127.08333,160.0,100.0,0.3184285714285715,buy,1.84615,12,37.40970419258472,,-0.04582082477484602,-0.05052073142367701,0.2956379617593764,0.01833,1793190600,-0.3268485,2026-08-29T11:28:04,0.0668,,,Industrial Distribution,0.5405240948954829,Hold
ULTA,"Ulta Beauty, Inc.",16.14528,32.05271,28.79132,18.85933,1.7171811,1.89,24.224740744065194,24437571584,42989311,42989311,12.633,,95.472,0.774,0.203,1.345,3.49,0.0466,0.13855647512005942,0.133,0.46117002,0.0934,0.12505999,0.43097,517.5,623.5417,735.0,450.0,0.20491149758454097,buy,1.84615,24,30.097354732383266,,0.0002771755326945517,-0.0011276862188772244,0.03471611095135368,0.00243,1787860800,0.014234185,2026-08-29T11:28:04,0.047,,,Specialty Retail,0.5405619208210349,Hold
VERX,"Vertex, Inc.",13.912798,1.02244,0.8219,711.25006,2.9304504,,32.56361068741329,2426983680,80062339,162217980,125.193,0.813,145.131,0.776,0.68,0.872,2.0,0.0671,1.1873833838404346,,0.0146200005,0.00454,0.033689998,0.63951,14.225,17.15385,25.0,12.0,0.20589455184534255,none,,13,66.29013763591314,,0.019942171425734852,-0.016108855058796338,1.161171632115016,0.09009,1793649600,-0.42754203,2026-08-29T11:28:04,0.074,,,Software - Application,0.5405789218249533,Hold
VICI,VICI Properties Inc.,8.652174,2.99,2.75,10.027132,6.951593,,106.6733468701406,46459564032,1101077562,1101077562,12.766,0.687,60.277,11.2355,11.235,11.236,2.81,0.0278,0.01440854437464223,-0.414,0.09849,0.67496,0.70182997,0.99271005,25.87,32.5,38.0,27.0,0.25628140703517577,buy,1.84,24,53.19785769513515,,-0.05008635578583766,0.018739352640545198,0.2877469435529764,0.00282,1793304000,-0.2270546,2026-08-29T11:28:04,0.0241,,,REIT - Diversified,0.5407626949642171,Hold
TTC,Toro Company (The),19.547966,5.066,4.61,28.538904,,1.46,,10387180544,,,15.418,0.699,83.108,1.112,0.668,1.556,6.79,0.048800003,0.081,0.095,0.23889999,0.07294,0.14445,0.33567002,99.03,109.25,120.0,100.0,0.10320105018681214,buy,2.2,4,59.270517205550384,,0.0008684324793748258,0.0,0.15355983434933018,0.01677,1788438600,0.22114444,2026-08-29T11:28:04,0.0381,,,Tools & Accessories,0.5407888316662359,Hold
GPGI,"GPGI, Inc.",10.532675,1.25799,0.99255,-7.201086956521739,160043.48,,-41.805852378707584,3836242432,289890082,289890082,-47.188,0.885,,1.059,0.979,1.139,23.66,0.2005,,,-0.20621,0.0,-3.0,1.9583299,13.25,15.0,15.0,15.0,0.13207547169811318,hold,3.0,1,33.85176197551914,,0.042725973862251646,-0.016396134359166942,1.15632403153357,0.19816,1793709000,-0.30648535,2026-08-29T11:28:04,0.2167,,,Metal Fabrication,0.5408798901327563,Hold
HNI,HNI Corporation,10.161324,4.835,4.255,-1637.6666666666667,0.8074252,0.63,34.02943124978026,5142102528,72181800,72181800,11.463,0.901,91.076,1.0395,0.717,1.362,6.55,0.054899998,0.40159350556511453,-0.315,0.00329,0.00098,0.08164,0.4188,49.13,69.75,73.0,65.0,0.41970282922857716,none,,4,72.00489461357178,,0.054959549553346636,0.0,0.521358063149509,0.02081,1793795400,0.11120999,2026-08-29T11:28:04,0.055,,,"Furnishings, Fixtures & Appliances",0.540906657638986,Hold
TWLO,Twilio Inc.,35.102688,6.77384,5.92927,32.84254,6.553296,0.39,38.250817148956116,34926305280,153575220,153575220,69.879,1.383,11.868,4.4175,4.214,4.621,1.77,0.0354,0.21284071740219557,46.715,0.13497,0.20615,0.078260005,0.48561,237.78,252.082,330.0,135.5,0.06014803599966356,buy,1.54839,30,55.839824226857296,,0.036850314940526756,0.019201892203387836,1.0578821241369458,0.00127,1793304000,1.3163452,2026-08-29T11:28:04,0.0282,2.73,2.27,Software - Infrastructure,0.541061539842867,Hold
NBTB,NBT Bancorp Inc.,11.347477,4.54286,4.175,12.542579,3.7006238,2.66,,2848730880,51960061,51960061,,0.484,,,,,5.27,0.0543,0.18784021058019906,1.318,0.11424,0.29587,0.41447,0.0,51.55,56.83333,62.0,54.0,0.10248942774005809,none,,6,39.00032615544562,,-0.005478799428299327,0.010487776124349714,0.12388459313389046,0.02832,1793044800,0.17099273,2026-08-29T11:28:04,0.0405,,,Banks - Regional,0.5410959048384562,Hold
IPAR,"Interparfums, Inc.",22.63259,5.204,4.89,22.520077,2.5118577,3.2,17.182340924351784,3945801472,32025781,32025781,13.904,1.146,15.12,2.5700000000000003,1.83,3.31,6.93,0.103599995,0.024128089179152212,-0.04,0.19105,0.111719996,0.14351,0.58882,117.78,126.66667,151.0,85.0,0.07545143487858708,hold,2.66667,6,50.69921634080992,,0.0069663953280054095,-0.06738351254480293,0.14018761271258667,0.43616,1793822400,0.029316306,2026-08-29T11:28:04,0.1035,,,Household & Personal Products,0.541175247036293,Hold
HBNC,"Horizon Bancorp, Inc.",8.7713,2.23,2.126,-6.0,-81.09647,0.8,,1157906432,51344519,51344519,,0.809,,,,,2.86,0.0359,-0.002737692410751724,0.037,-0.18983,0.0,0.43467999,0.0,19.56,22.9,23.0,22.5,0.1707566462167689,none,,5,47.85308096630121,,0.012380952380952286,0.004504504504504408,1.3586250005155676,0.02229,1792612800,0.16666663,2026-08-29T11:28:04,0.0363,,,Banks - Regional,0.5411830932362595,Hold
LEGN,Legend Biotech Corporation,18.407406,1.08,-0.01,-39.76,3.0410805,,142.18473283565623,3165736960,194488413,194488413,-76.099,0.387,22.625,2.961,2.881,3.041,6.25,0.2186,0.44346393966410735,,-0.080790006,-0.07197,0.1489,0.56575,19.88,49.24667,78.0,24.0,1.4771966800804832,buy,2.0,15,44.77522884863791,,-1.0,-0.2670845043566212,0.4581203557527536,0.0124699995,1794400200,-0.4009351,2026-08-29T11:28:04,0.1999,6.04,28.69,Biotechnology,0.5415441641120158,Hold
STBA,"S&T Bancorp, Inc.",12.469758,3.99286,3.94,13.242022,4.3388424,1.23,,1814990848,35265492,35265492,,0.839,,,,,8.07,0.075100005,0.1536803740041397,0.229,0.09872,0.34754002,0.44693002,0.0,49.79,53.33333,57.0,51.0,0.07116549507933323,none,,6,39.158410428637914,,0.053073290159110324,0.04681605226660785,0.041725600894392846,0.01578,1792672200,0.26948547,2026-08-29T11:28:04,0.0631,,,Banks - Regional,0.5415700349842697,Hold
PLTR,Palantir Technologies Inc.,80.49727,2.31424,1.60272,159.22223,72.72093,2.31,207.33861244045235,437713666048,2300713329,2403058480,164.391,1.563,2.139,7.1615,7.095,7.228,1.52,0.0318,0.9880231929164436,2.154,0.38097,0.49005002,0.47120997,0.84796,186.29,191.68,255.0,80.0,0.028933383434430304,buy,1.8125,27,51.49876155601363,,0.08579480786949208,0.10492341774569343,1.2354624734701296,0.03477,1793649600,0.18358898,2026-08-29T11:28:04,0.0324,,,Software - Infrastructure,0.5417052154190566,Hold
MHO,"M/I Homes, Inc.",10.446782,14.4925,12.3175,12.712007,0.89791137,0.95,44.17492214386241,4092346880,25283031,25283031,9.085,1.612,31.079,4.718500000000001,1.329,8.108,6.23,0.0668,-0.044913147478243376,-0.317,0.100600004,0.074439995,0.0928,0.20903,151.4,170.66667,175.0,165.0,0.12725673712021135,none,,3,58.0017436146515,,-0.014599999999999938,-0.048267936299458185,0.12324713618657827,0.02189,1792585800,0.028968692,2026-08-29T11:28:04,0.0552,,,Residential Construction,0.5420204666191852,Hold
ORI,Old Republic International Corp,12.748485,3.3,2.94333,9.225877,1.0453117,1.39,7.159493358413266,9778749440,241432922,241432922,6.3,0.622,37.518,0.278,0.262,0.294,7.66,0.0515,0.16705285122631275,0.617,0.18571,0.11715,0.17448999,0.63918,42.07,43.5,48.0,39.0,0.033990967435227004,buy,2.33333,2,38.55817539971081,,0.0,0.010203050813213413,0.2750742113926299,0.07734,1792672200,0.055736065,2026-08-29T11:28:04,0.0416,,,Insurance - Property & Casualty,0.5422150818976847,Hold
PATH,"UiPath, Inc.",20.020958,0.90655,0.78277,30.249998,5.623222,0.6,18.382984515688083,8272903680,453429560,518120266,66.919,0.962,4.362,2.186,2.065,2.307,1.48,0.2934,0.3893581882927968,,0.18181999,0.19578,0.07274,0.8305,18.15,13.43625,17.0,10.98,-0.2597107438016528,hold,2.8,16,70.402350990434,,-0.003031267910590395,-0.0005181804149854264,1.3089414168511078,0.09237,1788465600,0.68165135,2026-08-29T11:28:04,0.3021,,,Software - Infrastructure,0.5422400871107048,Hold
POWI,"Power Integrations, Inc.",27.499573,1.87312,1.39007,117.06818,6.4045963,1.51,39.04880028499052,2827739136,55873298,55873298,47.622,1.558,,5.723,4.377,7.069,8.25,0.1402,0.0346648608428306,7.5,0.03622,0.05578,0.074829996,0.53720003,51.51,77.5,85.0,65.0,0.5045622209279752,none,,4,40.41958101778296,,0.04197680781368281,0.00861549065219253,0.9654388274361977,0.01635,1793908800,0.22638583,2026-08-29T11:28:04,0.1012,8.28,1.63,Semiconductors,0.5423412517720226,Hold
PHM,"PulteGroup, Inc.",11.426901,11.24977,10.19325,13.130746,1.492467,1.15,22.704429993204272,25240948736,190486353,190486353,9.166,1.206,19.065,3.94,0.608,7.272,4.81,0.0592,-0.06367364805393694,-0.182,0.14901,0.1162,0.15685001,0.25565,128.55,141.85715,166.0,100.0,0.10351730844029539,buy,2.06667,14,47.583201058375934,,8.156262191406371e-05,0.0,0.14270090558137713,0.0066799996,1792672200,-0.04042697,2026-08-29T11:28:04,0.0455,,,Residential Construction,0.5428660557303273,Hold
MYRG,"MYR Group, Inc.",20.204962,14.57167,12.185,27.986692,1.1442437,3.41,25.85261733084096,4746202112,15569250,15569250,16.319,1.337,8.895,1.371,1.344,1.398,2.21,0.0517,0.19741688263724977,0.865,0.24714,0.04126,0.06199,0.12488,294.42,392.5,445.0,295.0,0.33312954282997076,buy,2.14286,6,36.2447665345013,,0.06273401298306,0.0956142857142856,0.4782192257530478,0.01863,1793217600,0.6965891,2026-08-29T11:28:04,0.0432,,,Engineering & Construction,0.5428757251221703,Hold
NCLH,Norwegian Cruise Line Holdings ,9.807964,1.6976,1.53661,10.090909,0.75292957,1.55,-4.550063325785227,23406196736,459187846,459187846,9.023,1.903,621.051,0.139,0.078,0.2,5.13,0.17860001,0.020732379715468152,6.163,0.3673,0.07492,0.14042,0.42457,16.65,20.68,32.0,15.0,0.24204204204204216,buy,2.2963,25,31.380360902952177,,-0.0802432556998091,-0.15267011734640404,1.5318728289159593,0.00546,1793795400,-0.3264563,2026-08-29T11:28:04,0.159,,,Travel Services,0.5429375207779809,Hold
FFIV,"F5, Inc.",21.809217,18.07676,17.33147,31.388533,6.745984,1.37,31.13038129832448,21876201472,56627182,56627182,23.693,1.033,6.546,1.572,1.479,1.665,1.74,0.029000001,0.12505942464168518,0.114,0.1983,0.21952999,0.24649,0.81865996,394.24,436.1,515.0,300.0,0.10617897727272729,none,,10,51.19058075461545,,0.05090993319738761,0.021879374009311562,0.35538987994041965,0.0049799997,1793044800,0.3373977,2026-08-29T11:28:04,0.0221,,,Software - Infrastructure,0.5430051131816492,Hold
RYZ,Ryerson Holding Corporation,10.706131,2.365,1.315,-20.75409836065574,0.22505118,,-2.4718640482261636,2649219328,51898653,51898653,21.556,1.601,103.865,1.583,0.96,2.206,3.62,0.037,0.7100247924353644,4.062,-0.02915,-0.0056,0.01879,0.17339,25.32,29.0,29.0,29.0,0.1453396524486572,none,,1,40.544631578810474,,0.0604838709677419,0.00852878464818764,1.3149718697980657,0.06426,1793736000,0.13489604,2026-08-29T11:28:04,0.0385,4.0,2.93,Metal Fabrication,0.5430151451646843,Hold
WOR,"Worthington Enterprises, Inc.",13.870538,4.1325,3.734,18.254776,2.0303333,1.97,119.99265997390738,3156465920,48926784,48926784,22.453,1.206,34.689,1.8045,1.24,2.369,4.73,0.0322,0.18970830986970255,11.341,0.15777001,0.113000005,0.06448,0.27386,57.32,65.6,76.0,50.0,0.14445219818562438,buy,2.25,5,56.6866323587225,,0.0,-0.041183294663572935,0.47551195763677856,0.37485,1790107200,-0.10333592,2026-08-29T11:28:04,0.032,,,Metal Fabrication,0.5431324845957487,Hold
ITGR,Integer Holdings Corporation,18.24646,6.86873,6.1628,34.336987,2.311017,3.31,39.56617361008538,5602359808,33992048,33992048,16.113,0.613,79.391,2.9699999999999998,2.207,3.733,1.98,0.0998,0.0038787659984476086,-0.337,0.075040005,0.06965,0.10024,0.2613,125.33,121.8,127.0,101.0,-0.028165642703263383,hold,3.0,5,46.066646991355015,,0.013210137362411552,0.008973741267164551,0.20827623412300675,0.014140001,1793277000,0.17135644,2026-08-29T11:28:04,0.0851,,,Medical Devices,0.5432708148548382,Hold
ALKT,"Alkami Technology, Inc.",18.606962,1.08669,0.7596,-47.02325581395348,4.4154534,,26.06587893075984,2439569920,106941980,106941980,-110.258,0.591,98.754,1.8940000000000001,1.655,2.133,5.32,0.0904,0.1164949442679104,,-0.12765999,-0.09211001,-0.058119997,0.57359004,20.22,22.0,25.0,19.0,0.08803165182987138,buy,1.625,7,60.22661373393536,,-0.046016276499547745,-0.011893395891868283,0.23711647675816672,0.23821,1793217600,-0.17141694,2026-08-29T11:28:04,0.1324,,,Software - Application,0.5433322682671133,Hold
TSN,"Tyson Foods, Inc.",12.371594,4.478,3.95055,34.197533,0.3499444,1.04,16.36080042197824,26861803520,281792507,351801512,9.69,0.378,44.025,0.9585,0.484,1.433,2.37,0.026700001,0.26125860049217,2.041,0.03263,0.01031,0.02711,0.06554,55.4,68.75,78.0,56.0,0.24097472924187735,hold,2.61538,12,33.155876805924265,,-0.020458411231174364,-0.0006360400370466459,1.2618077703028325,0.02614,1794227400,-0.02518493,2026-08-29T11:28:04,0.0268,,,Farm Products,0.5434332200880605,Hold
AIG,"American International Group, I",8.76182,8.78014,8.04089,14.0383215,1.5044008,0.62,5.461802020276172,38721302528,522893169,522893169,4.753,0.517,22.466,0.415,0.218,0.612,2.35,0.0175,0.0647949157660539,-0.101,0.0722,0.11089,0.19414,0.35087,76.93,88.5,101.0,80.0,0.1503964643182112,buy,2.31818,20,46.820064871511285,,0.007353871556552661,-0.0064759085565049964,0.967435991243248,0.0053399997,1793822400,-0.054534256,2026-08-29T11:28:04,0.0152,,,Insurance - Diversified,0.5435550364888583,Hold
QTWO,"Q2 Holdings, Inc.",19.450499,3.3485,2.87728,45.866196,4.7993093,8.35,21.338594031105508,4029964288,62354695,62354695,35.249,1.328,6.361,0.8325,0.72,0.945,4.91,0.103999995,0.12508093897340045,1.565,0.14984,0.108710006,0.1336,0.56988996,65.13,75.45455,82.0,67.0,0.1585221863964379,buy,1.58333,11,61.65836741858186,,0.03750820334191521,0.024820958560323247,1.0185198151074997,0.00756,1793822400,-0.1440115,2026-08-29T11:28:04,0.0775,,,Software - Application,0.5437899933457055,Hold
COLB,"Columbia Banking System, Inc.",9.165839,3.28066,3.02916,11.838583,3.3959568,,,11908271104,282902268,282902268,,0.659,,,,,3.25,0.0349,0.014497833576929908,0.002,0.11028,0.28383,0.50923,0.0,30.07,34.14286,37.0,30.0,0.1354459594280013,none,,14,38.43686896878713,,-0.006627598487556466,-0.02914925602812534,0.2250274443822948,0.00749,1793304000,0.13540506,2026-08-29T11:28:04,0.0351,,,Banks - Regional,0.5440437076419147,Hold
CGNX,Cognex Corporation,29.86859,2.0242,1.69166,58.134617,9.34019,2.71,51.97905614973546,10261161984,168223842,168223842,38.373,1.503,4.448,3.4445,2.955,3.934,3.31,0.0504,0.19442081224134689,0.792,0.111490004,0.16051,0.29361,0.68865997,60.46,80.05263,92.0,65.0,0.32405937810122376,buy,1.85,19,29.686988882515138,,0.1411398851885081,0.13729962973991897,0.3660787977573647,0.0036199999,1793217600,0.42240798,2026-08-29T11:28:04,0.0468,,,Scientific & Technical Instruments,0.5442467875026387,Hold
AMGN,Amgen Inc.,17.723883,24.39759,23.04147,26.891792,6.136766,2.32,27.040278252036927,277095088128,540632005,540632005,16.047,0.413,490.281,1.1604999999999999,0.95,1.371,4.58,0.0223,0.09040228293550623,0.649,0.91473,0.22951001,0.35548002,0.71891,432.42,388.48276,457.0,230.0,-0.10160778872392584,buy,2.47059,29,61.21710323303312,,0.031422816088095044,0.03999783454472373,0.24535492677296228,0.00225,1793736000,0.5230378,2026-08-29T11:28:04,0.0223,,,Drug Manufacturers - General,0.5443430168347095,Hold
EBC,"Eastern Bankshares, Inc.",10.457425,2.1315,1.87188,12.452515,4.6380267,,,5127947776,228511552,228511552,,0.675,,,,,5.94,0.0691,0.08120037625056264,-0.04,0.09442,0.34249002,0.50124,0.0,22.29,25.125,27.0,22.0,0.12718707940780627,buy,1.75,8,56.39590842551822,,0.0004061738424045994,-0.016663437318349125,0.4996578742146486,0.01268,1792699200,0.3079393,2026-08-29T11:28:04,0.0779,,,Banks - Regional,0.5446733376037507,Hold
GD,General Dynamics Corporation,20.450977,18.54777,17.0023,23.101097,1.8706869,2.62,23.32382731475028,107619377152,270557195,270557195,16.225,0.328,35.335,1.1465,0.852,1.441,2.47,0.0112,0.07475029208519102,0.134,0.17803,0.08179,0.1038,0.15375,379.32,420.02475,465.0,319.0,0.1073097912053147,none,,21,22.603041438015453,,0.019234735726243304,0.019162594300221544,0.11946945109926722,0.00557,1793190600,0.17161441,2026-08-29T11:28:04,0.0106,,,Aerospace & Defense,0.5447262610471955,Hold
UFPT,"UFP Technologies, Inc.",25.272688,11.8725,10.62,32.437836,3.6795135,3.8,66.64656747220207,2451415296,7745790,7745790,21.15,1.057,29.483,2.307,1.614,3.0,5.21,0.1926,0.14520918072914446,0.213,0.17052001,0.11446,0.1619,0.28496,300.05,355.0,360.0,350.0,0.18313614397600397,none,,2,39.47486895822364,,0.022628791526239714,0.015828877005347637,0.2233813942633547,0.03995,1793649600,0.44498503,2026-08-29T11:28:04,0.1436,,,Medical Devices,0.5447722782710624,Hold
GOOGL,Alphabet Inc.,23.374542,14.82767,20.59201,17.390366,9.506832,0.94,187.01843724007503,4135135739904,5867155790,12229934831,23.88,1.237,18.859,2.5975,2.471,2.724,2.35,0.0124,1.576546958171022,2.94,0.48676,0.54771,0.34033,0.60897,346.59,428.06668,515.0,340.0,0.23508087365475072,strong_buy,1.35938,54,47.6154885542073,,0.0017298438180089473,0.004796031542896202,0.37606657973310714,0.01596,1793217600,0.61178136,2026-08-29T11:28:04,0.0067,,,Internet Content & Information,0.5447982475680045,Hold
ACLS,"Axcelis Technologies, Inc.",21.938116,5.268,4.106,38.78188,4.120874,1.45,84.91036615505314,3447487232,30881489,30881489,34.688,1.88,6.55,3.838,2.78,4.896,4.04,0.0785,0.12652200805472824,-0.235,0.088870004,0.10714,0.09425,0.43011,115.57,161.0,198.0,140.0,0.3930950938824955,none,,3,43.95905390961175,,0.07094418362023991,0.08663366336633663,0.264879048309169,0.0068,1793709000,0.5376885,2026-08-29T11:28:04,0.0549,,,Semiconductor Equipment & Materials,0.544877312412855,Hold
NOV,NOV Inc.,16.399462,1.27992,0.92908,77.74074,0.86612755,1.1,11.111900184422653,8618485760,356478125,356478125,8.741,0.936,37.151,1.973,1.524,2.422,7.43,0.1331,0.015716931298378922,0.076,0.01545,0.011,0.0717,0.21646,20.99,22.23684,26.0,17.0,0.059401619818961526,buy,2.5,19,48.93687522814959,,0.12205836209601514,-0.008896014082736072,0.8413259989631833,0.00732,1793044800,0.5847328,2026-08-29T11:28:04,0.0727,,,Oil & Gas Equipment & Services,0.5449493172849504,Hold
DBX,"Dropbox, Inc.",10.882919,3.28037,3.04535,19.723759,3.0663226,29.92,9.913101228739508,10663441408,142295014,217442619,12.846,0.64,,1.042,1.01,1.074,5.62,0.2967,0.9367806098954385,-0.067,,0.17491,0.26097,0.79732,35.7,30.66667,42.0,21.0,-0.14098963585434177,hold,3.5,6,70.10340874301532,,-0.006890636821371694,-0.03675198867723971,0.1582159536347574,0.08071,1793908800,0.25983143,2026-08-29T11:28:04,0.1913,,,Software - Infrastructure,0.5449814833492864,Hold
WEN,Wendy's Company (The),15.6146755,0.52963,0.51258,12.530303,0.71542686,1.76,9.095344596793682,5221399552,190639000,190639000,11.452,0.379,3380.615,1.695,1.493,1.897,5.29,0.3754,0.024393837903052384,-0.408,1.08042,0.0572,0.14292,0.33111,8.27,7.78947,13.0,5.0,-0.05810519951632409,hold,3.04167,19,65.90432516621539,,-0.10021591447680231,-0.15390645823860505,0.08206640592009046,0.09149,1793968200,-0.23855889,2026-08-29T11:28:04,0.3249,,,Restaurants,0.5453199726487324,Hold
CSWC,Capital Southwest Corporation,10.912596,2.334,2.23833,14.071823,6.8434258,12.54,17.509455635853737,1939826560,63733867,63733867,8.99,0.727,119.309,73.56450000000001,73.199,73.93,6.95,0.0784,-0.17431302261951254,0.287,0.11213,0.46679002,0.75818,1.0,25.47,25.3,29.0,21.0,-0.0066745190420101075,none,,5,71.46236608364683,,0.028644301470588128,0.05229936880072142,0.26406511989352416,0.02779,1793649600,0.106271744,2026-08-29T11:28:04,0.0788,,,Asset Management,0.5454501763303533,Hold
TFC,Truist Financial Corporation,10.106658,4.98978,4.61039,11.593103,3.2376819,1.28,,89850609664,1221626188,1221626188,,0.87,,,,,3.34,0.020299999,0.14206300888500611,0.367,0.09059,0.30692,0.39815,0.0,50.43,55.36111,62.0,45.0,0.09778128098354144,none,,18,43.29748153837906,,0.018681614904636518,-0.01939482791487429,0.7932048611053999,0.00176,1792153800,0.083584666,2026-08-29T11:28:04,0.0204,,,Banks - Regional,0.5454903680528628,Hold
TGT,Target Corporation,17.17337,9.50192,10.10391,16.927385,0.6882807,2.57,21.50368716476059,87810277376,454291461,454291461,10.192,0.973,106.989,0.6214999999999999,0.255,0.988,3.8,0.030299999,0.05324231044703698,1.005,0.26408002,0.04078,0.05901,0.2838,163.18,161.61765,200.0,121.0,-0.009574396372104443,hold,2.52632,34,68.19500784744385,,0.20894440170239653,0.06429626709110445,0.17306636544144144,0.00265,1795005000,0.7950022,2026-08-29T11:28:04,0.0303,,,Discount Stores,0.5455147664568033,Hold
BXC,Bluelinx Holdings Inc.,27.834145,2.85333,1.88667,-345.30434782608694,0.20740172,2.19,24.87940207025713,979943104,7860217,7860217,12.374,1.396,108.037,3.2005,2.394,4.007,2.37,0.0652,0.04827722695187697,0.5,-0.0031299999,-0.00065,0.0241,0.15845,79.42,88.33333,98.0,83.0,0.11223029463611178,buy,1.66667,3,44.28169546283161,,1.0,0.23520779220779225,1.3074041796537468,0.03495,1793736000,-0.036611915,2026-08-29T11:28:04,0.0678,,,Industrial Distribution,0.5455307113295172,Hold
HTH,Hilltop Holdings Inc.,15.461847,2.49,2.40667,14.312267,1.7362267,0.61,,3635676160,57286417,57286417,,0.881,,,,,8.68,0.0645,0.1569418279380259,0.111,0.076009996,0.12734,0.15799,0.0,38.5,42.0,42.0,42.0,0.09090909090909083,none,,3,54.4518460119339,,0.011205882352941258,0.03750000000000013,0.25300518256656535,0.32676998,1792699200,0.10452461,2026-08-29T11:28:04,0.056,,,Financial Conglomerates,0.5456150511534477,Hold
RDVT,"Red Violet, Inc.",42.61628,1.72,1.635,64.29825,11.878486,,84.65912698941081,1128918272,16046975,16046975,60.078,1.804,2.372,10.686499999999999,10.49,10.883,1.58,0.0291,0.06877700625818894,0.889,0.1576,0.16538,0.22996001,0.84700996,73.3,79.0,85.0,73.0,0.07776261937244211,none,,2,64.52526024437356,,0.10101010101010094,0.05846153846153845,0.7101943906399543,0.16973,1793822400,0.44028807,2026-08-29T11:28:04,0.0308,,,Software - Application,0.5456548516591992,Hold
AMZN,"Amazon.com, Inc.",25.641668,10.39051,12.47525,21.434431,3.7048748,1.39,892.7262486513603,3002444546048,10786313572,10786313572,17.775,1.454,45.617,0.938,0.843,1.033,2.04,0.0097,0.18253746447489227,2.423,0.30558002,0.1744,0.13689,0.5077,266.43,327.004,405.0,230.0,0.22735427692076726,strong_buy,1.31667,60,30.187029143316764,,0.43254065632647054,0.0494075716695617,0.8195817481880998,0.0887,1793304000,0.1372149,2026-08-29T11:28:04,0.0097,,,Internet Retail,0.5459875781845989,Hold
VRT,"Vertiv Holdings, LLC",28.254305,9.09879,6.70757,58.16289,8.62162,1.2,36.70364319043799,103897219072,384988173,384988173,38.785,2.077,70.166,1.163,0.947,1.379,2.21,0.034,0.2307358958790664,0.53,0.43943,0.15088001,0.20362,0.38039002,257.08,338.15384,427.0,236.0,0.31536424459312284,strong_buy,1.39286,26,52.00136316672739,,0.034858515527729846,0.03068683456635722,0.9493664028377597,0.00269,1792585800,1.1714377,2026-08-29T11:28:04,0.034,,,Electrical Equipment & Parts,0.5461055452539915,Hold
ENPH,"Enphase Energy, Inc.",16.172379,2.30331,2.02085,36.881187,3.705217,1.08,62.84748482790799,4862334464,132144648,132144648,25.352,1.651,51.899,2.99,2.529,3.451,4.82,0.19629999,-0.2044792915109206,-0.035,0.12996,0.100880004,0.17981,0.30037,37.25,46.78889,85.0,27.0,0.2560775838926175,buy,2.46667,27,41.342407463779445,,-0.022615483577657466,-0.04416659058653631,0.572291650299783,0.030280001,1793131200,0.06138456,2026-08-29T11:28:04,0.1798,4.61,0.51,Solar,0.5461356130444129,Hold
PWR,"Quanta Services, Inc.",30.685343,19.6413,16.72777,68.722916,2.753733,1.66,46.33718628896931,96812670976,150343393,150343393,31.794,1.219,67.78,1.0385,0.979,1.098,2.51,0.021,0.39087455800601756,0.947,0.15337,0.04032,0.07217,0.15456,602.7,770.0421,976.0,410.0,0.27765405674464905,strong_buy,1.5,28,38.90212240029612,,0.19298306922078468,0.1908437212009507,0.28458329944146,0.0066799996,1793277000,0.6596296,2026-08-29T11:28:04,0.0185,,,Engineering & Construction,0.5464175249716475,Hold
MSM,"MSC Industrial Direct Company, ",21.888468,5.44579,4.60354,28.79227,,2.41,,7295136768,,,16.429,0.826,39.13,1.0695000000000001,0.591,1.548,2.87,0.0424,0.078,0.411,0.16322,0.05915,0.10195,0.40823,119.2,131.0,155.0,67.0,0.09899328859060397,hold,2.6,7,53.904297598803495,,0.0,0.0,0.2424645009990847,0.26757,1792672200,0.36751854,2026-08-29T11:28:04,0.0465,,,Industrial Distribution,0.5465388976775656,Hold
IBP,"Installed Building Products, In",21.557842,11.39075,10.43914,26.48975,2.2020183,,22.575233492488902,7165097984,26579177,26579177,14.881,1.718,187.209,2.649,2.315,2.983,4.82,0.0968,0.06288295533003141,-0.036,0.38451,0.084580004,0.122530006,0.33633998,245.56,244.81818,297.0,200.0,-0.003020931747841682,none,,11,66.61491577470292,,0.03093860669612267,0.01801563476111274,0.09466960415866978,0.13937001,1793795400,-0.07122201,2026-08-29T11:28:04,0.0817,,,Residential Construction,0.5466238381198535,Hold
KHC,The Kraft Heinz Company,12.283838,2.09218,2.05245,-8.92361111111111,1.2239226,0.99,9.37568701797694,46243749888,1185823758,1185823758,8.419,0.083,52.591,0.8154999999999999,0.57,1.061,5.83,0.1001,-0.015849031420738346,,-0.0876,-0.13639,0.1549,0.33498,25.7,25.08824,40.0,19.0,-0.02380389105058367,hold,3.10526,17,54.92040149583529,,-0.002987467210725892,-0.0015700534963517668,1.2443342943014821,0.27778,1793190600,-0.034204483,2026-08-29T11:28:04,0.1004,,,Packaged Foods,0.5467195582595403,Hold
EWBC,"East West Bancorp, Inc.",11.385447,11.3689,10.64038,12.434198,6.1395974,5.58,,16586578944,137011856,137011856,,0.933,,,,,5.6,0.0286,0.16987675869451757,0.174,0.16577,0.50064,0.65281,0.0,129.44,148.25,160.0,131.0,0.14531829419035858,buy,1.625,16,42.900851209032275,,0.0035263637898366646,0.005795606450808097,0.08351887670496487,0.00892,1792526400,0.22658467,2026-08-29T11:28:04,0.0286,,,Banks - Regional,0.5467313675959296,Hold
VST,Vistra Corp.,13.225463,10.36561,8.61655,23.118044,2.3949735,0.4,1239.3866015892256,69486157824,335635195,335635195,10.455,1.433,373.28,0.6154999999999999,0.258,0.973,2.04,0.0332,-0.044591435054956,-0.062,0.42962003,0.1155,0.13766,0.38309,137.09,217.42105,305.0,106.0,0.5859730833758845,strong_buy,1.35,19,33.539834347095976,,-0.022659914706718996,-0.08318808036572732,1.0569956868539152,0.007929999,1793881800,-0.24756473,2026-08-29T11:28:04,0.0308,,,Utilities - Independent Power Producers,0.5470458867830625,Hold
PNC,"PNC Financial Services Group, I",11.338698,21.36224,19.30912,13.330765,3.973524,1.92,,177069129728,398943667,398943667,,0.898,,,,,3.66,0.0152,0.2200856966805791,0.249,0.12623,0.31366,0.38689,0.0,242.22,277.725,305.0,251.0,0.14658162001486263,none,,20,46.66982726143343,,0.02090064805782497,0.01770584170268965,0.11485021298106468,0.00303,1792067400,0.18542492,2026-08-29T11:28:04,0.0153,,,Banks - Regional,0.5472676723787848,Hold
CNX,CNX Resources Corporation,9.335864,3.87752,3.20112,5.867099,2.5026553,1.93,12.252011837862918,7716190720,147943637,147943637,4.218,0.611,49.137,0.507,0.298,0.716,9.21,0.1396,-0.21711964163757858,-0.477,0.21249,0.44368,0.62878,0.73616,36.2,37.72727,48.0,32.0,0.042189779005524786,hold,3.08333,11,64.45078021588517,,0.107083199319382,-0.05436720359960499,1.292683919825057,0.046630003,1793277000,0.22117007,2026-08-29T11:28:04,0.103,,,Oil & Gas E&P,0.5473996166014636,Hold
CMI,Cummins Inc.,16.370552,34.50403,29.66194,28.863054,2.2403991,1.29,34.87963019102265,84422516736,137664487,137664487,16.817,1.246,59.586,1.356,0.985,1.727,2.28,0.0185,0.095514043153337,0.047,0.21114,0.07822,0.11896,0.25772,564.85,757.0175,894.0,530.0,0.34020979020979025,buy,1.91304,20,18.464160093376805,,0.0063921014958349285,0.04468276463534285,0.5640446108680043,0.00212,1793881800,0.44029212,2026-08-29T11:28:04,0.0161,,,Specialty Industrial Machinery,0.5476367775902999,Hold
GXO,"GXO Logistics, Inc.",13.446061,3.54007,3.03306,42.123894,0.40018955,1.29,16.026379743738826,10887566336,114684579,114684579,11.57,1.55,202.482,0.743,0.697,0.789,4.07,0.0657,0.04107579276198936,-0.04,0.04502,0.0095999995,0.029930001,0.15255,47.6,68.70588,90.0,55.0,0.44340084033613425,none,,17,51.71735626488914,,-0.00864517520779474,0.00598177901802213,0.5823037187237785,0.01031,1793736000,-0.063804865,2026-08-29T11:28:04,0.0619,,,Integrated Freight & Logistics,0.5476533305616264,Hold
KEY,KeyCorp,10.254179,2.13669,1.8286,12.812865,3.1719968,1.63,,38501171200,1067128554,1067128554,,1.032,,,,,0.0,0.0,0.1313242861047086,0.253,0.1033,0.2754,0.3471,0.0,21.91,26.02105,43.0,22.0,0.18763350068461881,none,,19,49.30688489238699,,0.0016597555831877652,-0.005654213436086289,0.8446002132226481,0.00298,1792499400,0.16139245,2026-08-29T11:28:04,0.0,,,Banks - Regional,0.5477833910077573,Hold
FTNT,"Fortinet, Inc.",44.154102,3.75956,3.45061,58.657246,16.180416,2.11,53.759332226811196,123262844928,733713653,733713653,47.485,1.058,36.194,1.2115,1.141,1.282,2.65,0.0234,0.31026932928015194,0.439,1.17442,0.28173,0.33595002,0.80204004,166.0,160.86485,220.0,86.0,-0.030934638554216964,none,,37,47.63552685320902,,0.0930651731806058,0.09739018246246983,0.3599268329853731,0.17361,1793822400,1.2459378,2026-08-29T11:28:04,0.0229,,,Software - Infrastructure,0.5478514517076654,Hold
LSTR,"Landstar System, Inc.",23.55578,7.64271,5.91918,46.76104,1.2230418,1.25,63.186947668155604,5961136128,33936925,33936925,24.34,0.891,16.625,1.784,1.743,1.825,2.46,0.0506,0.2161226215987453,0.201,0.14977999,0.02636,0.04615,0.19034,180.03,196.375,240.0,145.0,0.09079042381825242,hold,2.83333,16,54.37850524906614,,0.01937774899856371,0.027699039361438898,0.5136805869081921,0.00775,1793131200,0.3738382,2026-08-29T11:28:04,0.0425,,,Integrated Freight & Logistics,0.5479128775179857,Hold
PDFS,"PDF Solutions, Inc.",27.518993,1.62833,1.29,179.24,7.845697,4.19,-142.70131505764573,1905458048,42227216,42227216,54.89,1.645,19.21,3.38,3.313,3.447,4.87,0.0739,0.23891099522165993,2.416,0.03272,0.042740002,0.08229999,0.71462,44.81,61.66667,74.0,50.0,0.3761809863869672,strong_buy,1.33333,6,44.12733615958727,,0.034068136272545076,0.04884380032206123,,0.10556,1793908800,1.383781,2026-08-29T11:28:04,0.0706,,,Software - Application,0.5480400548709591,Hold
SKYW,"SkyWest, Inc.",8.089921,12.22138,10.85096,9.818273,0.91612077,1.66,26.45100416562212,5622068736,38828325,38828325,5.884,1.443,86.333,0.5045,0.44,0.569,3.64,0.057800002,0.10751338101759478,-0.127,0.15341,0.09782,0.14130999,0.30895,98.87,126.5,160.0,105.0,0.2794578739759279,buy,1.66667,6,24.10955164389202,,-0.005097849367719986,0.010206730093652677,0.9286731848161341,0.01342,1793304000,-0.17731738,2026-08-29T11:28:04,0.0416,,,Airlines,0.5481123448178226,Hold
U,Unity Software Inc.,24.877224,1.74095,1.21129,-31.845588235294116,9.396647,,31.787160318836,19302160384,440088933,440088933,132.026,2.019,70.183,1.9815,1.937,2.026,2.78,0.0709,0.24438309628658605,,-0.17381,-0.28966,-0.05179,0.76133,43.31,49.09833,55.0,35.0,0.1336488108981757,strong_buy,1.46154,24,51.714871538413355,,0.17169831397092253,0.32939568411246356,0.4329896907216495,0.0335,1793795400,0.10352707,2026-08-29T11:28:04,0.0859,,,Software - Application,0.5481560941679361,Hold
USPH,"U.S. Physical Therapy, Inc.",23.245224,3.38263,2.89361,462.5294,1.4589204,2.81,28.417731271526335,1857914368,14922698,14922698,18.213,1.13,50.321,1.2014999999999998,1.132,1.271,5.0,0.1019,0.10546018555089698,-0.565,0.0651,0.04007,0.111269996,0.21466999,78.63,95.0,100.0,88.0,0.20819025817118164,buy,1.85714,6,37.46086424225729,,-0.010826314062243644,-0.008918656810437532,0.25832738570295277,0.025,1793822400,-0.05743563,2026-08-29T11:28:04,0.0874,,,Medical Care Facilities,0.5482232738850272,Hold
NXT,Nextpower Inc.,14.786561,5.77822,4.65947,22.07752,3.615909,3.15,40.50859310951492,11788272640,151729520,153638347,15.74,1.95,1.502,2.4885,2.288,2.689,2.97,0.0804,0.08237424068829857,0.029,0.27224,0.16364,0.20858,0.22983,85.44,141.51852,175.0,70.0,0.6563497191011236,strong_buy,1.42857,27,23.28065809765023,,-0.013701790779391211,-0.02429246199078296,0.6659838702153972,0.00634,1793217600,0.34262586,2026-08-29T11:28:04,0.0594,,,Solar,0.548282559998851,Hold
OTTR,Otter Tail Corporation,17.053806,5.32667,6.075,19.61987,2.9002008,1.92,-23.08272390588236,4746979840,41985580,41985580,10.614,0.43,67.491,1.3965,1.086,1.707,18.9,0.16530001,0.002058744930997669,,0.106850006,0.14833,0.24028999,0.42191002,90.84,90.5,95.0,86.0,-0.0037428445618670203,hold,3.0,2,40.85856648427608,,0.04113110539845762,0.0012537593984961902,0.03914682399890318,0.02082,1793649600,0.09849024,2026-08-29T11:28:04,0.1187,,,Conglomerates,0.5483570254114358,Hold
OSBC,"Old Second Bancorp, Inc.",10.575403,2.38667,2.20333,14.589595,3.7616167,1.51,,1602502784,50875716,50875716,,0.706,,,,,4.01,0.0373,0.10305204942963364,0.125,0.11399999,0.27074,0.44692,0.0,25.24,27.5,30.0,25.0,0.08954041204437413,none,,6,52.93909987804034,,-0.0015135928797691185,0.03498265394622724,0.13674545596798146,0.04429,1792612800,0.36496747,2026-08-29T11:28:04,0.0372,,,Banks - Regional,0.5484024451624344,Hold
HAS,"Hasbro, Inc.",14.439808,6.52571,6.16442,16.766905,2.6724484,1.84,19.313550236115958,15808667648,141044467,141044467,12.159,0.468,531.042,1.478,1.295,1.661,2.82,0.0531,0.15445782572952682,,1.5956,0.15968001,0.22157,0.63822,94.23,109.64286,120.0,90.0,0.16356638013371527,strong_buy,1.46667,14,54.34326757725877,,-0.0036222104050054422,-0.000609523576157569,1.4092073482209209,0.0058399998,1792672200,0.18094039,2026-08-29T11:28:04,0.0469,,,Leisure,0.5484394838654942,Hold
POOL,Pool Corporation,15.914198,11.81775,10.99844,17.285847,1.2670068,1.6,32.09785529023175,8494736384,36340747,36340747,13.219,1.054,134.537,1.7645,0.858,2.671,4.1,0.114300005,0.057278607949363236,0.0,0.31254998,0.07414,0.15137,0.29579002,188.07,219.5,260.0,185.0,0.16711862604349448,buy,2.4,12,34.753950006491394,,-0.0001290925520869841,-0.0014153534158604117,0.265802214455183,0.0354,1792672200,-0.3901072,2026-08-29T11:28:04,0.0999,,,Industrial Distribution,0.5486580110609466,Hold
PH,Parker-Hannifin Corporation,25.387205,39.19376,35.33279,34.8885,5.8337483,3.4,42.34650355041983,135700201472,126047469,126047469,23.958,1.128,56.66,0.968,0.674,1.262,1.92,0.0098,0.10352740204565314,0.193,0.25076,0.16968,0.23458,0.37546003,995.02,1160.9535,1358.0,680.0,0.16676398464352493,buy,1.68,23,31.614326696543912,,0.03577342830935435,0.04495571295188867,0.3913793557548847,0.0018099999,1793881800,0.3483925,2026-08-29T11:28:04,0.0123,2.7,6.55,Specialty Industrial Machinery,0.5487000946621818,Hold
LTH,"Life Time Group Holdings, Inc.",21.313072,2.04147,1.74596,23.775955,3.0551481,,-28.16878217955431,13769937920,223461948,223461948,16.234,1.498,129.478,0.525,0.393,0.657,3.12,0.0557,0.11641880032299734,0.406,0.13445,0.13036999,0.17052001,0.48022997,43.51,55.42857,64.0,48.0,0.2739271431854746,strong_buy,1.14286,14,59.138147009422404,,0.02327326007326002,0.04623702754644457,1.0294894482501757,0.12674,1793709000,0.588467,2026-08-29T11:28:04,0.0501,,,Leisure,0.5489093304367183,Hold
PFG,Principal Financial Group Inc,10.7511215,10.36264,9.52928,15.870371,1.519983,1.06,22.58042698656277,22946017280,214104641,214104641,10.665,0.88,35.307,0.9830000000000001,0.38,1.586,5.75,0.0477,0.1091996833454909,0.028,0.12949,0.09932999,0.12336001,0.47345,111.41,109.58333,125.0,92.0,-0.016395924961852604,hold,3.0,12,39.61113408167194,,0.011770551748594841,0.00424919836511087,0.8590681967667199,0.0111,1793044800,0.40317738,2026-08-29T11:28:04,0.0414,,,Asset Management,0.5490834591703156,Hold
MDU,"MDU Resources Group, Inc.",18.675804,1.05966,0.97982,21.053192,2.2743564,2.57,-8.702737052547906,6775739904,210349456,210349456,12.93,0.379,88.05,0.694,0.396,0.992,9.82,0.088999994,0.1128605913770464,0.472,0.068909995,0.10747,0.12531,0.3475,19.79,23.625,27.0,21.0,0.1937847397675594,none,,8,34.621960524672076,,0.003112266835930345,0.002099409895597018,0.31779691998295495,0.00446,1793881800,0.23803675,2026-08-29T11:28:04,0.0685,,,Utilities - Regulated Gas,0.5491228702808499,Hold
PLNT,"Planet Fitness, Inc.",14.553542,3.6644,3.26302,18.139456,3.10761,0.92,25.90433464124722,6500118016,75216965,75849221,11.25,1.025,,1.437,1.29,1.584,3.04,0.1155,0.1701221260389858,0.261,,0.18273,0.33653998,0.58525,53.33,67.54118,106.0,49.2,0.26647627976748556,buy,1.83333,17,67.81965970631434,,0.020561227042986508,0.022889682894149256,0.3289587817183937,0.00478,1793881800,-0.491742,2026-08-29T11:28:04,0.0952,,,Leisure,0.5491773486536304,Hold
ALH,Alliance Laundry Holdings Inc.,15.587674,1.49028,1.34624,24.978495,2.5999737,,18.906027151946233,6364444672,198789096,198789096,14.768,,378.922,1.234,1.037,1.431,5.57,0.073699996,0.05743977569071501,0.889,1.09823,0.10082,0.2216,0.37721002,23.23,32.25,37.0,28.0,0.38829100301334485,strong_buy,1.375,8,26.117574911524514,,0.04423639282971753,0.017464327165972664,,0.06743,1794486600,-0.06365836,2026-08-29T11:28:04,0.045,,,"Furnishings, Fixtures & Appliances",0.5491901751953597,Hold
WTRG,"Essential Utilities, Inc.",17.26927,2.37995,2.21832,21.076921,4.5382247,3.88,-17.726170831712977,20036741120,283632983,283632983,14.842,0.629,121.656,0.651,0.525,0.777,2.54,0.021,0.019498958455053783,-0.026,0.08078,0.21601,0.35409,0.5643,41.1,41.6,46.0,38.0,0.012165450121654597,hold,2.71429,5,60.11893387412399,,-0.01254835277830944,0.0,0.10855106325289188,0.00221,1793822400,0.04429567,2026-08-29T11:28:04,0.0183,,,Utilities - Regulated Water,0.5492896970201779,Hold
RUSHA,"Rush Enterprises, Inc.",16.574596,4.60162,3.72489,22.97289,1.1424048,3.42,26.35553917391437,7213001728,91714400,108391744,11.462,0.89,63.077,0.9039999999999999,0.356,1.452,9.02,0.0664,-0.16572261716807835,0.011,0.11795,0.03665,0.05113,0.19850999,76.27,89.5,95.0,83.0,0.17346269830864047,strong_buy,1.5,4,48.050460827724656,,0.013696877993555626,0.016229657717424104,0.14205256930927246,0.01353,1793217600,0.3376397,2026-08-29T11:28:04,0.0659,,,Auto & Truck Dealerships,0.5493524042765993,Hold
MZTI,The Marzetti Company,15.875033,7.234,6.734,16.45272,1.6240342,3.12,23.60282752691888,3362783488,27291000,27291000,11.019,0.353,24.097,1.0614999999999999,0.564,1.559,6.89,0.2707,-0.013291854457513463,0.495,0.18677999,0.09929,0.10899,0.24732,114.84,146.6,185.0,118.0,0.2765586903517938,buy,2.2,5,61.085068774067224,,-0.06472222222222225,-0.02243243243243248,0.21520280649642717,0.29307,1793795400,-0.3800683,2026-08-29T11:28:04,0.1092,7.31,-2.15,Packaged Foods,0.5493587229877326,Hold
KMB,Kimberly-Clark Corporation,14.630681,7.48769,7.45116,21.650198,2.1972039,2.32,38.713279317525554,42141032448,332579038,332579038,12.106,0.276,348.933,0.656,0.403,0.909,12.89,0.1528,0.0035830339974702863,-0.323,1.04913,0.1179,0.19002001,0.37612998,109.55,118.6,162.0,90.0,0.08261068005476946,buy,2.4375,15,69.62310412334986,,-0.011456037869269874,-0.009200473189876742,0.16357068158152765,0.0070700003,1793709000,-0.1463831,2026-08-29T11:28:04,0.1343,,,Household & Personal Products,0.5497258496101411,Hold
BHRB,Burke & Herbert Financial Servi,8.19231,8.75333,7.97333,11.736497,4.0197487,,,1996278272,20187033,20187033,,0.218,,,,,6.08,0.0429,-0.0907818350522337,-0.746,0.09791,0.26946,0.19295,0.0,71.71,80.0,82.0,75.0,0.11560451819829876,none,,4,38.58243663345182,,-0.1067232375979112,-0.007184118266874021,0.5316851020033371,0.14918,1792699200,0.13718641,2026-08-29T11:28:04,0.0457,,,Banks - Regional,0.5497583340024239,Hold
MO,"Altria Group, Inc.",11.706966,5.86403,5.67712,14.452632,5.606922,2.68,12.686746258791594,135251574784,1669743926,1669743926,8.578,0.495,,0.431,0.344,0.518,4.45,0.024300002,0.01814937135216743,-0.027,,0.38999,0.61464,0.8717,68.65,70.0,82.0,58.0,0.01966496722505462,none,,11,62.830412117572884,,-0.0012016291487433723,-0.0022340722389726174,0.3066659869985322,0.00116,1793277000,0.008044124,2026-08-29T11:28:04,0.0243,,,Tobacco,0.5497699665970749,Hold
HWC,Hancock Whitney Corporation,10.304085,7.28546,6.49204,14.719608,4.2639356,1.76,,6865036800,80223058,80223058,,0.96,,,,,5.93,0.0861,0.14477904843766987,0.174,0.097040005,0.30262,0.4386,0.0,75.07,83.8,91.0,74.0,0.11629146130278412,buy,1.8,10,49.18500043633082,,0.0,0.0,0.11934563594557415,0.00939,1791921600,0.20462573,2026-08-29T11:28:04,0.0642,,,Banks - Regional,0.550000167726625,Hold
CNP,"CenterPoint Energy, Inc (Holdin",18.804813,2.0867,1.91192,23.357145,2.6869216,1.87,-4.978583743549676,50070118400,658720288,658720288,12.992,0.461,210.256,0.738,0.353,1.123,6.51,0.08180001,0.09716004612871432,0.233,0.09825,0.11611,0.24489,0.47027,39.24,45.75,50.0,39.0,0.16590214067278275,buy,2.11765,16,53.240403476892084,,0.001225400349815147,0.000877752569704585,0.07185838048979064,0.00233,1792672200,0.035582542,2026-08-29T11:28:04,0.0642,,,Utilities - Regulated Electric,0.5502073465692409,Hold
CAH,"Cardinal Health, Inc.",16.66224,14.07674,,32.486153,0.21455681,1.19,11.47830321322674,59851636736,232575728,232575728,14.103,0.521,,0.654,0.425,0.883,2.98,0.0318,0.08575499132050446,0.688,,0.00674,0.013300001,0.03844,234.55,270.9375,292.0,235.0,0.155137497335323,strong_buy,1.5,16,46.524772116949265,,0.15462753950338612,0.03572306238880684,1.1627613482616213,0.0026699998,1793881800,0.5722501,2026-08-29T11:28:04,0.0276,,,Medical Distribution,0.5502908976476312,Hold
CRAI,"CRA International,Inc.",18.298021,9.56333,8.47,23.332,1.3822387,1.28,34.94280221758208,1364967296,6276860,6276860,14.631,0.649,166.981,0.7609999999999999,0.706,0.816,1.98,0.0505,0.18321159305767543,0.175,0.26025,0.06204,0.111669995,0.29005,174.99,250.5,256.0,245.0,0.4315103720212583,none,,2,68.2814489056108,,-0.014734775209470523,-0.00726643850049778,0.18333121067059724,0.03897,1793881800,-0.10861927,2026-08-29T11:28:04,0.0506,,,Consulting Services,0.5504625871685619,Hold
ROK,"Rockwell Automation, Inc.",29.04567,14.83388,13.21447,40.26729,5.343084,1.89,36.77000758747612,51220078592,111273953,111273953,24.484,1.535,103.347,0.8665,0.658,1.075,4.21,0.037100002,0.09298322492416511,0.404,0.30629,0.13385001,0.20968,0.49091998,430.86,477.79166,550.0,282.0,0.10892554426031653,buy,2.25,24,38.05868211620036,,0.01446953360166868,0.01404872860065751,0.22345906596484297,0.00171,1793881800,0.28167176,2026-08-29T11:28:04,0.0347,5.31,1.7,Specialty Industrial Machinery,0.5505582543924563,Hold
ETSY,"Etsy, Inc.",12.128396,6.89209,5.93941,26.45253,2.6079783,1.1,45.2186298753141,9625554944,91781748,91781748,20.445,1.817,,1.183,0.89,1.476,3.18,0.123900004,0.14677847713251246,,,0.07114,0.18744,0.71401,83.59,87.03846,105.0,58.0,0.041254456274673945,hold,2.54839,26,64.59812533955812,,-0.05438265360902812,0.10567274519467718,1.3128132327110782,0.013710001,1793822400,0.6042553,2026-08-29T11:28:04,0.1223,,,Internet Retail,0.5505743207274324,Hold
VTOL,"Bristow Group, Inc.",8.313687,5.26,,12.566092,0.828794,,-37.89953536218979,2016735104,29642000,29642000,8.579,1.198,89.036,1.9665,1.673,2.26,6.16,0.0477,0.06344092841238802,-0.346,0.10082,0.06664,0.08455,0.27201,43.73,64.33333,70.0,56.0,0.47114863937800155,none,,3,46.73196139565715,,-0.11006816547084862,-0.042182408301742094,1.1766477021983928,0.03208,1793736000,0.21644557,2026-08-29T11:28:04,0.0461,,,Oil & Gas Equipment & Services,0.550682883740284,Hold
RMD,ResMed Inc.,18.182741,13.21748,12.08573,23.064299,6.13222,1.37,36.91053420492058,33365608448,144252306,144252306,15.92,0.748,12.542,2.4655,1.831,3.1,9.21,0.102299996,0.10228184974734478,0.024,0.24269,0.26945,0.30857,0.61618,240.33,245.5,320.0,175.0,0.021512087546290415,buy,2.42105,16,77.1479723527097,,0.004276955957408277,-0.0003547072832976798,0.1327278482270351,0.0049900003,1793304000,-0.13000482,2026-08-29T11:28:04,0.0892,,,Medical Instruments & Supplies,0.5509115521875382,Hold
PRI,"Primerica, Inc.",10.687892,27.17,25.15625,11.666935,2.5637095,1.07,8.602106578647804,10136679424,30777350,30777350,9.034,0.871,71.521,2.441,1.152,3.73,6.29,0.0479,0.21367395178597248,0.195,0.32966,0.22839001,0.31542,0.72097,290.39,332.83334,370.0,276.0,0.14615978511656746,buy,2.25,6,27.68481828098139,,0.02084812823374259,0.014307088086777643,0.2960663270741704,0.0055400003,1793822400,0.09214914,2026-08-29T11:28:04,0.0365,,,Insurance - Life,0.550974331358618,Hold
BJ,"BJ's Wholesale Club Holdings, I",18.033583,5.02396,4.71021,19.824944,0.50167876,2.22,46.39464967982649,14173557760,126314692,126314692,12.213,0.194,126.207,0.422,0.114,0.73,6.28,0.073699996,0.20954264765970376,0.193,0.27673,0.02606,0.04053,0.18244,90.6,105.65,120.0,79.0,0.16611479028697596,buy,2.13043,20,35.94919091817708,,0.04276011387938176,0.028511532973433274,0.06704480190810265,0.00638,1795177800,-0.08225155,2026-08-29T11:28:04,0.0744,,,Discount Stores,0.5510746581122379,Hold
LZB,La-Z-Boy Incorporated,11.577028,2.81333,2.51667,16.532995,0.61822754,1.14,7.134453810925882,1585856768,40052771,40052771,8.178,1.278,52.792,1.3165,0.968,1.665,4.24,0.0458,-0.00615727186516013,,0.080469996,0.03862,0.027320001,0.45161998,32.57,41.0,42.0,40.0,0.2588271415412957,buy,2.0,2,21.46864423231034,,-0.14495826156088512,-0.14833516481853154,0.18248507072404213,0.02703,1794945600,-0.08855474,2026-08-29T11:28:04,0.039,,,"Furnishings, Fixtures & Appliances",0.5511033880201553,Hold
XEL,Xcel Energy Inc.,16.833904,4.54143,4.11442,20.945204,3.2671926,2.09,-6.038605371001894,87829782528,624634306,624634306,14.344,0.405,173.135,0.589,0.477,0.701,8.39,0.0738,-0.1237333484273917,0.24,0.0992,0.15278,0.22700001,0.46825,76.45,91.76471,101.0,74.0,0.20032321778940476,strong_buy,1.44444,17,44.01235192183809,,0.0005568890088592402,0.002016640594489843,0.04222407914045645,0.00201,1793277000,0.06958687,2026-08-29T11:28:04,0.0653,,,Utilities - Regulated Electric,0.5513294371850899,Hold
FTV,Fortive Corporation,18.372202,3.24893,3.01762,31.58201,4.1770697,0.98,19.196205874850488,21329561600,302017052,302017052,17.276,0.976,59.283,1.0215,0.802,1.241,4.88,0.0622,0.21427799625035737,0.04,0.07318,0.12382,0.19137,0.6323,59.69,64.30769,72.0,51.0,0.07736119953090959,hold,2.73333,13,41.041273156847126,,0.006252355053736848,0.008549104579079255,0.14705901880444644,0.0041,1793190600,0.26520276,2026-08-29T11:28:04,0.0485,,,Scientific & Technical Instruments,0.5520653475660918,Hold
KNSL,"Kinsale Capital Group, Inc.",17.58281,21.64671,21.13393,15.453106,4.3435264,1.25,8.827687596670133,8683720704,22778425,22778425,11.859,0.889,11.033,0.14,0.086,0.194,7.4,0.105900005,0.19532914150122305,0.34,0.30268,0.28492,0.40678,0.31142,380.61,354.77777,405.0,259.0,-0.0678706024539556,hold,3.16667,9,67.11028956248944,,0.014807284894139704,-0.0015355166051660945,0.42673024962800943,0.05416,1792699200,-0.16537327,2026-08-29T11:28:04,0.1059,,,Insurance - Property & Casualty,0.5520698230588733,Hold
CIEN,Ciena Corporation,39.138668,9.66921,6.54556,126.14667,9.618935,0.67,76.42625208660557,56977682432,141552922,141552922,72.515,1.315,54.649,2.288,1.849,2.727,1.35,0.0325,0.60871575763021,23.833,0.15464,0.0787,0.15195,0.43047002,378.44,557.28564,720.0,270.0,0.47258651305358823,buy,1.9,19,51.552374513443425,,0.0008853522371582156,0.003221569262182872,0.4660771824228923,0.00585,1788438600,3.272358,2026-08-29T11:28:04,0.0263,1.62,-7.06,Communication Equipment,0.5521090338851719,Hold
ELF,"e.l.f. Beauty, Inc.",27.211348,3.82561,3.60846,106.22449,22.88947,1.37,72.7068893863058,5776109056,59007996,59007996,90.589,2.389,79.503,2.442,1.813,3.071,1.62,0.0836,0.4393155971607643,0.931,-0.00291,-0.0023100001,0.14315,0.60951,104.1,97.75,121.0,65.0,-0.060999039385206455,buy,1.72222,16,71.09238392172959,,0.0861429083126898,0.042664762460242,0.564933305463369,0.02895,1793822400,-0.15469748,2026-08-29T11:28:04,0.1909,,,Household & Personal Products,0.5521359245384169,Hold
VIAV,Viavi Solutions Inc.,18.731642,1.95071,1.64374,-281.07692307692304,5.938378,1.34,56.80862774661423,9536530432,246749828,246749828,34.193,1.234,48.243,1.6764999999999999,1.507,1.846,1.72,0.0497,0.3797381451467514,3.265,-0.02728,-0.02002,0.14308,0.6089,36.54,61.42857,70.0,44.0,0.681132183908046,strong_buy,1.375,7,55.239583164911245,,0.3225463849508391,0.057501734755833055,1.1652686774644065,0.00997,1793217600,2.346388,2026-08-29T11:28:04,0.0362,,,Communication Equipment,0.5522011909466744,Hold
WYFI,"WhiteFiber, Inc.",34.4159,0.51575,-0.6095,-15.570175438596493,7.4197125,,-1.605089403097917,954674112,38848118,38848118,-83.902,,95.195,0.7175,0.646,0.789,2.8,0.524,0.45963497124880015,,-0.13727,-0.47662,-0.15968001,0.85906,17.75,40.88889,50.0,32.0,1.3035994366197183,strong_buy,1.44444,9,24.308676609459,,0.27548291233283806,-0.11585209058337471,,0.70879,1794486600,0.08207703,2026-08-29T11:28:04,0.5342,,,Information Technology Services,0.5524489206210583,Hold
ALIT,"Alight, Inc.",2.6590803,5.2725,4.72546,-0.1837483617300131,0.23290479,,3.8995166378986865,2266419712,26419410,37062095,4.874,1.59,205.458,1.1480000000000001,0.871,1.425,1.47,0.035,0.006658181450683642,,-0.97275,-0.90901,-0.04697,0.37517,14.02,40.25,100.0,13.0,1.8708987161198287,buy,2.5,4,43.462494981921694,,-0.1584835301429459,-0.1894696387394312,1.6281358395818102,0.05546,1793822400,-0.8192112,2026-08-29T11:28:04,0.0419,,,Software - Application,0.552556184351438,Hold
UBSI,"United Bankshares, Inc.",12.336944,3.85833,3.68333,12.970027,5.1834197,1.95,,5170555904,136173338,136173338,,0.727,,,,,5.82,0.041300002,0.10468851469294238,0.122,0.09474,0.41196,0.53079,0.0,47.6,50.33333,52.0,48.0,0.0574228991596637,hold,2.66667,6,50.091707642924696,,-0.0001818675352877167,0.007396866840731061,0.0905269036683959,0.022119999,1792672200,0.249408,2026-08-29T11:28:04,0.0412,,,Banks - Regional,0.5525792529635464,Hold
MFA,"MFA Financial, Inc.",6.316166,1.398,1.08,8.742575,2.9475594,2.48,,12422908928,101087938,101087938,,1.499,656.964,43.537000000000006,43.133,43.941,2.74,0.0404,0.22060958449859758,0.619,0.08239,0.48951,0.53966,0.87586,8.83,14.0,31.0,10.0,0.5855039637599093,buy,2.28571,6,49.31134227758879,,-0.14792899408284022,-0.052896861958701524,1.3585851483912788,0.01952,1793881800,-0.113113105,2026-08-29T11:28:04,0.0411,,,REIT - Mortgage,0.5526467860524885,Hold
GILD,"Gilead Sciences, Inc.",14.72662,9.89229,-0.42424,-54.97358490566038,5.9308753,2.14,18.491040540499462,201916661760,1239955155,1239955155,13.829,0.336,223.465,1.0835,0.902,1.265,3.49,0.0187,0.10553259675588844,,-0.2068,-0.10637999,0.33679,0.79603994,145.68,157.40741,180.0,123.0,0.08050116694124099,buy,1.68966,27,79.54586010371034,,0.44236178658744973,0.025464825058258575,0.6931786747065968,0.00115,1793304000,0.32073462,2026-08-29T11:28:04,0.0187,,,Drug Manufacturers - General,0.5528670293087309,Hold
SXT,Sensient Technologies Corporati,27.246054,4.95925,4.18204,36.32258,3.3760993,1.74,-2194.024646256557,6483963904,42562811,42562811,20.872,0.775,60.63,2.9505,1.511,4.39,2.55,0.0551,0.11328069003713148,0.364,0.13071,0.09273,0.16570999,0.34876,135.12,142.8,155.0,133.0,0.056838365896980436,buy,2.0,5,72.65574328670877,,0.06649053505078652,0.05456497932017048,0.17032661665838245,0.01296,1793363400,0.17786002,2026-08-29T11:28:04,0.0322,,,Specialty Chemicals,0.5529691183581044,Hold
WTTR,"Select Water Solutions, Inc.",28.652103,0.6729,0.52,68.85715,1.9237245,,-31.458365230967527,2866270208,128942892,142733753,11.32,1.0,25.666,1.428,1.278,1.578,2.54,0.0396,0.03135389580063075,0.62,0.03128,0.022349998,0.088479996,0.29271,19.28,24.0,26.0,21.0,0.24481327800829877,strong_buy,1.42857,7,37.390590757037074,,0.03790343506117655,0.13091909166333776,0.524325570887795,0.054169998,1793736000,1.334528,2026-08-29T11:28:04,0.0395,,,Oil & Gas Equipment & Services,0.5531040596445536,Hold
LFUS,"Littelfuse, Inc.",20.17743,20.0925,17.015,-794.9313725490197,3.9386985,2.1,28.229060986459043,10778774528,25398747,25398747,18.884,1.485,27.093,2.2995,1.838,2.761,3.59,0.057600003,0.17159245690348413,0.517,-0.0030899998,-0.00308,0.18799,0.39343,405.415,488.75,520.0,415.0,0.2055548018696891,none,,4,43.642326737971196,,0.15277777777777785,0.1637706342311034,0.942575513502001,0.01605,1793190600,0.6489099,2026-08-29T11:28:04,0.0513,,,Electronic Components,0.5531654267951541,Hold
MIR,"Mirion Technologies, Inc.",21.45507,0.67117,0.54148,159.99998,3.4990869,,31.086479682270397,4360704512,243278092,249042647,19.669,1.058,65.757,2.8545,2.511,3.198,7.87,0.1928,0.13419690088657887,0.0,0.01511,0.0239,0.07196,0.482,14.4,24.7,29.0,22.0,0.7152777777777777,strong_buy,1.4,10,49.46069006022305,,0.02023589704940267,0.02655205640782497,1.2380145081097844,0.034140002,1793131200,-0.279476,2026-08-29T11:28:04,0.1465,,,Specialty Industrial Machinery,0.5532152877320263,Hold
SYY,Sysco Corporation,15.233174,5.37905,5.08861,22.387978,0.4642902,1.57,20.51051669801463,52766466048,479096016,479096016,11.744,0.636,564.591,1.003,0.729,1.277,3.61,0.030299999,0.04506810175603704,0.053,0.77692,0.02078,0.048449997,0.18496001,81.94,90.30769,100.0,78.0,0.10211972174762018,buy,2.4,13,59.419803680987485,,0.029053942009407634,0.021384187820682053,0.04719864768397924,0.0014599999,1793709000,0.023587823,2026-08-29T11:28:04,0.0265,,,Food Distribution,0.5532705533505953,Hold
INDB,Independent Bank Corp.,9.872984,8.31157,7.16914,14.839059,4.0973387,11.0,,3630087168,47369099,47369099,,0.786,,,,,5.16,0.0548,0.4910775165894541,0.418,0.08239,0.28603,0.47252,0.0,82.06,93.42857,100.0,82.0,0.13853972702900297,none,,7,51.51157745809137,,-0.020895530541617677,-0.0037158813171481427,0.12580152607763634,0.016490001,1792699200,0.15256608,2026-08-29T11:28:04,0.0411,,,Banks - Regional,0.5533479644855299,Hold
CSW,"CSW Industrials, Inc.",23.308641,13.66446,12.58959,43.51093,4.4371448,2.53,71.46143733132571,6087042560,16293487,16293487,21.189,0.818,84.885,1.9685000000000001,1.237,2.7,5.95,0.0743,0.3717373082876614,0.251,0.109280005,0.10335,0.22886999,0.42529,318.5,351.85715,400.0,320.0,0.10473202511773927,none,,7,21.821450022131472,,0.04629616547808316,0.03584475283911511,0.14035969379288868,0.03974,1793277000,0.1942476,2026-08-29T11:28:04,0.0636,,,Specialty Industrial Machinery,0.5535414889489322,Hold
BRX,Brixmor Property Group Inc.,28.933325,1.00818,0.97811,20.835714,6.3774548,,14.841560248497823,14171755520,306872316,306872316,15.313,0.966,176.202,0.5865,0.577,0.596,7.52,0.078200005,0.04023909409931914,-0.141,0.14413,0.30822,0.36018002,0.7515,29.17,35.44444,42.0,33.0,0.215099074391498,strong_buy,1.5,18,33.310659879711565,,-0.1313564590326992,-0.08845308812759366,0.08912769988542446,0.0091699995,1793044800,0.050902486,2026-08-29T11:28:04,0.0571,,,REIT - Retail,0.553580108958029,Hold
AMRX,"Amneal Pharmaceuticals, Inc.",15.107666,1.161,1.00798,36.541668,1.959589,,-52.97203648390516,8495867904,348296027,348296027,12.323,1.255,2386.528,1.79,1.375,2.205,5.03,0.0388,-0.008967076756232983,1.571,6.1301703,0.050479997,0.18335,0.39810002,17.54,21.0,25.0,16.0,0.19726339794754844,buy,1.6,5,52.75679995235065,,0.029149607424726703,0.03619081618992377,0.9223203812925791,0.52166003,1793277000,0.8799583,2026-08-29T11:28:04,0.0482,,,Drug Manufacturers - Specialty & Generic,0.5536180003066755,Hold
PODD,Insulet Corporation,18.821508,7.71086,6.5029,27.228895,3.2964482,1.44,42.48786505698607,10478874624,69354199,69354199,17.042,1.095,66.685,1.9975,1.51,2.485,2.2,0.0602,0.25317569538940243,3.286,0.26016,0.12291,0.16178,0.71075,145.13,171.90909,275.0,144.0,0.18451794942465383,buy,1.96,22,34.924014379994475,,0.0043709263892751146,-0.042388520872608366,0.7652072504430855,0.00329,1793881800,-0.58422244,2026-08-29T11:28:04,0.0535,,,Medical Devices,0.553630110048435,Hold
CTGO,Contango Silver & Gold Inc.,5.490029,3.51,0.25667,-7.326996197718631,,,-30.690748885082776,619485824,33440691,33440691,-16.407,0.008,9.687,1.03,0.997,1.063,8.0,0.0933,,-0.887,-0.23688,0.0,0.0,0.0,19.27,31.16667,35.0,28.0,0.6173674104826155,strong_buy,1.5,6,42.92664718633301,,-0.6618224459142534,-0.32205877808337713,0.31687857182054946,0.14637,1794513600,-0.06940639,2026-08-29T11:28:04,0.1136,,,Gold,0.5536767616715623,Hold
MTZ,"MasTec, Inc.",19.300598,12.48666,9.31259,38.375793,1.2014009,0.99,-334.2636816645629,22952194048,80304948,80304948,17.541,1.837,89.874,1.3445,1.289,1.4,3.32,0.0828,0.21245399723065628,0.514,0.16176,0.03069,0.05424,0.12913999,241.0,422.0,518.0,340.0,0.7510373443983402,strong_buy,1.2,19,46.39343747481216,,0.0583919870982554,0.11198918526117813,1.2160248611124065,0.2116,1793304000,0.39516664,2026-08-29T11:28:04,0.0842,,,Engineering & Construction,0.5537189112148607,Hold
CACI,"CACI International, Inc.",16.671797,37.6804,33.63744,26.012423,1.4510088,514.23,22.74521531225903,19074478080,22099539,22099539,16.042,0.541,120.656,1.365,1.246,1.484,3.58,0.063200004,0.17017633716250802,-0.012,0.12824,0.055999998,0.100509994,0.33203998,628.2,724.5,892.0,550.0,0.1532951289398281,buy,1.5625,14,47.180520581202636,,0.07765229484683453,0.054225151340415736,0.1719282796925152,0.01082,1792612800,0.31241977,2026-08-29T11:28:04,0.0504,,,Information Technology Services,0.5538039752272652,Hold
PPG,"PPG Industries, Inc.",13.169866,8.67283,7.89675,16.387375,1.5462582,1.79,22.986176753497123,31399106560,222300000,222300000,11.638,1.063,86.938,1.3175,1.055,1.58,2.91,0.0271,0.09454434807017553,-0.015,0.19297001,0.09573,0.14016,0.41202998,114.22,126.2,138.0,115.0,0.10488530905270532,buy,2.17391,20,32.85519013212114,,0.002125634517766503,0.0013936421284043872,0.21484224712916697,0.0010899999,1793131200,0.035404682,2026-08-29T11:28:04,0.0236,,,Specialty Chemicals,0.5538615506723261,Hold
BKU,"BankUnited, Inc.",10.372669,4.47233,3.90322,12.744505,3.1625931,0.27,,5166272000,71232249,71232249,,1.173,,,,,3.01,0.0548,0.10022831933889953,0.067,0.09187999,0.2619,0.37060001,0.0,46.39,50.27273,55.0,42.0,0.08369756413020046,hold,2.54545,11,47.5347822144639,,-0.042885061952718184,-0.020561865175133923,0.17417758275724002,0.00942,1792585800,0.20211673,2026-08-29T11:28:04,0.0393,,,Banks - Regional,0.5539683396586127,Hold
SXI,Standex International Corporati,25.159332,11.862,9.96,34.422146,4.0566907,0.95,21.879566060113795,4059144704,12119465,12119465,21.208,1.053,74.985,2.07,1.736,2.404,4.44,0.073,0.023660070803455335,0.372,0.17218,0.11735,0.1777,0.41726002,298.44,338.4,350.0,310.0,0.13389626055488524,strong_buy,1.4,5,35.14733850052676,,0.0,-0.023301770275833633,0.4686710814571659,0.02271,1793304000,0.49617493,2026-08-29T11:28:04,0.0536,,,Specialty Industrial Machinery,0.5541007305888009,Hold
CHRW,"C.H. Robinson Worldwide, Inc.",20.054087,7.49922,6.24327,28.700382,1.0339334,1.97,36.56385706840068,19478880256,116851258,116851258,20.886,0.946,121.188,1.5550000000000002,1.528,1.582,1.95,0.044899996,0.20565722108015305,0.238,0.37123,0.03726,0.05337,0.08447,150.39,199.84,237.0,91.0,0.3288117561008048,buy,1.8,25,58.264819645804735,,0.01228864949703924,0.007155577401912988,0.42411449346833857,0.00347,1793217600,0.1726278,2026-08-29T11:28:04,0.0471,1.79,-26.93,Integrated Freight & Logistics,0.5541127734405108,Hold
KRG,Kite Realty Group Trust,59.54153,0.43667,,16.25,6.612245,3.14,34.926811875421926,8124533760,200346933,205196521,16.939,0.852,96.238,0.7,0.471,0.929,4.42,0.092700005,0.04807673796533729,0.58,0.10738,0.41806,0.24018,0.73175,26.0,31.0,34.0,28.0,0.1923076923076923,buy,2.33333,10,44.933063507156696,,1.0,-0.17609433962264154,1.5940145254174456,0.007850001,1793795400,0.15088499,2026-08-29T11:28:04,0.0649,5.06,-1.64,REIT - Retail,0.5541237790127115,Hold
VZ,Verizon Communications Inc.,9.487756,5.28049,5.01203,13.046875,1.4986445,0.95,11.91725606413695,401280237568,4154775202,4154775202,7.856,0.231,184.081,0.533,0.462,0.604,3.12,0.0184,0.007709335991170185,-0.22,0.15842,0.11643,0.22999,0.59453,50.1,51.55652,71.0,44.0,0.029072255489021925,buy,2.26923,23,81.21799690554124,,0.001118561529872638,0.005162400516240058,0.2374294447189316,0.0005,1792499400,0.1175673,2026-08-29T11:28:04,0.0184,,,Telecom Services,0.5541862681561246,Hold
STC,Stewart Information Services Co,9.603023,7.28,5.52333,15.297593,0.6521979,3.71,15.788435841657417,2610041344,30522199,30522199,9.126,0.992,46.09,1.8399999999999999,1.833,1.847,4.67,0.043,0.13784134622803546,0.071,0.096140005,0.04118,0.06954,0.61847997,69.91,82.25,91.0,71.0,0.17651265913317138,none,,4,72.13971637224421,,-0.0825033222591362,-0.020627363510028415,0.6054677859028553,0.01964,1792612800,-0.008647561,2026-08-29T11:28:04,0.0368,,,Insurance - Property & Casualty,0.5543547974582448,Hold
ALGM,"Allegro MicroSystems, Inc.",23.844124,1.50016,1.02772,511.0,7.048696,,64.42197174863897,7150516736,186402046,186402046,53.015,1.936,31.472,2.846,1.989,3.703,4.57,0.100600004,0.2656835322504989,,0.015269999,0.01501,0.09824,0.47375,35.77,54.83333,62.0,48.0,0.5329418507128876,strong_buy,1.33333,12,44.81262240426845,,0.0017642873156513408,0.008443129873621877,1.185269726173432,0.3254,1793277000,0.23245907,2026-08-29T11:28:04,0.0791,,,Semiconductors,0.5544255081801802,Hold
UAL,"United Airlines Holdings, Inc.",7.2630224,15.22782,10.2022,10.355804,0.5706879,6.5,39.442285237234756,53510971392,324569728,324569728,7.546,1.292,201.641,0.734,0.688,0.78,5.28,0.0641,0.1672596611351258,-0.172,0.23252001,0.05558,0.05534,0.31816,110.6,161.28261,203.0,95.0,0.45825144665461126,strong_buy,1.36,23,46.67841992646205,,-0.01513849765711426,-0.013382781833819466,0.48448087094307873,0.0058600004,1792612800,0.07365298,2026-08-29T11:28:04,0.0641,,,Airlines,0.5544650616623387,Hold
ACM,AECOM,10.815569,6.39541,4.00115,24.355635,0.578293,0.66,23.43340401350617,11039961088,128696425,128696425,11.849,0.92,138.88,0.9955,0.934,1.057,2.63,0.0502,-0.11700213894830402,,0.16605,0.01871,-0.01844,0.05678,69.17,86.91667,106.0,65.0,0.25656599681943026,strong_buy,1.46154,12,47.35926952716679,,-0.329691813868711,-0.047997499199892865,0.657025755521356,0.00489,1794945600,-0.4698255,2026-08-29T11:28:04,0.04,,,Engineering & Construction,0.5545347501051487,Hold
KLAC,KLA Corporation,26.298758,6.67484,5.4493,47.961746,16.88955,1.75,87.38562751071834,230600523776,1306546783,1306546783,38.086,1.458,96.88,2.3585,1.841,2.876,2.17,0.0216,0.16598681334780796,0.138,0.87496,0.35574,0.42486,0.61301,175.54,234.34615,325.0,175.0,0.33500142417682577,buy,1.86207,26,41.271243614320035,,0.05325313407218711,0.06329420423065822,0.25694286538507827,0.0012899999,1793217600,1.171324,2026-08-29T11:28:04,0.0194,,,Semiconductor Equipment & Materials,0.5546005538416077,Hold
HIW,"Highwoods Properties, Inc.",44.5,0.7,0.59,20.629139,4.1710033,7.77,12.921941872225544,7091790336,110306211,112323459,14.693,1.075,132.648,0.935,0.82,1.05,8.63,0.1732,0.08883669297642727,4.002,0.06815,0.20107001,0.26328,0.67342,31.15,31.44444,35.0,26.0,0.009452327447833087,hold,2.8,9,52.86124633293452,17.96666811035915,,,0.19354838709677422,0.013099999,1793131200,0.003517747,2026-08-29T11:28:04,0.112,,,REIT - Office,0.5547289390000181,Hold
BKV,BKV Corporation,13.169838,1.83981,1.64781,8.6845875,2.5259182,,-3.7996062878757173,3834932480,109437830,109437830,6.741,,53.294,0.905,0.662,1.148,7.03,0.1392,-0.05999477189926017,-0.472,0.14052,0.25455,0.39456,0.5404,24.23,34.09091,39.0,28.0,0.40697111019397436,strong_buy,1.09091,11,33.30949222907161,,0.11435643229571724,-0.019870971866326487,1.082839116737525,0.66178,1794313800,0.04646206,2026-08-29T11:28:04,0.1913,,,Oil & Gas E&P,0.5548441981677009,Hold
TOL,"Toll Brothers, Inc.",10.388404,14.07531,12.90975,11.7824335,1.2553215,1.02,,15224407040,92368000,92368000,9.064,1.34,32.377,2.473,0.524,4.422,4.27,0.0495,-0.05607719123505972,-0.204,0.14393,0.111379996,0.1455,0.24827999,146.22,171.26666,195.0,122.0,0.17129435097797852,buy,1.77778,15,42.03957487615628,,-0.0005865897286494388,-0.007689561692155943,0.13448601424464707,0.00741,1787083200,0.04953718,2026-08-29T11:28:04,0.0393,,,Residential Construction,0.555062124982855,Hold
HCA,"HCA Healthcare, Inc.",13.012628,32.10881,29.49127,14.011402,1.1595331,1.4,24.198939176421174,144642736128,216501500,216501500,9.185,1.109,,0.884,0.775,0.993,3.86,0.0435,0.2078620148128303,0.116,,0.08768,0.15161,0.42580003,417.82,451.4762,579.0,380.0,0.08055191230673509,buy,2.0,21,38.2423027438063,,-0.014365777205457909,-0.01916801837715324,0.1976791945948806,0.16611,1792758600,0.0325011,2026-08-29T11:28:04,0.0425,,,Medical Care Facilities,0.5552309075774816,Hold
ZION,Zions Bancorporation N.A.,9.971489,6.79738,6.56584,8.634395,2.6831348,4.42,,9922718720,145953355,145953355,,0.781,,,,,3.4,0.044099998,0.3672811208485067,0.871,0.16404,0.3176,0.52116,0.0,67.78,74.95238,85.0,68.0,0.10581853053998236,hold,2.59091,21,53.124519918674004,,-0.007755561148233885,0.001394929504667884,0.14547833207923921,0.0126600005,1792440000,0.18516576,2026-08-29T11:28:04,0.0382,,,Banks - Regional,0.5552980402010829,Hold
TENB,"Tenable Holdings, Inc.",17.24343,2.1846,1.98348,627.8333,3.9758677,1.25,16.157286775703344,4266819072,110139983,110139983,79.445,0.938,212.482,0.7175,0.649,0.786,2.99,0.1118,0.20462798691370798,,0.02456,0.0064600003,0.04849,0.78051,37.67,35.35,50.0,23.0,-0.061587470135386235,buy,2.3913,20,70.16811360724697,,0.013204742469210181,0.005981737052233265,0.5036946679289541,0.014939999,1793217600,0.23384714,2026-08-29T11:28:04,0.0968,,,Software - Infrastructure,0.5555125666951612,Hold
QCOM,QUALCOMM Incorporated,16.093983,10.20195,10.52302,18.764572,3.9793246,0.71,17.123800604680923,179403915264,1068060487,1068060487,14.952,1.663,55.21,1.5765,1.137,2.016,2.79,0.0348,-0.030167229246071736,-0.23,0.33754003,0.21013,0.18528,0.54226,164.19,193.1,400.0,100.0,0.17607649674157977,hold,2.56757,30,48.754364356532605,,-0.02690591253174133,-0.07617391776802819,0.35403755470356235,0.00122,1793304000,0.037788153,2026-08-29T11:28:04,0.0317,,,Semiconductors,0.5559431854661043,Hold
GGG,Graco Inc.,22.602623,3.508,3.29667,24.933962,5.66393,2.56,23.929857800574222,12385955840,161953824,161953824,16.852,0.916,2.07,2.51,2.028,2.992,4.58,0.053000003,0.06603460462903299,0.145,0.21240999,0.23533002,0.29729,0.52642,79.29,91.28571,100.0,84.0,0.15128906545592113,hold,2.63636,7,14.039809135156204,,0.06188336473885106,0.0408440331153447,0.062058776538307873,0.0075499997,1792612800,-0.05819732,2026-08-29T11:28:04,0.0418,,,Specialty Industrial Machinery,0.5559798806630192,Hold
TDY,Teledyne Technologies Incorpora,23.271791,26.72592,24.7178,30.089987,4.5229945,1.4,31.589969164576928,30518274048,46355673,46355673,19.165,0.92,18.565,1.671,1.161,2.181,2.42,0.0253,0.11062076479830218,0.212,0.09154,0.15292,0.20198,0.43339002,621.96,757.25,877.0,640.0,0.2175220271400089,buy,1.75,12,24.40962222833798,,0.023987551975514887,0.02927904421491913,0.061632372725726324,0.00841,1792585800,0.164693,2026-08-29T11:28:04,0.022,,,Scientific & Technical Instruments,0.5560198825002767,Hold
SYK,Stryker Corporation,19.736877,16.75493,15.01589,34.23292,4.9093847,1.56,30.88007648293188,138813767680,383573046,383573046,18.82,0.771,64.391,1.6185,1.08,2.157,2.91,0.0189,0.0903890956717539,0.441,0.16508,0.14433,0.27015,0.65588,330.69,382.72,465.0,315.0,0.15733768786476765,buy,1.67857,25,28.80131175478151,,0.002267399639031583,0.0021856171557190756,0.13349959399573547,0.053639997,1793304000,-0.17392421,2026-08-29T11:28:04,0.0199,,,Medical Devices,0.5562502135328541,Hold
GRBK,"Green Brick Partners, Inc.",11.295839,6.49,6.195,11.040663,1.6011394,1.15,453.1475747493982,3434379008,43010696,43010696,9.108,1.802,14.244,3.7525,0.454,7.051,0.03,0.00029999999,-0.06756421937464108,-0.081,0.16383,0.14794,0.19545001,0.30501,73.31,62.0,62.0,62.0,-0.1542763606602101,none,,1,67.9981658161993,,0.07739130434782614,0.04089815557337608,0.1622491973215106,0.08399,1793217600,0.042239428,2026-08-29T11:28:04,0.0002,,,Residential Construction,0.5565420287874284,Hold
DHI,"D.R. Horton, Inc.",12.5258465,11.76687,10.44157,14.050525,1.236137,1.27,17.078242842493985,46325604352,279701267,279701267,11.224,1.375,29.451,3.217,0.423,6.011,3.78,0.0458,0.06586574740113704,-0.048,0.12632,0.09154,0.1299,0.21298,147.39,162.91667,206.0,125.0,0.10534412103941948,hold,2.61111,12,62.34895613761271,,0.0,0.0,0.14424042540723037,0.103999995,1793277000,-0.14683425,2026-08-29T11:28:04,0.0389,,,Residential Construction,0.5568745932573012,Hold
TAP,Molson Coors Beverage Company,8.440193,4.91221,4.75383,-3.624125874125874,0.6974674,3.92,8.266570432117172,13805179904,174117990,186453933,6.099,0.427,76.03,0.7565,0.634,0.879,9.39,0.2498,0.09921156337722481,-0.423,-0.19466,-0.20808001,0.11297,0.37013,41.46,45.47619,61.0,34.0,0.09686903039073802,hold,2.7619,21,44.48100225217967,,0.0025327827711722666,-0.013410377225857504,1.3859371527311064,0.1278,1793709000,-0.17094529,2026-08-29T11:28:04,0.173,,,Beverages - Brewers,0.5568954888084844,Hold
USB,U.S. Bancorp,10.788231,5.79057,5.23763,12.469062,3.5625153,2.09,,133810413568,1558051446,1558051446,,0.977,,,,,0.01,0.0,0.10398476983795324,0.216,0.12623,0.29896,0.39646998,0.0,62.47,70.31818,77.0,65.0,0.1256311829678245,buy,1.86957,22,42.40119870545073,,8.01953711995675e-05,0.0012882319578358243,0.14708574194850144,0.00124,1792067400,0.2860676,2026-08-29T11:28:04,0.0,,,Banks - Regional,0.557062292045042,Hold
UNP,Union Pacific Corporation,21.71746,14.15497,13.05258,24.911669,7.1871214,3.43,38.68553954544444,211834208256,594075498,594075498,16.442,0.965,150.772,0.871,0.756,0.986,8.46,0.048600003,0.12138222593384929,0.066,0.39696,0.28847,0.40982,0.56285,307.41,329.25,375.0,245.0,0.07104518395627979,buy,1.8,24,76.42662078724197,,0.0298901036472208,0.025943264601149745,0.05612886223310399,0.00071000005,1792672200,0.38596332,2026-08-29T11:28:04,0.0438,,,Railroads,0.5573094934578385,Hold
KBH,KB Home,12.369227,4.4352,3.3008,13.347932,0.6110591,5.97,10.61629431781878,5162305536,61309728,61309728,12.486,1.344,52.641,3.0909999999999997,0.547,5.635,7.67,0.2032,-0.19307266540148416,-0.712,0.06989,0.049439996,0.036310002,0.17731,54.86,58.66667,77.0,43.0,0.0693888078745899,hold,3.13333,12,36.097115015110106,,0.0,0.0,0.17379113929766277,0.043709997,1790280000,-0.1389457,2026-08-29T11:28:04,0.1293,7.37,2.17,Residential Construction,0.5574493313508063,Hold
VSTS,Vestis Corporation,16.057436,0.77721,0.61259,-249.6,0.6116665,,23.848483698755256,2930540032,132160105,132160105,11.636,1.142,152.545,1.3439999999999999,0.522,2.166,5.01,0.089099996,-0.020378502271922394,,-0.00602,-0.00196,0.058709998,0.26297,12.48,13.0,17.0,9.3,0.04166666666666674,hold,3.0,7,25.385192165580747,,0.26281179138322,0.16444677503932875,1.1028063520568785,0.16448,1795118400,1.8333333,2026-08-29T11:28:04,0.0795,,,Rental & Leasing Services,0.5575416572770093,Hold
RBC,RBC Bearings Incorporated,30.099825,16.63199,14.65522,49.419544,8.109523,1.64,55.95745828913956,16557181952,31659245,31659245,26.979,1.414,25.364,1.7254999999999998,0.921,2.53,1.95,0.015,0.1883612259231071,0.475,0.09747,0.16404,0.2718,0.45953,500.62,634.5,686.0,500.0,0.26742838879789055,buy,1.75,8,30.25866767651617,,0.014732967559498286,0.014902576738628779,0.25221676610544497,0.01623,1793363400,0.3128369,2026-08-29T11:28:04,0.0159,,,Tools & Accessories,0.5577100441339851,Hold
ITT,ITT Inc.,21.134247,9.60479,8.25401,39.880157,,2.05,,21843730432,,,23.31,1.277,79.73,1.0165,0.77,1.263,6.8,0.082600005,0.515,-0.375,0.11569,0.08896,0.123959996,0.3498,202.99,256.15384,285.0,175.0,0.2619037391004482,strong_buy,1.35714,13,52.071517913617896,,0.04278522112098632,0.03802799548683009,0.1693044792495787,0.00521,1793104200,0.22938216,2026-08-29T11:28:04,0.0746,,,Specialty Industrial Machinery,0.5577766291440702,Hold
PFSI,"PennyMac Financial Services, In",6.5872216,11.13975,7.14819,10.093534,1.1441799,,,27234158592,51951572,51951572,,1.442,549.403,0.6995,0.467,0.932,4.28,0.0962,0.013266355058514812,-0.839,0.09377,0.11777,0.04483,0.86019,73.38,90.57143,100.0,78.0,0.23427950395203068,buy,2.125,7,50.57843744670809,,-0.26307319587628863,-0.14664610604500672,0.44961220889154424,0.34561002,1792526400,-0.32690018,2026-08-29T11:28:04,0.1032,,,Mortgage Finance,0.5579886408087706,Hold
LGIH,"LGI Homes, Inc.",16.812864,3.42,2.92,20.17544,0.7943768,,6.416957111903553,2849349120,23248272,23248272,38.976,1.841,74.344,16.950499999999998,0.869,33.032,9.09,0.20729999,0.06410302236656551,-0.146,0.03159,0.03932,0.0572,0.19646,57.5,93.0,93.0,93.0,0.6173913043478261,none,,1,59.48992194531161,,-0.1411764705882353,-0.14070351758793972,0.5171766190855869,0.12599,1793709000,-0.05801654,2026-08-29T11:28:04,0.1492,10.17,1.86,Residential Construction,0.5580461633904764,Hold
STE,STERIS plc (Ireland),19.088585,12.24711,11.17167,28.57946,3.7753336,1.97,28.532539265629442,24370276352,97500110,97500110,14.855,0.914,28.312,1.5354999999999999,1.165,1.906,3.07,0.0238,0.08390045713794558,0.14,0.11389,0.13333,0.19153,0.44422,233.78,263.125,280.0,232.0,0.12552399692018135,buy,1.88889,8,52.28474476049751,,0.0012699977593546956,0.005509852216748733,0.6270345761621848,0.00307,1793822400,-0.03739363,2026-08-29T11:28:04,0.0239,,,Medical Devices,0.5581707747508174,Hold
LNTH,"Lantheus Holdings, Inc.",15.934711,6.32393,5.6,24.107656,4.2263327,,14.5630658377172,6589575168,65272369,65272369,16.8,-0.031,47.642,2.941,2.822,3.06,2.94,0.104399994,0.06982547852675602,-0.009,0.22215,0.1769,0.25817,0.60143,100.77,107.04,115.0,102.5,0.062220899077106484,hold,2.54545,10,30.783126841259843,,0.04336485164656003,-0.003885896103077909,0.6064102562486368,0.020769998,1793881800,0.81714594,2026-08-29T11:28:04,0.0876,,,Drug Manufacturers - Specialty & Generic,0.5582070750711308,Hold
MAS,Masco Corporation,15.718446,4.66013,4.5319,16.87788,1.8955353,1.89,16.100296927186708,17545273344,197187430,197187430,11.635,1.296,,1.5065,1.148,1.865,2.65,0.0434,0.03873092721985372,0.245,58.625,0.11614,0.23645,0.37205002,73.25,80.61111,96.0,68.0,0.10049296928327633,buy,2.47619,18,30.182517708947387,,0.059498760929536675,-0.011041645444976452,0.04311603501977647,0.0023100001,1793277000,0.005664587,2026-08-29T11:28:04,0.0375,,,Building Products & Equipment,0.5583099850370422,Hold
PYPL,"PayPal Holdings, Inc.",9.258348,5.79585,5.38671,10.143667,1.3450549,1.14,10.378190041435754,55550181376,855460874,855460874,8.604,1.298,71.751,0.7695000000000001,0.251,1.288,2.0,0.044099998,0.17606781394422955,-0.031,0.24497,0.14364,0.16966,0.40477002,53.66,60.20424,147.39,36.0,0.12195751024972057,hold,2.88372,33,51.30510785942276,,0.013852527051011533,0.008106744602752075,0.3548877302453107,0.0070499997,1793104200,-0.1242342,2026-08-29T11:28:04,0.0395,,,Credit Services,0.5585212877694754,Hold
ALNY,"Alnylam Pharmaceuticals, Inc.",18.836613,12.58719,8.91542,41.234783,6.6038594,0.46,116.83599555867607,31333226496,133809118,133809118,29.713,0.279,220.623,2.923,2.791,3.055,2.29,0.0475,0.6263284240465588,,0.96555,0.16126,0.17928,0.79654,237.1,370.2,536.0,230.0,0.5613665120202447,buy,1.67857,26,60.309268034767214,,-0.053921292931008086,-0.06346079012746182,1.1063773764678022,0.00184,1793277000,-0.470783,2026-08-29T11:28:04,0.0358,,,Biotechnology,0.5585238293873568,Hold
CXM,"Sprinklr, Inc.",14.999172,0.54403,0.49023,68.0,2.193931,0.7,14.6838209679398,1460794368,133099276,234228762,25.638,0.607,8.972,1.3399999999999999,1.246,1.434,3.18,0.082399994,1.0769382997996173,,0.05079,0.03289,0.04536,0.66342,8.16,7.875,12.0,6.0,-0.03492647058823528,none,,8,86.09141957131109,,0.01933753352878792,0.0048948982230596644,1.1658337111123414,0.077649996,1788352200,-0.0767442,2026-08-29T11:28:04,0.0809,,,Software - Application,0.5585297731114972,Hold
SBRA,"Sabra Health Care REIT, Inc.",26.536367,0.77667,0.67,79.26923,6.0954595,5.28,33.94208469039248,7676809216,255462756,255462756,20.795,0.643,95.672,3.4115,3.249,3.574,8.01,0.1325,0.1761376910848016,,0.02388,0.07576,-0.12527001,0.50268,20.61,22.57143,25.0,19.0,0.09516885007278031,buy,2.3125,14,50.628577604550046,,0.0,0.04485221906824684,1.148950648548622,0.01396,1793822400,0.0747664,2026-08-29T11:28:04,0.0983,,,REIT - Healthcare Facilities,0.5586260126446748,Hold
CPRT,"Copart, Inc.",19.688236,1.67562,1.582,20.490685,6.584048,4.0,30.543220219495574,26240169984,925811482,925811482,13.379,1.014,1.059,7.4510000000000005,7.289,7.613,3.99,0.060599998,0.06542310611783919,0.023,0.17607,0.33481997,0.37530997,0.47522998,32.99,40.2,55.0,25.0,0.21855107608366175,buy,2.23077,10,68.61156353277634,,-0.0014076238929953064,-0.004343615004783281,0.14401645996461915,0.09012,1788465600,-0.32425743,2026-08-29T11:28:04,0.0533,,,Specialty Business Services,0.5586309606423432,Hold
MDLZ,"Mondelez International, Inc.",18.54931,3.36185,3.04862,22.842491,2.0060637,1.04,35.336287526965314,99986571264,1276308057,1276308057,16.445,0.404,82.643,0.45499999999999996,0.311,0.599,2.98,0.0239,0.056098940451960067,1.449,0.13340001,0.08862001,0.21978001,0.31146,62.36,69.13043,77.0,55.0,0.10857007697241827,buy,1.95833,23,54.854460182663125,,0.0005612243223462788,-0.0028356088402181913,0.3397348011080675,0.0023700001,1793131200,0.010357618,2026-08-29T11:28:04,0.0214,,,Confectioners,0.5587006244079477,Hold
MAX,"MediaAlpha, Inc.",7.682558,1.67262,1.50141,7.932099,0.5559096,,27.443992700715803,785509696,52975711,52975711,9.018,1.165,,1.2650000000000001,1.242,1.288,2.87,0.0949,0.5593803922707141,,,0.079390004,0.06352,0.14706999,12.85,15.42857,19.0,11.0,0.2006669260700389,buy,2.0,7,24.90768842717425,,0.16388372093023246,0.0791096774193548,1.1854979567276382,0.42200002,1793217600,0.16821563,2026-08-29T11:28:04,0.0671,,,Internet Content & Information,0.558706453551518,Hold
ROAD,"Construction Partners, Inc.",28.339767,3.885,3.10833,43.17647,1.796696,1.57,119.15614263376683,8309736960,48206437,56755555,16.386,0.901,181.754,1.393,1.22,1.566,2.65,0.0725,0.4916578091013033,0.342,0.15048,0.04098,0.10667,0.15759,110.1,142.57143,165.0,130.0,0.2949267029972753,none,,7,38.79700828022494,,0.0407343295375786,0.03278597006116957,0.5360179347162263,0.01344,1795091400,-0.030090451,2026-08-29T11:28:04,0.0968,2.82,72.11,Engineering & Construction,0.5587090649847305,Hold
WKC,World Kinect Corporation,13.847657,2.56,3.6,-11.182965299684543,0.043488137,1.32,15.620328334391615,2432824832,51151620,51151620,6.971,1.195,58.819,0.915,0.772,1.058,5.53,0.22780001,0.6638931846146809,,-0.12264,-0.0043,0.00753,0.026889998,35.45,37.66667,42.0,30.0,0.06252947813822285,none,,3,35.70918418160994,,0.2887843541579405,0.05205623569347348,1.6603549832979856,0.04034,1792699200,0.3249538,2026-08-29T11:28:04,0.1584,,,Oil & Gas Refining & Marketing,0.5587128000599032,Hold
ROKU,"Roku, Inc.",40.192455,3.923,2.99,66.81145,4.4925065,0.91,27.974301527328134,21107380224,132050905,148418969,36.455,2.044,16.792,2.7595,2.653,2.866,3.97,0.0908,0.36005503901696123,14.429,0.13122,0.06819,0.12172,0.45504,157.675,162.3265,205.0,150.0,0.029500554938956647,hold,2.51852,20,65.77131417365678,,0.2259625240887287,0.06452260652009917,1.00633809820185,0.0062800003,1793908800,0.6299813,2026-08-29T11:28:04,0.0797,,,Entertainment,0.5588127962698335,Hold
WDFC,WD-40 Company,33.257275,6.53,6.224,33.054794,4.320036,3.76,42.47505479995365,2993423360,13421096,13421096,23.652,0.27,41.048,2.2435,1.833,2.654,4.25,0.0539,0.2545124630656095,0.455,0.33306,0.13225001,0.20673001,0.55821997,217.17,271.66666,305.0,245.0,0.250940093014689,none,,3,35.97200451043311,,0.039065108514190316,0.02511773940345371,0.16344617134030603,0.00799,1792612800,0.02500236,2026-08-29T11:28:04,0.0388,,,Specialty Chemicals,0.5588717634244328,Hold
FCX,"Freeport-McMoRan, Inc.",18.489407,4.1348,3.00143,37.47549,4.2439904,6.55,50.84336866016881,128175538176,1436017523,1436017523,13.416,1.379,32.149,1.4304999999999999,0.795,2.066,1.93,0.0182,-0.07315979516219318,0.281,0.14755,0.113850005,0.33404,0.38275,76.45,72.04545,83.0,30.0,-0.057613472858077164,buy,1.69565,22,67.3076003214175,,0.08392830702448156,0.027807691924177678,0.32239862567105115,0.00716,1792672200,0.7449933,2026-08-29T11:28:04,0.0182,,,Copper,0.5590520980703232,Hold
MCB,Metropolitan Bank Holding Corp.,8.043274,11.41202,9.44406,11.737851,3.6472585,,,930786048,12397778,12397778,,0.979,,,,,3.77,0.0493,-0.04173183291393012,-0.125,0.10245,0.27763999,0.3661,0.0,91.79,106.0,110.0,100.0,0.15480989214511376,none,,3,45.504090554742426,,-0.09177583431265247,-0.03602320568181054,0.11732023560848148,0.049089998,1792699200,0.16080022,2026-08-29T11:28:04,0.0514,,,Banks - Regional,0.5591151270044252,Hold
CFR,"Cullen/Frost Bankers, Inc.",13.808695,11.70929,10.98377,15.268178,4.437617,3.6,,9091912704,62148785,62148785,,0.519,,,,,0.04,0.0004,0.09751883162317632,0.128,0.15498,0.30192,0.37236,0.0,161.69,170.2143,195.0,141.0,0.052720019790958084,hold,2.8,14,45.433226750712514,,0.026978381951580224,0.05490999837834909,0.055820416467801094,0.06143,1793277000,0.2459662,2026-08-29T11:28:04,0.0004,,,Banks - Regional,0.5591483163500209,Hold
PII,Polaris Inc.,18.777546,3.39661,3.13694,-13.865217391304348,0.4827939,3.34,13.097461652832912,5391306752,56903524,56903524,10.956,1.285,244.899,0.7635,0.327,1.2,4.71,0.1148,0.07450649980834245,,-0.25571,-0.03464,0.071729995,0.21948,63.78,72.73333,85.0,46.0,0.14037833176544368,hold,2.77778,15,36.181989427862696,,0.7198984599020786,0.09083172221544222,1.1702168160627986,0.063379996,1793044800,0.12471378,2026-08-29T11:28:04,0.075,,,Recreational Vehicles,0.5594760936727323,Hold
WSM,"Williams-Sonoma, Inc.",22.426367,10.48275,9.50376,24.111795,3.458531,3.06,25.891503167047624,28577523712,117768000,117768000,17.219,1.47,71.369,1.033,0.619,1.447,6.03,0.045500003,0.11438477345289044,0.42,0.54960996,0.14729,0.17272,0.45692003,235.09,241.05263,280.0,138.0,0.025363180058700863,buy,2.21739,19,34.79683936009641,,0.04291299587065438,0.022824975010932825,0.0882741265198265,0.01118,1795005000,0.24192536,2026-08-29T11:28:04,0.0483,6.61,-11.56,Specialty Retail,0.559522928911711,Hold
SVV,"Savers Value Village, Inc.",17.325312,0.61009,0.49578,70.46666,0.9292457,,43.1753081122671,2963734784,153234555,153234555,12.61,1.22,323.457,0.6625,0.484,0.841,3.88,0.17790002,0.09027068992369269,0.167,0.05718,0.01424,0.09961,0.55712,10.57,14.55,20.0,11.0,0.3765373699148533,none,,10,37.06806657831038,,0.026225911283144658,0.036686491079014436,0.6073095494650984,0.0030399999,1793908800,-0.16028708,2026-08-29T11:28:04,0.1281,10.69,2.64,Specialty Retail,0.5598216291379033,Hold
ROST,"Ross Stores, Inc.",25.613697,8.92296,8.34595,27.602657,2.990989,2.81,34.00041695456952,73058394112,320781076,320781076,18.685,0.877,70.281,1.2705000000000002,0.929,1.612,4.46,0.0339,0.16144290217419188,0.705,0.42628,0.10848,0.17616,0.34175,228.55,269.94443,310.0,176.0,0.18111761102603374,buy,1.75,18,31.5325833884028,,0.09249137695501657,0.034696202694019684,0.1741208341234791,0.02128,1795118400,0.5198016,2026-08-29T11:28:04,0.0301,,,Apparel Retail,0.5600021860628192,Hold
PRIM,Primoris Services Corporation,14.036786,5.20917,2.14053,28.674511,0.54462004,1.22,49.49312147713805,5205989376,54254935,54254935,16.183,1.468,79.63,1.1185,1.056,1.181,3.25,0.115,-0.11098538040825223,,0.08889,0.01916,-0.01564,0.08619001,73.12,119.78571,165.0,85.0,0.6382071936542668,none,,14,54.482801227543575,,-0.013253245316418374,-0.035163788983926685,0.37670601812210575,0.011619999,1793649600,-0.3362069,2026-08-29T11:28:04,0.0844,3.11,50.24,Engineering & Construction,0.5600436646045016,Hold
AKR,Acadia Realty Trust,62.787872,0.33,0.435,59.2,7.275925,4.7,16.092474379177855,4856774144,137332722,145795915,20.024,1.125,63.176,0.8355,0.426,1.245,11.84,0.27879998,0.14211923943370164,4.001,0.057150003,0.13208,0.29906,0.70607,20.72,24.75,26.0,23.0,0.19449806949806958,strong_buy,1.28571,8,57.98355837190324,,0.10126582278481007,0.17857142857142852,1.2819497627479344,0.00488,1793131200,0.053958654,2026-08-29T11:28:04,0.1223,,,REIT - Retail,0.5600675789816353,Hold
JACK,Jack In The Box Inc.,5.0631094,3.19764,3.10619,-2.855379188712522,0.21751398,0.89,-33.40739406654294,2740254464,19179330,19179330,12.349,1.404,,0.4915,0.404,0.579,6.85,0.32259998,-0.03319797928290513,-0.1,,0.023610001,0.14926,0.26692,16.19,20.0,36.0,12.0,0.23533045089561444,hold,2.58824,13,60.70083553109666,,-0.08431671388269009,-0.12517817131257208,1.1774254379357225,0.090229996,1795636800,-0.1510945,2026-08-29T11:28:04,0.4943,,,Restaurants,0.5600851273385398,Hold
ES,Eversource Energy (D/B/A),14.408711,4.91647,4.65312,18.4,1.9061956,2.62,32.863187339125346,54857809920,376674754,376674754,11.121,0.702,180.7,0.6315000000000001,0.463,0.8,4.52,0.0355,0.007900447673750755,-0.854,0.09016,0.10354,0.23923,0.52752,70.84,73.58333,85.0,52.0,0.03872571993224172,hold,2.75,12,56.11366170207042,,0.00013326168726502074,0.001542158450661086,0.8684096188961493,0.0016699999,1793822400,0.113343835,2026-08-29T11:28:04,0.027,,,Utilities - Regulated Electric,0.5600852449247417,Hold
UGI,UGI Corporation,11.671431,3.25667,2.79667,12.627907,1.1174551,48.82,-34.50985325714286,14734953472,214494967,214494967,8.468,0.949,134.987,1.135,0.831,1.439,7.74,0.0648,-0.045240313913752606,,0.13279,0.09197,-0.02479,0.51343,38.01,41.33333,42.0,40.0,0.08743304393580642,buy,1.66667,3,78.27740041434316,,-0.006511545293072731,-0.022998022998022984,1.2997404250204714,0.0011100001,1795032000,0.11620438,2026-08-29T11:28:04,0.0501,,,Utilities - Regulated Gas,0.56012294811592,Hold
RS,"Reliance, Inc.",16.748016,23.14244,23.14854,22.534302,1.2519603,2.29,57.28455805424069,21767059456,51054555,51054555,14.051,0.967,26.921,3.2154999999999996,2.134,4.297,2.92,0.0257,0.3031186933271677,0.423,0.12229,0.056550004,0.09538,0.28285,387.59,408.625,425.0,391.0,0.05427126602853538,hold,2.625,8,48.21040028809599,,0.011913796118202454,0.04959041263511947,0.3560612688207374,0.00456,1792612800,0.34893417,2026-08-29T11:28:04,0.019,,,Steel,0.5601640452791642,Hold
PSA,Public Storage,30.812279,10.17484,9.88354,29.88656,11.922885,4.7,25.081676651540022,69019107328,186745748,186745748,20.084,0.945,109.632,0.175,0.13,0.22,4.4,0.0372,-0.029588447368558146,0.451,0.21929,0.41632998,0.45703998,0.7442,313.51,337.17648,374.0,285.0,0.0754887563395108,hold,2.52381,17,38.79463913419566,,0.003327662028107547,0.02793916929085734,0.4936615493372903,0.09559,1793217600,0.079880595,2026-08-29T11:28:04,0.0337,,,REIT - Industrial,0.5602914294985882,Hold
FITB,Fifth Third Bancorp,11.041804,4.93941,4.08542,18.363636,4.8996453,2.09,,68155056128,906892564,906892564,,0.923,,,,,0.0,0.0,0.11764485069479513,-0.057,0.08438,0.23239,0.39078,0.0,54.54,62.9,70.0,55.0,0.15328199486615324,buy,1.7619,20,47.457652970194886,,-0.0040256080616047785,0.002602427019339867,0.051448297178025335,0.0035499998,1792413000,0.20364273,2026-08-29T11:28:04,0.0,,,Banks - Regional,0.5604753418266173,Hold
TRN,"Trinity Industries, Inc.",13.155057,2.225,2.225,6.919622,1.1417577,0.69,-6.9599347182777365,7548556288,79669486,79669486,12.211,1.354,468.386,1.5625,0.957,2.168,5.45,0.0883,-0.018629867901997055,6.195,0.30156,0.16618,0.12121,0.26239002,29.27,34.0,34.0,34.0,0.16159890673044064,none,,2,42.55614718834825,,-0.04301075268817208,-0.06315789473684207,0.5983868678703179,0.01234,1793277000,0.036568165,2026-08-29T11:28:04,0.0535,,,Railroads,0.5604870018897447,Hold
BWIN,"The Baldwin Insurance Group, In",12.376207,2.47895,2.01216,-29.21904761904762,1.7095958,,11.674025991825264,5889800192,96838572,96838572,50.505,1.023,180.472,0.9435,0.814,1.073,9.92,0.1466,-0.05095460102406302,,-0.10662,-0.04675,0.02002,0.31261998,30.68,32.22222,38.0,26.0,0.05026792698826599,buy,1.8,9,59.68943343257317,,-0.002315514941765023,-0.00924430873513223,0.6391799466732581,0.02468,1793736000,-0.046173334,2026-08-29T11:28:04,0.164,,,Insurance Brokers,0.5605516994171446,Hold
EBAY,eBay Inc.,15.687172,6.73289,6.12668,22.189075,3.9141324,1.62,29.75446753133098,49341149184,445000000,445000000,15.937,1.355,153.012,0.967,0.915,1.019,3.64,0.0356,0.17895730337078652,0.55,0.46611,0.18571,0.2157,0.72052,105.62,116.14815,145.0,67.0,0.0996795114561635,hold,2.5625,27,62.172870700616194,,0.0011536664041231425,-0.0007850784633238609,0.8691108682869931,0.1004,1793822400,0.13772392,2026-08-29T11:28:04,0.0395,,,Internet Retail,0.5605885892622001,Hold
CTAS,Cintas Corporation,33.39565,6.11397,5.48887,41.499996,7.253294,3.25,55.794344093722664,84123557888,400169561,400169561,28.088,0.918,52.646,1.06,0.686,1.434,4.19,0.0346,0.09664269186131325,0.156,0.40714002,0.17754,0.23688,0.50668997,204.18,216.3125,250.0,175.0,0.059420609266333635,buy,2.2,16,56.44749565378828,,0.0,0.001011836516128672,0.17702334771281417,0.14975001,1790166600,-0.0066176653,2026-08-29T11:28:04,0.0303,,,Specialty Business Services,0.5608062878947815,Hold
PPC,Pilgrim's Pride Corporation,10.965398,2.89,2.48714,13.8384285,0.40928847,0.61,14.83831436565321,10283332608,238108524,238108524,5.804,0.266,82.717,0.9295,0.504,1.355,4.96,0.0323,-0.03202304602921324,-0.962,0.1452,0.029590001,0.01619,0.09739,31.69,33.64286,42.0,28.0,0.061623856106027164,hold,2.625,7,77.97113650150308,,-0.10580528720837833,-0.08502898463545211,0.4471646073978367,0.82171,1793217600,-0.3030914,2026-08-29T11:28:04,0.181,,,Packaged Foods,0.5608748644979946,Hold
PRKS,United Parks & Resorts Inc.,9.322807,4.55764,3.21,16.928288,1.1697257,,19.85350818319548,4314135040,45341309,45341309,8.413,1.157,,0.356,0.234,0.478,8.95,0.3438,0.19548287412699095,-0.076,,0.081099994,0.24239999,0.46013,42.49,47.8,55.0,40.0,0.12497058131325,none,,10,33.84053036439735,,-0.2536636743462582,-0.03238722854067452,0.12317979955666676,0.02263,1793881800,-0.1935851,2026-08-29T11:28:04,0.3469,,,Leisure,0.5609379659449454,Hold
VAL,Valaris Limited,11.843066,7.28612,3.6529,6.5075417,2.802833,,75.15354029476325,6613015552,69435807,69435807,15.567,0.932,36.22,1.4184999999999999,1.29,1.547,5.58,0.111,-0.07939880206188155,-0.553,0.33619,0.43954,0.09792,0.24784,86.29,69.05,99.0,45.0,-0.19979140108935,hold,3.11111,8,55.08876513054744,,-0.07145452553018465,-0.018445721197459915,0.6560939057562784,0.12031999,1793217600,0.7390597,2026-08-29T11:28:04,0.0968,,,Oil & Gas Drilling,0.5610318572802966,Hold
RSI,"Rush Street Interactive, Inc.",31.411682,0.84077,0.62,85.19355,4.7189775,,50.74708993643401,2867236864,115626347,244247026,15.961,1.525,1.519,2.019,1.922,2.116,2.57,0.065799996,1.8902090282243376,-0.187,0.30279,0.02335,0.1174,0.34967998,26.41,36.0,40.0,30.0,0.36312003029155626,strong_buy,1.36364,11,60.30835665279876,65.97645516757964,0.05156037991858884,0.025679500317181494,1.2964991899732763,0.03082,1793217600,0.2248714,2026-08-29T11:28:04,0.0646,,,Gambling,0.5610843193196701,Hold
DIS,Walt Disney Company (The),14.522036,7.44386,6.89406,22.28866,1.8880534,2.76,38.40338441701816,234320855040,1726686902,1726686902,11.178,1.395,39.404,0.6355,0.562,0.709,1.7,0.011,0.1120656678914218,-0.483,0.0801,0.086990006,0.19301,0.37595,108.1,127.84312,160.0,88.0,0.18263755781683622,strong_buy,1.42424,32,62.90614746764988,,0.012660347509573379,-0.0030989687960358532,0.8081421631565041,0.00063,1794486600,-0.09681237,2026-08-29T11:28:04,0.011,,,Entertainment,0.561131024458028,Hold
RRC,Range Resources Corporation,10.429873,3.97512,4.12059,11.453039,2.9625862,1.05,21.31728820170666,10704164864,233679515,233679515,6.59,0.433,21.589,0.5495,0.45,0.649,6.21,0.105,0.1106055402417283,-0.164,0.19475001,0.26308,0.36101002,0.52119,41.46,45.63636,57.0,37.0,0.10073227206946456,hold,2.56522,22,68.22906345796218,,0.04135508409254603,-0.05206000815561491,0.5015681640003693,0.0123000005,1793131200,0.20207858,2026-08-29T11:28:04,0.0806,,,Oil & Gas E&P,0.5612580277697993,Hold
FFBC,First Financial Bancorp.,9.435563,3.47833,3.2,11.597174,3.615391,1.12,,3656718336,104968940,104968940,,0.929,,,,,4.97,0.059,0.06280104381353202,0.0,0.10286,0.29931998,0.39804,0.0,32.82,37.57143,40.0,35.0,0.14477239488116989,none,,7,47.3364503612576,,-0.02190624360036302,0.012823611285010963,0.07658460260654275,0.01012,1792699200,0.2454338,2026-08-29T11:28:04,0.0513,,,Banks - Regional,0.5612847883944739,Hold
ACAD,ACADIA Pharmaceuticals Inc.,32.709335,0.88996,0.59933,13.053812,4.4050765,50.86,73.06675647879733,4240023040,172305518,172305518,43.093,0.845,5.652,3.2475,3.107,3.388,5.64,0.086899996,0.13060434895648543,0.133,0.35743,0.33416,0.12286,0.62061,29.11,34.0,49.0,17.0,0.1679835108210237,buy,1.7619,20,50.00311908918355,,0.6344769281117051,0.04137608237772051,1.2255824522576588,0.00329,1793822400,0.15725958,2026-08-29T11:28:04,0.0739,,,Biotechnology,0.5615013433004739,Hold
TVTX,"Travere Therapeutics, Inc.",11.57711,5.6724,1.7353,-89.95890410958904,10.46814,,-339.1059646931536,6317853184,94261082,94261082,275.732,1.042,2515.721,3.9045,3.763,4.046,7.52,0.165,0.3962147559477409,,-2.36355,-0.0735,0.02332,0.59208,65.67,74.14286,90.0,62.0,0.12902177554438854,strong_buy,1.26667,14,61.19484140344784,,-0.07132191997088683,0.16942233950439115,0.7767775628591871,0.007850001,1793304000,2.7201102,2026-08-29T11:28:04,0.1282,,,Biotechnology,0.5616850047422067,Hold
AIT,Applied Industrial Technologies,24.36052,13.22714,12.0325,29.399635,2.3808844,2.8,32.59008950015535,12774840320,36698856,36698856,20.762,0.847,25.967,2.0949999999999998,1.612,2.578,2.33,0.020299999,0.1456868955261168,0.134,0.22368999,0.083459996,0.117740005,0.30337998,322.22,400.0,420.0,390.0,0.24138787164049402,strong_buy,1.5,6,37.21086589624202,,0.021109578869205572,0.033572182066809994,0.19792195602409624,0.0077,1793104200,0.28592062,2026-08-29T11:28:04,0.0178,,,Industrial Distribution,0.5617090087659217,Hold
O,Realty Income Corporation,39.098675,1.58522,1.68613,45.240875,9.668866,2.98,37.06925210042221,91794956288,946218033,946218033,17.133,0.72,74.722,1.1345,0.741,1.528,7.24,0.0454,0.05903642027080247,0.692,0.03225,0.20898001,0.46965998,0.9268,61.98,68.2125,72.0,61.5,0.10055663117134572,buy,2.5,20,55.56644969343491,,-0.006843319297393659,-0.06595174262734577,0.15201068225583989,0.00124,1793649600,0.07031524,2026-08-29T11:28:04,0.048,9.66,13.14,REIT - Retail,0.5617106550781785,Hold
IPGP,IPG Photonics Corporation,33.481937,2.28571,1.82286,117.738464,3.044091,1.83,67.15079279223525,2430728192,42534539,42534539,22.21,0.999,0.764,5.301500000000001,4.424,6.179,8.55,0.2233,0.1110042053118292,-0.228,0.01302,0.02577,0.07595,0.38351002,76.53,126.21429,152.0,92.5,0.6492132497059977,none,,7,48.363876854988185,,0.20056904625476674,-0.011127310798942726,1.2646708848884598,0.39084998,1793709000,-0.05585432,2026-08-29T11:28:04,0.133,9.46,10.5,Semiconductor Equipment & Materials,0.5617220576784039,Hold
ATEN,"A10 Networks, Inc.",21.599726,1.18983,1.04183,44.31035,6.016145,14.76,30.399399978822014,1831357824,72609021,72609021,27.303,1.144,95.007,1.2185000000000001,1.147,1.29,5.48,0.14729999,0.14773965896055818,-0.143,0.19444999,0.13854,0.11261,0.79379,25.7,38.4,45.0,34.0,0.49416342412451364,buy,1.83333,5,25.996554114937695,,0.0036897880539499034,0.008330508474576276,0.3679062782636345,0.016,1793736000,0.5588236,2026-08-29T11:28:04,0.1068,5.57,11.21,Software - Infrastructure,0.5618435137249645,Hold
DNOW,DNOW Inc.,19.379562,0.822,0.346,-11.13986013986014,0.70534396,,-5.395633299615676,3483194368,180785891,180785891,23.068,0.862,30.934,1.574,1.012,2.136,4.87,0.0975,0.20877780224564102,,-0.11599,-0.046290003,0.01071,0.2023,15.93,18.75,19.0,18.0,0.17702448210922794,strong_buy,1.0,4,30.5241649985975,,0.0880503144654087,-0.028368794326241162,1.0186212395297245,0.01698,1793795400,0.03233993,2026-08-29T11:28:04,0.0724,,,Industrial Distribution,0.5620912347645849,Hold
MRTN,"Marten Transport, Ltd.",21.86791,0.65667,0.3,95.73333,1.3673011,1.83,-195.73312725072503,1077205760,81661669,81661669,9.451,0.976,0.047,2.3575,2.212,2.503,4.79,0.0936,-0.02968149230454742,-0.258,0.01646,0.01474,0.02345,0.22690001,14.36,17.5,19.0,16.0,0.21866295264623958,buy,2.33333,2,47.23328606585289,,0.09090909090909079,0.02604687499999994,0.7625273332047171,0.29292,1792699200,0.24655175,2026-08-29T11:28:04,0.0611,4.87,0.25,Trucking,0.5621468240063736,Hold
HTO,H2O America,23.460312,2.70883,2.73483,22.37676,3.2106097,2.68,-10.614031450862583,4447388672,41856804,41856804,14.039,0.328,102.581,1.5575,1.448,1.667,10.96,0.1545,-0.1327039732895039,-0.126,0.06463,0.12909001,0.21260001,0.56912,63.55,67.14286,72.0,60.0,0.05653595594020455,buy,1.71429,7,61.49537336494502,,-0.0042490442381212705,-0.01812362486996309,0.08153618648682803,0.17586,1793044800,0.29038858,2026-08-29T11:28:04,0.1333,,,Utilities - Regulated Water,0.5621518695400193,Hold
CBRL,Cracker Barrel Old Country Stor,50.54073,1.10129,-0.04459,48.4,0.372772,1.56,-350.43338023309036,2366176256,22351460,22351460,19.385,1.187,246.663,0.3095,0.118,0.501,5.96,0.3784,-0.03266914107624286,2.393,0.056110002,0.00786,0.00843,0.31608,55.66,45.0,60.0,37.0,-0.1915199425080848,none,,8,57.04910247137272,23.803910565281484,0.8090609343553291,0.6481936005268043,0.5334760439409858,0.010829999,1789588800,0.0063961744,2026-08-29T11:28:04,0.2495,,,Restaurants,0.5622151892699088,Hold
BWXT,"BWX Technologies, Inc.",29.091736,5.25407,4.73851,39.496128,3.9853559,1.67,96.16818648673474,15690678272,91621980,91621980,32.93,0.76,151.4,2.327,2.257,2.397,3.07,0.038,0.1771244271298218,0.141,0.28289,0.10108,0.10393,0.22082001,152.85,234.44786,290.0,190.0,0.5338427216225057,buy,1.8125,14,49.85600583830215,,0.005320965835919913,0.012067989105100272,0.1502548279279576,0.0035299999,1793649600,-0.026120126,2026-08-29T11:28:04,0.0303,,,Aerospace & Defense,0.5623013159283609,Hold
POWL,"Powell Industries, Inc.",25.67432,7.11645,5.37442,34.93499,5.7507277,2.08,34.9604356286649,6025556992,36432564,36432564,25.508,1.216,0.334,1.8755000000000002,1.78,1.971,3.22,0.1016,0.08218596418303137,0.076,0.28252,0.16488001,0.20554,0.3008,182.71,280.0,333.0,235.0,0.5324831700509003,buy,2.25,4,50.889490911922344,,-0.016252853148187623,0.03214601224781699,0.7855407336666465,0.20611,1794945600,1.1899762,2026-08-29T11:28:04,0.0947,3.4,14.13,Electrical Equipment & Parts,0.5624429180950282,Hold
HNRG,Hallador Energy Company,20.732002,0.78333,-0.275,812.0,1.6829879,1.26,-149.74852722427323,802724032,47143357,47143357,13.984,0.295,25.066,0.46349999999999997,0.208,0.719,4.02,0.0866,-0.10024418922903611,,-0.0058399998,-0.002,-0.124560006,0.18505,16.24,28.33333,29.0,28.0,0.7446631773399017,strong_buy,1.0,3,42.057009135421154,,-1.0,-0.292173818753558,1.5718851580320787,0.11955,1794254400,-0.0012012124,2026-08-29T11:28:04,0.093,,,Utilities - Independent Power Producers,0.5626319987785966,Hold
WAFD,"WaFd, Inc.",10.733086,3.3625,3.225,11.384858,3.508897,1.85,,5651282944,73995238,73995238,,0.83,,,,,6.59,0.0758,0.12928349556764718,0.151,0.08497,0.33699,0.46126997,0.0,36.09,39.0,40.0,36.0,0.080631753948462,none,,4,34.67628775843427,,-0.003091190108191588,-0.013206162876008913,0.19269040980491453,0.017280001,1792094400,0.14820695,2026-08-29T11:28:04,0.051,5.6,7.88,Banks - Regional,0.5626846798412295,Hold
PRVA,"Privia Health Group, Inc.",19.550499,1.0634,0.8758,94.50001,1.1261733,,27.76467880224279,2316812544,127734207,127734207,40.692,0.897,1.042,1.5855000000000001,1.555,1.616,3.98,0.061300002,0.15874113501953313,2.5,0.04306,0.01193,0.018609999,0.1003,20.79,31.66667,40.0,24.0,0.5231683501683502,none,,18,21.425159183505414,,-0.07936507936507937,-0.031749933987088946,0.8938764352882101,0.06182,1793881800,-0.10047436,2026-08-29T11:28:04,0.0458,,,Health Information Services,0.562917205858712,Hold
ARMK,Aramark,20.758554,2.8027,2.27543,40.685318,0.77286476,0.92,40.994285899028164,21355583488,263625044,263625044,14.789,1.195,186.724,1.1595,1.034,1.285,3.14,0.033099998,0.08979081571627923,0.333,0.11694,0.01929,0.04422,0.15292,58.18,67.96875,75.0,47.0,0.16824939841870057,strong_buy,1.5,16,48.633112254095856,20.059445645983402,0.012346063496583216,0.04103676519749514,0.5862916658390671,0.00691,1795523400,0.5187,2026-08-29T11:28:04,0.0332,,,Specialty Business Services,0.5630078954881563,Hold
WYNN,"Wynn Resorts, Limited",18.45248,5.16245,4.69692,22.844126,1.3231795,1.14,20.599583546750058,19169718272,102973891,102973891,10.597,1.005,,0.875,0.838,0.912,5.54,0.0964,0.08611984954516272,1.061,,0.060549997,0.16537,0.683,95.26,132.58421,145.0,116.0,0.3918140877598153,strong_buy,1.25,19,26.014215530886034,,0.00816938049222356,-0.04880570573018664,0.9961016366333547,0.27447,1793908800,-0.25392526,2026-08-29T11:28:04,0.1106,,,Resorts & Casinos,0.5630844475930061,Hold
LAUR,"Laureate Education, Inc.",15.9659605,2.43017,2.12177,17.55656,2.9204485,1.23,15.548630534101568,5917116928,137749360,137749360,11.097,0.445,64.3,0.6725,0.633,0.712,3.09,0.0323,0.26934709533314716,0.508,0.29318002,0.1757,0.36278,0.36800998,38.8,41.21429,45.0,34.5,0.062223969072164875,none,,7,58.66297427049641,,-0.006931638412790426,-0.021477666689483813,0.6473388749701497,0.08844,1793277000,0.39578116,2026-08-29T11:28:04,0.0262,,,Education & Training Services,0.5630970878523778,Hold
NEE,"NextEra Energy, Inc.",18.648273,4.38861,4.04804,18.39101,5.948308,1.84,-9.608692885677293,289066123264,2085978209,2085978209,19.809,0.653,161.676,0.441,0.348,0.534,0.0,0.0,0.1096194255670675,0.531,0.11677,0.32401,0.31524,0.61024,81.84,98.38889,114.0,55.0,0.2022102883675465,buy,2.0,18,44.727563096091295,,0.001990099009901057,-0.0032772811512046095,0.2179344107066059,0.00118,1793104200,0.14893329,2026-08-29T11:28:04,0.0,,,Utilities - Regulated Electric,0.5631324641645965,Hold
PUBM,"PubMatic, Inc.",20.714287,0.812,0.52,-58.00000000000001,2.649523,4.95,12.702591000152799,648349248,37303647,45550061,265.717,1.542,17.135,1.254,1.234,1.274,2.99,0.0563,0.4376510693445068,,-0.05593,-0.04662,0.00737,0.6443,16.82,20.3,23.0,17.0,0.2068965517241379,buy,1.83333,10,41.58969214784225,,0.8245614035087722,0.6628099850510927,1.122992035194868,0.00916,1794254400,0.8858131,2026-08-29T11:28:04,0.0618,,,Software - Application,0.5631711206331772,Hold
PAG,"Penske Automotive Group, Inc.",15.038057,14.43072,13.58782,15.759622,0.44255164,2.33,65.3347072352132,23569299456,65662873,65662873,16.898,0.833,160.647,0.5725,0.17,0.975,4.11,0.123100005,0.06816075501295837,-0.017,0.15842,0.02814,0.03966,0.16149001,217.01,211.875,225.0,205.0,-0.023662504032072262,hold,2.7,8,54.05153574481418,,0.016964857066944117,0.0073884626314293265,0.14091673084838172,0.21178,1793190600,0.17992747,2026-08-29T11:28:04,0.1222,,,Auto & Truck Dealerships,0.5632366397924662,Hold
AEP,American Electric Power Company,17.84724,6.85316,6.37571,21.197573,2.9215586,2.09,-11.105036359475495,120934998016,544397352,544397352,13.394,0.507,160.789,0.3905,0.277,0.504,6.05,0.0429,0.05112682208637942,-0.432,0.10130999,0.13781999,0.23251,0.46352002,122.31,144.0,173.0,129.0,0.17733627667402496,buy,2.0,20,51.13175799457982,,0.0037990547233915876,0.0005694045780127769,0.21167876817237477,0.00034000003,1793277000,0.10529637,2026-08-29T11:28:04,0.0429,,,Utilities - Regulated Electric,0.5633847326769476,Hold
SJM,The J.M. Smucker Company,12.159636,10.88355,10.35121,61.841118,1.5438609,2.17,9.654180889616969,20980568064,106823183,106823183,9.267,0.25,120.682,0.579,0.288,0.87,3.21,0.040900003,0.04863192477610423,,0.03931,0.02506,0.17898001,0.37951002,132.34,134.25,152.0,114.0,0.014432522291068395,buy,2.10526,16,78.09318734824868,,0.03513859735615513,0.013240949928776634,1.4697349674750664,0.02266,1795523400,0.19301426,2026-08-29T11:28:04,0.0409,,,Packaged Foods,0.5636551725273357,Hold
NVR,"NVR, Inc.",15.539113,411.62387,361.1004,16.636591,1.7785892,4.97,18.653971577107107,16959552512,2678153,2678153,11.037,0.913,32.15,3.7119999999999997,1.754,5.67,3.11,0.0625,-0.07627408889634013,-0.226,0.31544,0.1185,0.13889,0.2184,6396.27,6782.0,7446.0,5664.0,0.06030545927548392,hold,2.66667,5,37.87989184311064,,0.0032783075661130252,0.005067090320038905,0.0655291439945457,0.05551,1792585800,-0.22086084,2026-08-29T11:28:04,0.0418,,,Residential Construction,0.5636637764133253,Hold
POST,"Post Holdings, Inc.",11.855961,7.19891,7.65274,15.518182,0.45982555,1.17,9.80180546010107,10959340544,45322586,45322586,7.559,0.319,247.074,1.374,0.897,1.851,6.36,0.1666,0.22378558893351763,-0.279,0.082779996,0.03484,0.102819994,0.2882,85.35,105.16667,125.0,86.0,0.2321812536613943,none,,6,53.15307006230233,,-0.008042992745103906,-0.17138282615051356,0.4850200724750126,0.15863,1795118400,-0.26901686,2026-08-29T11:28:04,0.1882,,,Packaged Foods,0.5637564692223113,Hold
MLAB,"Mesa Laboratories, Inc.",12.569619,10.27,9.95,151.87057,2.8926647,,13.532577931066626,851484736,5595869,5595869,18.74,0.93,85.479,1.4785,1.163,1.794,2.2,0.0874,-0.0070417123774698664,-0.424,0.02657,0.01922,0.11691,0.64208,129.09,117.5,125.0,110.0,-0.08978232241072126,buy,2.33333,2,84.21574778537548,,-0.14371772805507746,-0.16299918500407498,1.9435180847439872,0.056199998,1793908800,1.003582,2026-08-29T11:28:04,0.0683,,,Scientific & Technical Instruments,0.5638494027322423,Hold
CUBE,CubeSmart,25.902578,1.54502,1.47959,27.22449,7.954115,5.33,18.63814723881707,12584693760,225162253,226356958,17.845,1.062,134.3,0.086,0.072,0.1,3.22,0.047399998,0.03333683554854083,0.083,0.12028,0.29334998,0.41088,0.70712,40.02,44.125,48.0,40.0,0.10257371314342811,buy,2.33333,16,44.73051629233277,,0.01655101339745788,0.040711851163292005,0.15380000304543293,0.00871,1793304000,0.0020054579,2026-08-29T11:28:04,0.0356,,,REIT - Industrial,0.5639094667475933,Hold
IDA,"IDACORP, Inc.",19.51953,6.95611,6.37675,22.517412,4.3562746,2.11,-6.430728014170757,11898485760,57842043,57842043,17.608,0.479,105.976,0.708,0.43,0.986,9.08,0.09810001,-0.026839881848571667,0.017,0.094390005,0.18781,0.27459,0.38970003,135.78,158.22221,171.0,144.0,0.16528362056267487,buy,1.66667,9,51.323574346958814,,-0.0012701922986564148,-4.6000606633045975e-05,0.0683914790535967,0.0028900001,1793277000,0.10510266,2026-08-29T11:28:04,0.0791,9.35,-1.11,Utilities - Regulated Electric,0.5641010547895627,Hold
NPKI,NPK International Inc.,20.999887,0.62667,0.55,28.608694,3.7161918,1.3,62.60681918166862,1128259200,84909894,84909894,13.53,1.301,5.169,1.4585,1.303,1.614,3.79,0.0379,0.19054622755741502,0.415,0.111770004,0.14195,0.19722,0.35808998,13.16,20.33333,22.0,18.0,0.5450858662613982,none,,3,46.184775357273935,,0.03773584905660381,0.010758064516128958,1.5181664722070152,0.04538,1793304000,0.301633,2026-08-29T11:28:04,0.0314,2.77,3.1,Building Products & Equipment,0.5641021775086555,Hold
ODFL,"Old Dominion Freight Line, Inc.",29.911724,6.64054,5.81953,38.19808,7.3732605,2.81,42.55228974758338,41219825664,207968283,207968283,22.986,1.177,0.44,1.8010000000000002,1.713,1.889,4.29,0.0434,0.12181909569354876,0.323,0.24818,0.19443001,0.28835,0.39566,198.63,232.13635,280.0,156.0,0.1686872577153502,hold,2.56522,22,35.3075698847975,,0.043390427577778126,0.02201211015210621,0.0937552436235977,0.082370006,1793190600,0.3346231,2026-08-29T11:28:04,0.039,,,Trucking,0.564189473315877,Hold
LMAT,"LeMaitre Vascular, Inc.",25.30869,3.17875,2.87875,28.12937,7.0106983,2.28,37.34665464319068,1653845760,22869257,22869257,19.921,0.524,45.262,15.0365,13.761,16.312,4.04,0.0885,0.08489313841722113,0.226,0.16774,0.25024998,0.28983,0.71867996,80.45,107.0,132.0,81.0,0.3300186451211933,buy,2.25,7,41.85083653897843,,-0.04041666666666662,-0.02359348314882848,0.41327988645742797,0.06506,1793908800,-0.1616332,2026-08-29T11:28:04,0.0679,5.59,-2.27,Medical Instruments & Supplies,0.5641989097580614,Hold
DX,"Dynex Capital, Inc.",8.233208,1.56804,1.40757,4.1246004,6.378558,0.71,,25337540608,248166917,248166917,,0.935,713.492,0.0465,0.034,0.059,2.35,0.0574,,,0.18231001,0.86838996,0.9177,1.0,12.91,14.75,15.0,14.5,0.1425251742835012,none,,5,48.473506012652365,,0.025462254666258715,-0.005530328014409193,0.8038508679224895,0.00468,1792413000,0.03697753,2026-08-29T11:28:04,0.0576,,,REIT - Mortgage,0.5643181637769804,Hold
PAYX,"Paychex, Inc.",19.894203,6.38578,5.97898,25.979551,11.3875885,2.19,,48473366528,355682860,355682860,30.145,,123.967,0.7274999999999999,0.303,1.152,6.37,0.060599998,0.13942656668921294,0.434,,0.26633,0.38325,0.67197996,127.04,111.35714,150.0,95.0,-0.1234482052896726,hold,3.22222,14,69.19548313651242,,-0.0007119888221098225,-0.0003162278092615296,0.052986466986438926,0.103590004,1790685000,-0.06972641,2026-08-29T11:28:04,,5.6,4.72,Software - Application,0.564351222180805,Hold
CENTA,Central Garden & Pet Company,12.112534,3.12156,2.97309,14.003704,0.76737237,1.87,6.912928332734021,2779740160,51340003,62592598,8.212,0.545,80.634,3.186,2.585,3.787,4.04,0.0324,0.300327076334608,-0.046,0.099709995,0.05393,0.14262,0.32571998,37.81,46.25,50.0,39.0,0.2232213700079344,none,,4,66.9588915864625,,0.0023938044295496222,0.011729549454360399,0.1925541510370119,0.035550002,1795636800,0.12529838,2026-08-29T11:28:04,0.0205,,,Packaged Foods,0.5644243668393127,Hold
WNC,Wabash National Corporation,10.881633,1.225,-2.2,-7.324175824175824,0.38146797,0.73,3.6758038042374603,1013556416,40737173,40737173,-112.082,1.429,185.505,0.984,0.654,1.314,2.47,0.0963,-0.08651432930802527,,-0.22873,-0.054770004,-0.06243,0.01002,13.33,22.5,25.0,20.0,0.6879219804951238,strong_buy,1.5,2,54.008310512047274,,-0.24645892351274803,-0.13732394366197173,1.1601695081855077,0.05165,1793881800,0.19314075,2026-08-29T11:28:04,0.1208,2.54,19.52,Farm & Heavy Construction Machinery,0.5644767124002187,Hold
AWK,"American Water Works Company, I",21.063694,6.5658,6.08427,23.968805,5.2014046,2.67,-15.394087943125736,43005263872,198728989,198728989,14.763,0.577,137.745,0.4595,0.396,0.523,4.58,0.0688,0.0421365551253321,0.086,0.10095,0.21347,0.40664002,0.61469,138.3,140.36365,155.0,128.0,0.01492154736080975,hold,2.61538,11,62.42608745823198,,0.0,0.0,0.10195465208133783,0.00116,1793217600,-0.033378124,2026-08-29T11:28:04,0.0537,,,Utilities - Regulated Water,0.5645134439894783,Hold
IP,International Paper Company,13.148037,2.9898,1.34423,-7.293135435992579,0.86011624,1.58,12.643421845484056,30296248320,529569895,529569895,7.701,0.894,68.509,0.8900000000000001,0.682,1.098,8.76,0.1595,-0.025080208443495455,,-0.16479,-0.14205,0.02298,0.29608,39.31,48.0,61.0,39.0,0.22106334266090055,none,,11,33.96478665924802,,-0.023698851008817117,0.08052432426571833,1.4190000541325283,0.00241,1793190600,-0.18893635,2026-08-29T11:28:04,0.0907,7.52,-7.5,Packaging & Containers,0.5645374091599986,Hold
FICO,Fair Isaac Corporation,21.702492,53.1538,43.11008,33.34017,10.408858,0.79,32.17193749761884,30263949312,21597635,21597635,23.955,1.321,,1.1560000000000001,1.129,1.183,4.91,0.1001,0.4167068246129728,0.412,,0.3405,0.53787,0.851,1153.57,1476.3184,1750.0,707.0,0.27978224121639794,buy,1.90476,19,66.46330579443222,,-0.0022660160771190425,-0.027700347090718315,0.27321099492331397,0.030150002,1793822400,-0.23112804,2026-08-29T11:28:04,0.0859,,,Software - Application,0.5646564705692729,Hold
WRB,W.R. Berkley Corporation,14.137838,4.84091,4.88297,14.082305,1.7056013,4.63,8.342397761762427,25810327552,371227529,371227529,10.002,0.294,31.527,0.3275,0.249,0.406,0.02,0.0002,0.03423798590109417,0.15,0.20207001,0.12943,0.16385001,0.43785998,68.44,69.52941,83.0,51.0,0.015917738164815898,hold,3.38889,17,35.87537157634597,,0.04860371426608024,0.009411749971821124,0.16094597273808595,0.26361,1792440000,-0.050569594,2026-08-29T11:28:04,0.0002,,,Insurance - Property & Casualty,0.5649260181615267,Hold
SHOO,"Steven Madden, Ltd.",15.947515,2.7741,2.19122,22.12,1.1812853,2.17,14.779135582600627,3585188352,73177095,73177095,12.92,1.171,38.796,1.463,1.02,1.906,3.39,0.0767,0.1820599027605565,,0.15913,0.05228,0.06686,0.46948,44.24,51.55556,56.0,36.0,0.1653607594936708,none,,9,15.552570307790347,,0.03280998864070209,0.029843598605640537,0.4697930149520673,0.02165,1793795400,0.51851857,2026-08-29T11:28:04,0.0478,,,Footwear & Accessories,0.5650776074857491,Hold
AME,"AMETEK, Inc.",26.104193,9.05027,8.33122,34.48905,6.887525,3.09,36.29687375487638,57679585280,229261244,229261244,23.066,0.997,20.522,0.9295,0.645,1.214,2.51,0.0145000005,0.1584910531149346,0.142,0.14562,0.20044,0.26182,0.36905998,236.25,277.5,316.0,217.0,0.17460317460317465,buy,1.75,18,34.07329383116492,,0.021957209201910678,0.02376927173040532,0.1008094918166644,0.00393,1793277000,0.3184893,2026-08-29T11:28:04,0.0129,,,Specialty Industrial Machinery,0.565279746733023,Hold
GRPN,"Groupon, Inc.",8.310639,2.35,1.47,-6.239616613418531,1.5966637,14.66,13.640688246731806,877922304,40665296,40665296,108.012,0.281,,0.73,0.671,0.789,8.19,0.5071,-0.013837449996675355,,,-0.25261998,0.0196,0.90722,19.53,30.66667,40.0,22.0,0.5702339989759344,buy,2.33333,3,31.852280377221902,,-0.20003000075001873,0.032004128016512035,0.923130885895344,0.18958999,1793908800,-0.246517,2026-08-29T11:28:04,0.7472,9.5,2.64,Internet Content & Information,0.565416581940222,Hold
TDG,Transdigm Group Incorporated,24.503445,48.40013,41.18984,35.960278,6.5516987,3.05,44.982449101692275,96351297536,55276525,55276525,18.911,0.906,,2.4690000000000003,1.919,3.019,1.96,0.0202,0.24473630533033708,0.109,,0.21277,0.46005002,0.59824,1185.97,1522.7894,1972.0,1350.0,0.28400330531126405,buy,1.95455,19,44.79358739196381,,0.028356946854036894,0.032151210599226106,0.3346229784057855,0.00409,1793881800,-0.09073633,2026-08-29T11:28:04,0.0152,,,Aerospace & Defense,0.5654632473924397,Hold
HRL,Hormel Foods Corporation,13.884508,1.55353,1.49603,34.79032,0.9772273,1.67,19.094951176299748,11553797120,550314959,550314959,9.134,0.331,4.244,1.384,0.886,1.882,5.07,0.0587,-0.02974103653976823,-0.051,0.042930003,0.028210001,0.11057,0.15741,21.57,27.25,30.0,25.0,0.2633286972647195,hold,2.6,8,17.01816114339117,,0.001955649617241887,0.0010704442022947632,0.28061517731276026,0.00471,1787833800,-0.14982021,2026-08-29T11:28:04,0.0661,5.32,-5.2,Packaged Foods,0.5655100339891169,Hold
INSM,Insmed Incorporated,147.76126,0.80224,-1.55446,-28.771844660194176,22.755053,1.09,-45.271487010246325,26088742912,218381503,218381503,-32.818,0.793,97.654,3.4295,3.135,3.724,3.58,0.056199998,2.5071241267169038,,-0.87216,-0.76941,-0.23809999,0.83455,118.54,200.18182,243.0,169.0,0.6887280242955962,strong_buy,1.21739,22,27.07845682869076,,0.39935393627462346,1.0,0.19633314056795548,0.00513,1793277000,-0.16455609,2026-08-29T11:28:04,0.0502,,,Biotechnology,0.5657221283492205,Hold
PATK,"Patrick Industries, Inc.",15.566315,5.36222,4.29111,19.87381,0.68066335,3.46,81.84771073473152,4290986496,32118264,32118264,9.837,1.097,146.006,1.733,0.798,2.668,8.37,0.2043,0.03451220775817765,0.333,0.12953,0.03739,0.07395,0.23055,83.47,106.7,130.0,85.0,0.2783035821253146,buy,1.9,10,39.450201241394566,,-0.06816286644951154,-0.05611336032388669,0.45852572600169256,0.04083,1793277000,-0.251374,2026-08-29T11:28:04,0.1477,,,Recreational Vehicles,0.5658248970726556,Hold
BOOT,"Boot Barn Holdings, Inc.",15.491399,9.99587,9.03048,19.576487,2.0012777,,369.78459170477845,5356395008,30284844,30284844,13.791,1.708,59.323,1.46,0.39,2.53,3.66,0.103199996,0.18841274203030411,0.316,0.19174999,0.103520006,0.12776,0.37824002,154.85,221.5,282.0,190.0,0.4304165321278657,strong_buy,1.25,14,28.05619926738332,,0.057912660655355615,0.010550461961823805,0.17980894834732203,0.00511,1793217600,-0.14433384,2026-08-29T11:28:04,0.0883,,,Apparel Retail,0.5658396309513157,Hold
XPEL,"XPEL, Inc.",18.429628,2.7,2.25,25.131311,2.7001576,,-89.38392748536107,1407226368,27570748,27570748,16.918,1.123,19.949,1.8475,1.085,2.61,10.59,0.1506,0.15112076756132997,0.104,0.19365999,0.10773,0.16228001,0.42901,49.76,61.66667,65.0,60.0,0.23928195337620584,none,,3,48.40088181110191,,,,0.1088498504794936,0.09426,1793795400,0.39738107,2026-08-29T11:28:04,0.1131,,,Auto Parts,0.565842124960691,Hold
PEG,Public Service Enterprise Group,15.66426,4.67242,4.36942,18.206469,2.9083445,3.64,338.5555927610209,60965363712,498420030,498420030,13.66,0.527,142.409,0.6819999999999999,0.487,0.877,3.37,0.0222,-0.08794357125655639,-0.427,0.11835,0.16041,0.18872,0.33333,73.19,85.47222,96.0,73.0,0.1678128159584642,buy,2.31818,18,49.25084180789026,,-0.0028389770554056466,-0.0027149668953328704,0.3462775185229709,0.0012899999,1793622600,-0.1036548,2026-08-29T11:28:04,0.0192,,,Utilities - Regulated Electric,0.5660375556362448,Hold
HL,Hecla Mining Company,19.156834,1.06385,0.82147,24.554216,7.8502417,5.64,39.99080150600008,13932173312,671768431,671768431,14.371,1.335,0.802,4.804,4.411,5.197,0.0,0.0,0.4350570519620027,0.929,0.22173999,0.19150999,0.4427,0.61395,20.38,23.375,32.0,17.0,0.1469578017664377,buy,2.3,10,74.22033849705522,,-0.04105575270825542,-0.11300005002584664,1.5733205690964804,0.0055400003,1793908800,1.4024663,2026-08-29T11:28:04,0.0,,,Other Precious Metals & Mining,0.566044499486996,Hold
GBX,"Greenbrier Companies, Inc. (The",11.771794,3.9,3.03333,13.58284,0.54017377,0.58,-8.625068238328513,3168040960,30939686,30939686,11.206,1.42,108.749,2.5625,1.449,3.676,6.89,0.1283,-0.3060579347831778,-0.677,0.06341,0.04073,0.04493,0.15123999,45.91,45.33333,52.0,42.0,-0.012560879982574602,none,,3,66.55541854282166,,-0.026740078352857438,-0.012658227848101333,0.6553655254720311,0.085389994,1793217600,-0.010937154,2026-08-29T11:28:04,0.0939,,,Railroads,0.5660763118129885,Hold
PCAR,PACCAR Inc.,17.56333,7.13646,5.93446,26.387367,2.3718383,1.29,33.94365326406742,72755118080,526364953,526364953,22.238,0.985,72.91,5.2035,4.888,5.519,2.81,0.0228,0.002315598774297545,0.042,0.12755999,0.09003,0.12024,0.13715,125.34,141.02937,164.0,110.47,0.12517448539971276,buy,2.42105,16,39.601613539072524,,0.04146637448599186,0.05564683925894272,0.2892613516647126,0.01858,1793104200,0.27999187,2026-08-29T11:28:04,0.0237,3.06,-17.89,Farm & Heavy Construction Machinery,0.5661533017317816,Hold
WAT,Waters Corporation,25.061357,16.54699,14.5756,104.719696,8.767052,1.81,-286.60077549543445,46325997568,98185855,98185855,31.904,1.184,36.045,1.4569999999999999,1.053,1.861,4.12,0.037100002,0.29338813009266973,,0.019199999,0.03588,0.09422,0.56337,414.69,436.0,475.0,349.0,0.05138778364561469,buy,1.75,23,49.02311404888707,,0.004311298192038404,0.0034475146966612006,0.04386710990499272,0.00103,1793363400,0.42087162,2026-08-29T11:28:04,0.0371,,,Diagnostics & Research,0.5662196666357633,Hold
FRT,Federal Realty Investment Trust,37.758244,3.09204,4.176,23.58586,7.64259,3.59,22.37502351044783,15308605440,86889133,87418340,18.275,0.929,134.114,0.5585,0.553,0.564,0.02,0.0002,0.09007170192387592,-0.456,0.12550999,0.32663,0.35035,0.68136,116.75,133.25,149.0,118.0,0.1413276231263383,buy,1.85,20,57.85906608494175,,0.03947309467270032,0.005306074675197967,0.24331565970702168,0.010290001,1793363400,0.17934239,2026-08-29T11:28:04,0.0002,,,REIT - Retail,0.5663656488655799,Hold
BCPC,Balchem Corporation,28.44867,6.27235,5.83881,35.125984,5.2384324,3.59,42.183308457826556,5773365760,31878021,31878021,21.43,0.807,12.801,2.0605,1.456,2.665,3.19,0.026099999,0.13213371683267283,0.188,0.12793,0.15141,0.20853001,0.36294997,178.44,209.25,242.0,165.0,0.17266308002689978,buy,2.0,4,46.645010190875354,,0.027091542358570142,0.026598077854739263,0.18028016130618488,0.00472,1792499400,0.10823107,2026-08-29T11:28:04,0.0191,,,Specialty Chemicals,0.5665211389515606,Hold
CPK,Chesapeake Utilities Corporatio,18.113697,7.3265,6.43,21.16587,3.2200985,2.45,-14.49062567806588,4893467648,24106455,24106455,12.888,0.683,101.273,0.2615,0.207,0.316,5.87,0.0548,0.02259297354173384,0.029,0.094689995,0.15118,0.26201,0.40342,132.71,146.9,160.0,134.0,0.10692487378494464,none,,5,44.77135252171964,,-0.0033480066960134363,0.002370994244216551,0.10036968702787741,0.0133299995,1793908800,0.08241987,2026-08-29T11:28:04,0.0464,,,Utilities - Regulated Gas,0.566600241749704,Hold
EXR,Extra Space Storage Inc,29.732964,4.80645,4.59088,31.54746,8.983072,6.25,21.0349543756396,44830056448,211269558,220702548,19.401,1.185,101.674,0.5955,0.305,0.886,3.91,0.031600002,0.08875993244611236,0.06,0.06953,0.2728,0.45882,0.74919,142.91,158.2,178.0,140.0,0.10699041354698746,buy,2.38095,20,20.93888050653848,,0.011692839292876388,0.01027202905678937,0.20737192338266025,0.009430001,1793217600,0.013701558,2026-08-29T11:28:04,0.0233,,,REIT - Industrial,0.56670952823378,Hold
BMI,"Badger Meter, Inc.",27.239075,4.97851,4.50211,31.758783,4.4620967,3.43,30.640875274527268,3932278016,28986847,28986847,19.99,0.641,3.438,1.842,1.262,2.422,8.13,0.21260001,-0.05047074626640147,-0.128,0.1848,0.14269,0.17724001,0.4131,135.61,157.75,170.0,112.0,0.16326229629083389,buy,2.16667,8,38.34061435100831,,-0.011450817476384777,-0.021540414810214473,0.3130195548207596,0.00624,1792585800,-0.23652941,2026-08-29T11:28:04,0.1463,,,Scientific & Technical Instruments,0.5668251934229287,Hold
SNA,Snap-On Incorporated,18.364851,21.3375,19.81857,20.003061,3.842687,2.18,18.26971333928565,19960590336,51727124,51727124,14.101,0.723,21.595,2.9705,2.508,3.433,8.36,0.0709,0.05078841808409851,0.051,0.17932,0.19597,0.25397,0.5183,391.86,413.77777,485.0,330.0,0.05593265451947116,none,,9,25.433988518329087,,-0.001259100780441135,0.0020124594224381954,0.06496795162658622,0.024249999,1792067400,0.22380579,2026-08-29T11:28:04,0.0619,,,Tools & Accessories,0.5668356154465792,Hold
IDXX,"IDEXX Laboratories, Inc.",33.154118,16.7397,14.83498,39.001408,9.60259,3.37,48.0803294784438,43841159168,78781116,78781116,27.034,1.542,67.971,0.9504999999999999,0.729,1.172,3.07,0.028099999,0.11403804292389053,0.176,0.74211,0.25030002,0.3498,0.62446,554.99,698.9231,805.0,470.0,0.2593435917764284,buy,2.21429,13,34.61637728191134,,0.011708832056107456,0.013496577420053935,0.19880833694825964,0.0022,1793622600,-0.14757997,2026-08-29T11:28:04,0.0247,,,Diagnostics & Research,0.5669498415140194,Hold
USLM,"United States Lime & Minerals, ",21.045614,5.7,5.04,25.687366,9.1305895,,73.0604196886871,3034104576,28688363,28688363,16.433,0.72,0.467,26.5305,25.518,27.543,6.12,0.0872,0.08090246906036436,0.122,0.21354,0.35664,0.41013,0.55302,119.96,132.0,132.0,132.0,0.10036678892964335,none,,1,60.58001823035033,,-0.01945525291828787,-0.023972602739725974,0.4239150547682287,0.62552,1793217600,-0.028260529,2026-08-29T11:28:04,0.0884,,,Building Materials,0.5669642664873302,Hold
NWE,"NorthWestern Energy Group, Inc.",17.729414,3.96629,3.75125,25.386282,2.5576289,2.84,-17.80325473730068,7960808448,61517850,61517850,13.419,0.36,124.221,0.5615,0.297,0.826,4.45,0.0341,0.14342457676918152,0.157,0.05935,0.10132,0.17343001,0.55587,70.32,74.25,78.5,70.0,0.055887372013651904,buy,2.28571,6,39.76492851415123,,0.005039598761132186,-0.0006475411075220495,0.08948721169939601,0.0066000004,1793217600,0.2381866,2026-08-29T11:28:04,0.026,,,Utilities - Regulated Electric,0.5669937775055185,Hold
PSKY,Paramount Skydance Corporation,12.787965,0.8508,0.56207,362.6667,0.4193325,1.13,0.6938374647120336,27820769280,1090445692,1121945779,8.405,1.471,126.479,0.888,0.736,1.04,6.44,0.145,-0.4137959491741474,-0.541,-0.00896,-0.021329999,0.09345,0.33328998,10.88,9.69286,16.0,2.0,-0.10911213235294126,hold,3.47619,14,87.88234421969753,,-0.09298197485839696,-0.04708570404551764,1.4357597406925209,0.50798,1794254400,-0.25311202,2026-08-29T11:28:04,0.146,,,Entertainment,0.5669954653813636,Hold
SSB,SouthState Bank Corporation,10.214644,10.3753,9.47672,11.132353,3.8405514,1.45,,10618226688,96974534,96974534,,0.713,,,,,3.3,0.0344,0.0426220867428968,0.114,0.105979994,0.35508,0.50514,0.0,105.98,119.85714,130.0,105.0,0.1309411209662199,buy,1.57143,14,70.66323741937109,,0.006272265374058303,0.003936284062694134,0.09093494413705798,0.012560001,1792612800,0.032016397,2026-08-29T11:28:04,0.0314,,,Banks - Regional,0.5670201341792513,Hold
MTH,Meritage Homes Corporation,11.645343,6.10201,4.99806,14.804166,0.8589946,0.54,15.757868769585432,5731182080,65174093,65174093,13.206,1.362,37.707,8.268,2.181,14.355,5.2,0.1016,-0.05888134489267072,-0.328,0.063769996,0.06107,0.08185001,0.18275999,71.06,82.375,93.0,72.0,0.15923163523782713,buy,2.0,8,48.186270470018115,,-0.006973750089407035,-0.05887642182379021,0.28668335025090647,0.02595,1793822400,-0.075380206,2026-08-29T11:28:04,0.071,,,Residential Construction,0.5672183956191222,Hold
NTNX,"Nutanix, Inc.",26.063103,2.65356,2.40333,13.377176,6.5516286,1.87,25.05013876338979,17869891584,270320509,270320509,46.158,0.603,216.17,1.686,1.574,1.798,4.77,0.059,0.14331413159628226,31.478,374.6021,0.52806,0.13588001,0.86927,69.16,65.84533,84.0,47.0,-0.04792755928282233,buy,2.11765,15,66.90205172731058,44.41360060774132,0.09649470989994663,0.018233513063489373,1.2287113090433055,0.02033,1795636800,0.040524483,2026-08-29T11:28:04,0.0599,5.83,-42.49,Software - Infrastructure,0.5672266961761193,Hold
COHU,"Cohu, Inc.",25.998646,1.84625,0.95,-57.83132530120482,4.3479614,1.15,34.27572271296191,2105322752,47338433,47338433,166.798,1.597,42.764,5.1315,4.521,5.742,8.62,0.2281,0.3647966420857234,,-0.04836,-0.07427,0.00621,0.43951,48.0,70.875,80.0,65.0,0.4765625,none,,8,51.22264417322359,,0.6339026194038835,0.2486727040315981,1.2229341404466116,0.02809,1793304000,1.6754658,2026-08-29T11:28:04,0.1941,,,Semiconductor Equipment & Materials,0.567244128325626,Hold
BALL,Ball Corporation,14.099767,4.52277,4.02452,18.272207,1.1782866,1.24,44.43601912342704,23876251648,264703357,264703357,11.501,0.956,131.495,0.837,0.605,1.069,3.43,0.0294,0.25449609181949295,0.092,0.17151,0.0661,0.09232,0.1863,63.77,72.57143,79.0,63.0,0.1380183471851968,none,,14,49.63432649750311,,0.0064621325037262515,0.000544210463441695,1.0062132459883064,0.0025600002,1793709000,0.24108887,2026-08-29T11:28:04,0.0253,,,Packaging & Containers,0.5673094764891875,Hold
CMP,Compass Minerals Intl Inc,19.167887,1.28444,0.89113,58.619053,0.7999142,0.12,11.33921105869446,1765303040,41980874,41980874,7.97,1.255,293.966,1.4224999999999999,0.832,2.013,4.0,0.0614,-0.0056099951611298104,,0.07169,0.01424,0.050630003,0.1722,24.62,31.5,35.0,27.0,0.27944760357432985,none,,4,46.77177360603805,,0.0882701349453502,0.08595923129602537,1.1561826556964663,0.23239,1785960000,0.31056225,2026-08-29T11:28:04,0.0466,,,Other Industrial Metals & Mining,0.56786906384656,Hold
XYZ,"Block, Inc.",16.097157,5.1916,4.05338,149.23215,2.0049722,0.87,-1852.3083452458795,50605817856,540816000,600795000,32.693,2.526,32.58,1.643,1.077,2.209,2.64,0.0293,0.24296576977012507,-0.833,0.01612,0.01426,0.06999,0.46572,83.57,98.35,125.0,75.0,0.1768577240636593,buy,1.53333,40,64.95518533208966,,0.03724838912744182,0.023911611450119764,1.280455993587212,0.01196,1794254400,0.11307883,2026-08-29T11:28:04,0.0255,,,Software - Infrastructure,0.5679121011076587,Hold
CRS,Carpenter Technology Corporatio,30.00121,15.88036,13.37656,45.374287,7.5575147,1.59,98.87949245451303,23945388032,49558566,49558566,28.986,1.283,32.658,2.958,2.106,3.81,2.18,0.0311,0.1326238253140739,0.464,0.25752002,0.16958,0.24078,0.30584,476.43,625.875,700.0,540.0,0.31367672060953344,strong_buy,1.375,8,27.213372302608335,,0.05569222051489671,0.045918605930118615,0.7238754946238156,0.02507,1792672200,1.0456176,2026-08-29T11:28:04,0.0505,3.05,30.61,Metal Fabrication,0.5679536825130188,Hold
ATI,ATI Inc.,33.861706,6.22414,5.13032,61.80645,6.0865436,1.33,82.78138125365517,30741770240,136170383,136170383,33.532,1.008,109.699,1.7045,1.082,2.327,2.15,0.0385,0.11949594795514384,0.557,0.25357,0.10090999,0.18198,0.23647,210.76,248.44444,275.0,191.0,0.17880261909280692,strong_buy,1.11111,9,36.5041652367546,,0.14803592926928613,0.14828268814605589,0.39181434207760485,0.008669999,1793104200,1.7376213,2026-08-29T11:28:04,0.0256,,,Metal Fabrication,0.5681953312568567,Hold
SOFI,"SoFi Technologies, Inc.",21.964922,0.82222,0.60055,36.85714,5.464705,0.91,,23374637056,1291570324,1291570324,,2.204,30.835,0.783,0.461,1.105,2.38,0.1354,0.3206811914702987,0.404,0.07095,0.14906,0.16956,0.83734,18.06,20.025,30.0,12.0,0.10880398671096336,hold,2.70833,20,60.98481190134186,,0.014974057361118117,0.013434896218507998,1.1554792945213104,0.01424,1793104200,-0.2300281,2026-08-29T11:28:04,0.1357,,,Credit Services,0.5682392368978041,Hold
CTVA,"Corteva, Inc.",20.35904,4.12102,3.76397,50.848488,3.1426983,1.33,23.15761519099575,58731745280,667196000,667196000,13.738,0.569,19.191,1.2525,0.989,1.516,3.21,0.0247,0.010173838260421064,-0.099,0.04256,0.056649998,0.3013,0.4954,83.9,92.1,103.0,78.0,0.09773539928486286,buy,1.7619,20,75.11830348522184,,0.004907104087740533,-0.00945454545454551,0.1953676463273741,0.00107,1793736000,0.11471856,2026-08-29T11:28:04,0.0218,,,Agricultural Inputs,0.5683839547109697,Hold
FIBK,"First Interstate BancSystem, In",13.00215,2.84876,2.70894,11.467492,3.334671,1.16,,3188302592,95304607,95304607,,0.731,,,,,7.08,0.145,0.18183873314749643,0.259,0.09616999,0.30635,0.43242002,0.0,37.04,37.5,41.0,33.0,0.012419006479481576,none,,8,49.55600942612306,,0.033958404103863866,-0.038539293609409615,0.17658630773870648,0.08412,1793217600,0.14465606,2026-08-29T11:28:04,0.1135,6.32,-2.55,Banks - Regional,0.568409314970004,Hold
PENN,"PENN Entertainment, Inc.",14.527927,1.19494,0.95524,-2.786516853932584,0.32553953,1.01,-42.905303120110446,12374459392,134066591,134264431,14.18,1.409,596.731,0.8215,0.758,0.885,5.12,0.1407,0.18209608238640174,,-0.37578,-0.12663999,0.0793,0.35161,17.36,24.39474,30.0,18.0,0.4052269585253456,buy,1.95,19,11.05152206417759,,0.07536953022098633,-0.17413781187366104,0.9534268753665723,0.01588,1793881800,-0.13219827,2026-08-29T11:28:04,0.1167,,,Resorts & Casinos,0.5684213229851159,Hold
MAN,ManpowerGroup,12.858827,4.85192,3.62035,28.103603,0.15501536,0.94,23.210424404293153,4132611584,46507342,46507342,9.992,0.661,67.414,1.0194999999999999,0.996,1.043,3.35,0.14310001,0.06980054891118037,,0.050809998,0.00557,0.024419999,0.16235,62.39,57.33333,72.0,47.0,-0.08104936688571895,none,,9,81.53509185581831,,-0.020764811528973845,0.013024215269107286,1.0237135609608576,0.01762,1792067400,0.5092188,2026-08-29T11:28:04,0.1152,,,Staffing & Employment Services,0.5684422828829213,Hold
LLY,Eli Lilly and Company,24.867916,47.23395,36.71123,39.46942,13.147996,1.55,94.65550194914321,1094283034624,891741406,891741406,26.237,0.506,162.071,1.017,0.679,1.355,2.46,0.0074,0.4869289045887366,0.262,1.02286,0.33528998,0.54222,0.83399004,1174.61,1315.0406,1600.0,850.0,0.11955508636909284,buy,1.7,29,33.326778932485965,,0.0622877340405369,0.05246299864704189,0.6726389813344269,0.00156,1793277000,0.5997225,2026-08-29T11:28:04,0.0074,,,Drug Manufacturers - General,0.568697080153213,Hold
HPQ,HP Inc.,9.730498,3.13653,3.03869,11.648855,0.4652084,24.28,6.963354984143544,32217970688,901790969,901790969,6.786,1.194,,0.561,0.334,0.788,5.39,0.1035,0.17175951891795882,-0.113,,0.04143,0.06022,0.19874,30.52,27.31875,72.0,17.0,-0.1048902359108781,hold,3.23529,16,43.329923252662965,,0.007169230973199088,-0.0037808629146229545,0.09107964848433231,0.00306,1795550400,0.023842454,2026-08-29T11:28:04,0.0886,,,Computer Hardware,0.5687930555575579,Hold
TCBI,"Texas Capital Bancshares, Inc.",11.988463,8.22791,7.40114,12.827048,3.3757806,1.47,,1858137472,43474369,43474369,,0.671,,,,,9.09,0.1313,0.14297319875994075,0.158,0.10188,0.28702,0.36721,0.0,98.64,109.30769,115.0,100.0,0.10814770884022695,none,,13,48.11520155113353,,-0.022533730598962517,-0.01167433424223147,0.5709697694530426,0.02037,1792612800,0.14109576,2026-08-29T11:28:04,0.1033,7.52,-0.35,Banks - Regional,0.5689976340994108,Hold
CTRE,"CareTrust REIT, Inc.",21.988731,1.775,1.815,24.39375,16.139261,,-114.83725363314409,9935866880,236293199,236293199,20.491,0.8,71.948,3.126,2.948,3.304,11.44,0.1251,-0.12761826039690627,0.05,0.09056,0.62194,0.57791,0.96365,39.03,45.38462,49.0,43.0,0.16281373302587743,strong_buy,1.30769,13,53.89956009131879,,0.005540166204986155,0.018651362984218062,0.9313175040781092,0.00777,1794254400,0.14618516,2026-08-29T11:28:04,0.1056,,,REIT - Healthcare Facilities,0.5691786405220349,Hold
PLD,"Prologis, Inc.",41.321587,3.405,3.33,31.266666,14.162425,132.25,25.295865169152172,172141608960,950333372,972091372,25.551,1.324,63.823,0.5685,0.488,0.649,2.98,0.0189,0.09668328268282678,0.853,0.07749,0.43575,0.43030998,0.75549006,140.7,158.3077,170.0,140.0,0.12514356787491132,buy,2.0,13,68.6849353428912,35.92090884552891,0.07506053268765131,0.03103709311127921,0.11460650977891576,0.00261,1791981000,0.27448332,2026-08-29T11:28:04,0.0195,3.61,34.86,REIT - Industrial,0.5692046240872403,Hold
MAMA,"Mama's Creations, Inc.",54.599995,0.3,,109.19999,4.0249734,,145.6785367603108,656060224,46497291,46497291,43.578,0.581,24.741,2.0585,1.793,2.324,5.79,0.0618,0.2287576753665066,0.667,0.14929,0.03227,0.05049,0.24462,16.38,22.42857,25.0,20.0,0.36926556776556785,none,,7,49.07362702449288,,-0.12290441176470593,-0.12457070707070717,0.425523159002817,0.01688,1788465600,0.754655,2026-08-29T11:28:04,0.0766,,,Packaged Foods,0.5695516235383707,Hold
TREX,"Trex Company, Inc.",22.696056,2.01665,1.76848,26.923529,3.859913,1.0,66.92160395634635,4989826048,101865190,101865190,15.95,1.466,30.034,0.8294999999999999,0.598,1.061,4.21,0.1003,0.1348160446174007,-0.152,0.17740999,0.14682999,0.20618999,0.38204,45.77,54.66667,61.0,42.0,0.19437775835700233,none,,18,52.549614120653835,,0.053450483991064834,0.08611821731520126,0.10054358484224102,0.008719999,1793795400,-0.23497176,2026-08-29T11:28:04,0.1063,,,Building Products & Equipment,0.5695572066833976,Hold
LNT,Alliant Energy Corporation,18.457874,3.68569,3.42089,21.52848,3.9826455,2.26,-15.491612170996866,29778808832,259284699,259284699,16.281,0.539,160.951,0.3195,0.173,0.466,8.66,0.1041,0.0006173175687469445,-0.04,0.11135,0.18447,0.19053,0.44502,68.03,78.54167,86.0,73.0,0.1545152138762309,buy,1.92308,12,52.023581765870325,,0.0006113256113255895,0.00036913088675553707,0.07288881241542093,0.00154,1793908800,0.054902554,2026-08-29T11:28:04,0.0913,,,Utilities - Regulated Electric,0.5699974284020799,Hold
GBDC,"Golub Capital BDC, Inc.",10.259843,1.27,1.37,19.742422,4.2253146,1.4,12.269085355805853,7911192064,259651589,259651589,,0.42,122.475,0.10900000000000001,0.082,0.136,11.44,0.0495,-0.11772787186755873,-0.351,0.04461,0.21450001,0.77883005,1.0,13.03,13.625,14.0,13.0,0.04566385264773598,none,,6,49.25791018109628,,0.004892432499835092,0.009274196752839135,0.21131690028755398,0.01395,1794945600,-0.11389828,2026-08-29T11:28:04,,,,Asset Management,0.5701473931644143,Hold
WAB,Westinghouse Air Brake Technolo,23.486967,12.44222,10.86295,39.331093,4.1202683,1.37,44.81745023413352,56519819264,168910851,168910851,21.32,0.928,61.686,0.823,0.525,1.121,2.56,0.0214,0.19040931242481274,0.189,0.11553001,0.10593,0.19188,0.35735,292.23,329.16666,355.0,292.0,0.12639585258187025,strong_buy,1.41667,12,60.98386650757022,,0.02201919105533872,0.021980152152592837,0.2895028101371431,0.00699,1792585800,0.5433496,2026-08-29T11:28:04,0.0167,,,Railroads,0.5703413226390357,Hold
PFGC,Performance Food Group Company,15.087299,6.68443,5.59772,44.039303,0.24620579,1.02,22.19137355431238,23776573440,157072459,157072459,13.975,0.905,158.849,1.069,0.624,1.514,1.9,0.0365,0.08048390583864218,0.227,0.076680005,0.00558,0.02229,0.12575,100.85,123.61538,144.0,72.0,0.2257350520575112,buy,1.57143,13,16.79250155656723,,-0.009982469555808737,-0.027198558646664688,0.44437758909470615,0.04245,1793795400,-0.029092968,2026-08-29T11:28:04,0.023,,,Food Distribution,0.5704338466976168,Hold
IRTC,"iRhythm Holdings, Inc.",99.087,1.21358,0.58468,-286.3095238095238,4.802652,,48.437020603433325,3970661120,32963003,32963003,224.395,1.321,391.084,3.754,3.653,3.855,4.36,0.0858,0.17056955642057248,,-0.0963,-0.016900001,0.07937,0.71454,120.25,176.14285,196.0,157.0,0.4648054054054054,strong_buy,1.13333,14,55.21094817595899,,1.0,0.12219931017264199,0.3837767815079704,0.01169,1793908800,-0.32002574,2026-08-29T11:28:04,0.0924,,,Medical Devices,0.5706098210085385,Hold
SUI,"Sun Communities, Inc.",39.323074,3.1259,2.33399,157.58975,6.6609225,9.42,8.290199017130526,18955573248,121800957,126352693,18.56,0.773,72.848,0.53,0.463,0.597,2.31,0.0466,0.07272388672611174,,0.01722,-0.37355,0.23205,0.53682,122.92,139.0,155.0,126.0,0.13081679140904656,buy,1.84211,19,56.46474980541241,,-0.008369836299597581,0.1340228625742344,1.434615216480591,0.0116799995,1793217600,-0.014164507,2026-08-29T11:28:04,0.0343,,,REIT - Residential,0.570676778498734,Hold
PRK,Park National Corporation,14.977886,13.2275,12.985,17.705093,5.8798127,3.47,,3156554496,18064161,18064161,,0.677,,,,,5.93,0.0401,0.12667641192967682,0.088,0.12585,0.31254,0.46613997,0.0,198.12,211.33333,217.0,205.0,0.06669356955380579,none,,3,46.72765200783664,,0.056263843889328626,0.04565217391304338,0.14632037794925937,0.02179,1793044800,0.15906835,2026-08-29T11:28:04,0.0385,,,Banks - Regional,0.5710626004251725,Hold
IDCC,"InterDigital, Inc.",28.923409,11.5875,11.555,39.429413,10.968808,1.32,14.394467294529777,7925109248,25806007,25806007,18.668,1.412,33.401,1.721,1.699,1.743,10.42,0.1224,-0.12961419409054642,-0.364,0.26403,0.38323003,0.53518003,0.82498,335.15,462.66666,488.0,425.0,0.3804763837087872,none,,3,44.31177800301998,,0.20176807072282885,0.03068712474983328,0.49020815352169483,0.01575,1793277000,0.20598936,2026-08-29T11:28:04,0.103,,,Software - Application,0.5713640993407259,Hold
CW,Curtiss-Wright Corporation,34.814728,17.12982,15.29155,41.04405,6.0283313,2.0,39.828193454329664,23035269120,36934444,36934444,27.323,0.878,41.482,1.3290000000000002,1.056,1.602,2.98,0.0232,0.07554136187890093,0.276,0.19746,0.14811,0.19395,0.37727,596.37,806.5,870.0,700.0,0.35234837433137156,none,,6,21.853269089599493,,0.004733398118599168,0.003285163815990854,0.6583698539523335,0.00368,1793822400,0.25529182,2026-08-29T11:28:04,0.0195,3.18,0.01,Aerospace & Defense,0.5714578758513992,Hold
TTEK,"Tetra Tech, Inc.",21.026587,1.7378,1.57707,22.012049,2.1464922,2.1,23.587664450462967,10174635008,256044428,256044428,15.541,0.887,55.247,1.139,1.094,1.184,3.74,0.0471,-0.01374598430238061,-0.023,0.24297,0.100030005,0.14253001,0.21837,36.54,40.33333,46.0,36.0,0.1038130815544609,none,,6,73.62404998646937,,0.022106859542697064,0.012875136240973091,0.12830113151897102,0.00492,1794427200,0.0060406923,2026-08-29T11:28:04,0.0421,,,Engineering & Construction,0.5715999767633134,Hold
STAA,STAAR Surgical Company,21.59707,1.02375,0.7625,276.375,3.2647707,0.76,72.23399811056456,977175808,50143984,50143984,19.636,1.231,9.836,4.264,3.863,4.665,4.02,0.1826,1.0851320868321914,,0.0109399995,0.0113,0.10885999,0.76622003,22.11,27.9,37.0,19.0,0.2618724559023067,hold,2.66667,10,39.34696967637023,,0.04657067955035193,0.03558675662826102,1.3174549608865183,0.00854,1794427200,-0.19286227,2026-08-29T11:28:04,0.168,,,Medical Instruments & Supplies,0.5717770558090068,Hold
MA,Mastercard Incorporated,25.853596,23.02581,19.92584,32.762794,14.864427,1.84,30.74588759373573,531390365696,869464115,876009940,23.935,0.735,439.583,0.8634999999999999,0.666,1.061,2.4,0.0083,0.18870861982383258,0.221,2.41202,0.46339,0.61108,1.0,595.3,669.4595,740.0,550.0,0.12457500419956347,strong_buy,1.375,37,59.44475091797357,,0.013731218145761524,0.01033910219226002,0.20754416385079388,0.00112,1793277000,-0.00023651123,2026-08-29T11:28:04,0.0083,,,Credit Services,0.5720036540437299,Hold
VMI,"Valmont Industries, Inc.",18.333199,25.9791,22.94621,18.597422,2.1725528,1.08,64.38174362557181,10025870336,19304858,19304858,14.785,1.351,50.676,1.8875000000000002,1.421,2.354,1.98,0.024600001,0.10726610887269916,,0.29777,0.116960004,0.14849,0.30403998,476.28,624.5,678.0,600.0,0.31120349374317646,buy,1.66667,4,35.97066531484215,,0.0019448363372628003,0.0074104234527686795,0.37534762699589475,0.0256,1792499400,0.31141853,2026-08-29T11:28:04,0.0223,,,Conglomerates,0.572099112806947,Hold
FLG,"Flagstar Bank, N.A.",9.829716,1.3683,0.35343,448.33334,2.7488914,0.78,,12337998848,415092836,415092836,,1.003,,,,,0.0,0.0001,0.15433656977881438,,0.0059100003,0.023629999,0.20281,0.0,13.45,16.26471,18.0,13.0,0.20927211895910802,buy,1.94444,17,29.875993692884677,,-0.19909809875592013,-0.0953807096531069,1.3107937659390847,0.00945,1792758600,0.048324227,2026-08-29T11:28:04,0.0001,,,Banks - Regional,0.5725780212575922,Hold
AEE,Ameren Corporation,18.268677,5.80885,5.38887,18.6831,3.4928794,2.84,-16.44708599980595,51478016000,276843251,276843251,13.166,0.476,157.846,0.395,0.259,0.531,8.01,0.0514,-0.08383101598528775,0.119,0.11943,0.18583,0.25236,0.52408004,106.12,120.4,136.0,108.0,0.1345646437994723,buy,1.8125,15,45.97787304078987,,0.0030458060235971636,-0.0003666637539171869,0.11653961930926311,0.00324,1793822400,0.07049739,2026-08-29T11:28:04,0.0455,,,Utilities - Regulated Electric,0.5726810043157008,Hold
BOX,"Box, Inc.",19.073479,1.83396,1.61292,51.441174,7.095416,0.67,31.512291630597208,5458703360,137200773,137200773,-69.238,1.414,2048.842,0.7110000000000001,0.662,0.76,5.23,0.1408,0.19901971689328635,,-5.75826,-0.1976,-0.22146,0.69536,34.98,37.5,50.0,26.0,0.07204116638078917,buy,2.4,8,66.8996101704622,,0.023510822593234088,0.01826136685414786,0.80037724836941,0.03304,1787688000,0.07888198,2026-08-29T11:28:04,0.1092,,,Software - Infrastructure,0.5727992458689138,Hold
COHR,Coherent Corp.,20.015858,13.94894,9.40614,67.93188,7.681227,0.92,-84.11986219327503,59744239616,195832246,195832246,41.972,2.107,31.612,1.7974999999999999,1.168,2.427,1.54,0.06,0.06372305153462832,,0.07981,0.11309,0.118269995,0.37495998,279.2,416.09348,500.0,280.0,0.4903061604584529,buy,1.63636,21,39.79163459408051,,0.13541074435532066,0.071810621643614,1.3187311353143638,0.04439,1793822400,2.3643508,2026-08-29T11:28:04,0.0514,,,Scientific & Technical Instruments,0.5728788971623103,Hold
PRLB,"Proto Labs, Inc.",33.398952,2.3875,2.214,63.285713,3.4030497,0.86,45.66122242395541,1775608960,23921897,23921897,23.959,1.414,0.324,3.4524999999999997,3.268,3.637,3.44,0.0377,0.10382252711814632,1.056,0.04494,0.054369997,0.088520005,0.45421,79.74,95.5,110.0,87.0,0.19764233759719096,none,,4,43.82410313638264,87.41596782541691,0.08529411764705878,0.0815402038505097,1.510253772625872,0.01307,1793363400,0.63169694,2026-08-29T11:28:04,0.0278,,,Metal Fabrication,0.5731030946474657,Hold
EFX,"Equifax, Inc.",19.1549,10.14623,8.56217,34.156414,3.5430508,1.89,24.09740151363639,28269889536,117484896,117484896,14.691,1.296,120.956,0.5549999999999999,0.508,0.602,3.88,0.0633,0.16545023796080138,0.007,0.14275,0.10729,0.17305,0.55542,194.35,211.5238,245.0,179.0,0.0883653202984307,buy,1.75,21,72.91000070033145,,-0.0006454474363014877,-0.0009688787099734952,0.108374622818117,0.00649,1792499400,-0.18660003,2026-08-29T11:28:04,0.0548,,,Consulting Services,0.5731502609640207,Hold
ADP,"Automatic Data Processing, Inc.",21.45623,13.39844,12.25722,26.301922,5.2035823,2.62,21.782187530638655,115489693696,397262737,397262737,18.014,0.823,91.436,0.603,0.155,1.051,4.6,0.0313,0.12246490138842292,0.098,0.72239,0.20109,0.23459,0.48653,287.48,287.26666,322.0,225.0,-0.0007421037985251289,hold,2.72222,15,60.82065312819515,,0.004455516539169167,0.0033511336566896875,0.14852693626515429,0.0018099999,1793190600,-0.050338566,2026-08-29T11:28:04,0.0281,,,Software - Application,0.5732821472180201,Hold
AZZ,AZZ Inc.,17.721697,7.80625,7.07,21.12061,2.479545,1.2,39.626633639485966,4699082752,30051501,30051501,12.838,1.118,39.448,1.623,1.323,1.923,3.58,0.037,0.059402570274276645,-0.696,0.15314999,0.118310004,0.17175,0.23807,138.34,164.0,200.0,144.0,0.1854850368656933,none,,9,30.400296355030306,,0.03392804913717464,0.023434939364142898,1.1852190288425148,0.017339999,1791403200,0.24323845,2026-08-29T11:28:04,0.0318,,,Specialty Business Services,0.5737743186675656,Hold
HIG,"The Hartford Insurance Group, I",10.12134,13.6889,12.75849,9.568371,1.2802087,0.12,6.814220092227863,38053163008,270872002,270872002,6.812,0.458,22.33,1.3855,0.999,1.772,0.04,0.0002,0.12210538466799514,0.361,0.22061001,0.1489,0.17615,0.37868,138.55,149.85,164.0,135.0,0.08155900396968585,none,,20,26.898332214451358,,0.0012359979093978686,-0.017403194952391537,0.3627751147648172,0.00345,1793304000,0.044651628,2026-08-29T11:28:04,0.0002,,,Insurance - Diversified,0.5738601517120371,Hold
XPO,"XPO, Inc.",29.299793,6.43554,5.45056,55.622417,2.5749736,2.4,46.60226328308979,25824823296,117086465,117086465,18.7,1.715,206.167,0.9415,0.872,1.011,6.06,0.0519,0.13896618195792332,0.528,0.21587,0.047119997,0.12314,0.18988001,188.56,232.73914,275.0,115.0,0.23429751803139576,buy,1.72,23,36.33226446707472,34.680275856275244,0.10498061921211838,0.06340747644093253,0.5346681830363675,0.02151,1793277000,0.50957215,2026-08-29T11:28:04,0.0603,5.41,9.76,Trucking,0.5738975463865401,Hold
CL,Colgate-Palmolive Company,22.090935,4.10802,3.87527,35.728348,3.4372325,1.76,20.918330418422837,79244836864,797172829,797172829,15.903,0.327,1388.163,0.7905,0.555,1.026,3.97,0.024600001,0.06353828149353524,-0.055,2.67367,0.096829996,0.20966,0.60431,90.75,98.95,110.0,87.0,0.09035812672176302,buy,2.04762,20,44.904764600380595,,0.015979257115291863,0.013490109391267298,0.2067017606780233,0.0014599999,1793363400,0.077852845,2026-08-29T11:28:04,0.0235,,,Household & Personal Products,0.5739623592973937,Hold
MRVL,"Marvell Technology, Inc.",32.789215,6.60644,4.05464,71.72848,20.600128,1.45,87.32864737836714,195424894976,876926613,898704613,68.563,,26.781,2.8145,2.461,3.168,1.24,0.0379,0.3420769566723141,0.5,0.16523,0.27934998,0.16679001,0.52216,216.62,269.28217,400.0,126.0,0.24310853106823016,strong_buy,1.43182,41,60.87202966942372,,0.001375624526125661,0.01192448573452075,1.462108983332503,0.00494,1787860800,2.737616,2026-08-29T11:28:04,0.0401,1.46,10.3,Semiconductors,0.5740460656290476,Hold
SGI,Somnigroup International Inc.,17.923325,3.59141,3.01734,25.44269,1.7779973,0.83,19.68451988266787,19848927232,210365491,210365491,15.578,1.194,198.088,0.5115000000000001,0.275,0.748,5.25,0.0791,-0.038209920846761,0.106,0.17516,0.07002,0.111269996,0.44733003,64.37,89.44444,105.0,66.0,0.38953611931023757,strong_buy,1.4,9,45.0477496870382,,-0.04066462336737416,-0.07832685763559182,0.13289230885377745,0.03068,1793881800,-0.25778097,2026-08-29T11:28:04,0.0735,,,"Furnishings, Fixtures & Appliances",0.5741531027229874,Hold
SRPT,"Sarepta Therapeutics, Inc.",8.118943,2.5693,4.3927,-13.286624203821654,1.116006,-0.09,99.52086958391276,2554409472,105627021,105627021,-145.692,0.205,69.539,3.431,2.44,4.422,8.66,0.3069,-0.3702934876862616,,-0.09478,-0.06925,0.13032,-0.17299,20.86,22.08696,38.0,5.0,0.05881879194630879,hold,2.66667,23,82.50923011641447,,-0.0875648593968752,-0.039992683809943384,0.8158709857068869,0.049289998,1793822400,0.18887663,2026-08-29T11:28:04,0.2728,8.77,-3.24,Biotechnology,0.5744554320569043,Hold
SPGI,S&P Global Inc.,21.88461,20.23751,17.87075,26.989033,8.098497,2.15,23.96438793573567,147316965376,294800000,294800000,18.091,1.072,42.98,0.8919999999999999,0.83,0.954,3.83,0.025799999,0.21396536349872464,0.177,0.14255,0.30536,0.4479,0.70903,442.89,519.3,553.0,485.0,0.17252590936801449,strong_buy,1.33333,20,67.6835470284796,,0.00043441775425060976,-0.0037290912438475814,0.24380571725383093,0.00107,1793277000,-0.14719588,2026-08-29T11:28:04,0.0259,,,Financial Data & Stock Exchanges,0.5745003930614382,Hold
ITW,Illinois Tool Works Inc.,22.595106,12.39649,11.44922,25.371378,4.8437963,2.81,32.787704760547925,89075613696,284800000,284800000,18.534,1.005,334.853,0.9245,0.74,1.109,6.16,0.0309,0.08596032303370782,0.101,1.04618,0.19393998,0.26900998,0.44162,280.1,301.85715,350.0,249.0,0.07767636558372004,hold,3.25,14,14.001893164007285,,0.008900497722882482,0.015568783773264963,0.08847936284511702,0.0037200002,1792758600,0.07401049,2026-08-29T11:28:04,0.034,,,Specialty Industrial Machinery,0.5745908535655481,Hold
VVV,Valvoline Inc.,16.089916,1.99566,1.76029,39.641975,2.085124,1.1,56.46582028266115,5976589312,127536079,127536079,12.42,1.016,474.994,0.5815,0.461,0.702,5.26,0.1012,0.2368734654293394,0.157,0.28399,0.051680002,0.21043,0.38284,32.11,43.5,48.0,35.0,0.35471815633758963,buy,1.625,16,28.698783002447527,,0.00550652614743088,-0.03341018288902657,0.9612060472091114,0.00312,1795005000,-0.16757739,2026-08-29T11:28:04,0.0908,,,Auto & Truck Dealerships,0.5751785964297105,Hold
EMR,Emerson Electric Company,21.420122,7.24459,6.5554,33.956234,4.6447415,1.79,23.354981533809028,99607633920,557800000,557800000,16.442,1.235,67.677,0.757,0.618,0.896,3.92,0.0215,0.10740201305127295,0.23,0.128,0.13828,0.26924,0.53161,155.18,171.44408,205.0,104.0,0.10480783606134825,buy,1.93103,27,52.59286640415609,,0.007543434691192566,0.008824763420791151,1.0436399463939559,0.00253,1793822400,0.19477272,2026-08-29T11:28:04,0.0215,,,Specialty Industrial Machinery,0.5753633603273077,Hold
CVLT,"Commvault Systems, Inc.",21.996061,6.20111,5.45222,87.4359,4.6494803,3.17,18.611421990768324,5804977152,41444564,41444564,47.558,0.803,1762.992,1.9905,1.938,2.043,4.72,0.0907,0.19679721084772428,-0.038,0.32773998,0.05618,0.089499995,0.81087,136.4,160.9,200.0,130.0,0.1796187683284458,buy,1.88889,16,52.51950025383765,,0.0453757602251723,0.030084717607973478,0.952692529456226,0.00887,1793104200,-0.21490097,2026-08-29T11:28:04,0.0784,4.27,-8.91,Software - Application,0.5755655551168626,Hold
TXNM,"TXNM Energy, Inc.",17.682499,3.25972,2.86066,31.497267,2.6588023,2.84,-11.223188534791062,11965954048,103046111,103046111,12.745,0.17,165.512,0.41650000000000004,0.276,0.557,7.43,0.0686,0.11672208570782461,1.909,0.06252,0.08768,0.22482,0.59381,57.64,60.7,61.25,59.0,0.05308813324080508,none,,5,57.5716958487145,76.69222124600174,-0.02648307968745746,0.0025403972369336786,0.3955700470969572,0.01047,1793363400,0.013570666,2026-08-29T11:28:04,0.0724,6.38,-4.85,Utilities - Regulated Electric,0.575565712855124,Hold
OXM,"Oxford Industries, Inc.",12.656555,3.02689,2.47273,-14.90661478599222,0.38743815,1.7,43.14203260141983,1155073024,14930932,14930932,13.521,1.039,113.191,0.7845,0.398,1.171,10.03,0.3316,-0.007744406042435981,-0.412,-0.07005,-0.02647,0.057140004,0.60238,38.31,40.0,44.0,36.0,0.04411380840511603,none,,4,37.31218807206492,,0.0037630000081186176,0.00252046845605564,0.9209739923917423,0.06723,1788465600,-0.10349685,2026-08-29T11:28:04,0.2355,9.17,2.13,Apparel Manufacturing,0.5755714875356697,Hold
GBCI,"Glacier Bancorp, Inc.",13.004161,3.605,3.12167,19.213116,5.4060383,1.75,,7365696000,130211953,130211953,,0.73,,,,,6.96,0.0717,0.28828161420787546,0.667,0.07946,0.27603,0.44305,0.0,46.88,56.83333,60.0,55.0,0.2123150597269623,buy,1.83333,6,52.28585733033096,,-0.01369036334913115,-0.012328767123287652,0.21353025292247732,0.0069999998,1792094400,-0.03016001,2026-08-29T11:28:04,0.0667,6.39,6.26,Banks - Regional,0.5755840607410511,Hold
NAVN,"Navan, Inc.",74.07215,0.38476,0.25337,-20.21276595744681,9.474652,,1866.5312600508578,7269323776,239026566,254331262,-50.629,,13.945,4.006,3.702,4.31,3.36,0.32700002,0.3633596249757445,,-0.52897,-0.46701,-0.068969995,0.72148,28.5,29.93333,38.0,25.0,0.05029228070175451,strong_buy,1.26667,15,50.34539726665295,,0.0,0.16671720540966697,,0.21180001,1788984000,0.52900004,2026-08-29T11:28:04,0.0682,,,Software - Application,0.5756433253196214,Hold
MKTX,"MarketAxess Holdings, Inc.",18.454168,8.81752,8.003,19.211334,6.582095,1.36,-12.509201144308049,5573629440,35192891,35192891,12.814,0.825,14.275,6.9905,6.516,7.465,1.02,0.049200002,0.06027639218386471,0.01,0.2314,0.35217,0.41862,0.61662996,162.72,158.0,167.0,124.0,-0.029006882989183858,hold,3.0,9,57.99019196465572,,0.009973535992690581,0.002471639809090203,0.04367443693504871,0.009459999,1793881800,-0.09844619,2026-08-29T11:28:04,0.0451,,,Capital Markets,0.5757120500332503,Hold
MEDP,"Medpace Holdings, Inc.",31.10542,19.31014,17.70463,35.249413,6.0256658,3.28,32.84727952059359,16406559744,27911655,27911655,26.843,1.151,33.216,0.6950000000000001,0.658,0.732,4.61,0.0706,0.17961460902264648,0.371,1.6215401,0.17665,0.20757,0.7235,600.65,581.8333,692.0,370.0,-0.03132722883542827,none,,12,47.103598226656764,,0.03450909311886629,0.029239572828698743,0.3285417546652771,0.19479999,1792440000,0.29203105,2026-08-29T11:28:04,0.0778,3.82,-20.26,Diagnostics & Research,0.5757141808810883,Hold
LII,"Lennox International, Inc.",14.941529,26.32863,23.67104,17.491776,2.5641859,1.17,48.95206789213458,15568423936,34560675,34560675,13.297,1.199,156.082,1.1215,0.674,1.569,2.93,0.0636,0.0467975234858693,0.001,0.71757007,0.14871,0.22856002,0.33330002,393.39,511.15384,609.0,450.0,0.2993564655939398,buy,2.35294,13,35.05892393846129,,-0.032061206047000426,-0.015943810569978754,0.23446590131196693,0.095970005,1793190600,-0.28040546,2026-08-29T11:28:04,0.0557,,,Building Products & Equipment,0.576257609464838,Hold
MMM,3M Company,17.829676,9.77808,8.94196,30.966251,3.5707326,1.8,14.158941666045829,100136640512,515722417,515722417,15.434,1.08,437.937,1.0255,0.811,1.24,2.62,0.0187,0.05860390862164144,0.328,0.81891996,0.11902001,0.20354,0.39408,174.34,185.57059,219.0,120.0,0.06441774693128366,buy,2.22222,17,50.26805492119451,,0.02349751106542879,0.0303670217810513,1.145645959480727,0.00096000003,1792499400,0.15920138,2026-08-29T11:28:04,0.0187,,,Conglomerates,0.5763951458719038,Hold
IRMD,iRadimed Corporation,36.128628,2.41,2.09,48.64246,12.895403,,68.74242585896904,1053388224,12786991,12786991,36.095,0.91,,8.674999999999999,7.887,9.463,5.4,0.087799996,-0.002254713403646025,-0.093,0.2352,0.26703,0.31227,0.75863,87.07,118.0,120.0,116.0,0.35523142299299426,none,,2,45.54534764773281,,0.007228915662650447,0.02335456475583871,0.21716934238280935,0.35185,1793709000,0.21465969,2026-08-29T11:28:04,0.0874,,,Medical Devices,0.576411500338015,Hold
HEI,Heico Corporation,47.235332,7.12454,6.36743,56.088333,,2.72,,49998405632,,,33.896,1.053,45.034,1.9125,1.108,2.717,1.69,0.014400001,0.231,0.325,0.17728001,0.16375999,0.25136998,0.40398,336.53,392.42105,472.0,290.0,0.16608043859388477,buy,1.86364,19,15.888716033879604,,0.042485752128789966,0.017841133355181258,0.2962549411566578,0.22819,1787688000,0.06679118,2026-08-29T11:28:04,0.0059,,,Aerospace & Defense,0.5766826976308755,Hold
WM,"Waste Management, Inc.",24.087534,9.11924,8.12753,31.025425,3.4207907,2.28,37.388167014413504,110601437184,399715184,399715184,14.227,0.437,235.301,0.8540000000000001,0.801,0.907,3.19,0.0153,0.04810433380984591,0.083,0.29841,0.11115,0.18986,0.40601003,219.66,259.92,277.0,220.0,0.1832832559409998,buy,1.75,25,34.95316629338292,,-0.005435667129632531,-0.009888907225807554,0.11727138351921117,0.0025499999,1793044800,-0.035307646,2026-08-29T11:28:04,0.0155,3.21,-0.37,Waste Management,0.576894736773677,Hold
CTOS,"Custom Truck One Source, Inc.",29.677418,0.31,0.13,102.22221,1.0283695,,26.289324758842444,4630915072,227505535,227505535,20.274,1.372,312.29,0.807,0.27,1.344,3.16,0.059499998,0.09741998145231956,,0.026670001,0.01052,0.093380004,0.22151,9.2,13.33333,15.0,12.0,0.4492750000000001,strong_buy,1.33333,6,31.27814575999497,,0.08333333333333341,0.1204684280912277,1.1631069040625577,0.04699,1793131200,0.5732899,2026-08-29T11:28:04,0.0595,,,Rental & Leasing Services,0.5773246588951791,Hold
TARS,"Tarsus Pharmaceuticals, Inc.",30.864517,2.325,-2.132,-67.06542056074767,5.1936054,,46.674719012925145,2788164864,43882996,43882996,-60.356,0.512,25.614,3.158,3.118,3.198,6.31,0.1412,0.6218595193454886,,-0.13683,-0.07665,-0.11447,0.82672,71.76,94.85714,104.0,84.0,0.3218664994425864,none,,7,68.16934483770204,,0.05244444444444439,0.40060240963855437,0.4304684353461463,0.02865,1793795400,0.22772276,2026-08-29T11:28:04,0.1835,,,Biotechnology,0.577498035529135,Hold
MGRC,McGrath RentCorp,16.167027,6.945,6.35,18.080515,2.9399076,1.13,40.192104688365205,3363935232,24425663,24425663,13.119,0.453,47.364,1.514,1.192,1.836,2.59,0.020299999,-0.05486344423895484,-0.062,0.1269,0.16383,0.23278,0.48520002,112.28,145.4,150.0,140.0,0.29497684360527265,none,,5,20.44215587535004,,0.001972386587771091,-0.00927246790299565,0.2848824670347484,0.011410001,1792699200,-0.05672115,2026-08-29T11:28:04,0.018,,,Rental & Leasing Services,0.577501708786631,Hold
AGYS,"Agilysys, Inc.",36.823112,3.20125,2.45625,77.55263,10.065872,2.58,57.871243353915354,3211280896,28205788,28205788,65.87,0.368,5.451,1.6725,1.604,1.741,4.78,0.0661,0.13639513989114582,0.882,0.13802,0.12986,0.11107001,0.63057,117.88,134.5,159.0,118.0,0.14099083814048186,strong_buy,1.5,6,68.8951782394333,60.59256228332089,0.003575076608784489,0.0043137254901960565,0.8169604964278249,0.03632,1793044800,0.12030494,2026-08-29T11:28:04,0.0596,4.98,-4.26,Software - Application,0.5780404410862398,Hold
ICHR,Ichor Holdings,16.963076,3.26857,1.57,-47.38888888888889,2.048475,0.52,204.95949467035138,1974335744,37454229,37454229,53.658,1.855,17.81,2.864,2.027,3.701,2.13,0.0653,0.12181001242877021,,-0.051659998,-0.03974,0.027590001,0.12667,55.445,95.85714,115.0,80.0,0.7288689692488051,none,,7,47.35925046601145,,0.13886128379407645,0.2112229810603393,1.2387289117950098,0.0148,1793649600,2.5855582,2026-08-29T11:28:04,0.0565,,,Semiconductor Equipment & Materials,0.5781605702762398,Hold
AWR,American States Water Company,23.652632,3.8,3.68,24.557375,5.107638,2.98,-139.46326589414343,4418254848,39635626,39635626,15.915,0.56,81.811,0.86,0.74,0.98,3.57,0.0359,0.08038625654606801,0.258,0.1367,0.20521,0.35755002,0.5762,89.88,84.0,89.0,79.0,-0.06542056074766356,none,,2,72.61708902244536,,0.019390581717451602,0.0026385224274405768,0.20052383295360104,0.00818,1793822400,0.20928013,2026-08-29T11:28:04,0.0257,,,Utilities - Regulated Water,0.5781906530206412,Hold
CDE,"Coeur Mining, Inc.",10.255738,2.06031,1.2425,17.756302,6.8492303,3.75,27.26129744602811,21381148672,1027934998,1027934998,13.122,1.343,6.851,2.9855,2.317,3.654,1.3,0.048600003,0.4058044331865429,0.076,0.12848,0.26817,0.19387,0.56329,21.13,23.31818,35.0,18.0,0.10355797444391879,none,,11,72.20896456507622,,-0.23713099857556855,0.0023108058144739306,1.392263474079071,0.00557,1793217600,0.62591505,2026-08-29T11:28:04,0.0457,,,Gold,0.5781995369337715,Hold
TBPH,"Theravance Biopharma, Inc.",13.372549,1.275,0.21,16.39423,8.486302,,166.9940634329238,535607584,51918754,51918754,48.244,0.246,13.313,13.402999999999999,13.263,13.543,2.79,0.052699998,-0.23821306844151147,,0.20914,0.51584,0.0889,0.75061995,17.05,17.66667,19.0,17.0,0.03616832844574769,none,,3,78.28181410129484,,0.0,0.5937499999999998,1.5246298210026394,0.04607,1794313800,0.23121393,2026-08-29T11:28:04,0.0663,,,Biotechnology,0.5783575496208345,Hold
ZTS,Zoetis Inc.,11.841187,6.53144,6.2064,12.616638,3.3552454,6.93,15.844676913266893,38579036160,413223602,413223602,9.488,0.73,293.996,2.3295,1.575,3.084,2.47,0.046,0.07035667818412739,0.012,0.64911,0.27685,0.40721,0.71738,77.34,96.0,155.0,80.0,0.2412723041117144,buy,2.22222,15,56.89086730551094,,-0.09697638991344273,-0.11617263986901127,0.12269291878317502,0.00164,1793709000,-0.5092883,2026-08-29T11:28:04,0.0407,,,Drug Manufacturers - Specialty & Generic,0.5784121733036474,Hold
ASB,Associated Banc-Corp,9.267974,3.33622,2.95556,10.81119,3.7528403,1.78,,9825383424,188849659,188849659,,0.771,,,,,0.01,0.0001,0.08457850061566674,-0.031,0.096949995,0.32459998,0.41342998,0.0,30.92,34.4,36.0,33.0,0.11254851228978002,buy,2.4,10,52.89813251918957,,-0.012070181537402141,0.014588306850148208,0.5585268672294862,0.12512,1792699200,0.16976833,2026-08-29T11:28:04,0.0001,,,Banks - Regional,0.5784145075942629,Hold
EVR,Evercore Inc.,12.846212,22.58331,19.53975,16.335022,2.3687901,1.48,,11390575616,38457778,38457778,,1.505,50.183,1.7125,1.598,1.827,1.98,0.0294,0.2017255599114438,-0.017,0.39504,0.15818,0.16955,0.93934995,290.11,363.9,391.0,303.0,0.25435179759401594,none,,10,49.561652785608906,,-0.005841898347305393,-0.022313357623279528,0.32128565066954773,0.02333,1793190600,-0.080429375,2026-08-29T11:28:04,0.0305,,,Capital Markets,0.5784233782408356,Hold
TFX,Teleflex Incorporated,12.753003,10.95193,7.07617,-268.5961538461538,2.6250122,0.16,32.96249737665838,8530792448,42372397,42372397,21.121,0.809,101.103,1.78,0.956,2.604,8.55,0.17899999,0.34437802043627586,-0.173,-0.00701,-0.45761,0.14442,0.55108,139.67,153.54546,170.0,138.0,0.09934459798095507,hold,2.53846,11,64.00179483512038,,0.05643174713131037,0.0350728629039499,1.4328444027445206,0.00495,1793277000,0.08398926,2026-08-29T11:28:04,0.1146,,,Medical Instruments & Supplies,0.5784655538331327,Hold
MTB,M&T Bank Corporation,11.263149,21.06782,19.30029,12.568327,3.6259162,1.61,,37908275200,144416262,144416262,,0.573,,,,,5.13,0.045,0.1491619240497999,0.255,0.10742,0.32092,0.45108002,0.0,237.29,257.25,300.0,224.0,0.08411648194192756,hold,2.75,18,33.7837721874719,,-0.0021291039409104197,0.002340304767722701,0.15922164646440473,0.0033500001,1792153800,0.19951749,2026-08-29T11:28:04,0.0371,4.36,-6.18,Banks - Regional,0.5788440661802564,Hold
SAIA,"Saia, Inc.",24.884075,14.15564,11.33156,34.033813,2.762611,1.85,69.05528874267627,9556826112,26605107,26605107,15.526,2.143,9.872,1.4935,1.403,1.584,2.56,0.051799998,0.17235972777707675,0.315,0.10767,0.08194,0.13091,0.23584999,352.25,434.2857,510.0,285.0,0.2328905606813343,buy,2.04762,21,66.46989477952698,,-0.009698895524944606,-0.029610526720957188,0.1559833107322373,0.00153,1793277000,0.19098699,2026-08-29T11:28:04,0.0521,,,Trucking,0.5791424540910731,Hold
RF,Regions Financial Corporation,10.669735,2.84262,2.62923,12.329268,3.5699117,1.78,,31821656064,851929506,851929506,,1.012,,,,,5.33,0.0769,0.08300796299922975,0.085,0.118669994,0.30837,0.39314997,0.0,30.33,32.93,36.0,28.0,0.0857237059017475,hold,2.90909,20,62.040446401341796,,0.0072674752706628366,-0.0009980811538380274,0.08006041326903343,0.00261,1792153800,0.13053179,2026-08-29T11:28:04,0.0584,,,Banks - Regional,0.5791452809979654,Hold
BE,Bloom Energy Corporation,42.838303,4.92013,2.7112,277.32895,19.940426,0.91,116.76665724470786,64283729920,294527346,294527346,153.612,3.832,171.578,3.65,3.213,4.087,1.09,0.0706,1.0934150330475596,,0.22213,0.07868,0.17106001,0.31651,210.77,275.08463,390.0,97.0,0.3051412914551406,buy,2.24138,26,40.788770208907856,,0.25095164051289376,0.08407491414529188,0.8409543315859715,0.05638,1793131200,3.2420645,2026-08-29T11:28:04,0.0704,1.0,6.13,Electrical Equipment & Parts,0.5793816402950492,Hold
DTE,DTE Energy Company,16.240997,8.36525,7.70895,21.496836,1.7170266,1.91,-10.887534794706058,56073846784,208088069,208088069,15.503,0.396,229.06,0.5985,0.395,0.802,3.2,0.023699999,-0.017707930193729626,0.224,0.1103,0.07999,0.13623999,0.29347,135.86,159.10715,168.0,148.0,0.17111107021934324,buy,1.94118,14,53.721926828518654,,-7.52315640512777e-05,0.0007009032801316883,0.10403100365807891,0.00405,1793277000,0.00434947,2026-08-29T11:28:04,0.0209,,,Utilities - Regulated Electric,0.5794097426071259,Hold
PNRG,PrimeEnergy Resources Corporati,33.93204,6.18,13.85,20.241314,1.8675401,,13.837408391659242,305000480,1582600,1582600,3.147,-0.259,0.278,1.4300000000000002,1.375,1.485,1.13,0.13340001,0.008303108808290105,1.068,0.11715999,0.13966,0.20073,0.64878,209.7,166.0,166.0,166.0,-0.20839294229852168,hold,3.0,1,59.38097350855846,83.2882380997766,-0.008589835361488976,0.06185567010309268,0.35892995598322397,0.61296004,1794855600,0.39480484,2026-08-29T11:28:04,0.1412,,,Oil & Gas E&P,0.5795735067658525,Hold
AVTR,"Avantor, Inc.",16.534174,0.88181,0.81252,-17.152941176470588,1.5029967,,21.897602132644053,13272602624,676358840,676358840,14.064,0.888,65.678,1.4140000000000001,1.046,1.782,4.35,0.0937,0.012535248419315304,-0.374,-0.09701,-0.08809,0.07162,0.31825,14.58,14.56429,19.0,12.0,-0.0010775034293553087,none,,14,69.03708866293805,,0.029079487309387482,0.03619228916228944,1.0318704654577193,0.014989999,1793190600,0.084632516,2026-08-29T11:28:04,0.0808,3.37,-5.01,Medical Instruments & Supplies,0.579728960919147,Hold
AAP,Advance Auto Parts Inc.,11.020658,3.89269,2.99215,23.966482,0.30017665,1.26,-47.37982857665904,5099160064,60329208,60329208,8.107,1.065,249.358,1.2845,0.821,1.748,6.76,0.2688,-0.01067861689813665,2.6,0.04888,0.00986,0.0555,0.45139998,42.9,50.21053,70.0,33.0,0.17040862470862472,hold,3.0,19,24.370628583508235,39.93090665523017,0.018441304710395314,-0.0287360336937917,1.5042974556377142,0.00745,1793881800,-0.26691288,2026-08-29T11:28:04,0.1991,7.1,2.44,Auto Parts,0.5797765364843853,Hold
UMH,"UMH Properties, Inc.",96.94117,0.17,,137.33333,5.1781354,0.72,18.47302373463221,2507037440,85166195,85166195,20.584,0.94,88.788,6.2235,1.828,10.619,0.03,0.0002,0.07352750935978758,0.667,0.03405,0.11559,0.18749,0.54822,16.48,18.875,23.5,16.0,0.14532766990291268,none,,8,48.02481147536597,,0.08571428571428559,-0.10724637681159414,1.4799649172428688,0.10779,1793649600,0.08839047,2026-08-29T11:28:04,0.0002,,,REIT - Residential,0.5798181006624218,Hold
MSI,"Motorola Solutions, Inc.",25.44095,19.10306,17.69282,38.267715,6.572688,2.31,40.64172768819072,89444343808,165493788,165493788,23.801,0.87,357.85,0.9385,0.778,1.099,3.4,0.0217,0.14273671710263836,0.095,0.91567004,0.17438999,0.27354,0.52112,486.0,525.0,550.0,476.0,0.08024691358024683,buy,1.64286,11,68.06177288019023,,0.04173886727041387,0.02932740365760436,0.20444160260517139,0.0039500003,1793908800,0.01574111,2026-08-29T11:28:04,0.0188,,,Communication Equipment,0.5799301555848833,Hold
MTRN,Materion Corporation,28.336113,8.39,6.994,55.546726,2.360496,1.28,370.62675788272486,5443774976,20833725,20833725,26.496,1.071,51.424,1.9465,0.952,2.941,1.31,0.0328,0.41470868987663034,0.521,0.09458999,0.04295,0.08574,0.16011,237.74,301.185,330.0,278.74,0.2668671658113906,buy,1.75,4,32.52494747838695,72.59224067824196,0.0846774193548386,0.10423795735719936,0.6210962015856647,0.01737,1793190600,1.2296195,2026-08-29T11:28:04,0.0241,,,Other Industrial Metals & Mining,0.5800741131699425,Hold
SLVM,Sylvamo Corporation,7.1547585,5.08333,1.455,19.449198,0.4386048,,-88.3102290076336,2354080000,39760243,39760243,6.362,0.766,107.958,1.0625,0.653,1.472,8.39,0.09,0.03956961480341037,,0.07941,0.02305,0.014889999,0.20594,36.37,51.25,65.0,45.0,0.4091284025295574,none,,4,28.612007970943992,,-0.37820512820512814,-0.0884649799970233,0.45366356664949414,0.00944,1793968200,-0.19294375,2026-08-29T11:28:04,0.0806,,,Paper & Paper Products,0.5802505477092542,Hold
SO,Southern Company (The),17.91973,4.92474,4.58768,21.26506,3.363913,2.29,-25.941682730277673,178394529792,1150362966,1150362966,12.512,0.327,182.058,0.614,0.441,0.787,6.34,0.028399998,-0.0426585569062905,0.304,0.114829995,0.15435,0.29612,0.48289,88.25,100.28947,114.0,79.0,0.13642458923512746,hold,2.65217,19,44.476437211123454,31.565656489324184,0.0032145340675007305,0.0016779513129713617,0.09003485869759195,0.00096000003,1793277000,-0.033011198,2026-08-29T11:28:04,0.0284,,,Utilities - Regulated Electric,0.5805031992602309,Hold
KRYS,"Krystal Biotech, Inc.",37.39859,9.39768,7.86507,44.097866,23.616764,,68.55690216532855,9743622144,29598836,29598836,48.891,0.536,0.651,8.022,7.726,8.318,5.75,0.17729999,0.21350255124897477,0.388,0.20124,0.54818,0.48999,0.94639,351.46,385.0,474.0,284.0,0.09543048995618286,strong_buy,1.27273,8,59.30674378284963,46.24027089229485,-0.06882687437621426,-0.061332118756817114,1.317768935020596,0.10828,1793622600,1.3990605,2026-08-29T11:28:04,0.136,,,Biotechnology,0.580603181886639,Hold
PG,Procter & Gamble Company (The),19.433695,7.39849,6.98849,21.75189,3.8400474,4.17,25.164532085944952,360276000768,2324433060,2324433060,14.555,0.377,64.49,0.545,0.413,0.677,3.04,0.0106,0.022832465960538117,-0.155,0.30290002,0.18437,0.22084999,0.50873,143.78,160.6087,186.0,143.0,0.11704479065238549,buy,2.2,23,44.0124365267608,,-0.0066112295664535175,-0.0023651468508083615,0.05677651639939648,0.00075,1792672200,-0.093993306,2026-08-29T11:28:04,0.0117,3.25,17.25,Household & Personal Products,0.5807388081502388,Hold
LAZ,"Lazard, Inc.",11.340692,3.84809,2.22988,21.497538,1.3292685,1.0,,5505396736,97450572,97450572,,1.421,225.799,5.045,4.785,5.305,5.19,0.1084,-0.030772673145520457,-0.942,0.25665,0.0709,0.04829,0.89509004,43.64,47.375,60.0,42.0,0.08558661778185139,none,,8,55.72588364704846,,-0.15331515837275875,-0.10420371905058994,0.8312201966119604,0.00904,1792672200,-0.24387681,2026-08-29T11:28:04,0.0966,4.62,-13.86,Capital Markets,0.5807963938951887,Hold
MSGE,Madison Square Garden Entertain,26.95353,2.905,1.12,56.739132,3.491757,,10.769578000918694,4585765888,40438480,47305234,20.507,0.566,2567.364,0.6285000000000001,0.559,0.698,2.64,0.0325,0.49520735200729615,,4.07537,0.06239,-0.04718,0.47338,78.3,91.625,103.0,80.0,0.17017879948914438,buy,2.2,8,36.806532084117805,,0.003595571497551224,,1.2065598229197498,0.03876,1793881800,0.9344059,2026-08-29T11:28:04,0.0286,,,Entertainment,0.5810070038050776,Hold
WST,"West Pharmaceutical Services, I",33.866344,9.96476,8.95851,43.15473,7.138905,2.99,85.44981312057836,24237047808,70375762,70375762,26.57,1.138,10.585,2.3205,1.819,2.822,2.79,0.0353,0.1627654255168134,0.181,0.19087,0.1698,0.22469,0.36786,337.47,404.73334,459.0,340.0,0.19931650220760355,none,,15,24.80099437008721,,0.04042659939933255,0.042668290610632306,0.08515187897804491,0.00644,1792672200,0.41991472,2026-08-29T11:28:04,0.0304,,,Medical Instruments & Supplies,0.5815570446753998,Hold
MIDD,The Middleby Corporation,14.512676,7.76907,6.87336,17.135258,1.5044152,1.51,8.44037609329168,6976960000,45222349,45222349,9.932,1.354,90.515,1.4855,0.984,1.987,2.72,0.045900002,0.5309918398268076,-0.393,0.10974,-0.13906,0.17361,0.38401002,112.75,154.88889,169.0,141.0,0.3737373835920177,buy,1.63636,9,14.502299683603283,,-0.13169982364563382,-0.09874087032379615,0.9177632082457305,0.01589,1793881800,0.028006315,2026-08-29T11:28:04,0.0426,,,Specialty Industrial Machinery,0.5816055791820588,Hold
PLOW,"Douglas Dynamics, Inc.",12.957397,3.2275,3.12,19.00909,1.3804556,0.91,28.13465892964216,1253218048,23077046,23077046,13.299,1.221,96.946,1.583,1.004,2.162,1.27,0.0276,0.11133751694215976,-0.018,0.18345,0.07517,0.16514,0.27305,41.82,54.0,57.0,50.0,0.29124820659971307,none,,4,28.18800417009824,,0.09666080843585234,0.05301794453507344,0.3369380044849856,0.015149999,1793622600,0.26189768,2026-08-29T11:28:04,0.0192,,,Auto Parts,0.581819210677151,Hold
RSG,"Republic Services, Inc.",27.567196,8.05704,7.27639,31.46034,4.0265803,3.17,35.010856468818965,82201960448,306212978,306212978,15.637,0.396,118.798,0.6114999999999999,0.579,0.644,3.0,0.0215,0.06650586181229712,0.051,0.18152,0.12942,0.20429,0.43035,222.11,245.91667,272.0,208.0,0.10718414299221113,buy,2.0,24,44.520556875598814,,-0.001488903892282892,-0.00045653490010808456,0.1672681465956684,0.00179,1793304000,-0.059411466,2026-08-29T11:28:04,0.0138,,,Waste Management,0.5818422401407568,Hold
PTEN,"Patterson-UTI Energy, Inc.",37.39583,0.33239,-0.02083,-51.791666666666664,1.0146722,0.73,17.31842639415291,5766990336,381384874,381384874,6.664,0.649,41.383,1.613,1.476,1.75,3.34,0.0915,0.016986261117424295,,-0.0277,-0.019199999,-0.00567,0.23754999,12.43,13.85714,19.0,10.5,0.11481415929203531,buy,2.06667,14,64.09547334318984,,0.1666666666666666,0.4009237253934799,1.4315374421328393,0.0219,1792612800,1.1358886,2026-08-29T11:28:04,0.0808,3.05,6.12,Oil & Gas Drilling,0.5818713508988741,Hold
MRK,"Merck & Company, Inc.",15.545654,9.54286,2.7474,117.7381,5.498129,10.73,24.124505008734523,415761858560,2467171638,2467171638,14.401,0.211,128.408,1.0325,0.742,1.323,2.8,0.0099,0.06403896102505358,,0.06961,0.047659997,-0.00241,0.759,148.35,148.73077,186.0,105.0,0.002566700370745023,buy,1.75,26,67.23567968191534,,0.0009107799919851167,-0.011846010151948028,0.6610103558081676,0.00056,1793277000,0.74941504,2026-08-29T11:28:04,0.0115,3.25,-3.67,Drug Manufacturers - General,0.581889225415467,Hold
JPM,JP Morgan Chase & Co.,14.300801,25.00699,24.21208,15.322193,5.101866,1.74,,779510743040,2658186195,2658186195,,0.977,,,,,3.39,0.0095,0.3489175542362639,0.469,0.17789,0.34921002,0.50394,0.0,357.62,374.57144,420.0,305.0,0.04740070465857604,buy,2.125,21,28.892780055728167,47.86734284602458,0.014491611993855829,0.02272890863612642,0.21818310202267002,0.00391,1791894600,0.18191528,2026-08-29T11:28:04,0.0096,,,Banks - Diversified,0.5821123700306107,Hold
CLX,Clorox Company (The),16.304728,6.28836,5.80668,21.316008,1.8450975,1.31,112.3357270396376,18149079040,120931005,120931005,15.92,0.541,2221.429,0.49750000000000005,0.337,0.658,4.47,0.1142,-0.0011830299433962521,-0.501,1.6376,0.087349996,0.12885,0.42321,102.53,101.64706,154.0,77.0,-0.008611528333170804,hold,3.21053,17,54.4586729902854,,-0.030491042358873323,-0.03799606225130921,0.5313914880534834,0.00721,1793736000,-0.13627273,2026-08-29T11:28:04,0.0994,,,Household & Personal Products,0.5821417453808648,Hold
ABNB,"Airbnb, Inc.",30.85767,6.13883,5.27835,43.15034,8.6198015,2.03,35.370249276454466,99146596352,419529556,598785682,35.91,1.137,32.004,1.0434999999999999,0.679,1.408,2.69,0.0311,0.7001304606057364,0.334,0.34542,0.2045,0.21009001,0.82901,189.43,176.75641,217.0,125.0,-0.06690381671329793,buy,2.13333,39,61.77359645580273,,0.03876474190863561,0.023001298153645232,0.6913280464013087,0.01941,1793908800,0.44525433,2026-08-29T11:28:04,0.0318,3.78,-7.72,Travel Services,0.582229583407417,Hold
LTC,"LTC Properties, Inc.",26.990032,1.505,,14.507143,6.4423847,5.74,8.552319897451715,2246703104,53905563,53905563,17.04,0.578,85.301,20.148,19.463,20.833,3.92,0.051799998,-0.3078099750112989,-0.544,0.11806,0.39846,0.52867,0.60456,40.62,42.28571,47.0,38.0,0.041007139340226706,hold,2.75,7,38.682469260695186,,0.05853826239601627,-0.08510638297872349,0.10288834405390636,0.02094,1793736000,0.12001097,2026-08-29T11:28:04,0.0606,,,REIT - Healthcare Facilities,0.5823599354910435,Hold
VIA,"Via Transportation, Inc.",66.47123,0.42981,-0.03213,-9.717687074829932,4.947109,,-107.5064674252774,1985458560,77449688,85142054,-24.926,,2.915,4.949999999999999,4.853,5.047,6.94,0.1565,0.23786316866763868,,-0.23607999,-0.20038,-0.1603,0.39801,28.57,34.0,55.0,24.0,0.19005950297514884,strong_buy,1.4,9,75.56336824193271,,0.0071075401730531845,-0.2343688766967116,0.45388070123641033,0.29698,1793881800,-0.4292062,2026-08-29T11:28:04,0.1018,,,Software - Application,0.5824841933990019,Hold
NI,NiSource Inc,18.010778,2.25254,2.05255,21.579786,2.8272545,2.32,-10.973351886234925,39335583744,479560100,479560100,12.999,0.554,146.649,0.358,0.218,0.498,2.3,0.0358,0.027012752662283646,-0.584,0.085489996,0.13153,0.17156,0.50971,40.57,49.92857,55.0,43.0,0.23067710130638397,buy,1.6,14,39.55019611493642,,-0.002056612763640124,-0.00041269686306002535,0.11686500874845278,0.00347,1793190600,-0.027309418,2026-08-29T11:28:04,0.028,,,Utilities - Regulated Gas,0.5828352423223593,Hold
INSP,"Inspire Medical Systems, Inc.",39.973976,1.537,1.24681,13.562913,1.9763775,,18.769073251157938,1466738048,28910375,28910375,20.563,0.67,3.524,7.254,5.957,8.551,5.51,0.198,-0.054780396311012836,,0.17965001,0.15026,-0.0025600002,0.86132,61.44,60.4,85.0,40.0,-0.01692708333333337,none,,15,36.50615955780417,,0.38713230385830627,0.19947869110887387,1.2986749608395338,0.0115600005,1793649600,-0.35647023,2026-08-29T11:28:04,0.1684,5.02,-9.77,Medical Devices,0.5828700210466736,Hold
SXC,"SunCoke Energy, Inc.",35.034485,0.29,0.32,-15.875,0.4544311,1.98,456.86275390728474,1508228480,84874850,84874850,6.595,0.984,107.694,1.754,1.255,2.253,1.87,0.0471,0.09229915434312996,6.5,-0.07497,-0.02883,0.06101,0.18107,10.16,9.5,10.0,9.0,-0.06496062992125984,none,,2,67.24560061840032,71.85685230571846,0.6,1.0,0.9016722693911295,0.01114,1793795400,0.35085416,2026-08-29T11:28:04,0.0396,,,Coking Coal,0.5829164980795256,Hold
RPM,RPM International Inc.,15.783983,6.75685,6.00512,20.628626,1.7311963,1.77,28.352123862351675,16134829056,127643000,127643000,13.48,1.047,89.022,1.3345,0.991,1.678,3.5,0.0372,0.07815604459312309,-0.014,0.21371001,0.08411,0.15307,0.41435,106.65,130.5,151.0,115.0,0.2236286919831223,strong_buy,1.28571,14,23.305010976066526,,-0.0010031358392320903,0.00010212902003499551,0.15651439453415628,0.01249,1790857800,-0.13953108,2026-08-29T11:28:04,0.0291,,,Specialty Chemicals,0.5829681962840686,Hold
LHX,"L3Harris Technologies, Inc.",19.523857,13.46148,11.99713,26.547476,3.806855,1.5,,64991518720,186214616,186214616,30.285,0.746,34.574,,,,2.28,0.0215,1.913710721826476,-0.061,,0.103690006,0.097270004,0.30414,262.82,339.5,393.0,269.0,0.2917586180655962,buy,1.72222,12,31.351130931705683,,0.015348119210073318,-0.009647153857868403,0.19401037473752114,0.00454,1793277000,-0.047760963,2026-08-29T11:28:04,0.0159,,,Aerospace & Defense,0.5830499612410441,Hold
TMO,Thermo Fisher Scientific Inc,22.616436,27.51008,25.11793,33.43256,4.9648085,2.05,36.8831398846622,268662374400,369747286,369747286,22.886,0.847,80.575,1.2799999999999998,1.009,1.551,2.18,0.0128,0.12850391550947027,0.094,0.13515,0.15036,0.18751,0.40987998,622.18,631.4231,750.0,520.0,0.0148559902279084,buy,1.53571,26,76.69929227496688,,0.010726982638770173,0.009525696776205931,0.0638032121739797,0.00131,1792585800,0.29366398,2026-08-29T11:28:04,0.0129,,,Diagnostics & Research,0.5830539702068201,Hold
TDW,Tidewater Inc.,15.659264,5.91471,2.81343,18.78702,3.4227228,,12.535861027647918,4616251904,49756231,49756231,11.584,0.541,45.454,3.4945,3.407,3.582,9.99,0.16280001,-0.4340182498951739,,0.19448,0.18336001,-0.08663999,0.48092,92.62,90.85714,117.0,68.0,-0.019033254156769597,hold,2.75,7,65.69498999484539,,-0.164286350809446,-0.055671041287479565,0.9672513065753648,0.01811,1794254400,0.5836595,2026-08-29T11:28:04,0.1405,,,Oil & Gas Equipment & Services,0.5831074858135922,Hold
NLY,Annaly Capital Management Inc.,7.408766,3.10983,3.08308,5.565218,5.335773,32.03,,143978643456,753714442,753714442,,1.239,737.543,0.5435000000000001,0.529,0.558,0.0,0.0,3.978770393596889,34.26,0.19567,0.90681,0.91652,0.97972,23.04,24.22727,25.0,22.5,0.05153081597222231,none,,11,58.318529382436346,61.27388513978167,0.026000432619511078,0.040261317223454406,1.1102099278215098,0.00104,1792612800,0.08824921,2026-08-29T11:28:04,0.0,,,REIT - Mortgage,0.5831930563174244,Hold
HUM,Humana Inc.,23.270119,16.56803,9.15272,36.509468,0.31779295,2.21,23.851500475268434,38084132864,120080308,120080308,10.591,0.74,76.485,1.5135,1.285,1.742,2.33,0.0318,0.2684391682273166,0.271,0.06893,0.00878,0.034649998,0.13653,385.54,418.6087,513.0,280.0,0.08577242309487976,buy,2.19231,23,64.6995420337754,,0.02192180322853665,0.03352783683165148,0.4188706856804103,0.0021,1793968200,0.29299212,2026-08-29T11:28:04,0.0305,2.17,-13.93,Healthcare Plans,0.5832226880046572,Hold
CASY,"Caseys General Stores, Inc.",31.9868,23.61818,21.30985,39.42954,1.5919333,3.58,50.742579833354085,30338187264,37004914,37004914,20.314,0.615,73.514,0.7925,0.575,1.01,3.89,0.0346,0.1263973346891174,0.66,0.19153,0.04068,0.05351,0.24606001,755.47,957.3889,1069.0,795.0,0.2672758680027003,buy,1.65,18,35.08455565617986,,0.0021536609889752463,0.0013269174872660883,0.21124171931019325,0.00569,1788897600,0.53295314,2026-08-29T11:28:04,0.046,5.99,27.48,Specialty Retail,0.5832696815581799,Hold
UVV,Universal Corporation,11.579747,3.95,3.18,60.18421,0.3989831,12.64,7.306444096541762,2222050816,24899257,24899257,9.606,0.584,85.545,1.6455,0.719,2.572,6.6,0.09810001,-0.12157263166527421,,0.022769999,0.0067000003,0.00438,0.17417999,45.74,67.0,67.0,67.0,0.464801049409707,none,,1,42.859027954939016,,-0.2604651162790697,-0.0981735159817351,0.45522522257918624,0.02264,1793908800,-0.16859621,2026-08-29T11:28:04,0.0826,,,Tobacco,0.5834856862054176,Hold
ABCB,Ameris Bancorp,12.177441,7.02857,6.63571,15.477395,4.854098,1.1,,5897188352,67107239,67107239,,0.928,,,,,5.85,0.0557,0.07673713114616443,-0.519,0.09398,0.31804,0.50194,0.0,85.59,94.16667,100.0,88.0,0.10020644935155976,buy,2.28571,6,46.06452215850479,,-0.013277323420074231,-0.0050564175593017175,0.17325466431034545,0.0543,1793044800,0.17549896,2026-08-29T11:28:04,0.0411,,,Banks - Regional,0.5836365373419741,Hold
MCD,McDonald's Corporation,18.95534,13.98023,12.93007,21.544716,6.769367,2.5,29.944710744267876,237811253248,707641531,707641531,15.928,0.419,,0.952,0.823,1.081,2.42,0.0174,0.04573754139368047,0.057,,0.3172,0.46485,0.57382,265.0,315.3871,407.0,250.0,0.19013999999999998,buy,2.05882,31,55.55323951805635,,0.0011343030269245122,-0.009745025474782997,0.15435763214231374,0.0025600002,1793881800,-0.17639983,2026-08-29T11:28:04,0.0157,,,Restaurants,0.5836977014867283,Hold
Z,"Zillow Group, Inc.",12.782736,2.7897,2.22442,155.04347,2.8537514,0.93,32.831284667349024,7879041024,177255435,224874954,45.023,1.976,12.953,1.6065,1.291,1.922,3.23,0.0771,0.589369646126789,,0.012150001,0.01957,0.046630003,0.72883004,35.66,46.0,62.0,34.0,0.2899607403252946,hold,2.57143,6,55.78792020835521,,-0.03201072246059586,-0.07194065104209986,0.7850479816322101,0.05509,1793304000,-0.5669234,2026-08-29T11:28:04,0.0566,3.63,-5.09,Internet Content & Information,0.5840774051578314,Hold
FTRE,Fortrea Holdings Inc.,16.52174,1.1385,0.84039,-22.662650602409638,0.6683471,0.34,6.414742038312674,2742786048,95100000,95100000,27.902,1.969,213.239,0.9059999999999999,0.854,0.958,6.98,0.142,-0.09078874532071501,,-0.15303999,-0.03183,0.025799999,0.19301,18.81,20.54545,26.0,13.0,0.09226209463051571,buy,2.33333,11,43.69241331208234,,0.04299100217188955,0.058233025049960585,1.3626276868857914,0.012250001,1793881800,0.88411593,2026-08-29T11:28:04,0.1224,,,Biotechnology,0.5841059510039984,Hold
NKE,"Nike, Inc.",17.284046,2.29113,1.71368,18.857143,1.2661439,1.53,31.095168310933925,60762550272,1202110951,1483498703,12.328,1.118,74.289,1.5765,1.192,1.961,3.47,0.0722,0.21432561995186417,4.28,0.22138001,0.066989996,0.12687,0.43245,39.6,50.51765,94.0,23.0,0.27569823232323243,hold,2.5641,34,35.59628473096167,65.00982933898123,-0.005753733283267363,-0.007420548115740833,0.287372925009136,0.01686,1790884800,-0.5031666,2026-08-29T11:28:04,0.0585,,,Footwear & Accessories,0.5841593193681359,Hold
ZETA,Zeta Global Holdings Corp.,25.265562,1.20876,0.96052,Infinity,4.8459096,0.77,30.189006192810318,7495927296,225619195,249257621,64.654,1.386,23.772,2.3105,2.239,2.382,2.49,0.1031,0.4981244836016725,,-0.00271,-0.0013799999,0.03822,0.59478,30.54,31.35714,44.0,25.0,0.026756385068762434,buy,1.53333,14,79.3756098010836,,0.03188517897812732,0.049525926440454254,0.9177453222821643,0.01853,1793736000,0.6308689,2026-08-29T11:28:04,0.1043,,,Software - Infrastructure,0.5841994246570864,Hold
HUBB,Hubbell Inc,20.091784,22.87801,20.45775,27.231045,3.9020855,2.15,48.98024872756741,30019100672,52832571,52832571,19.808,0.899,141.642,1.2175,0.826,1.609,4.62,0.0583,0.16478540860712632,-0.009,0.24444,0.14491999,0.21666999,0.35338002,459.66,564.8182,630.0,502.0,0.2287738763433842,buy,1.92308,11,37.22611240238857,,0.02356817283493532,0.020385853581517906,0.21992441338429536,0.00343,1793104200,0.091162205,2026-08-29T11:28:04,0.0509,,,Electrical Equipment & Parts,0.5842231800710206,Hold
WK,Workiva Inc.,19.548567,4.04889,3.3587,94.2262,4.4600587,,25.471218940960277,4200155392,50846905,54416488,99.92,0.442,,1.4095,1.346,1.473,6.14,0.098400004,0.30655939825639344,,,0.04871,0.04571,0.8021,79.15,77.2,91.0,65.0,-0.024636765634870494,strong_buy,1.18182,10,84.69484310162042,,0.15497035804184248,0.16099534614314848,0.597739169430935,0.04027,1793822400,-0.056420207,2026-08-29T11:28:04,0.1091,6.66,-16.63,Software - Application,0.5842476825337622,Hold
HFWA,Heritage Financial Corporation,10.818868,2.65,2.34333,13.652382,3.9753728,2.13,,1157421056,40915558,40915558,,0.489,,,,,5.93,0.075,0.27047880417517467,0.17,0.07798,0.26399,0.28932,0.0,28.67,33.0,34.0,32.0,0.15102895012207873,none,,5,50.281008490995184,,-0.018841617364434536,-0.051878354203935606,0.24658340496529202,0.01402,1792672200,0.17942381,2026-08-29T11:28:04,0.0675,5.16,5.05,Banks - Regional,0.584274426391262,Hold
PKG,Packaging Corporation of Americ,18.582464,12.93639,10.49928,31.21948,2.2463803,1.93,49.47069525919593,25098745856,89098299,89098299,12.549,0.807,94.474,2.354,1.767,2.941,4.31,0.0383,0.15833506091962546,-0.195,0.14887,0.07256,0.13121,0.21385999,240.39,260.5,312.0,167.0,0.08365572611173522,buy,2.0,10,43.69936189155556,,0.007624884475082737,0.027887847912781535,0.1295470427691172,0.01579,1792612800,0.12584889,2026-08-29T11:28:04,0.0338,,,Packaging & Containers,0.5845537266927516,Hold
XHR,"Xenia Hotels & Resorts, Inc.",30.645668,0.635,0.5,-278.0,1.7615105,,26.499526760783,3114624000,92245835,98928282,12.955,1.172,118.285,1.772,1.346,2.198,5.54,0.062800005,0.16425002819910506,,-0.0063300002,-0.00661,0.13129,0.26128998,19.46,21.4,22.0,21.0,0.09969167523124356,buy,1.66667,5,45.239002425528724,,0.12359550561797751,0.15454545454545446,0.6671738063143263,0.0073100002,1793363400,0.3629943,2026-08-29T11:28:04,0.0416,,,REIT - Hotel & Motel,0.5846152137536557,Hold
CARR,Carrier Global Corporation,17.769865,3.30841,2.88089,41.99286,2.1920602,1.39,56.2368074966186,59878285312,824325057,824325057,19.359,1.309,91.998,0.7835000000000001,0.547,1.02,2.17,0.0218,0.07519553585036776,-0.118,0.08966,0.055180002,0.13069001,0.24691999,58.79,77.81524,90.0,60.0,0.3236135397176392,buy,1.91667,21,5.775497363890793,,0.028430165104863875,0.03027328228573566,0.641948781124742,0.04765,1793104200,-0.073385835,2026-08-29T11:28:04,0.0189,,,Building Products & Equipment,0.5847196841364971,Hold
WTFC,Wintrust Financial Corporation,11.067726,13.81946,13.09756,12.28514,3.740233,1.17,,10960350208,67455414,67455414,,0.845,,,,,3.59,0.0376,0.09354225296134122,0.187,0.12208,0.32639998,0.46085998,0.0,152.95,180.07143,195.0,167.0,0.17732219679633876,buy,2.0,14,49.99865919130618,60.72545298914716,-9.16117250793782e-05,0.00043870444640709255,0.14430935135338735,0.01401,1792440000,0.11428368,2026-08-29T11:28:04,0.0378,,,Banks - Regional,0.5850552879071143,Hold
ACA,"Arcosa, Inc.",28.37777,5.1195,4.29167,32.42857,2.4443202,2.24,118.41057566804979,8221349888,49106809,49106809,14.978,1.071,50.578,2.6550000000000002,2.191,3.119,1.19,0.0212,0.010979428535052849,4.486,0.080299996,0.16836001,0.12312,0.22805001,145.28,146.66667,150.0,140.0,0.009544810022026562,none,,3,62.914745875356196,39.639230352598204,-0.02100484744796126,0.006883666043858814,0.37396954292527623,0.0179,1793304000,0.5068877,2026-08-29T11:28:04,0.0171,1.04,-17.37,Engineering & Construction,0.5850937447533274,Hold
PECO,"Phillips Edison & Company, Inc.",57.61687,0.6781,0.84174,34.27193,7.3596888,,34.49896970976679,7785099776,128700000,141446542,16.82,0.511,91.852,1.2745,0.982,1.567,5.46,0.0493,0.14761777777777785,2.192,0.060170002,0.19138001,0.28799,0.70998,39.07,45.92308,49.0,42.0,0.17540517020732005,buy,2.0,13,33.68192834847318,30.649804513554386,0.18681969432068138,-0.11465949446417381,0.3709692001339399,0.00564,1792699200,0.11674261,2026-08-29T11:28:04,0.0309,4.24,-4.44,REIT - Retail,0.5853251841655748,Hold
WLTH,Wealthfront Corporation,12.091503,0.765,0.665,-24.342105263157894,3.724337,,,986667072,149361216,149361216,-7.686,,1.528,1.1095000000000002,0.732,1.487,7.0,0.062800005,0.04880921268075378,-0.594,-0.12880999,-0.14875,0.16078,0.89405,9.25,12.25,17.0,9.5,0.32432432432432434,buy,2.28571,6,53.25381088013484,,0.0,-0.003205128205128279,1.2208733146899455,0.1442,1788984000,-0.32544804,2026-08-29T11:28:04,0.0709,,,Software - Application,0.5854163789577161,Hold
WINA,Winmark Corporation,27.894955,12.09,,30.65909,13.999641,1.41,36.761715201058045,1241102336,3592169,3592169,22.699,0.514,,3.5885,3.427,3.75,6.51,0.1345,0.06290738548214181,-0.028,,0.47085997,0.62101,0.96664,337.25,545.0,545.0,545.0,0.6160118606375093,none,,1,48.80317982194918,,-0.04292929292929306,-0.030279503105590105,0.016070251103308848,0.17024,1792004400,-0.2648626,2026-08-29T11:28:04,0.1237,,,Specialty Retail,0.5855243925315434,Hold
BLZE,"Backblaze, Inc.",50.8156,0.282,0.21429,-40.94285714285714,5.6750474,,26.46617260670436,919582016,61900000,61900000,299.636,1.567,93.109,0.9359999999999999,0.873,0.999,0.63,0.03,0.04332018093699519,,-0.24292,-0.13069001,-0.06679,0.62289,14.33,22.83333,25.0,21.0,0.5933935799023029,none,,6,14.737148233288423,28.907030444856318,0.8436720295964898,0.8284380470725538,0.45992566744980495,0.04541,1793908800,0.86080587,2026-08-29T11:28:04,0.0301,,,Software - Infrastructure,0.5855577954748848,Hold
ALSN,"Allison Transmission Holdings, ",11.181086,11.29765,9.97304,19.98734,2.3696632,0.69,49.43723981042654,14460779520,82578038,82578038,12.203,0.966,211.925,1.399,0.991,1.807,3.78,0.052600004,0.9482000589067032,-0.061,0.28349,0.120170005,0.19093001,0.37846002,126.32,139.4,185.0,105.0,0.10354654844838507,buy,2.5,10,46.80956672022285,,0.0007897507016938708,0.0005597214854229349,0.16296788779853438,0.00733,1793304000,0.47174108,2026-08-29T11:28:04,0.0383,,,Auto Parts,0.5855617514884806,Hold
THO,"Thor Industries, Inc.",16.814867,4.58047,3.50677,15.591092,0.4082827,0.77,27.04454618224069,4554889728,52057373,52057373,8.691,1.332,21.316,1.2235,0.74,1.707,8.34,0.1306,-0.017840189515517912,-0.265,0.06091,0.026730001,0.03452,0.13216,77.02,90.5,138.0,59.0,0.17501947546091934,none,,12,19.515945014161645,,-0.003529221212835936,-0.028423131338199275,0.8112892239941835,0.046869997,1790166600,-0.29342592,2026-08-29T11:28:04,0.1003,,,Recreational Vehicles,0.5855727433645211,Hold
VICR,Vicor Corporation,33.808544,5.55333,3.49333,60.176285,18.262432,,25497.90463622975,8943475712,34389014,46106732,77.908,2.384,0.912,11.887,10.525,13.249,1.66,0.069699995,0.9627152613331686,0.143,0.20131999,0.30645,0.2433,0.56628,187.75,386.25,450.0,320.0,1.0572569906790945,none,,4,46.75527425785003,,0.16186013097546442,0.0006000000000000099,0.9562926685043289,0.2524,1792499400,3.034872,2026-08-29T11:28:04,0.0569,,,Electronic Components,0.5856513855915597,Hold
CTRN,"Citi Trends, Inc.",23.975044,2.805,1.93,78.19767,0.6439069,2.85,,730883584,8329848,8329848,29.315,1.821,180.39,0.722,0.311,1.133,6.88,0.18360001,0.14536095256480075,,0.06172,0.00844,-0.00876,0.39848998,67.25,91.0,101.0,81.0,0.35315985130111516,strong_buy,1.0,2,27.343114558352738,24.514733921343648,0.22929936305732476,0.18105263157894744,1.4343167851038525,0.09783,1787661000,0.96087945,2026-08-29T11:28:04,0.1849,6.8,13.23,Apparel Retail,0.5856647754017696,Hold
AVO,"Mission Produce, Inc.",16.012539,0.7975,0.6275,39.906254,0.90502644,,33.881906661659784,1345543936,88319807,88319807,14.453,0.48,35.595,1.471,1.032,1.91,5.88,0.080699995,-0.38832607503320293,,0.0398,0.0183,-0.00206,0.12229,12.77,16.5,18.0,15.0,0.2920908379013314,none,,4,39.54308930513821,,0.006689875346926821,-0.05113636363636368,1.2448902129766326,0.38122,1788897600,0.007240534,2026-08-29T11:28:04,0.1,,,Food Distribution,0.5857658835520331,Hold
TH,Target Hospitality Corp.,21.329683,0.86968,-0.21914,-50.13513513513514,5.320048,1.45,-41.86770705594026,1889904512,99623423,99623423,42.405,1.492,13.056,0.6085,0.571,0.646,3.76,0.12560001,0.38916322519855595,,-0.09765001,-0.10848,-0.08772001,0.31846002,18.55,23.6,26.0,22.0,0.2722371967654986,strong_buy,1.2,5,62.346901639308136,,-0.1837726879861711,0.18079209052463138,0.9393304630627037,0.03517,1793881800,1.1267526,2026-08-29T11:28:04,0.0804,,,Specialty Business Services,0.5858372500314019,Hold
SYNA,Synaptics Incorporated,14.455758,6.57731,5.17718,-7.5340729001584785,3.1058238,0.51,24.846590203808887,4152592128,39106986,39106986,44.748,1.96,94.33,0.9935,0.865,1.122,4.07,0.1183,0.07336447508381228,,-0.42229998,-0.40995997,-0.02792,0.44721,95.08,130.33333,170.0,105.0,0.37077545225073605,none,,9,34.81278701314315,,-0.018194162089996,0.005606484992294329,1.5244832859532613,0.01195,1793908800,0.43514705,2026-08-29T11:28:04,0.0707,,,Semiconductors,0.5860226323413851,Hold
VCEL,Vericel Corporation,48.404255,0.846,0.516,85.3125,6.8458714,,37.75165464407554,2027585792,51206614,51206614,65.083,1.068,25.168,4.7865,4.534,5.039,9.93,0.1188,0.20434002920013428,,0.07157,0.07908,0.0056,0.7456,40.95,60.57143,72.0,55.0,0.4791557997557996,strong_buy,1.25,7,51.06832986583504,,0.1415929203539823,-0.007042253521126767,1.270196728221217,0.0119,1793881800,0.19017339,2026-08-29T11:28:04,0.0934,,,Biotechnology,0.5862058135912033,Hold
CURB,Curbline Properties Corp.,111.074066,0.27,0.195,111.074066,15.396313,,22.669266959287196,3895419392,115038025,115038025,29.342,,28.476,2.6275,2.601,2.654,14.83,0.3139,0.3984396463691027,-0.386,0.0146200005,0.13103,0.19184,0.75179,29.99,33.94444,40.0,30.0,0.1318586195398468,buy,1.8,9,54.412693391415964,,0.21875000000000003,0.7575454545454545,0.4735295301969652,0.07324,1793104200,0.34428442,2026-08-29T11:28:04,0.1788,,,REIT - Retail,0.5867035259416731,Hold
WSO,"Watsco, Inc.",23.422596,13.26753,12.14305,26.606165,1.7600468,1.32,26.505050120109892,12630093824,35588756,41252194,18.015,1.042,15.411,2.3055,1.412,3.199,0.0,0.0,0.1716606868753714,-0.117,0.16744,0.06531,0.1094,0.27512,310.76,378.7,485.0,330.0,0.21862530570214966,hold,2.78571,10,41.35849913469285,,-0.04090750265995955,-0.037405852259909646,0.08967822712725605,0.00382,1793190600,-0.20575923,2026-08-29T11:28:04,0.1055,5.72,4.36,Industrial Distribution,0.5867442888107408,Hold
SOLS,Solstice Advanced Materials Inc,19.000479,3.3436,2.87917,48.128784,2.4643645,0.62,-368.6419451324201,11769573376,158847369,158847369,13.195,,152.771,1.133,0.807,1.459,3.06,0.077800006,0.11013811969400633,0.228,0.112629995,0.05128,0.19338,0.30622998,63.53,80.42857,95.0,70.0,0.2659935463560521,buy,1.57143,7,77.75312988351419,,0.08549615442617994,0.04204194845264438,0.3885841554197537,0.00052,1793277000,0.16404963,2026-08-29T11:28:04,0.0608,,,Specialty Chemicals,0.5867811006092977,Hold
ACHC,"Acadia Healthcare Company, Inc.",15.668389,1.82214,1.5526,-2.2987117552334944,0.7892728,1.37,-25.32477749935688,5442556416,93100275,93100275,10.176,0.635,118.057,1.4620000000000002,1.352,1.572,7.86,0.3457,-0.014463585633876952,-0.636,-0.41445,-0.33443,0.10137,0.41057,28.55,33.39286,41.0,14.5,0.16962732049036777,buy,2.0,14,34.016476500433114,,0.030115246050649906,0.04175266278278676,1.5756192923824812,0.015240001,1793822400,0.2886994,2026-08-29T11:28:04,0.2289,,,Medical Care Facilities,0.5868302788554454,Hold
MSCI,MSCI Inc.,25.370098,22.49735,19.66069,31.240284,12.446687,2.21,34.7317719560643,47568703488,72700000,72700000,24.241,1.222,,0.8320000000000001,0.77,0.894,1.37,0.0176,0.19409666420907823,0.196,,0.40735,0.56298,0.82975,570.76,692.05884,760.0,570.0,0.21252162029574606,strong_buy,1.5,17,45.50386097987686,33.43735098804132,0.0004661214673869076,0.0013842986702276583,0.15434683412815628,0.03593,1792499400,0.027513504,2026-08-29T11:28:04,0.0155,,,Financial Data & Stock Exchanges,0.5869238904452044,Hold
HWKN,"Hawkins, Inc.",24.07,5.0,4.2,31.178757,2.2713342,2.34,30.875452503680002,1331934336,20875117,20875117,7.992,0.784,42.303,1.8635000000000002,1.457,2.27,8.29,0.0787,-0.016646584543693832,0.082,0.15614,0.07289,0.09476,0.22304001,120.35,174.25,200.0,142.0,0.44786040714582476,buy,2.33333,4,33.62900961460987,,-0.12772585669781936,-0.07321594068582013,0.1460934309737086,0.08561,1793217600,-0.30908346,2026-08-29T11:28:04,0.1085,5.48,-6.55,Specialty Chemicals,0.5872340190122319,Hold
LNN,Lindsay Corporation,19.367346,5.88,5.1825,21.857965,1.8444239,1.72,27.998770990145,1144968832,10168885,10168885,13.586,0.696,27.616,2.3655,1.796,2.935,7.16,0.1162,0.013702859261364386,-0.14,0.10741,0.087919995,0.115159996,0.29463,113.88,123.0,125.0,121.0,0.08008429926238159,buy,2.5,2,50.27018676600504,,-0.010138783269961954,-0.03307605673866776,0.06465249898981978,0.01202,1792672200,-0.16610712,2026-08-29T11:28:04,0.0797,,,Farm & Heavy Construction Machinery,0.587362489465102,Hold
CDNS,"Cadence Design Systems, Inc.",35.666725,9.54363,8.14245,67.537704,16.058083,3.01,58.23593788541905,94860550144,275393000,275393000,44.0,1.142,38.661,1.5845,1.426,1.743,1.85,0.0164,0.23139710932376634,1.254,0.23229,0.23605,0.28575,0.85871005,340.39,403.12036,470.0,300.0,0.18428966773406974,strong_buy,1.44,27,40.387471317338104,85.1941128199162,0.06834198112158914,0.014927801634752286,0.11435206566431771,0.00328,1793044800,-0.008218467,2026-08-29T11:28:04,0.0222,2.09,-1.41,Software - Application,0.5874882691920608,Hold
GKOS,Glaukos Corporation,356.6514,0.50433,-0.29057,-55.006116207951074,17.311954,,686.4175183501819,10546052096,58983937,58983937,-284.836,0.762,15.766,4.5975,4.155,5.04,4.59,0.081099994,0.4482764604200633,,-0.25981,-0.30685,-0.08495,0.79121,179.87,197.15385,225.0,172.0,0.09609078779118252,strong_buy,1.35714,13,38.4918541719319,,0.43373024379786795,0.1368257331560082,0.1789756234533506,0.03605,1793217600,0.9362427,2026-08-29T11:28:04,0.0695,,,Medical Devices,0.5875969545278816,Hold
SHW,Sherwin-Williams Company (The),25.326347,13.61665,12.08941,31.813652,3.4296002,2.61,33.406351830878265,97963704320,242758151,242758151,20.803,1.093,389.958,0.57,0.413,0.727,3.17,0.026400002,0.10411520806154106,0.143,0.65124,0.11013,0.18124,0.48981997,344.86,391.0,420.0,340.0,0.13379342341819855,buy,1.96154,22,39.51865330697417,50.63073729256559,0.028870196031039574,0.023766704209002048,0.13529654226020552,0.063590005,1793104200,-0.043527663,2026-08-29T11:28:04,0.0285,,,Specialty Chemicals,0.587665662828658,Hold
SCI,Service Corporation Internation,18.129148,4.59812,4.19034,21.765013,2.60021,1.68,35.963860653652844,16404530176,136291587,136291587,12.39,0.82,344.863,0.481,0.431,0.531,4.35,0.0432,0.07031563144099273,0.047,0.34714,0.12302,0.21003,0.26026,83.36,100.33333,105.0,97.0,0.2036148032629559,none,,6,46.446420583763405,,0.01521979299918603,0.009705923687723987,0.03752605976372481,0.03024,1793217600,0.06930566,2026-08-29T11:28:04,0.0386,,,Personal Services,0.5877928292128072,Hold
REAL,"The RealReal, Inc.",37.367523,0.2925,0.09927,-15.3943661971831,1.7733666,,37.80725037950383,1676474752,121671115,121671115,63.611,2.744,,0.712,0.596,0.828,4.46,0.1393,0.08381327811453021,,,-0.10819,-0.01186,0.74497,10.93,18.0,20.0,15.0,0.6468435498627632,none,,8,24.81867227041637,36.30395920268627,0.6416404828840746,0.30289532293986626,0.4095092208014766,0.072280005,1794254400,0.43137252,2026-08-29T11:28:04,0.1557,6.18,-12.3,Luxury Goods,0.5877942346365169,Hold
BANF,BancFirst Corporation,14.076831,7.85333,7.67,14.919029,5.20768,2.09,,-599540736,33598745,33598745,,0.616,,,,,6.49,0.037100002,0.07643225066888659,0.059,0.13668,0.35307997,0.50523,0.0,110.55,124.33333,127.0,121.0,0.1246796019900498,none,,3,32.36559269096685,,0.03718728870858693,0.023902216427640125,0.0856325687922744,0.30987,1792180800,-0.16942519,2026-08-29T11:28:04,0.0369,,,Banks - Regional,0.5878550304594375,Hold
SITM,SiTime Corporation,37.378254,14.92472,11.14301,929.7666,35.718605,3.82,675.2595505808667,17444784128,29955519,29955519,380.55,2.865,129.419,18.880000000000003,18.315,19.445,1.99,0.048499998,0.9458096018967319,,0.013259999,0.03012,0.10623,0.58714,557.86,862.7778,900.0,800.0,0.5465848062237837,strong_buy,1.33333,9,46.50363253719791,,0.31284211270426615,0.21064577097478088,0.888011317001549,0.108660005,1793822400,1.576515,2026-08-29T11:28:04,0.048,2.4,11.64,Semiconductors,0.5879548728487827,Hold
ARR,"ARMOUR Residential REIT, Inc.",5.562543,2.93391,2.91287,3.7006803,4.7079244,2.97,,20202749952,141553046,141553046,,1.344,756.724,0.6144999999999999,0.087,1.142,0.0,0.0001,,,0.20331,0.8782,0.86998004,1.0,16.32,18.375,19.0,18.0,0.12591911764705888,none,,4,65.45350846174412,,-0.004766265093172914,-0.02673088980225507,1.4357312453884334,0.0019699999,1793217600,0.08316827,2026-08-29T11:28:04,0.0,,,REIT - Mortgage,0.588039071241548,Hold
MAA,Mid-America Apartment Communiti,39.520424,3.27957,,37.78717,6.9492655,7.03,16.73816124850479,20849645568,116021957,118963796,16.841,0.72,102.377,0.04,0.032,0.048,3.94,0.037100002,0.04481266420975816,0.137,0.0705,0.18173,0.25356,0.58392,129.61,143.84,160.0,121.0,0.10979091119512385,hold,2.53846,25,32.23835544899724,,0.08826635671172417,-0.011981519704008566,0.151684465681235,0.00463,1793217600,-0.094940245,2026-08-29T11:28:04,0.0373,,,REIT - Residential,0.5881920908103375,Hold
CECO,CECO Environmental Corp.,22.57732,3.08584,2.28772,-91.67105263157895,4.5180273,1.88,-25.047171393810448,4941271552,58569830,58569830,55.341,1.508,37.087,1.2565,1.011,1.502,1.66,0.0313,-0.07291365366776725,,-0.023640001,-0.033889998,0.04907,0.32147,69.67,109.14286,130.0,85.0,0.5665689679919621,strong_buy,1.28571,7,63.31951588664457,,0.19995803829006037,0.08901366101898284,0.7449501260724142,0.10673001,1793104200,0.58479786,2026-08-29T11:28:04,0.0341,1.79,-3.97,Pollution & Treatment Controls,0.5885822716227443,Hold
JKHY,"Jack Henry & Associates, Inc.",21.651995,7.839,7.227,24.351507,4.739718,2.11,,12169068544,71050780,71050780,14.236,0.553,6.398,,,,4.74,0.0695,0.07421604255435321,-0.102,0.23572999,0.19760999,0.21663,0.43897998,169.73,191.53333,215.0,170.0,0.12845890532021453,buy,1.76471,15,64.2935702610276,,0.017728214321422995,0.020133284922875187,0.11216220879212535,0.00599,1793736000,0.055171967,2026-08-29T11:28:04,0.0611,,,Information Technology Services,0.5886222477995795,Hold
AMSC,American Superconductor Corpora,21.02583,1.355,0.8825,9.25,4.3011703,0.74,9162.59988713693,1240306688,48442143,48442143,53.376,3.284,0.681,2.012,1.593,2.431,4.55,0.0744,0.211944112381651,0.176,0.30163,0.42564,0.02569,0.2902,28.49,61.75,71.0,54.0,1.1674271674271677,none,,4,29.52147857853609,,-0.15684981894962122,-0.08651480115685657,1.5408661870600184,0.03444,1793822400,-0.38802296,2026-08-29T11:28:04,0.0755,4.24,3.79,Specialty Industrial Machinery,0.5888298731005155,Hold
GEV,GE Vernova Inc.,36.276806,25.1381,15.17419,26.122314,5.8712883,1.57,15.448139131585622,246194962432,266333581,266333581,62.693,1.033,28.364,0.7064999999999999,0.563,0.85,3.05,0.0298,0.2492145132535879,0.328,0.82577,0.23035,0.07466,0.2057,911.93,1236.4318,1450.0,940.0,0.35584068952660863,buy,1.54054,33,56.27881389066636,32.13929921830834,0.0001643052264028629,-0.006416897494660987,1.345499434552422,0.00126,1793190600,0.5560794,2026-08-29T11:28:04,0.0321,2.57,-15.71,Specialty Industrial Machinery,0.5892870687689894,Hold
LADR,Ladder Capital Corp,8.779066,1.11857,1.00714,23.380953,5.727316,,,5224953856,126865303,126865303,,1.002,281.639,3.0605,3.037,3.084,4.15,0.0471,0.026798808812209307,-0.151,0.035669997,0.24031,0.28209,0.692,9.82,12.0,13.5,10.25,0.22199592668024426,buy,1.57143,7,54.73749521587949,,0.010028682030607436,-0.053206707126109816,0.3070493289035047,0.12654,1792672200,-0.14965397,2026-08-29T11:28:04,0.0471,,,REIT - Mortgage,0.5899072585422211,Hold
PNTG,"The Pennant Group, Inc.",23.36278,1.58714,1.40143,40.747253,1.1755998,2.12,473.3159921428898,1846536576,34929074,34929074,24.762,1.286,122.528,1.0895000000000001,0.974,1.205,2.85,0.0232,0.3401128813205869,0.25,0.1042,0.02934,0.06192,0.19590001,37.08,46.66667,49.0,44.0,0.2585401833872709,strong_buy,1.14286,6,35.601021432943455,59.56047844834065,0.03480790672603354,-0.0071501404380165095,0.5007982608512387,0.05049,1793822400,0.57846415,2026-08-29T11:28:04,0.0232,,,Medical Care Facilities,0.5899567313296739,Hold
PTCT,"PTC Therapeutics, Inc.",28.036,2.5,1.59667,-104.61194029850746,5.7990026,,-20.39637414585647,6638587392,83460802,83460802,38.771,0.545,,3.2975000000000003,3.201,3.394,8.26,0.16600001,0.9135073132894167,,,-0.03805,0.41323003,0.49959,70.09,99.28571,130.0,70.0,0.4165460122699385,buy,1.85714,14,36.14614186233487,,0.07159060402684567,-0.19006566947551887,1.0523390935173698,0.07311,1793908800,0.45570648,2026-08-29T11:28:04,0.1435,7.52,7.45,Biotechnology,0.5899902502369481,Hold
ALK,"Alaska Air Group, Inc.",7.535331,5.61621,-1.66159,-26.285714285714285,0.31992438,1.2,-198.8650037894737,9677043712,111603120,111603120,13.765,1.3,207.52,0.506,0.465,0.547,3.83,0.109,0.13310247957225574,,-0.04598,-0.011849999,-0.02927,0.17713,42.32,61.28125,92.0,37.0,0.4480446597353498,strong_buy,1.5,16,50.363157056839626,34.30178894103278,-0.12079513797546047,-0.07305829809568143,0.7598206185624552,0.00598,1792699200,-0.3257709,2026-08-29T11:28:04,0.0977,,,Airlines,0.5900580456363417,Hold
BIPC,Brookfield Infrastructure Corpo,18.936275,2.04,-0.45,-13.506993006993008,1.2852849,,-9.115967512432576,20360951808,123005386,123005386,7.109,1.311,719.455,0.4675,0.403,0.532,8.41,,0.051089624644566234,,0.17157,-0.09413,0.58511,0.62429,38.63,50.0,50.0,50.0,0.29433083096039336,none,,1,47.22606629234115,,-1.0,0.5572519083969465,1.4489253315643473,0.00011,1793968200,-0.013032556,2026-08-29T11:28:04,0.0789,7.33,-0.58,Utilities - Regulated Gas,0.5901039219609592,Hold
AGL,"agilon health, inc.",45.023304,2.05538,-0.44743,-6.076165462902167,0.26247546,,-10.666556540806134,1429215104,16791210,16791210,-5.962,3.054,14.7,1.0285,0.976,1.081,2.44,0.093,0.05831911952980162,,-0.78942,-0.03923,0.01298,0.00234,92.54,115.07692,146.0,85.0,0.24353706505295003,hold,2.5625,13,47.11745573649253,31.94539044762884,0.4769720716617587,1.0,0.45524651892508705,0.03138,1793736000,1.9662993,2026-08-29T11:28:04,0.0798,2.67,1.49,Medical Care Facilities,0.5901074877665022,Hold
CAT,"Caterpillar, Inc.",24.749949,32.3334,27.30467,34.493534,4.922518,1.78,72.85696530933765,407054843904,459674889,459674889,25.048,1.605,232.783,1.074,0.78,1.368,2.12,0.015700001,0.2687023456702242,0.682,0.56972003,0.14511,0.22183001,0.29713,800.25,979.2196,1225.0,575.0,0.22364211184005,buy,2.14286,26,47.209929192195446,,0.10440505399333913,0.06073260821919427,0.220983767908507,0.0022,1793277000,0.9496945,2026-08-29T11:28:04,0.015,2.14,-14.9,Farm & Heavy Construction Machinery,0.5902375089968595,Hold
MPTI,"M-tron Industries, Inc.",26.590675,2.895,2.55,30.188236,5.7491965,1.47,62.06775383759217,237723728,4346476,4346476,19.907,0.757,0.111,15.7375,14.845,16.63,1.18,0.0783,-0.2344606987361716,-0.189,0.123950005,0.16349001,0.11377,0.4428,76.98,89.0,90.0,88.0,0.15614445310470249,hold,3.0,2,35.963112972169824,,-0.04135338345864673,-0.17521367521367515,0.5486441833201343,0.05723,1794427200,0.757637,2026-08-29T11:28:04,0.0791,,,Electronic Components,0.5905500786283525,Hold
MCK,McKesson Corporation,17.671059,50.55668,44.62685,23.945055,0.25344276,1.72,15.314930165117511,113395884032,116590363,116590363,16.037,0.307,,0.6985,0.504,0.893,2.4,0.0208,0.16319148092883107,-0.176,,0.01117,0.01348,0.03633,893.39,986.9375,1080.0,845.0,0.10471070864907817,buy,1.61111,16,64.21218817615994,,0.00822382838516463,0.003705177977786422,0.256297921454201,0.00062,1793822400,0.2875712,2026-08-29T11:28:04,0.0208,,,Medical Distribution,0.5906084552065405,Hold
RCL,Royal Caribbean Cruises Ltd.,13.768883,20.29286,17.79981,17.26885,4.000042,1.37,-49.2852660580803,97595785216,267452084,267452084,14.091,1.779,224.816,0.161,0.113,0.209,4.94,0.0585,0.08135781062001346,-0.046,0.44669998,0.23541,0.2707,0.50284,279.41,346.92307,415.0,262.0,0.24162725027736998,buy,1.75,26,32.33924996653481,,0.026808052337772677,0.01510081046551998,1.0082141983412223,0.06196,1793104200,-0.19566202,2026-08-29T11:28:04,0.0484,4.36,-10.51,Travel Services,0.590624173541734,Hold
ZG,"Zillow Group, Inc.",12.512176,2.92595,2.26546,159.17392,2.9297767,0.92,33.70592530603889,8092672000,41402072,224874954,46.244,1.976,12.953,1.6065,1.291,1.922,2.73,0.18370001,6.110551954984282,,0.012150001,0.01957,0.046630003,0.72883004,36.61,47.22727,80.0,32.0,0.290010106528271,buy,2.24,22,61.21566739780932,,-0.020078896828555074,-0.04012453005977185,0.7850479816322101,0.03853,1793304000,-0.5398152,2026-08-29T11:28:04,0.018,,,Internet Content & Information,0.5911089903801539,Hold
BJRI,"BJ's Restaurants, Inc.",23.81318,2.73462,2.36957,34.45503,0.96704197,2.21,28.008674566595154,1805584640,21273765,21273765,13.99,1.318,109.378,0.22799999999999998,0.167,0.289,3.2,0.096499994,0.10611408934901734,-0.113,0.104399994,0.028570002,0.05006,0.15534,65.12,75.375,82.0,65.0,0.15747850122850116,none,,8,35.53562278022706,,0.07333523579158124,0.04801615740439121,0.8798053521625232,0.048979998,1793304000,0.92098916,2026-08-29T11:28:04,0.0843,,,Restaurants,0.5915609245710687,Hold
LEN,Lennar Corporation,13.321503,6.4805,5.54099,13.531348,0.63525456,11.3,19.29304713988831,25039179776,210506003,240895142,10.956,1.398,28.692,4.855499999999999,1.203,8.508,0.22,0.0029,0.17661687578572272,-0.315,0.07368,0.04934,0.052750003,0.16363001,86.33,86.23077,120.0,67.0,-0.0011494266187882518,hold,3.44444,13,46.96820643917157,,-0.005831175798287923,-0.018449603244924877,0.2634239682830383,0.08234,1789675200,-0.35853183,2026-08-29T11:28:04,0.0833,6.45,-1.26,Residential Construction,0.5917473340076806,Hold
ZYME,Zymeworks Inc.,24.235514,1.16647,1.18239,-13.995049504950495,54.450027,,-31.072277206234652,1803835520,70959241,71509241,-11.974,1.149,19.917,6.0855,5.855,6.316,10.2,0.0962,-0.8996730024212068,,-0.72306997,0.0,-3.0,-2.46661,28.27,41.58333,60.0,31.0,0.4709349133356915,strong_buy,1.16667,12,61.38000433533253,20.112868527536733,0.1137076492695472,1.0,1.082235299062047,0.013099999,1793908800,1.0706639,2026-08-29T11:28:04,0.0689,,,Biotechnology,0.5920267320251207,Hold
HUBG,"Hub Group, Inc.",18.66521,2.12213,1.8251,22.764368,0.6496045,2.15,40.95451537483357,2877116416,60578607,61153510,8.641,1.217,28.41,1.415,1.356,1.474,3.14,0.0851,-0.04224958325634676,0.205,0.06241,0.02815,0.04162,0.11378,39.61,41.0,50.0,29.0,0.03509214844736186,buy,2.5,12,29.798372426616666,47.438356871494626,-0.001482648634157812,0.057253600769226774,0.5172697414778338,0.02892,1774900800,0.07879114,2026-08-29T11:28:04,0.0618,,,Integrated Freight & Logistics,0.5922620425903407,Hold
GLW,Corning Incorporated,34.48228,4.32048,3.26986,68.65437,7.5648217,1.12,174.7169983484601,135771635712,861388331,861388331,33.237,1.148,71.448,1.3955,0.978,1.813,1.25,0.0221,0.15954410732318114,0.185,0.16813,0.111999996,0.15649,0.36395,148.98,191.4,226.0,129.0,0.284736206202175,strong_buy,1.5,15,45.72175483095628,43.58785509280455,0.02601546933588542,0.01766584697136724,0.537231422886422,0.080690004,1793104200,1.2795763,2026-08-29T11:28:04,0.0227,1.09,-6.02,Electronic Components,0.5923334782175653,Hold
COST,Costco Wholesale Corporation,41.724678,22.65973,20.57925,47.48719,1.4281827,4.66,60.2923882061118,417625047040,443478804,443478804,30.285,0.86,60.257,0.8180000000000001,0.564,1.072,3.82,0.0166,0.2196169357397293,0.455,0.29152,0.0301,0.036730003,0.12876001,945.47,1077.3143,1315.0,740.0,0.1394484224777095,buy,2.0,35,49.50720022992099,33.74218557430933,0.000214222634151461,0.0006218223051319637,0.14804067326480136,0.00161,1790280000,-0.004431069,2026-08-29T11:28:04,0.0167,,,Discount Stores,0.5925199366317548,Hold
IBKR,"Interactive Brokers Group, Inc.",30.12974,3.18091,2.70912,38.031746,23.89081,1.89,,-25310988288,453077771,1703815587,,1.343,205.748,1.093,1.093,1.093,1.75,0.0207,3.738419842751455,0.353,0.24018998,0.16474001,0.76532996,0.93036,95.84,106.13333,121.0,70.0,0.10740118948247068,buy,1.84615,12,72.8691160470541,50.809634350953324,-0.0052872752908002104,-0.003218245288576709,0.3419068012834399,0.026659999,1792526400,0.5109546,2026-08-29T11:28:04,0.0184,,,Capital Markets,0.5927267637013117,Hold
OII,"Oceaneering International, Inc.",21.808949,2.31969,2.05826,14.6213875,1.7531532,8.01,21.17099072668494,5287226880,99529645,99529645,13.057,1.173,70.343,1.9705,1.765,2.176,5.76,0.0864,0.11177428594264582,0.204,0.34570998,0.121879995,0.11486,0.1982,50.59,46.0,52.0,38.0,-0.09072939316070372,none,,4,42.482123541909495,73.81837185211226,0.08312941708897072,0.08930181449340706,0.9061778168187156,0.01276,1792612800,1.1065404,2026-08-29T11:28:04,0.0631,,,Oil & Gas Equipment & Services,0.592743455778782,Hold
SPG,"Simon Property Group, Inc.",32.060295,6.69239,6.22,15.152542,11.735377,4.58,31.384780372977193,99293749248,323551515,379623473,19.374,1.326,503.504,0.265,0.264,0.266,0.0,0.0,0.3931703412360781,-0.125,1.20508,0.66571,0.46023998,0.81426,214.56,236.05263,285.0,207.0,0.10017072147650996,buy,2.38095,19,36.650962003976154,,-0.03419598368381253,-0.007121249660627952,0.4165833533417285,0.01801,1793649600,0.20137525,2026-08-29T11:28:04,0.0,,,REIT - Retail,0.5927782505789495,Hold
PK,Park Hotels & Resorts Inc.,28.017698,0.565,0.535,-19.072289156626507,1.2523324,0.65,2.9818134918914674,6944025088,201338330,201338330,10.867,1.336,135.246,0.267,0.237,0.297,8.05,0.22940001,0.002854945702589262,,-0.04859,-0.064050004,0.17621,0.30923,15.83,15.1875,20.0,11.0,-0.0405874921036008,hold,2.72222,16,65.62493016526031,38.19131397935187,0.03883495145631071,0.06103286384976521,1.2255381077093253,0.03975,1793908800,0.33588433,2026-08-29T11:28:04,0.1715,,,REIT - Hotel & Motel,0.5928099450756581,Hold
ROOT,"Root, Inc.",20.01064,2.82,4.74,15.76257,0.5577571,,6.990079744153508,663684224,13687016,15493252,7.261,2.928,44.965,1.809,1.638,1.98,7.06,0.1459,0.14059543731080626,0.155,0.15369001,0.037130002,0.0889,0.39305001,56.43,60.2,80.0,50.0,0.06680843522948798,none,,5,44.19666748218597,57.276426160564746,0.47433903576982905,-0.07540983606557376,1.2583250026390471,0.059019998,1793822400,-0.38012385,2026-08-29T11:28:04,0.153,,,Insurance - Property & Casualty,0.5929983485303622,Hold
GO,Grocery Outlet Holding Corp.,18.084286,0.67296,0.54506,-3.13659793814433,0.25426444,,-27.041122674829293,2982531328,99084492,99084492,14.684,0.682,226.658,0.7565,0.222,1.291,9.24,0.38189998,0.0009884519163705363,0.136,-0.3806,-0.08039,0.01777,0.29985002,12.17,10.73077,12.5,6.0,-0.11826047658175842,hold,3.14286,13,79.46995540474563,43.802740705832,0.07538719542270882,0.06827525994126517,1.4160111699125106,0.0612,1793736000,-0.37299037,2026-08-29T11:28:04,0.2692,10.28,10.19,Grocery Stores,0.5930205841669,Hold
D,"Dominion Energy, Inc.",17.179205,3.81566,3.58692,22.681662,3.1819046,2.85,-6.279506157858259,117802475520,879525949,879525949,14.123,0.63,160.459,0.5630000000000001,0.317,0.809,6.3,0.025899999,0.14025309761042637,-0.58,0.08281,0.13984999,0.29219,0.46222,65.55,71.81818,80.0,66.0,0.09562440884820744,hold,2.66667,11,39.57624732272171,,0.0004267318199694464,-0.00023064241776156078,0.4172456989844769,0.00132,1793363400,0.124450445,2026-08-29T11:28:04,0.0259,,,Utilities - Regulated Electric,0.5930948317968462,Hold
AMH,American Homes 4 Rent,51.677914,0.64902,0.74605,26.61905,7.330942,,16.72058037811122,17805230080,359179944,409951999,18.306,0.803,68.848,0.967,0.262,1.672,4.43,0.0397,0.20861716105173178,0.106,0.07084,0.25530002,0.25921,0.56646997,33.54,37.15909,42.0,32.0,0.10790369707811576,buy,2.08333,22,33.81687952253773,,0.045605527602976856,-0.015577363527431025,0.20341933645909901,0.07892,1793217600,-0.035199106,2026-08-29T11:28:04,0.0318,4.64,-9.64,REIT - Residential,0.5931891453647495,Hold
KNF,Knife Riv Holding Co.,16.167799,3.97333,2.855,26.11382,1.1024892,1.62,-1041.4800199928598,5274440192,56763420,56763420,10.668,0.552,103.908,1.9935,1.322,2.665,5.13,0.082399994,0.1240318007618284,-0.135,0.09122,0.042290002,0.08802,0.17828,64.24,93.44444,118.0,73.0,0.4546145703611457,buy,1.77778,9,54.43035264749594,,-0.13221884498480244,0.003999999999999946,0.22408401401858738,0.00433,1793709000,-0.167979,2026-08-29T11:28:04,0.0639,,,Building Materials,0.5932647755923944,Hold
VRTX,Vertex Pharmaceuticals Incorpor,24.625227,21.99736,19.03728,31.511925,10.907687,1.91,52.24624044805423,132907728896,253460924,253460924,26.058,0.305,9.767,2.8605,2.536,3.185,3.11,0.0185,0.13760139215779077,0.08,0.23542999,0.34997,0.38055,0.54957,541.69,563.12,672.0,350.0,0.03956137274086635,buy,1.65517,25,46.37331907899672,,-6.67067607565523e-05,0.023288658321521508,0.735427386366037,0.0021,1793649600,0.36546135,2026-08-29T11:28:04,0.0164,,,Biotechnology,0.5934746178083574,Hold
TPB,"Turning Point Brands, Inc.",34.681816,2.42,1.88,36.491306,3.3174417,0.05,-3448.168131147541,1755209216,20048922,20048922,20.068,0.933,68.426,4.57,3.471,5.669,7.26,0.1387,0.09465366766352834,-0.772,0.17572,0.087840006,0.12776,0.59161,83.93,125.16667,140.0,115.0,0.49132217323960425,none,,6,27.76949498857479,14.42922309785834,0.012565507063721528,-0.15384615384615383,0.514607431573909,0.04247,1793795400,-0.15131974,2026-08-29T11:28:04,0.1523,,,Tobacco,0.5935931868532447,Hold
DUOL,"Duolingo, Inc.",19.240612,7.63905,6.62241,17.373522,5.9809995,,22.81246255804702,5456156160,40237065,46593117,30.476,0.881,6.11,2.614,2.509,2.719,5.66,0.202,0.3363876962695964,-0.275,0.3442,0.35875,0.11684,0.72717005,146.98,127.06889,163.0,80.0,-0.1354681589331882,hold,2.79167,18,65.27399013901424,,-0.009778985946071952,-0.027198833643868877,1.4266900565184604,0.01523,1793822400,-0.5073453,2026-08-29T11:28:04,0.1775,,,Software - Application,0.5936973343943438,Hold
BANC,"Banc of California, Inc.",8.739985,2.12815,1.33893,-43.25581395348838,4.269354,1.12,,3796293888,157955199,158432520,,1.138,,,,,2.51,0.069299996,,,-0.0065499996,-0.032420002,2.0,0.0,18.6,22.27273,24.0,20.0,0.19745860215053757,none,,11,53.765464205286435,26.332010257231957,-0.20724587912087916,0.033840339277820285,1.8204271774751537,0.0087,1792585800,0.12148416,2026-08-29T11:28:04,0.0446,1.48,-26.69,Banks - Regional,0.59382039963613,Hold
MCO,Moody's Corporation,27.22686,18.91331,16.97255,32.63308,10.928867,2.15,34.577445478067006,94417584128,173180984,173180984,23.296,1.33,240.682,1.1164999999999998,1.043,1.19,2.97,0.0173,0.19233298732151805,0.567,0.76932,0.34252,0.49473998,0.74974996,514.95,560.4762,610.0,505.0,0.08840897174482931,buy,1.75,21,76.90611525652417,40.71870115411368,0.005051743209665983,0.004370450655594152,0.2690107193182009,0.14372,1792585800,0.021103263,2026-08-29T11:28:04,0.0162,,,Financial Data & Stock Exchanges,0.5938469854668758,Hold
FMC,FMC Corporation,6.898609,1.64236,1.2918,-0.5272219637040484,0.4363989,1.55,8.565814273559688,5369220096,125226839,125226839,19.938,0.405,265.047,1.5285000000000002,1.07,1.987,7.96,0.3136,-0.17709393750647973,,-0.88376,-0.84830004,0.11833,0.31927,11.33,13.42067,21.0,11.0,0.1845251544571933,hold,2.5625,15,64.487045683824,47.44593978286688,-0.21958351205543503,-0.18659211236633957,1.357340576139773,0.00931,1793217600,-0.722901,2026-08-29T11:28:04,0.256,,,Agricultural Inputs,0.5938908990071524,Sell
MEC,"Mayville Engineering Company, I",19.004711,1.01659,0.25854,-23.27710843373494,0.8402387,,-60.00900135507544,657387392,25500331,25500331,18.57,1.295,51.285,1.2945,0.89,1.699,3.16,0.100600004,-0.011465694308046448,,-0.06047,-0.029509999,0.00266,0.10854,19.32,36.8,40.0,34.0,0.9047619047619047,none,,5,19.890878472932883,24.597972406294005,0.9176680017801513,-0.13382921800180617,0.9759000729485332,0.23364,1793736000,0.40761244,2026-08-29T11:28:04,0.1129,3.31,47.78,Metal Fabrication,0.5943578569506388,Sell
AAPL,Apple Inc.,33.516766,9.53851,8.82452,36.704937,9.994708,2.5,43.31301769941587,4687704096768,14594180000,14594180000,27.91,1.086,78.445,0.9075,0.812,1.003,2.19,0.008,0.22180206525943902,0.287,1.4875101,0.27618998,0.32623002,0.48653,319.7,324.45282,400.0,215.0,0.014866499843603442,buy,2.18182,39,57.00555777120877,73.76117023098686,0.005119987225694665,-0.018517984574353146,0.1050393454833999,0.01648,1793304000,0.36940622,2026-08-29T11:28:04,0.0097,2.42,-3.37,Consumer Electronics,0.5945263474643163,Sell
AORT,"Artivion, Inc.",34.24719,0.78167,0.44167,-446.1666666666667,2.7683477,643.75,99.6586151526142,1630979456,48756221,48756221,25.598,1.251,91.558,2.6159999999999997,1.759,3.473,4.04,0.0677,0.0753061645200106,,-0.0073100002,-0.00671,0.09014,0.64373,26.77,42.15,48.0,38.0,0.5745237205827418,strong_buy,1.25,8,53.57462326473243,25.01086856003434,0.0,0.08565277777777779,0.9189803008707149,0.04326,1793908800,-0.38984215,2026-08-29T11:28:04,0.0585,4.76,8.28,Medical Devices,0.5945375666583556,Sell
TFSL,TFS Financial Corporation,44.948723,0.39,0.36,48.694443,14.158269,72.62,,10167788544,280442755,280442755,,0.734,,,,,8.06,0.1489,0.15634701557542474,0.425,0.05308,0.29393,0.45411,0.0,17.53,19.0,20.0,18.0,0.08385624643468326,none,,2,56.354248873873765,16.496219564763393,0.07462686567164169,0.054054054054054106,0.10101525445522107,0.00457,1793304000,0.30729926,2026-08-29T11:28:04,0.1493,8.07,-4.3,Banks - Regional,0.5945884042004198,Sell
OGE,OGE Energy Corp,17.577028,2.60226,2.42833,20.061405,2.920603,3.3,74.54854109664694,15351236608,206581287,206581287,11.943,0.516,117.305,0.5905,0.414,0.767,7.19,0.0627,-0.06440315670992991,0.057,0.09703,0.14435,0.26549,0.44762,45.74,50.45455,60.0,44.0,0.10307280279842579,hold,2.61538,11,36.12476769871107,38.90256713267747,-8.235434604471758e-05,-0.0011361804377366578,0.2313168070517941,0.00408,1793190600,0.033453107,2026-08-29T11:28:04,0.0487,,,Utilities - Regulated Electric,0.5949100797930527,Sell
ARCC,Ares Capital Corporation,10.323095,1.93256,1.90721,14.88806,4.611899,3.72,18.860508487773178,29728294912,718022845,718022845,,0.62,114.117,0.538,0.463,0.613,8.56,0.0556,-0.03582743874395811,-0.541,0.06876,0.30908,0.75651,1.0,19.95,20.61538,23.0,19.0,0.0333523809523808,buy,1.71429,13,48.89468965963817,,-0.00803058278937919,0.0025523437986346184,0.32531133061397943,0.00559,1793104200,-0.10931897,2026-08-29T11:28:04,,,,Asset Management,0.5951537663925685,Sell
WWD,"Woodward, Inc.",31.85486,10.73023,9.45756,37.97889,4.8145266,2.19,107.79576216935718,21358931968,59045820,59045820,26.588,0.881,55.941,1.361,1.077,1.645,1.63,0.0198,0.22134937917705266,0.364,0.22339001,0.13169,0.17764,0.29626,341.81,450.36365,502.0,420.0,0.31758476931628676,strong_buy,1.41667,11,45.72661350032525,54.533918303152404,0.0052422132088468815,-0.007101891555272497,0.41508484801539963,0.00246,1795464000,0.40788615,2026-08-29T11:28:04,0.0177,,,Aerospace & Defense,0.5951685530223663,Sell
TRNO,Terreno Realty Corporation,37.734455,1.7647,2.08,17.900536,14.429551,7.15,22.709775371314088,8210080256,108970310,108970310,27.002,1.055,21.396,0.6125,0.605,0.62,8.75,0.1024,0.04799923024904684,-0.402,0.0928,0.77274,0.41769,0.76206,66.59,73.76471,91.0,60.0,0.10774455623967549,buy,2.26316,17,42.517936790923216,,0.06940874035989718,0.013397497372758145,0.37681445494077076,0.01911,1793822400,0.19989276,2026-08-29T11:28:04,0.0586,8.32,-5.65,REIT - Industrial,0.5952990616840499,Sell
FSLY,"Fastly, Inc.",39.462868,0.58384,0.52526,-43.471698113207545,5.3411183,,42.20001368696728,3731066112,159300000,159300000,-96.886,0.36,40.198,3.265,3.169,3.361,3.36,0.15640001,0.19654406779661038,,-0.08389,-0.11802,-0.07873,0.61472,23.04,27.0,32.0,20.0,0.171875,none,,10,52.82659014444906,,0.6169308911805446,0.4797992598976023,0.2735725702668012,0.04275,1793822400,2.237845,2026-08-29T11:28:04,0.1433,,,Software - Application,0.595312088560224,Sell
CR,Crane Company,26.525232,7.80389,6.98602,36.125656,4.6172476,2.63,32.89257325558441,12732273664,57800356,57800356,17.049,1.094,51.181,2.28,1.756,2.804,2.1,0.020399999,0.25049023573488016,0.106,0.16521999,0.1297,0.35463002,0.46965,207.0,238.0,253.0,192.0,0.1497584541062802,none,,10,23.738799470940677,,0.02614111235963311,0.02270451757650739,0.21317859473158557,0.1446,1793044800,0.13891768,2026-08-29T11:28:04,0.0205,,,Specialty Industrial Machinery,0.5954209649716083,Sell
UNH,UnitedHealth Group Incorporated,17.514755,22.43537,19.81226,25.253857,0.7828847,1.22,14.531404774932847,403956858880,897594847,897594847,15.14,0.632,69.211,0.736,0.695,0.777,2.99,0.019199999,0.01928061091019173,0.615,0.14152999,0.03135,0.071329996,0.19723,392.95,475.23077,529.0,313.0,0.20939246723501714,buy,1.55556,26,33.90682057725641,26.515790774320607,8.580619207621047e-06,-3.5657853976864335e-06,0.26672738307058896,0.00248,1793104200,0.279307,2026-08-29T11:28:04,0.0173,,,Healthcare Plans,0.5954475672761815,Sell
CEG,Constellation Energy Corporatio,20.74331,13.34165,12.11777,27.079256,3.1357393,3.74,-14.800410859697873,122402570240,354307379,354307379,15.393,1.118,76.419,0.9630000000000001,0.471,1.455,3.4,0.0297,0.09013642597604488,-0.468,0.15055001,0.110810004,0.086619996,0.22107,276.75,348.304,441.0,290.0,0.25855103884372177,buy,1.54545,20,57.53242678785812,,0.032932046647339716,-0.01931792956133503,0.8318739423517516,0.0033500001,1794227400,-0.08066666,2026-08-29T11:28:04,0.0266,,,Utilities - Independent Power Producers,0.5957198254144009,Sell
TTD,"The Trade Desk, Inc.",13.633669,0.99533,1.16099,16.154762,2.1324346,1.12,10.937140681649073,5254568960,426771565,469880194,7.528,1.037,16.863,1.7005,1.677,1.724,3.08,0.2301,0.18004885878467558,-0.236,0.15441,0.13608,0.14205,0.76872003,13.57,13.38667,20.0,9.0,-0.013509948415622697,hold,3.11111,30,43.70343866904028,,-0.3699653776441604,-0.5366096660505696,0.6831353290320803,0.022869999,1793908800,-0.7523071,2026-08-29T11:28:04,0.2001,,,Advertising Agencies,0.595720078449924,Sell
IRM,Iron Mountain Incorporated (Del,43.032513,2.72817,2.47948,83.26241,4.6215467,2.7,-80.14407831215941,56656637952,297702812,297702812,22.209,1.217,,0.655,0.584,0.726,3.69,0.0324,0.17532420217784184,,,0.055359997,0.19059,0.5421,117.4,144.6,153.0,140.0,0.23168654173764902,buy,1.72727,10,54.55920382073222,37.04990406485639,0.01901184438727291,0.021614161595685483,0.7322850898697241,0.00885,1793795400,0.3714509,2026-08-29T11:28:04,0.0241,,,REIT - Specialty,0.5961098866561764,Sell
NPO,Enpro Inc.,27.463074,10.88589,9.58873,144.42513,5.1710157,2.18,48.36754819168669,6990942720,21167681,21167681,23.428,1.561,37.073,1.759,1.236,2.282,2.16,0.0294,0.16903983955540514,0.016,0.0286,0.03604,0.17119,0.43226,298.96,389.5,430.0,373.0,0.30284987958255294,none,,4,44.86458050963001,,0.03718009734991896,0.050423946742987086,0.9785033662248915,0.0067299996,1793709000,0.43382108,2026-08-29T11:28:04,0.0221,,,Specialty Industrial Machinery,0.5961618485944665,Sell
WSC,WillScot Holdings Corporation,15.766445,1.3256,1.13704,-54.99999999999999,1.6510751,1.28,15.220562336021555,7558153216,181190958,181190958,12.88,1.334,416.655,0.7295,0.648,0.811,4.35,0.1046,0.058221599071185404,-0.002,-0.07083,-0.030030001,0.20124,0.52324003,20.9,29.4,37.0,26.0,0.40669856459330145,buy,2.4,10,20.5052001896249,,0.029200383786817243,-0.021437429870666876,1.1315894475957227,0.02615,1794254400,-0.13613862,2026-08-29T11:28:04,0.0958,7.81,-8.29,Rental & Leasing Services,0.5961819795704019,Sell
BOH,Bank of Hawaii Corporation,11.574327,6.67771,5.95597,14.366171,4.059211,2.1,,3575269120,39450396,39450396,,0.696,,,,,0.03,0.0004,0.1371391354347875,0.387,0.13017,0.31353,0.44022,0.0,77.29,86.83333,92.0,85.0,0.12347431750549864,none,,6,44.062886144091735,67.44642840902733,-0.008638668945899269,-0.03198446005204136,0.19198082394694094,0.01928,1793017800,0.15389216,2026-08-29T11:28:04,0.0891,6.23,-6.65,Banks - Regional,0.5962737770022742,Sell
CHD,"Church & Dwight Company, Inc.",25.066217,4.0397,3.77449,32.45513,3.8559773,3.11,25.572475072698737,26456064000,237203907,237203907,19.528,0.471,55.851,0.8945000000000001,0.642,1.147,5.89,0.052399997,0.043434482181610834,0.09,0.17041,0.119569995,0.18065001,0.45562,101.26,105.36842,115.0,78.0,0.040572980446375695,buy,2.2381,19,55.6846306693146,41.409142028515824,0.000808709670576755,-0.001895057778260961,0.25601341052325827,0.00196,1793363400,0.097801566,2026-08-29T11:28:04,0.0457,,,Household & Personal Products,0.5962985777011344,Sell
HOOD,"Robinhood Markets, Inc.",31.786974,3.27996,2.49628,46.132744,19.00615,2.54,,97764270080,790630234,899082273,,2.321,240.279,1.0910000000000002,1.066,1.116,1.76,0.0424,0.4870630859077416,0.476,0.23618999,0.42011002,0.43884,0.9189,104.26,120.08462,163.6,57.0,0.15178035680030688,buy,1.67857,26,70.17894115280737,28.34460669606652,0.10182428984521162,0.028622962297751978,1.1765020053414925,0.00952,1793822400,0.055080295,2026-08-29T11:28:04,0.0423,1.55,-12.93,Capital Markets,0.5967620328606057,Sell
REXR,"Rexford Industrial Realty, Inc.",37.59924,0.98752,0.98361,-20.859550561797754,8.558324,1.88,24.837294443635116,11991074816,222988124,228634467,17.706,1.207,41.445,0.289,0.234,0.344,2.68,0.0469,0.08048954212467385,,-0.047280002,-0.39163,0.4159,0.76798,37.13,40.25,45.0,36.0,0.0840290869916509,hold,2.61111,16,51.41999449488827,55.384838358942204,,0.0449394211946458,0.15721147271898306,0.00375,1792008000,-0.07845086,2026-08-29T11:28:04,0.0358,,,REIT - Industrial,0.5968798079705079,Sell
EQIX,"Equinix, Inc.",55.87214,18.69286,17.88333,67.381294,10.40526,3.46,27.291762983050848,125446692864,98671686,98671686,27.631,0.972,162.217,0.869,0.607,1.131,2.79,0.019199999,0.1569151965235498,0.288,0.10735,0.15479,0.27021998,0.51979,1044.41,1234.5518,1400.0,1060.0,0.18205666357081984,buy,1.53125,29,50.90523145108484,20.289734538623208,0.00599999887492998,-0.03212651572773835,0.2685626421429518,0.00271,1793217600,0.39516044,2026-08-29T11:28:04,0.0194,3.27,1.49,REIT - Specialty,0.596880536641073,Sell
PSMT,"PriceSmart, Inc.",26.397505,6.415,5.56,32.628128,0.91827416,1.83,89.62076132495305,5108881408,30860524,30860524,14.304,0.787,24.017,0.87,0.463,1.277,8.16,0.113800004,0.14562863546970228,0.123,0.12314,0.028199999,0.044499997,0.17635,169.34,153.33333,165.0,135.0,-0.0945238573284517,none,,3,40.68677644676456,38.80003456392719,0.02080720880831765,-0.09007092198581558,0.18029883948279243,0.07422,1793217600,0.61253035,2026-08-29T11:28:04,0.0654,7.39,3.41,Discount Stores,0.5969661252063717,Sell
UNFI,"United Natural Foods, Inc.",14.250598,3.2139,2.564,-69.39393939393939,0.08882191,1.09,5.744614532642487,5972134400,60519140,60519140,10.386,0.829,197.248,0.872,0.416,1.328,5.39,0.0615,-0.041921484674104725,,-0.02296,-0.00122,0.01101,0.13494,45.8,49.375,56.0,43.0,0.07805676855895194,none,,8,47.75906464588048,,-0.004890165334161276,0.007482688250580734,1.3614648997497825,0.01924,1788870600,0.678267,2026-08-29T11:28:04,0.0422,5.46,-5.65,Food Distribution,0.5973492934782054,Sell
ICUI,"ICU Medical, Inc.",18.152132,9.64625,8.7525,147.14285,2.0275648,0.1,26.771474663136928,5363253248,25007038,25007038,16.445,0.754,59.817,1.713,0.996,2.43,4.11,0.066300005,-0.007914152007926889,-0.469,0.014099999,0.01393,0.075279996,0.38259,175.1,193.375,210.0,178.0,0.10436893203883502,none,,8,34.83244189847872,,0.07293901317805686,0.03695243214189734,0.9267399208555616,0.01837,1793908800,0.3785231,2026-08-29T11:28:04,0.0564,,,Medical Instruments & Supplies,0.5975244466063584,Sell
CNS,Cohen & Steers Inc,20.803839,3.97667,3.53333,25.455385,7.285772,2.09,27.106474494639038,4206735360,51421533,51421533,20.721,1.202,19.326,6.619,6.6,6.638,4.36,0.041100003,0.11273029141313229,0.319,0.27329,0.28824,0.34554002,0.47300997,82.73,76.0,88.0,60.0,-0.08134896651758738,hold,2.66667,3,57.9966153311519,55.660997850006666,-0.0018841807909605016,0.029337385105595432,0.11895190510952654,0.45801,1792094400,0.15728295,2026-08-29T11:28:04,0.0419,,,Asset Management,0.5976384566999403,Sell
ROL,"Rollins, Inc.",27.972351,1.30057,1.17133,33.072727,4.4607506,3.14,34.88690698313834,18298583040,481145404,481145404,21.154,0.744,78.015,0.5265,0.424,0.629,2.11,0.045100003,0.08685035109261907,0.031,0.37008998,0.1355,0.18799,0.52366,36.38,45.58824,66.0,32.0,0.25311269928532143,hold,2.52632,17,37.24782118476607,,0.0008373563463920886,-0.008825210532332374,0.1536531992846838,0.38422,1793217600,-0.365802,2026-08-29T11:28:04,0.0428,,,Personal Services,0.5978509628691709,Sell
TJX,"TJX Companies, Inc. (The)",23.468315,5.75755,5.24726,25.02222,2.393529,2.98,33.934103406128216,159242043392,1104704446,1104704446,17.886,0.616,134.419,0.853,0.559,1.147,3.95,0.0179,0.06524459768128787,0.236,0.62171,0.09729,0.10909,0.31467,135.12,170.4,198.0,125.0,0.2611012433392539,buy,1.63636,20,11.389637142214127,46.46713185588385,0.018119867536992053,0.008508694386179641,0.19969554069156392,0.00155,1795005000,-0.031392097,2026-08-29T11:28:04,0.0175,4.09,8.26,Apparel Retail,0.5980207556341686,Sell
FND,"Floor & Decor Holdings, Inc.",24.045988,2.20411,1.9757,24.766354,1.1978507,,40.25849028050195,7375549440,106489965,106489965,15.049,1.573,80.645,0.8724999999999999,0.412,1.333,5.75,0.1361,0.04079459505879268,0.534,0.09694,0.04927,0.054380003,0.44976002,53.0,58.59091,75.0,38.0,0.10548886792452827,hold,2.6087,22,18.754194709117442,29.9528838674089,0.0384156500806787,0.016135650105342812,0.1856526308237085,0.01339,1793217600,-0.32477224,2026-08-29T11:28:04,0.1364,,,Home Improvement Retail,0.5983652199245958,Sell
MRSH,Marsh,16.882889,11.41037,10.45199,23.521368,3.28944,1.86,19.211113489976825,111602139136,477211268,477211268,14.385,0.579,145.027,0.8335,0.528,1.139,2.98,0.0155,0.09407461364889658,0.073,0.25902998,0.14241,0.26323998,0.43994,192.64,207.09525,238.0,182.0,0.0750376349667774,hold,2.52174,21,49.13222273518952,46.16229769753456,5.740566574738339e-06,0.00023142202699393582,0.14216629643902903,0.00079,1792067400,-0.075155735,2026-08-29T11:28:04,0.0155,,,Insurance Brokers,0.5984195971128703,Sell
CBSH,"Commerce Bancshares, Inc.",12.697136,4.57111,4.29875,14.225491,4.5133657,2.06,,6660265472,143432178,143432178,,0.583,,,,,5.75,0.0448,0.11555654478034905,0.012,0.14694001,0.3164,0.45125,0.0,58.04,65.33333,73.0,62.0,0.12566040661612687,hold,2.77778,9,38.62831873119737,26.29809968135217,0.02513992459453478,0.02791944626580768,0.09716059420815566,0.02495,1792067400,-0.02068603,2026-08-29T11:28:04,0.0483,,,Banks - Regional,0.5990606136794753,Sell
QDEL,QuidelOrtho Corporation,10.221275,1.44209,0.77449,-0.9552819183408944,0.37798283,2.06,6.887329907498984,3962901760,68575427,68575427,8.178,0.693,173.277,0.9909999999999999,0.596,1.386,10.38,0.2975,0.017882249395253513,,-0.45905998,-0.39203998,-0.020920001,0.44858003,14.74,14.66667,20.0,12.0,-0.004974898236092318,hold,2.66667,3,77.11349176574984,45.38137175882823,-0.580345048061814,-0.41334098139243497,1.2446151285353597,0.00894,1793908800,-0.45769912,2026-08-29T11:28:04,0.2126,12.72,10.19,Medical Devices,0.5991545865795915,Sell
SFNC,Simmons First National Corporat,10.313637,2.2,2.04833,-8.341911764705882,29.735996,3.83,,3975389952,144513789,144513789,,0.917,,,,,3.73,0.0544,0.15426448337051069,0.07,-0.09941,0.0,0.38306,0.0,22.69,25.0,27.0,24.0,0.10180696342000872,none,,7,60.484888454385235,,-0.008874179235194686,0.0030410380562889195,1.200897883590135,0.01206,1792094400,0.09296727,2026-08-29T11:28:04,0.0421,,,Banks - Regional,0.5996365678801833,Sell
FWRD,Forward Air Corporation,39.511627,0.43,-1.12667,-1.9068462401795734,0.22792687,0.65,6.599536132684487,2537233920,33780862,33780862,9.005,1.362,,1.2435,1.166,1.321,2.76,0.0926,-0.01320789268195699,,-7.35718,-0.11366,0.06343,0.2149,16.99,28.0,29.0,27.0,0.6480282519128902,buy,2.2,2,53.60886365506188,46.120232248061455,-0.3601704634626297,1.0,1.4730184686238486,0.01859,1793822400,-0.39528525,2026-08-29T11:28:04,0.0844,2.8,-1.07,Integrated Freight & Logistics,0.5996967507318295,Sell
CVNA,Carvana Co.,32.730938,2.26208,1.63052,39.174603,3.2752278,,193.3918292191231,57013608448,719916415,1108463770,22.715,3.488,110.88,2.825,1.724,3.926,6.54,0.1221,1.3301187252133984,0.615,0.58773,0.06257,0.09219,0.19371,74.04,82.975,120.0,60.0,0.12067801188546712,buy,2.0,20,56.73805151883295,36.65169050636426,0.04250815649688578,0.06743310698599554,1.547692640771996,0.021140002,1793217600,0.0110810995,2026-08-29T11:28:04,0.0923,,,Auto & Truck Dealerships,0.60045045338296,Sell
MC,Moelis & Company,17.441772,3.92162,3.07498,23.832754,3.2192838,,,5274941952,74078589,74080893,,1.841,40.955,1.1655,1.164,1.167,5.19,0.075100005,0.12153928849805706,0.171,0.41454,0.14502,0.17790002,0.92286,68.4,72.0,86.0,60.0,0.05263157894736836,hold,2.90909,10,59.418240383959834,60.27782236436783,-0.001445072627077038,0.0026872166725047416,0.7807966238315337,0.01118,1793217600,-0.036230862,2026-08-29T11:28:04,0.0669,,,Capital Markets,0.6006260581845353,Sell
BMNR,"BitMine Immersion Technologies,",25.319149,0.94,,-5.288888888888889,234.6072,,-27.710657856483433,15122271232,603226394,603226394,-51.425,1.301,0.011,32.359,28.035,36.683,1.46,0.08,0.940305233394678,,-1.50905,0.0,0.08424,0.84438,23.8,31.86667,40.0,25.0,0.3389357142857141,none,,3,81.14614038674242,36.0640143582516,-0.38305941845764846,-0.489051094890511,1.7354644818462288,0.00659,1795204800,-0.39679927,2026-08-29T11:28:04,0.0719,1.16,-12.93,Software - Application,0.6007434704962165,Sell
CAKE,The Cheesecake Factory Incorpor,22.587427,4.96161,4.51332,30.371273,1.4383065,2.31,33.44470099875785,7363994112,49760634,49760634,20.746,1.003,400.999,0.5105,0.434,0.587,4.87,0.35419998,0.07807711613963764,0.237,0.38834,0.04607,0.07767,0.40701,112.07,92.66667,105.0,60.0,-0.1731358079771571,hold,2.68421,15,44.077329363807934,28.012055948850985,0.10666156652739377,0.10450675066504918,0.47107425040707746,0.07457,1793131200,0.8020953,2026-08-29T11:28:04,0.2016,,,Restaurants,0.6011842901324023,Sell
CCB,Coastal Financial Corporation,8.199577,5.9125,1.94333,-173.1428571428571,2.0470839,,,-241331072,15286327,15286327,,0.766,,,,,2.78,0.08,-0.027457347994714443,,-0.00833,-0.01064,-0.63276,0.0,48.48,49.5,53.0,47.0,0.02103960396039617,none,,4,59.27579498961257,61.15217368854133,-0.5652505592841163,-0.1571632216678546,0.04342830251060044,0.15303999,1793277000,-0.59179044,2026-08-29T11:28:04,0.0836,2.72,-2.63,Banks - Regional,0.601731806522575,Sell
OPLN,"OPENLANE, Inc.",20.269295,1.73119,1.44299,-56.59677419354839,2.0641053,1.22,162.40498290047393,6591762944,122069865,122069865,14.82,1.278,157.364,1.1455,1.123,1.168,1.91,0.0239,0.0023398267705136977,1.133,0.11147001,0.09667,0.16805,0.45846,35.09,46.22222,52.0,43.0,0.3172476489028211,buy,1.88889,9,49.37581347589128,54.82930255693186,0.03030238120738284,0.03710027197680412,1.234233161848401,0.07914,1793795400,0.23127604,2026-08-29T11:28:04,0.0165,2.3,-16.16,Auto & Truck Dealerships,0.6019288678862026,Sell
FAST,Fastenal Company,35.56324,1.39976,1.26249,42.54701,6.5287256,3.64,62.35222428687984,58914086912,1147497573,1147497573,30.14,0.712,10.851,3.089,1.998,4.18,3.51,0.031,0.14714242921366072,0.146,0.34334,0.15454,0.21023001,0.44701,49.78,48.53077,59.0,39.9,-0.025095018079550058,hold,2.72222,13,56.000850383695216,22.906465993853573,0.001463092691693024,0.0013646680265463936,0.05910890429478142,0.00088,1791981000,0.039642215,2026-08-29T11:28:04,0.0273,,,Industrial Distribution,0.6019351579014611,Sell
MIAX,"Miami International Holdings, I",22.293076,1.92885,1.71962,29.86111,2.9095387,,20.570736555567084,3588406528,99230898,99230898,15.763,,2.011,2.4364999999999997,2.268,2.605,5.93,0.0937,-0.05299702953408725,0.327,0.18143,0.09703,0.23427999,0.34346,43.0,52.0,62.0,45.0,0.20930232558139528,none,,5,48.4473299995977,40.909786087854535,0.10873125378792757,0.058365523901496776,1.24374542800784,0.09658,1793822400,0.21249652,2026-08-29T11:28:04,0.0789,,,Capital Markets,0.6019872430008888,Sell
TYL,"Tyler Technologies, Inc.",24.619013,15.35155,13.09892,49.598427,6.370241,1.78,26.037304465293442,15632421888,40952274,40952274,34.093,0.809,47.906,1.512,1.47,1.554,4.45,0.106400006,0.13936596048365968,0.155,0.09731,0.13361,0.14741,0.47205,377.94,426.63635,525.0,335.0,0.12884677462031013,buy,1.54545,22,82.86928140232281,83.76005545393484,0.015275340571577364,0.03499479858068333,0.3153670670809559,0.00519,1793217600,-0.33052182,2026-08-29T11:28:04,0.0921,3.64,-0.84,Software - Application,0.6020464921825,Sell
SWX,"Southwest Gas Holdings, Inc.",18.043451,4.93808,4.25269,22.904882,3.7077692,2.18,-16.516899333728002,9694266368,72445853,72445853,11.298,0.567,85.082,0.8495,0.583,1.116,4.91,0.0416,-0.06700112703483518,,0.06832,0.31398,0.24158001,0.54035,89.1,102.71429,107.0,94.0,0.15279786756453428,none,,7,47.19959467530848,40.31162753831675,0.0102313272931999,0.008380572754153659,1.0793980466785777,0.00604,1793795400,0.13362074,2026-08-29T11:28:04,0.0266,4.09,-10.23,Utilities - Regulated Gas,0.6024841143192274,Sell
FRME,First Merchants Corporation,9.355887,4.48167,3.86333,13.482316,4.100437,1.4,,3628912384,62801423,62801423,,0.855,,,,,3.99,0.0332,-0.05497675745340991,-0.287,0.07372,0.28958,0.34273,0.0,41.93,48.0,51.0,45.0,0.14476508466491778,none,,5,66.62756280874298,71.49158358529878,-0.09311502347417837,-0.027134567919994267,0.05599064701899398,0.02091,1792612800,0.01042676,2026-08-29T11:28:04,0.0304,3.58,15.43,Banks - Regional,0.6028358117787674,Sell
APPF,"AppFolio, Inc.",27.812174,8.4312,6.89775,53.53653,7.978736,7.45,41.75013151023946,8032780288,24087367,35416992,41.258,0.811,6.799,3.59,3.349,3.831,5.3,0.09819999,0.7844258278623812,0.182,0.3209,0.15134,0.18845,0.63532,234.49,231.03625,260.0,200.0,-0.014728773082007818,strong_buy,1.44444,8,70.365083319716,77.44611471066825,0.013599894198554067,0.02506243115551757,1.2002711736131848,0.03954,1793304000,-0.15165973,2026-08-29T11:28:04,0.1017,,,Software - Application,0.6032652469262484,Sell
NPK,"National Presto Industries, Inc",175.42528,0.87,,25.521738,1.9995309,,121.52833542555862,1081994496,7136067,7136067,19.161,0.461,2.232,3.0629999999999997,0.906,5.22,3.39,0.1162,0.21929600857166842,2.07,0.10902,0.078600004,0.11712,0.16466999,152.62,,,,,none,,,62.13946238379587,34.73691337503162,,,0.26488447021409,0.26058,1792785600,0.4610989,2026-08-29T11:28:04,0.0637,3.73,4.81,Aerospace & Defense,0.6033249109058985,Sell
MKC,"McCormick & Company, Incorporat",16.77658,3.29805,3.08759,9.206323,2.0140753,2.11,20.833383094427795,19843164160,254055150,268851552,13.671,0.627,65.143,0.536,0.291,0.781,0.0,,0.1692914628969342,-0.142,0.24728,0.21912001,0.17422001,0.38853002,55.33,60.61538,75.0,52.0,0.0955246701608532,buy,2.13333,13,45.233555651793964,,-0.00024932326542247645,-0.00025160054321469967,0.08589990641386662,0.000120000004,1791289800,-0.20726746,2026-08-29T11:28:04,0.0515,3.75,-10.69,Packaged Foods,0.603327539545318,Sell
RBRK,"Rubrik, Inc.",125.04536,0.74413,0.31438,-63.73287671232877,13.442338,,43.4952298915604,21425061888,160956763,205828566,-74.764,1.168,,1.6315,1.526,1.737,5.28,0.094399996,0.6699594109009264,,,-0.20254,-0.13598,0.80581003,93.05,107.11111,135.0,85.0,0.1511134873723805,strong_buy,1.11111,27,48.04388154463093,33.65825971798377,-0.0005404546177078477,-4.6105612590037365e-05,0.8871134316786339,0.02417,1787860800,0.21751988,2026-08-29T11:28:04,0.0811,6.26,-6.62,Software - Infrastructure,0.6034897300059044,Sell
TRIP,"TripAdvisor, Inc.",9.182249,1.0749,0.8499,,0.6275187,0.74,-11.315120551724139,1198081536,116361169,116361169,10.902,0.884,134.928,1.3780000000000001,1.195,1.561,8.11,0.28350002,-0.05819633008327718,-0.321,-0.00233,0.00273,0.09437,0.63966,9.87,13.86667,21.0,9.0,0.4049311043566364,hold,2.82353,15,39.093197037064066,60.06741906392839,-0.3531471192632621,-0.3232173776168739,0.8630747123996122,0.01345,1793881800,-0.4144737,2026-08-29T11:28:04,0.2534,11.72,-10.36,Travel Services,0.6035856119006213,Sell
ERIE,Erie Indemnity Company,18.586723,14.01,12.7,23.608341,3.3053486,2.67,28.29605668191408,13324231680,46189068,52289868,15.958,0.3,2.56,1.1764999999999999,1.107,1.246,8.87,0.1073,0.16378224388506823,0.032,0.24808,0.14007,0.19096,0.17904,260.4,,,,,none,,,35.33655914588104,,0.003159557661927263,,0.2837242992223519,0.45462,1793304000,-0.23256224,2026-08-29T11:28:04,0.1132,8.89,-3.4,Insurance Brokers,0.6041525485353129,Sell
LEU,Centrus Energy Corp.,45.984768,3.82257,3.49126,93.005295,7.4009566,2.87,-27.551558586017283,3195417600,19233658,19952858,316.378,1.35,139.283,4.9025,4.41,5.395,8.2,0.2916,0.07919627145288755,-0.516,0.08053,0.102340005,0.053379998,0.23655,175.78,253.25,340.0,180.0,0.4407213562407555,buy,1.77778,16,52.6259373927531,,-0.12147458480120789,-0.030623863587374175,0.20528409614760143,0.043119997,1793822400,-0.044680953,2026-08-29T11:28:04,0.2655,6.84,1.99,Uranium,0.6042495143246577,Sell
BRKR,Bruker Corporation,23.719982,2.40641,2.1215,-81.54285714285714,2.485047,1.52,48.33161522569525,10751989760,152359316,152359316,19.871,1.275,76.164,1.3225,0.798,1.847,4.99,0.1491,0.04757884589085459,,-0.029979998,-0.020350002,0.09875,0.48477,57.08,58.75,70.0,40.0,0.029257182901191392,none,,12,46.07667565101154,40.386022146650134,0.0019268732703006883,-0.01229292879541608,0.9259289558236418,0.26966,1793709000,0.7830274,2026-08-29T11:28:04,0.1223,6.55,-13.31,Medical Devices,0.6045598192978445,Sell
WERN,"Werner Enterprises, Inc.",17.419138,2.20562,1.07219,-50.55263157894737,0.70865786,3.83,33.176781712567085,3219990272,59977156,59977156,9.411,1.269,68.379,1.337,1.226,1.448,3.01,0.0928,0.2766920125389074,-0.853,-0.03909,-0.01423,0.025910001,0.1904,38.42,42.66667,55.0,30.0,0.1105327954190527,hold,2.5625,15,56.71665112222338,,0.026186078117971395,0.02029887571144212,1.1018470680535872,0.01117,1793304000,0.3514557,2026-08-29T11:28:04,0.069,2.28,-8.48,Trucking,0.6046042017432005,Sell
PLXS,Plexus Corp.,23.924314,10.068,8.69,35.579025,1.3965708,2.09,308.5017964607086,6412600320,26652099,26652099,20.945,0.904,20.079,1.079,0.67,1.488,2.62,0.043899998,0.2970821810319706,-0.037,0.1258,0.04034,0.046719998,0.100389995,240.87,305.75,330.0,275.0,0.26935691451820487,buy,1.8,4,43.74424052940255,,0.052058111380145246,0.06292229729729731,0.18502677191217015,0.01429,1793217600,0.8163854,2026-08-29T11:28:04,0.0308,,,Electronic Components,0.6046288426563623,Sell
MAIN,Main Street Capital Corporation,15.079091,3.88286,3.81286,11.757028,9.520773,1.76,22.053427704309144,7964512768,93508461,93508461,,0.723,80.345,1.358,1.029,1.687,14.63,0.1043,-0.01076816353549015,0.153,0.14918,0.78486997,0.87205005,1.0,58.55,59.5,70.0,52.0,0.016225448334756587,hold,2.85714,6,62.58634150541031,44.04446014328029,-0.0049090866384630645,-0.0077862076543506985,0.23675570706596247,0.03787,1793908800,-0.109439135,2026-08-29T11:28:04,0.1049,,,Asset Management,0.604636449682721,Sell
AGNC,AGNC Investment Corp.,7.2607613,1.50122,1.58313,5.4228854,5.3818192,3.48,,85732163584,1185481447,1185481447,,1.305,717.093,0.186,0.18,0.192,5.29,0.0892,,,0.19799,0.94377,0.95614,1.0,10.9,11.05556,12.0,10.0,0.014271559633027397,none,,9,69.93256799859795,60.788167676578155,0.010777334397446135,0.0028993640104751288,1.4125081044028975,0.0038400001,1792440000,0.120901585,2026-08-29T11:28:04,0.0894,,,REIT - Mortgage,0.6046751717117761,Sell
LINC,Lincoln Educational Services Co,24.311665,1.046,0.782,34.835617,1.4132917,2.87,153.81028157399243,990598208,31721479,31721479,16.337,0.847,112.703,0.9185,0.879,0.958,2.09,0.075500004,0.21903481234276634,0.2,0.119040005,0.03995,0.023,0.59841996,25.43,53.2,60.0,50.0,1.0920173023987418,none,,5,12.596772184843246,57.443983063136706,0.012297734627831798,-0.03512014787430687,0.46006080282248657,0.07136,1794227400,0.33315814,2026-08-29T11:28:04,0.1054,5.19,-4.3,Education & Training Services,0.6046799705799315,Sell
WING,Wingstop Inc.,21.179749,5.36267,4.44803,26.851065,4.293225,1.76,31.383016501851007,4140337920,27242546,27242546,17.692,1.806,,2.5700000000000003,2.173,2.967,3.24,0.15720001,0.09060743441527097,0.198,,0.16152,0.29759002,0.49418998,113.58,202.88889,265.0,143.0,0.7863082408874802,buy,1.51724,27,33.61188866840165,42.507990769721836,-0.02253558886999018,-0.03527064635267411,0.5630165583830345,0.00745,1793709000,-0.6649092,2026-08-29T11:28:04,0.1662,3.29,-7.75,Restaurants,0.6050693682106506,Sell
ARM,Arm Holdings plc,78.09948,3.06084,2.22863,246.4433,49.516113,1.98,191.31141158633582,251902394368,1067998569,1067998569,236.817,3.909,5.62,5.1575,5.063,5.252,3.19,0.1257,0.21398503406421687,1.083,0.13352999,0.20247999,0.07603,0.97537005,239.05,286.44104,500.0,125.0,0.19824739594227148,buy,1.95238,39,46.042923508075525,35.78258931270793,0.024210115122130595,-0.004883187141157353,0.41094062466362785,0.0007,1793822400,0.8452028,2026-08-29T11:28:04,0.1183,2.65,-3.4,Semiconductors,0.6051180911829199,Sell
HOMB,"Home BancShares, Inc.",11.401341,2.59794,2.51265,12.23967,5.3898487,3.01,,5807376384,200049630,200049630,,0.676,,,,,4.81,0.059,0.06987352432493887,-0.016,0.11106,0.43603,0.57611,0.0,29.62,33.14286,36.0,31.0,0.1189351789331532,buy,2.44444,7,36.00453564826573,22.053638846667965,0.0,0.0,0.17363237595447323,0.063439995,1792008000,-0.0030242205,2026-08-29T11:28:04,0.0476,4.21,-8.95,Banks - Regional,0.605278215643219,Sell
AAOI,"Applied Optoelectronics, Inc.",23.08344,4.602,0.68,-137.96103896103895,15.134311,0.78,-10.16807802623895,8784193536,84906289,84906289,-273.6,3.787,17.994,2.338,1.899,2.777,0.89,0.1277,0.3688913338327624,,-0.05449,-0.09568,-0.12884,0.28916,106.23,163.4,220.0,109.0,0.5381718911795161,buy,2.33333,5,48.907019928542454,32.14340120949669,-0.23451870363491034,-0.03562447611064541,0.7003629715617137,0.09821,1793908800,3.8513918,2026-08-29T11:28:04,0.1295,1.2,5.0,Communication Equipment,0.6053431300136168,Sell
JJSF,J & J Snack Foods Corp.,20.662037,4.32,3.98667,34.5969,1.0936015,5.12,28.926152634546163,1796327296,18681608,18681608,11.531,0.395,21.512,1.865,1.387,2.343,4.23,0.1546,-0.022530469539881137,-0.168,0.05292,0.032309998,0.10827,0.3027,89.26,110.5,120.0,101.0,0.23795653148106655,none,,2,37.43622385465508,44.96500878606519,0.019608695652173918,-0.0030761562124278193,0.24457051360794776,0.22323,1794918600,-0.21349823,2026-08-29T11:28:04,0.0719,,,Packaged Foods,0.6054654243416281,Sell
VPG,"Vishay Precision Group, Inc.",34.944134,1.79,0.56667,208.49998,2.531978,3.58,128.2530501002004,845485888,12278113,13301000,35.879,1.47,11.802,3.2505,2.346,4.155,2.31,0.1165,0.21584303711816322,,0.01205,0.01202,0.00518,0.38749,62.55,93.33333,105.0,77.0,0.4921395683453238,none,,3,61.112619844110796,23.6120920699515,-0.43708464541508135,-0.011049723756906087,0.7286964471035259,0.032420002,1793709000,1.3666904,2026-08-29T11:28:04,0.117,2.54,-3.36,Scientific & Technical Instruments,0.6055477382222771,Sell
NWSA,News Corporation,20.486599,1.51172,1.31961,30.06796,1.8426942,2.78,15.917562671776583,18280400896,359432100,537159929,13.662,0.911,31.561,1.513,1.403,1.623,3.25,0.0335,0.8254379878925673,-0.749,0.07979,0.06347,0.12537,0.57167,30.97,36.1625,43.0,30.3,0.16766225379399424,strong_buy,1.5,8,84.54107951355604,,0.02201861862792171,0.02592431728106847,0.850018448833962,0.00028,1793908800,0.081109166,2026-08-29T11:28:04,0.0223,,,Entertainment,0.6056636056402185,Sell
NSC,Norfolk Southern Corporation,24.347258,14.32112,12.96527,29.72549,6.2453303,4.65,56.65866999641072,94228987904,224608373,224608373,16.639,1.269,105.519,0.7484999999999999,0.666,0.831,5.82,0.0325,0.11814449588662512,-0.044,0.16985,0.21021,0.35296002,0.45159,348.68,365.27777,414.0,297.0,0.047601726511414366,hold,2.57143,18,73.1190842374368,,-0.0005673483326048963,0.0072549034777820735,0.21967795306608892,0.00044,1792672200,0.25042224,2026-08-29T11:28:04,0.034,5.48,-7.76,Railroads,0.605897027593877,Sell
IOT,Samsara Inc.,45.406906,0.90647,0.71585,411.6,13.859018,,98.83106080125447,23249047552,372784485,582710082,-17994.62,1.336,4.578,1.4115,1.202,1.621,5.4,0.0908,0.9930643841038609,,0.043649998,0.03323,0.01503,0.76298,41.16,45.66364,57.6,38.0,0.10941788143828979,buy,1.58333,22,46.129897917638154,42.13303829689036,0.008324647153280518,0.007256039291508363,0.7110996325979005,0.038680002,1788465600,0.17976892,2026-08-29T11:28:04,0.0799,,,Software - Infrastructure,0.6059563539864972,Sell
AJG,Arthur J. Gallagher & Co.,17.968203,14.89075,13.18336,44.29801,4.539453,0.89,32.93790195936567,81325629440,256341000,256341000,18.966,0.502,59.401,0.613,0.173,1.053,4.34,0.0231,0.3216998139197398,-0.107,0.06722,0.10378,0.1916,0.43186,267.56,291.55557,388.0,250.0,0.08968294961877699,buy,1.72727,18,77.69463460466278,,-0.0009306104137426253,0.0014392021171066565,0.160795603380067,0.00866,1793304000,-0.14019895,2026-08-29T11:28:04,0.0231,,,Insurance Brokers,0.6064091401960746,Sell
HLT,Hilton Worldwide Holdings Inc.,30.780783,10.4562,9.03863,47.261383,14.192231,1.59,51.96818115700342,86346137600,225064910,225064910,27.962,1.063,,0.6000000000000001,0.551,0.649,2.31,0.0255,0.07113032413626796,0.141,,0.31034002,0.62987,0.79036003,321.85,352.84616,394.0,270.0,0.09630622961006674,buy,1.92593,26,75.09260424698839,11.958701336753109,0.0052662134868450075,0.0036050770542029407,0.1865378076648247,0.021930002,1793190600,0.17995727,2026-08-29T11:28:04,0.0207,2.03,-10.13,Lodging,0.6064455055535567,Sell
NBHC,National Bank Holdings Corporat,10.48855,3.93,3.3,17.319328,4.0593815,1.57,,1778583168,44539547,44539547,,0.772,,,,,3.92,0.048600003,0.04297597817957155,-0.341,0.06527,0.21802,0.2857,0.0,41.22,48.5,51.0,46.0,0.17661329451722474,none,,4,44.95297535458298,53.80027670183303,-0.04899135446685889,-0.04784978800726837,0.21495671457658747,0.057529997,1793131200,0.05613947,2026-08-29T11:28:04,0.0386,3.07,3.03,Banks - Regional,0.6065614730333045,Sell
AXP,American Express Company,16.565832,20.11369,17.64085,20.230724,3.1730888,1.57,,238353235968,675309833,675309833,,1.055,172.38,1.5474999999999999,1.542,1.553,3.91,0.0208,0.1656180651644681,0.11,0.34377,0.16141,0.2032,0.62338,333.2,375.9556,450.0,315.0,0.12831812725090042,buy,2.3,25,46.31661024787638,,0.000584879091959624,0.0009198578799665244,0.20063525353845663,0.22558,1792758600,0.008998156,2026-08-29T11:28:04,0.0233,3.74,5.73,Credit Services,0.6069506499479187,Sell
TRGP,"Targa Resources, Inc.",23.82697,12.07959,11.49723,27.516253,3.6865,1.25,937.4223028517182,81302437888,214431021,214431021,14.788,0.716,515.794,0.6910000000000001,0.611,0.771,4.36,0.0271,0.057904620992314415,0.233,0.70839995,0.13545,0.27803,0.43192002,287.82,308.09525,351.0,257.0,0.07044420123688422,buy,1.52174,21,56.51622516378441,29.71148118420453,0.02595488101856358,0.012474477736539856,0.4183409620326534,0.01375,1793881800,0.73314536,2026-08-29T11:28:04,0.0235,,,Oil & Gas Midstream,0.6070477258805503,Sell
H,Hyatt Hotels Corporation,35.46793,4.8565,3.58755,212.65433,4.793939,1.09,95.3437768928047,20453277696,41600929,94236736,24.466,1.351,124.421,0.571,0.522,0.62,5.41,0.294,1.143129734819143,,0.02157,0.02333,0.16749,0.43444002,172.25,196.04349,221.0,165.0,0.13813346879535549,buy,1.91304,23,39.35596666522946,,-0.009363626824540408,-0.028519304590653882,1.1825942949949757,0.03359,1793881800,0.21217203,2026-08-29T11:28:04,0.1131,4.85,5.41,Lodging,0.6070946121961373,Sell
WY,Weyerhaeuser Company,34.748863,0.68031,0.33128,35.81818,2.4866023,1.86,1250.510002495413,22003443712,720736000,720736000,31.982,0.901,57.625,1.4100000000000001,1.004,1.816,4.55,0.04,-0.007934420903076944,0.871,0.04974,0.06888,0.080340005,0.14507,23.64,31.27273,38.0,28.0,0.3228735194585448,buy,1.66667,11,33.72047125874727,35.74502986456727,0.14613894270689176,0.012230504843101378,0.8223404383178958,0.0033000002,1793304000,-0.047810376,2026-08-29T11:28:04,0.0349,4.83,-8.64,REIT - Specialty,0.6071799023401054,Sell
SKY,"Champion Homes, Inc.",21.159826,4.26374,3.47815,26.380117,1.8323866,,26.581920546256537,4235615744,54280134,54280134,14.835,0.999,7.833,2.3025,1.867,2.738,4.55,0.0655,0.09516451083190036,-0.212,0.12645,0.0716,0.08486,0.25958002,90.22,103.5,115.0,90.0,0.14719574373753042,none,,6,61.682030266097705,,0.02382844695631686,0.060848232724087965,0.47190395249411327,0.0075499997,1793104200,0.20748389,2026-08-29T11:28:04,0.0558,,,Residential Construction,0.6073925587104376,Sell
AFL,AFLAC Incorporated,15.450629,7.54144,7.01529,12.569578,3.232969,1.18,11.338059828750666,65687601152,501343298,501343298,10.831,0.595,53.365,0.8375,0.783,0.892,5.38,0.028399998,0.05612800656208239,0.468,0.16908,0.26908,0.25722998,0.50888,116.52,118.53333,138.0,99.0,0.017278836251287455,hold,3.2,15,43.99621075198659,57.63704832664661,-0.00038187681053065113,-0.0006599155626112317,0.16681806536489063,0.10939,1793822400,0.10376823,2026-08-29T11:28:04,0.0248,6.05,-1.21,Insurance - Life,0.6082583252868797,Sell
RUN,Sunrun Inc.,8.651866,1.01481,1.43188,5.972789,0.60261744,3.07,-1.0625641821536111,18406236160,238549287,238549287,21.896,2.386,292.511,1.0265,0.631,1.422,6.82,0.3234,0.4635407734419261,-0.607,-0.19856001,0.11594,0.03999,0.35292998,8.78,15.97368,30.0,10.0,0.8193257403189067,buy,2.0,19,35.26508858366357,,0.18491915062643782,0.09077869255103849,1.2198830877718028,0.02823,1793908800,-0.43126178,2026-08-29T11:28:04,0.2942,,,Solar,0.608269058470878,Sell
ISRG,"Intuitive Surgical, Inc.",30.867802,12.07083,10.79481,42.63158,12.098021,1.82,51.045579296420925,124590866432,358278038,358278038,29.801,1.46,,4.2995,3.636,4.963,1.72,0.0201,0.18546286959403302,0.265,0.17423001,0.28445998,0.33603,0.66679,372.6,478.00934,685.0,324.0,0.2829021470746107,buy,1.81818,30,53.19469054641909,44.93831211390327,0.0003410208198769952,0.00503984080331049,0.31588528375488295,0.00513,1792526400,-0.21745157,2026-08-29T11:28:04,0.0188,1.39,-1.32,Medical Instruments & Supplies,0.6083068624604302,Sell
BLDR,"Builders FirstSource, Inc.",15.163389,4.46602,3.15571,73.608696,0.5042966,2.02,15.68401012947,12458994688,107596457,107596457,12.185,1.418,130.786,1.4015,1.014,1.789,3.21,0.0806,-0.063075617815185,,0.02506,0.0070999996,0.033269998,0.29188,67.72,80.71429,100.0,61.0,0.1918826048434732,buy,2.26087,21,46.24499252660236,65.87831541812913,-0.2554513238423752,-0.2525914843339458,0.5186915244521402,0.02702,1793277000,-0.5107018,2026-08-29T11:28:04,0.0767,3.05,11.29,Building Products & Equipment,0.6085038173596106,Sell
EQT,EQT Corporation,13.872718,3.93362,4.06944,12.661253,3.672768,1.65,13.870679272220077,43406884864,625516000,625516000,6.205,0.578,19.595,0.6075,0.542,0.673,2.8,0.035099998,-0.041241470939192615,-0.74,0.11078,0.29176,0.23372999,0.80748004,54.57,67.68,81.0,52.0,0.24024189114898298,strong_buy,1.48,25,54.555916617707744,,-0.025276828336491017,-0.07081324959368555,0.5896424735650962,0.00902,1792526400,0.04562807,2026-08-29T11:28:04,0.031,,,Oil & Gas E&P,0.6087115086922061,Sell
JNJ,Johnson & Johnson,21.778591,12.3075,11.0525,31.131245,6.5960975,4.78,38.255519128069096,668756738048,2409898597,2409898597,19.177,0.231,57.709,0.907,0.725,1.089,2.78,0.01,0.06430645681478864,-0.009,0.25742,0.21482,0.2919,0.6814,268.04,272.5,305.0,190.0,0.016639307566034933,buy,1.91304,22,57.683017831947964,54.8329081383875,-0.04574550565775137,-0.034287785770780774,0.3989498878233925,0.00053,1791894600,0.49258673,2026-08-29T11:28:04,0.0106,2.99,-7.36,Drug Manufacturers - General,0.6087855307366071,Sell
NEU,NewMarket Corp,35.42564,25.82,,19.691927,3.0671957,5.64,19.314615339060424,9258191872,9196406,9196406,12.631,0.561,51.129,1.688,1.124,2.252,3.93,0.0718,0.0977033528097826,0.229,0.25123,0.15802,0.23868,0.31494,914.69,,,,,none,,,58.49341147408662,37.1715806509969,,,0.22093753280464207,0.19161,1793908800,0.11509156,2026-08-29T11:28:04,0.0764,4.46,-13.36,Specialty Chemicals,0.6091406738684682,Sell
FBRT,"Franklin BSP Realty Trust, Inc.",7.2307696,1.17,0.845,19.674417,2.4010587,,,5171922432,83045416,83045416,,1.098,270.288,1.3435000000000001,1.284,1.403,4.68,0.090100005,0.130575024153049,-0.368,0.04119,0.21381001,0.08555,0.99637,8.46,12.75,16.0,10.0,0.5070921985815602,none,,4,78.16859997243715,,-0.08152173913043485,-0.029045643153527086,0.9182801100401304,0.015360001,1793217600,-0.26232392,2026-08-29T11:28:04,0.076,,,REIT - Mortgage,0.6092249188299667,Sell
TECH,Bio-Techne Corp,31.248245,2.31533,2.03782,62.37069,9.337807,0.97,49.40407153188252,11369407488,156818238,156818238,34.029,1.277,13.712,3.7459999999999996,2.945,4.547,1.85,0.047199998,0.004807553060250491,,0.09032,0.14968,0.27871,0.66243,72.35,70.72727,73.0,50.0,-0.0224288873531443,hold,2.85714,11,41.295256343468495,56.048695956312976,0.0006453884064774553,0.022455089820359337,0.4890746386710849,0.00332,1794227400,0.35660803,2026-08-29T11:28:04,0.0594,2.34,-23.48,Biotechnology,0.6093404588734856,Sell
ATR,"AptarGroup, Inc.",21.052248,6.31714,5.51714,24.005417,2.1497922,2.43,31.7906985697511,9707839488,63581129,63581129,12.159,0.382,52.78,1.296,0.978,1.614,3.18,0.028499998,0.10144271738238553,-0.186,0.13459,0.09217,0.12494001,0.3607,132.99,170.14285,220.0,155.0,0.27936574178509654,none,,7,42.457771312935265,,0.0036382555292389248,0.008121284659884282,0.22389808137989956,0.00861,1793304000,-0.02602446,2026-08-29T11:28:04,0.0253,,,Medical Instruments & Supplies,0.6094757414783175,Sell
ETR,Entergy Corporation,20.748394,5.09678,4.39632,27.046036,3.6600988,1.9,-11.212877174441383,80774840320,466631498,466631498,14.585,0.486,186.77,0.765,0.618,0.912,7.93,0.050300002,0.013105897382006404,-0.019,0.10248999,0.13329001,0.24458,0.47000998,105.75,123.325,139.0,91.0,0.16619385342789594,buy,1.73913,20,55.5198768680103,52.84440534021692,-0.0009612434809284599,0.003743769410587669,0.3891621107618614,0.0022200001,1793277000,0.20887733,2026-08-29T11:28:04,0.0438,6.74,-11.59,Utilities - Regulated Electric,0.6096991993800732,Sell
STAG,"Stag Industrial, Inc.",42.25,0.88,,28.6,8.309525,19.49,15.580582079728325,10640306176,192808329,196807683,16.546,0.967,93.78,1.502,1.188,1.816,4.17,0.0504,0.0691570072162182,0.033,0.069759995,0.28053,0.37036,0.79549,37.18,42.08333,46.0,40.0,0.13188084991931137,buy,2.5,12,57.47369312622391,66.94238334360645,-0.018197922538046564,-0.03051717470027782,0.18695850646209036,0.00135,1793217600,0.026869774,2026-08-29T11:28:04,0.0382,3.82,-4.93,REIT - Industrial,0.6098057636379366,Sell
PMT,PennyMac Mortgage Investment Tr,6.735561,1.38667,1.06167,6.486111,,0.76,,24045234176,,,,1.118,1239.082,1.5710000000000002,1.344,1.798,6.04,0.1168,0.061,,0.089370005,0.24283001,0.10908,0.82927,9.34,11.28571,15.0,10.0,0.20832012847965742,hold,2.66667,7,43.35709427881897,52.42854923837104,-0.10155119449592535,-0.06934899328859055,1.0067791380457944,0.01193,1792526400,-0.23083264,2026-08-29T11:28:04,0.091,4.1,-14.58,REIT - Mortgage,0.6100748462875598,Sell
SEI,"Solaris Energy Infrastructure, ",26.834555,1.85917,1.00746,63.151897,6.586663,0.94,-6.22413157091865,5233463296,65831540,100626362,19.384,1.274,216.673,4.0555,3.988,4.123,4.12,0.2376,0.46376634968587993,-0.135,0.08099,0.07192,0.26487,0.49943,49.89,94.84286,120.0,73.0,0.9010394868711165,strong_buy,1.35714,14,27.769295692902404,,-0.1272264190172569,-0.20735453521102626,0.177900924837814,0.09066,1793649600,0.7693337,2026-08-29T11:28:04,0.2413,3.95,-0.48,Oil & Gas Equipment & Services,0.6101476824780596,Sell
NHC,National HealthCare Corporation,517.907,0.43,,25.050617,2.23717,0.82,55.21312965231517,3307874560,15661395,15661395,17.374,0.641,2.784,1.6675,1.473,1.862,6.7,0.0596,0.0747732242242789,0.671,0.13267,0.08997,0.11993,0.39488,222.7,,,,,none,,,51.81626778765097,57.519210367718735,,,0.5480924467905905,0.18886,1793968200,0.9751178,2026-08-29T11:28:04,0.0589,7.29,4.9,Medical Care Facilities,0.6101810418476543,Sell
OMDA,"Omada Health, Inc.",42.597187,0.55614,0.436,35.358208,4.681781,,121.71156660582027,1228511744,61216703,61216703,226.204,,,3.8035,3.7,3.907,3.72,0.098000005,0.34586931119109776,,0.01844,0.0139,0.040409997,0.68185997,23.69,28.25,35.0,22.0,0.19248628113127886,buy,1.75,12,41.07571731057339,36.634131800193565,0.3349254462508802,0.16718435191403616,0.5257718398658037,0.021329999,1793908800,0.021034956,2026-08-29T11:28:04,0.1501,5.93,-4.38,Health Information Services,0.6106053623520299,Sell
SGRY,"Surgery Partners, Inc.",21.824732,0.62727,0.4857,-19.84057971014493,0.5324157,,9.763818247492123,7454860288,130918260,130918260,11.533,1.937,117.259,1.693,1.44,1.946,6.91,0.1915,0.0057469676116990165,,0.023239998,-0.02632,0.13724,0.22514,13.69,18.72727,24.0,14.0,0.3679525200876552,none,,11,27.93906500771024,66.40046884695079,0.08691760282862651,-0.04115012458154367,0.7790249937912018,0.01796,1794227400,-0.3830824,2026-08-29T11:28:04,0.1932,,,Medical Care Facilities,0.6106055955482065,Sell
BURL,"Burlington Stores, Inc.",20.031382,13.62612,11.83929,24.501795,1.4072994,0.92,123.85618834685393,22642843648,62942206,62942206,16.052,1.466,294.974,0.774,0.376,1.172,3.21,0.0636,0.10983857477127512,0.959,0.41412997,0.0585,0.085760005,0.44535,272.95,386.0,440.0,310.0,0.41417842095621915,buy,1.78947,16,2.59254208652375,12.085702279245808,0.003027902622516154,0.004099293680243496,0.41064266781079595,0.00564,1795782600,0.0018655062,2026-08-29T11:28:04,0.0428,4.14,2.37,Apparel Retail,0.6108866300068271,Sell
MOH,Molina Healthcare Inc,20.534386,9.73976,5.24194,1250.0,0.24582636,1.78,14.90896069481381,5478000128,52200000,52200000,14.046,0.754,94.773,1.6445,1.61,1.679,2.02,0.062,-0.020869731800766234,-0.753,-0.0016,-0.00016000001,0.01398,0.08427,200.0,209.11765,266.0,147.0,0.04558825,none,,17,46.87716317053154,35.93601890190524,0.017289461171972727,0.05918500314622773,0.33862564651020743,0.014199999,1792612800,0.08458388,2026-08-29T11:28:04,0.0638,1.43,-11.96,Healthcare Plans,0.6108957221853014,Sell
ARES,Ares Management Corporation,19.818047,7.19193,5.85105,65.38073,7.8517404,1.35,21.768157497678807,51530940416,222028421,329846626,36.028,1.507,172.378,0.5055000000000001,0.467,0.544,6.13,0.1356,0.5561949479972206,0.065,0.14941,0.10628,0.19381,0.37407002,142.53,146.88889,168.0,122.0,0.0305822633831474,buy,2.0,18,70.05863123916717,,-0.0061235582884612725,-0.016079163166636042,0.37594629372890137,0.11158,1793622600,-0.20786518,2026-08-29T11:28:04,0.0655,,,Asset Management,0.611129084347025,Sell
LW,"Lamb Weston Holdings, Inc.",16.200417,3.39374,3.04926,26.432693,1.1431459,0.91,16.688907782770354,11502859264,137483158,137483158,10.416,0.458,221.223,1.0110000000000001,0.599,1.423,3.15,0.048800003,0.0699626753700262,-0.062,0.16280001,0.043860003,0.097729996,0.20678,54.98,55.25,65.0,52.0,0.004910876682429954,none,,12,72.2381668014102,34.8065373666977,0.014836854506969076,-0.01385188047922208,0.5513124312451414,0.02859,1790771400,-0.030946076,2026-08-29T11:28:04,0.0479,2.61,-4.17,Packaged Foods,0.6111517697165272,Sell
WMB,"Williams Companies, Inc. (The)",28.130592,2.62099,2.4601,29.374504,7.3183594,2.37,-59.45880982233253,122987134976,1223167472,1223167472,17.487,0.615,200.371,0.393,0.309,0.477,3.75,0.0222,0.07624843255805613,0.512,0.21503,0.24937001,0.39540002,0.63637,73.73,85.25,103.0,69.0,0.1562457615624575,strong_buy,1.5,20,59.111308005528215,41.586493913343425,0.015366074118710495,0.019650026454203127,0.19993665294849716,0.00446,1793649600,0.2929592,2026-08-29T11:28:04,0.0218,3.99,29.44,Oil & Gas Midstream,0.6112268252059331,Sell
RXO,"RXO, Inc.",35.892143,0.61044,0.12085,-35.33870967741935,0.59345233,172.13,628.4402420869566,4389203456,164926128,164926128,47.709,1.986,48.34,1.2285,1.189,1.268,6.76,0.2524,0.24234408752990322,,-0.06787,-0.017239999,0.00676,0.14912,21.91,24.47222,35.0,13.0,0.11694294842537656,none,,18,50.780237907485336,25.44287512484739,0.9265104415750042,0.15802253670751587,1.4012847220305629,0.00808,1793881800,0.38361263,2026-08-29T11:28:04,0.107,6.55,-2.13,Trucking,0.6113641934876093,Sell
LITE,Lumentum Holdings Inc.,27.110394,33.01317,8.22662,-9.629868732515602,26.636198,0.63,357.2830516065866,79214297088,89700000,89700000,98.931,1.513,35.987,1.498,1.318,1.678,1.45,0.0884,0.6286666666666665,,-2.40027,-2.3009598,0.27954,0.44244,895.0,1148.303,1400.0,820.0,0.2830201117318436,buy,1.54167,24,63.2797147107903,36.647228282465115,0.17810123058198069,0.14604152014180252,1.418326362571431,0.00461,1793908800,6.2131567,2026-08-29T11:28:04,0.096,1.88,-2.66,Communication Equipment,0.6115695404197238,Sell
TXRH,"Texas Roadhouse, Inc.",25.567854,7.78282,6.59215,31.889425,2.0961015,2.45,55.37262022039762,13968257024,65640926,65640926,19.801,0.797,68.842,0.404,0.35,0.458,2.26,0.030299999,0.12470406953125557,-0.005,0.27714002,0.066300005,0.08509,0.16252,198.99,217.73914,276.0,125.0,0.09422151866927986,buy,2.14286,23,39.15673413480213,,0.025760121992966817,0.01900315278985248,0.22854052534181907,0.0042,1793908800,0.1683793,2026-08-29T11:28:04,0.0324,,,Restaurants,0.6117515799785871,Sell
NMAX,"Newsmax, Inc.",153.0,0.07,,63.0,6.8047028,,-36.75021532437974,1236882432,89921348,129160645,-101.712,,10.23,2.1965000000000003,2.007,2.386,8.02,0.9423,0.1524361712193194,,-0.05824,-0.031519998,0.02411,0.39639,10.71,18.5,20.0,17.0,0.7273576097105507,strong_buy,1.5,2,60.18399456992137,47.96451490208613,0.8461538461538461,0.19444444444444448,0.25871351736170667,0.2195,1794600000,-0.24928367,2026-08-29T11:28:04,0.2405,,,Broadcasting,0.611789667468811,Sell
DLR,"Digital Realty Trust, Inc.",64.14761,2.8913,3.35176,90.03398,10.366274,13.92,18.58713548527431,89641525248,370998727,377663727,27.923,1.042,67.944,0.8895,0.889,0.89,0.01,0.0001,0.21609920568811014,-0.587,0.02912,0.11825,0.25882,0.56994,185.47,223.32259,250.0,190.0,0.20409009543322365,strong_buy,1.45455,31,51.47510809110306,,0.2820281362596676,0.07061393764348667,0.49469572043187077,0.00014,1792699200,0.17888927,2026-08-29T11:28:04,0.0001,,,REIT - Specialty,0.6124875863024556,Sell
VRSN,"VeriSign, Inc.",26.573563,10.98573,9.73783,31.731522,15.452,2.98,31.687418649196662,27920318464,90400000,90400000,23.542,0.703,,0.5740000000000001,0.557,0.591,1.73,0.0166,0.10103982300884962,0.077,,0.49769002,0.68178004,0.88465,291.93,318.0,355.0,270.0,0.08930222998664061,none,,5,65.12494327670984,31.377629481028066,0.008731846021555335,0.038677900770139904,0.13935790788593203,0.105950005,1792699200,0.07880676,2026-08-29T11:28:04,0.0224,2.02,3.61,Software - Infrastructure,0.6128699645872725,Sell
GHM,Graham Corporation,38.004414,2.265,1.795,83.57282,3.8687787,2.68,-174.52099237795002,1075843200,11737033,11737033,43.739,1.07,3.534,1.061,0.891,1.231,3.12,0.0728,0.20260438903085642,-0.214,0.074889995,0.045250002,0.06629,0.23366,86.08,130.75,135.0,128.0,0.518935873605948,none,,4,25.886154044040566,,-0.027100271002710053,0.005549389567147693,0.8447476172256502,0.05045,1793968200,0.94622755,2026-08-29T11:28:04,0.0651,2.54,29.04,Specialty Industrial Machinery,0.6142094777105561,Sell
RLI,RLI Corp.,23.856422,2.69571,2.84375,13.510503,2.9892278,1.73,18.670799649087925,5974138368,91772970,91772970,10.463,0.328,18.189,0.7435,0.427,1.06,8.99,0.0964,0.1527096552285494,0.358,0.25164,0.22219,0.36861,0.35513002,64.31,60.5,74.0,53.0,-0.05924428549214744,hold,3.375,4,64.77334790996332,39.027789953490974,0.02247191011235955,-0.002645346040860336,0.30474548906580146,0.01588,1792440000,-0.0460487,2026-08-29T11:28:04,0.0959,,,Insurance - Property & Casualty,0.6143839462774718,Sell
NIC,Nicolet Bankshares Inc.,12.793505,13.424,12.048,19.274973,7.054269,1.92,,3229829376,20957513,20957513,,0.644,,,,,4.97,0.0475,0.31927347009160867,0.12,0.08906999,0.30214,0.52892,0.0,171.74,191.8,200.0,185.0,0.11680447187609166,none,,5,49.80816236644303,59.79914258638697,0.009721756620851462,0.011300286273918967,0.33929483468934196,0.08675,1792526400,0.25593495,2026-08-29T11:28:04,0.0476,,,Banks - Regional,0.6144655894907824,Sell
HZO,"MarineMax, Inc.  (FL)",33.142784,1.5744,0.71146,326.125,0.5248112,1.09,6.285230925865718,2098935424,22086735,22086735,18.277,1.602,115.137,0.7725,0.311,1.234,3.34,0.1597,-0.0962381719163109,,0.00497,0.00182,0.060890004,0.34210998,52.18,47.0,53.0,35.0,-0.09927175162897661,none,,5,51.70369456858258,56.90686101136173,-0.04250107665805347,-0.039519759879940004,1.0485919519537306,0.11445,1794486600,1.0418622,2026-08-29T11:28:04,0.1196,,,Specialty Retail,0.6146846202144977,Sell
KRC,Kilroy Realty Corporation,67.682236,0.535,0.7,25.321678,3.8859372,1.82,5.922821684688691,8843833344,116308988,117442550,14.648,1.15,85.616,1.0645,1.026,1.103,6.45,0.0983,-0.03476814706701781,-0.702,0.03431,0.1547,0.23993,0.65379,36.21,40.07143,51.0,31.0,0.10663987848660583,hold,2.76471,14,45.297508250372914,48.050087201652005,0.0,0.07000000000000006,0.12850922453956684,0.009,1793044800,-0.10468519,2026-08-29T11:28:04,0.0816,,,REIT - Office,0.6150394286795583,Sell
V,Visa Inc.,25.432709,15.0043,13.22816,32.53197,16.014774,1.74,34.91791930675544,711950270464,1704112694,1867047259,22.897,0.759,67.821,0.806,0.627,0.985,3.23,0.013099999,0.3029862428851786,0.102,0.6119,0.50782,0.66130996,0.97725,381.6,417.90216,460.0,330.0,0.09513144654088035,strong_buy,1.45,37,72.8099695034681,,0.005963616010658862,0.008699896268140472,0.16508821606215854,0.00085,1793131200,0.08452594,2026-08-29T11:28:04,0.0131,,,Credit Services,0.6153366937535365,Sell
BKR,Baker Hughes Company,19.745064,3.16079,2.62781,20.067524,2.234546,2.13,14.032341004287696,61059985408,992674071,992674071,12.618,0.959,80.925,1.8585000000000003,1.622,2.095,2.74,0.0274,-0.03068095693616646,-0.042,0.16463,0.111669995,0.1283,0.23657,62.41,72.13043,85.0,51.0,0.1557511616728089,buy,1.70833,23,42.91185839837551,46.20076499290092,0.07717438533494025,-0.021612017544674223,0.7976493433380376,0.00151,1792699200,0.36926806,2026-08-29T11:28:04,0.0248,2.34,-7.74,Oil & Gas Equipment & Services,0.6154174580584243,Sell
VRSK,"Verisk Analytics, Inc.",22.052034,8.69625,7.70876,29.457756,7.9591904,1.79,23.646459288197292,28927301632,130156012,130156012,19.084,0.664,,0.954,0.903,1.005,1.97,0.0294,0.12202958400415653,-0.034,,0.28237,0.45106998,0.70179003,191.77,237.70589,275.0,195.0,0.23953637169525988,buy,2.05263,17,63.76295021333108,,0.005657898684867889,0.001994483197256621,0.19725254455937272,0.00275,1793190600,-0.2791698,2026-08-29T11:28:04,0.0255,,,Consulting Services,0.6155299673320026,Sell
DBRG,"DigitalBridge Group, Inc.",39.825,0.4,,10.0188675,4.7212133,3.06,8.009237900654984,3899371776,187495281,187495281,15.749,1.478,12.081,0.8049999999999999,0.794,0.816,4.37,0.0733,,10.993,0.10207,0.5434,0.46764,1.0,15.93,16.0,16.0,16.0,0.00439422473320783,hold,2.83333,3,60.14878086473153,1.5009319910483043,0.0,0.29395721334993924,1.5699183487920718,0.0369,1793304000,0.4199288,2026-08-29T11:28:04,0.0755,4.5,-29.11,Asset Management,0.61622772359988,Sell
XMTR,"Xometry, Inc.",73.0872,1.28764,0.70192,-156.85,6.6805043,,-439.29613550074816,5218974208,55848262,57323573,-499.089,1.316,56.991,3.153,3.092,3.214,4.42,0.0747,0.2779585943068381,,-0.07101,-0.03815,-0.02438,0.38749,94.11,110.3,126.0,95.0,0.17203272765912225,buy,1.72727,10,50.733913877200635,31.051422900912897,-0.03330119818206856,-0.057916300848697776,0.18913244407529392,0.06835,1793709000,0.88745093,2026-08-29T11:28:04,0.0541,3.09,-10.51,Industrial Distribution,0.616479571840169,Sell
LIF,"Life360, Inc.",24.367012,1.78479,1.37072,25.284883,6.189035,,47.43258022273244,3449406720,81480369,81480369,138.181,1.09,50.803,5.4415,5.282,5.601,10.31,0.1288,0.29425719846703213,-0.251,0.30056,0.25725,-0.00035999998,0.77592003,43.49,61.47778,72.0,47.0,0.4136072660381698,strong_buy,1.5,9,16.366711660299742,,0.10099760638725118,0.09449316244557555,1.4510685717773641,0.036960002,1794254400,-0.49179012,2026-08-29T11:28:04,0.1155,,,Software - Application,0.616653382724485,Sell
FFIN,"First Financial Bankshares, Inc",15.530231,2.15,2.046,17.855614,7.510488,2.55,,4476888064,143327507,143327507,,0.832,,,,,11.38,0.0777,0.08916324066112469,0.073,0.14408,0.42218,0.55958,0.0,33.39,37.0,39.0,35.0,0.1081162024558251,hold,2.6,5,36.08772195496472,58.55604959887559,0.0,0.0,0.09997164794604921,0.03624,1792699200,-0.10013604,2026-08-29T11:28:04,0.0612,,,Banks - Regional,0.616952253232986,Sell
SLB,SLB Limited,17.73934,3.2318,2.49877,27.965855,2.3397112,1.82,28.792669648269143,94951931904,1484143231,1484143231,12.861,0.749,47.002,1.1905000000000001,0.942,1.439,4.57,0.0428,0.05532504146831907,-0.297,0.12909001,0.08527,0.12706,0.16991,57.33,61.93103,71.0,43.0,0.08025518925518926,buy,1.6,29,63.94684031097057,83.55073796650798,-0.0114764734272761,-0.017657125314220357,0.14080666876175255,0.00219,1792758600,0.53231204,2026-08-29T11:28:04,0.0375,,,Oil & Gas Equipment & Services,0.6170689423801846,Sell
AGCO,AGCO Corporation,15.220012,7.45006,5.62441,15.683264,0.7673032,1.19,17.63615193924568,10548398080,70031729,70031729,10.427,1.077,66.053,0.884,0.447,1.321,4.23,0.0627,0.0546300234854975,-0.744,0.118269995,0.05154,0.057290003,0.25267,113.39,122.46667,151.0,98.0,0.08004824058558957,hold,2.5625,15,63.62178016622663,69.1706684877168,-0.07512575498210075,-0.08580146674306477,0.8732323102236835,0.17977,1793363400,0.038973212,2026-08-29T11:28:04,0.0556,3.4,16.44,Farm & Heavy Construction Machinery,0.6177064859108633,Sell
EW,Edwards Lifesciences Corporatio,26.709105,3.3775,2.99944,53.69643,7.9844365,2.19,42.19126540795742,48405778432,576400000,576400000,24.242,0.846,6.568,3.9880000000000004,3.454,4.522,2.15,0.0202,0.1561027064538516,-0.254,0.09175,0.15431,0.29839,0.77839,90.21,100.96154,110.0,84.0,0.11918346081365705,buy,1.64286,26,55.89613743814762,,-0.0022553239616528425,0.004556567465156536,0.710250433642987,0.00195,1793304000,0.10585201,2026-08-29T11:28:04,0.0178,,,Medical Devices,0.6177756371745106,Sell
MEI,"Methode Electronics, Inc.",44.056805,0.41333,-0.41333,-18.02970297029703,0.6341865,0.78,11.508798219452482,857241600,35494942,35494942,11.584,1.506,51.793,1.9725000000000001,1.578,2.367,4.83,0.0911,0.14992775308662276,,-0.05209,-0.03503,0.04998,0.19917999,18.21,22.0,30.0,16.0,0.20812740252608442,buy,2.25,4,64.49183856393046,76.55158017975002,-0.9224651162790697,-0.3737424242424243,1.1168944113357901,0.01812,1788379200,1.285347,2026-08-29T11:28:04,0.0686,4.7,0.55,Electronic Components,0.618314996935053,Sell
FRPT,"Freshpet, Inc.",36.084415,1.96262,1.67827,18.34715,2.890894,4.22,176.5824812582922,3546320896,48058074,48058074,18.306,1.639,39.885,5.4565,4.867,6.046,5.59,0.17930001,0.17234794927487118,0.176,0.17622,0.17283002,0.07113,0.41367,70.82,84.25,104.0,70.0,0.1896356961310366,buy,1.64706,16,48.90012839309258,44.602374695760574,0.004116334308569512,0.09617242785252708,1.2710623929003715,0.02034,1793622600,0.33101678,2026-08-29T11:28:04,0.1596,,,Packaged Foods,0.618335250829734,Sell
MTN,"Vail Resorts, Inc.",22.449852,6.32209,4.33189,30.588362,1.7861912,3.33,37.500910319797136,8403446272,35633526,35633526,11.284,0.711,355.585,0.804,0.697,0.911,9.47,0.2773,-0.030358881689115047,-0.158,0.1685,0.05539,0.42097,0.43330002,141.93,147.23077,195.0,119.0,0.037347777073205135,hold,2.53846,13,42.358332768413824,25.056165859543512,-0.002213814941639963,-0.0035483834875495953,0.1491226635863036,0.0164,1790625600,-0.10591072,2026-08-29T11:28:04,0.1798,,,Resorts & Casinos,0.6186779473751585,Sell
NYT,New York Times Company (The),21.822025,3.12345,2.85992,28.4,3.7255542,3.79,23.901547351786654,10332276736,160502862,161283586,18.531,0.927,,1.4825,1.385,1.58,5.33,0.073,0.2037174520663687,0.14,0.19724001,0.13313,0.17122,0.50958997,68.16,77.66667,90.0,63.0,0.13947579225352102,buy,1.9,9,80.36544696516482,42.811903472341314,-0.006064565905670869,-0.02915533452482707,0.2886620424550934,0.1129,1793795400,0.15203786,2026-08-29T11:28:04,0.0861,,,Publishing,0.6187950403214331,Sell
TRNS,"Transcat, Inc.",39.60784,2.1675,1.905,238.47221,2.3063848,,28.71670007430591,977706368,9359813,9359813,22.761,0.674,47.293,2.2115,1.931,2.492,3.74,0.0731,0.21063143462374723,-0.6,0.011569999,0.00989,0.05469,0.32496,85.85,104.33333,113.0,95.0,0.21529796156086212,none,,3,41.65040494167078,24.861711875196477,0.08238636363636365,0.011668611435239165,0.3802073626468744,0.02391,1793649600,0.07090092,2026-08-29T11:28:04,0.0581,,,Specialty Business Services,0.6190849547393059,Sell
INTA,"Intapp, Inc.",22.22745,1.95569,1.59937,-83.59615384615384,5.7561636,0.73,20.60413535310203,3185962496,76511148,76511148,-199.559,0.409,7.19,0.7324999999999999,0.688,0.777,4.3,0.0683,0.19563460216281148,,-0.09867,-0.071490005,0.0057,0.75821996,43.47,39.42857,47.0,29.0,-0.09297055440533697,buy,2.33333,7,81.68674108102282,67.74973261119291,0.033191428885199506,0.017205777562792245,0.6346578623452053,0.108339995,1793736000,-0.023027062,2026-08-29T11:28:04,0.0751,5.13,-22.48,Software - Application,0.6190963493924257,Sell
RHI,Robert Half Inc.,23.030045,1.96743,1.2726,39.4,0.87618816,5.46,40.83410831615806,4474499584,102361828,102361828,73.128,0.767,19.94,1.1275,0.787,1.468,9.27,0.2613,-0.02588625126936972,-0.363,0.09111,0.02168,-0.04662,0.36795,45.31,35.0,50.0,20.0,-0.22754358861178547,none,,9,59.317843674447865,52.110755806465676,-0.03164528095353933,-0.04411899978214032,0.5933151309683214,0.03767,1792612800,0.20822144,2026-08-29T11:28:04,0.2454,,,Staffing & Employment Services,0.6191517811105263,Sell
BIO,"Bio-Rad Laboratories, Inc.",38.661903,10.02796,9.48306,47.108147,4.0035496,4.01,36.6061063262795,10178184192,21677137,26738175,23.08,1.047,19.103,2.6475,2.153,3.142,0.0,0.0,0.23479896353471408,0.187,0.0311,0.085889995,0.111829996,0.52041,387.7,329.0,390.0,280.0,-0.15140572607686353,none,,5,72.7443446450345,29.11319095016482,0.0533959390693783,0.03148043954325856,1.0751394822456697,0.16359,1793304000,0.34133673,2026-08-29T11:28:04,0.0676,4.29,-9.44,Medical Devices,0.619523602458255,Sell
UNM,Unum Group,9.837432,9.45877,8.6756,21.589329,1.1035945,1.03,-6.599921912349135,16642348032,158306798,158306798,13.193,0.256,36.878,10.6945,4.131,17.258,2.3,0.028199999,0.07906882796024961,-0.162,0.06351,0.052649997,0.11359,0.29304,93.05,101.84615,122.0,88.0,0.09453143471252012,buy,1.76923,13,62.942592149781575,53.335993418789414,-0.013101241415712261,-0.021577740378200125,0.31863260633697604,0.01006,1793736000,0.32014847,2026-08-29T11:28:04,0.0206,1.9,-0.82,Insurance - Life,0.6200016547305404,Sell
MAR,Marriott International,26.667294,13.16519,11.71647,36.343685,12.396727,2.03,44.43357412832957,108861825024,260766288,260766288,22.614,1.12,,0.508,0.481,0.535,3.29,0.024,0.16693940130788687,0.043,,0.35029998,0.65276,0.79241997,351.08,380.64,425.0,280.0,0.08419733394098206,buy,2.18519,25,66.84329350981216,19.519866384885276,0.007545105957400349,0.004747008125626341,0.14736095117855486,0.18083,1793709000,0.33798397,2026-08-29T11:28:04,0.0205,3.41,-7.87,Lodging,0.6206058059321973,Sell
YUM,"Yum! Brands, Inc.",20.630112,7.45803,6.62624,19.377834,4.814098,2.1,50.391315631876445,54719561728,272901085,272901085,17.836,0.553,,0.46099999999999997,0.33,0.592,3.15,0.036199998,0.1428196447954757,1.316,,0.25406998,0.32779998,0.45311,153.86,173.33636,200.0,147.0,0.12658494735473802,buy,2.23077,22,70.83661773467998,79.86135102458546,-0.01956507907854882,-0.0007235279221483754,0.09015974883139795,0.00161,1793709000,0.03650987,2026-08-29T11:28:04,0.0278,2.75,-10.89,Restaurants,0.6208784600999896,Sell
DDOG,"Datadog, Inc.",79.83237,2.96847,2.52724,464.66666,21.45185,1.37,80.93265883945027,81385963520,334904614,359075024,981.772,1.509,29.259,3.1525,3.1,3.205,1.84,0.0318,0.39830458457643103,14.985,0.04696,0.044770002,0.00666,0.79536,236.98,285.1802,330.0,158.0,0.20339353531943627,strong_buy,1.47826,46,37.93826670588982,53.25830373771508,0.04312867609121855,0.02980694177030746,1.0170961404694705,0.00619,1793881800,0.8036231,2026-08-29T11:28:04,0.0352,3.04,-6.12,Software - Application,0.6212757011870482,Sell
GE,GE Aerospace,37.7494,9.07511,7.91328,40.446278,7.019257,5.13,53.89967723144345,366115815424,1037562513,1037562513,31.883,1.366,113.225,0.8069999999999999,0.632,0.982,3.63,0.0128999995,0.23770165547605915,0.194,0.48231998,0.17716,0.20571,0.31051,342.58,404.90475,455.0,347.0,0.18192757895965905,strong_buy,1.45455,21,51.81491719148829,31.06648975469639,0.0034669297509238705,0.0009651883250326325,0.6874528105286188,0.003,1792499400,0.24452591,2026-08-29T11:28:04,0.0138,3.5,-4.4,Aerospace & Defense,0.6215106889672665,Sell
CORZ,"Core Scientific, Inc.",117.92857,0.14,-3.875,-3.275793650793651,12.049053,,11.413406228635349,8299625472,321340441,321340441,-106.072,5.592,,0.7695000000000001,0.646,0.893,4.88,0.2232,0.9733373845964193,,,0.0,0.06874,0.32136002,16.51,37.125,55.0,28.0,1.2486371895820714,none,,16,29.74409051426261,39.719749180064454,-1.0,-0.528095189941686,0.9029248926180243,0.03088,1792758600,0.2585714,2026-08-29T11:28:04,0.235,,,Software - Infrastructure,0.6217273088937089,Sell
VNO,Vornado Realty Trust,123.22581,0.31,,1273.3334,4.030392,7.37,16.97266464046387,16802801664,186720531,198048832,21.776,1.551,122.317,5.1825,5.022,5.343,0.0,0.0001,0.1738743480758418,-0.978,0.00603,0.03616,0.097959995,0.49595,38.2,40.38462,50.0,31.0,0.057189005235601886,hold,2.76923,13,43.995517376106854,26.084624760357713,0.03846153846153849,0.24,1.605156770649574,0.07441,1793649600,0.021097064,2026-08-29T11:28:04,0.0645,5.8,-3.37,REIT - Office,0.6218728132872786,Sell
CLMT,"Calumet, Inc",75.79365,0.63,0.67588,-31.006493506493506,0.914111,0.65,24.322437246155737,6705840640,87898234,87898234,80.502,0.709,,0.637,0.433,0.841,2.68,0.0512,0.3875486694306054,,,-0.029790001,-0.04567,0.06921,47.75,47.4,60.0,40.0,-0.007329842931937169,buy,2.33333,5,64.06939384875349,51.27011659708005,1.0,1.0,1.0510136296209338,0.20146,1793968200,1.767231,2026-08-29T11:28:04,0.0602,,,Specialty Chemicals,0.6218937738338344,Sell
AXSM,"Axsome Therapeutics, Inc.",39.53532,5.03398,-2.63666,-53.072,13.424215,,-2275.2943639439077,10709434368,52380818,52380818,-61.933,0.726,269.727,1.3615,1.297,1.426,4.37,0.0949,0.38613113105641084,,-2.45102,-0.24678,-0.23419,0.93236,199.02,285.41953,380.0,246.0,0.4341248618229323,strong_buy,1.2381,21,27.29263389156894,33.28197413886329,-0.5510312128663365,-0.14314504804296213,0.20135430473803484,0.15082,1793622600,0.6706083,2026-08-29T11:28:04,0.0766,5.11,12.68,Biotechnology,0.6220265515985551,Sell
CLF,Cleveland-Cliffs Inc.,20.56055,0.56516,-0.17673,-7.401273885350317,0.3453855,0.43,1082.3959196734693,14616488960,570540047,570540047,28.382,2.115,132.743,1.238,0.586,1.89,3.42,0.1435,-0.08177871785396351,,-0.13862,-0.045640003,0.0034400001,-0.01052,11.62,11.9,15.0,10.0,0.024096385542168752,hold,2.92308,10,48.045907060090414,72.29499900693085,0.5067403499958134,0.4973109021062392,1.2445082004654966,0.00857,1792413000,0.13205743,2026-08-29T11:28:04,0.1437,,,Steel,0.6221304601024802,Sell
MDB,"MongoDB, Inc.",60.83829,7.3411,6.13231,-1276.057142857143,13.803612,1.67,69.40133814993452,33068179456,80431927,80431927,-412.821,1.545,1.998,4.7509999999999994,4.553,4.949,1.91,0.0363,0.2719581888420999,,-0.00975,-0.01118,-0.03607,0.71970004,446.62,441.69296,560.0,272.64,-0.011031839147373601,buy,1.65854,37,57.988354357454824,65.80501480873986,-0.00014022112545378928,0.0003829229970470234,0.7076092407102038,0.02641,1788292800,0.3842094,2026-08-29T11:28:04,0.0332,2.12,-8.37,Software - Infrastructure,0.62292566201357,Sell
AHR,"American Healthcare REIT, Inc.",56.090908,0.99,,81.66176,4.832824,,30.516736870161072,13562375168,217998775,217998775,30.313,0.768,41.888,1.1875,1.061,1.314,10.46,0.1537,-0.03571460446968122,1.575,0.03951,0.048309997,0.0683,0.1928,55.53,63.66667,74.0,55.0,0.14652746263281102,strong_buy,1.4,15,69.04015341847791,41.57441131511874,-0.022704853081488334,0.15116279069767444,1.0119726775733604,0.0060799997,1793908800,0.34508216,2026-08-29T11:28:04,0.1362,,,REIT - Healthcare Facilities,0.6230638076389435,Sell
VMC,Vulcan Materials Company (Holdi,25.47101,10.77735,9.15588,32.333336,4.38289,2.36,42.165314518729254,40256937984,129578739,129578739,17.202,1.057,58.22,1.404,1.051,1.757,6.3,0.056799997,0.04497544153443234,0.027,0.13234,0.13748,0.21611,0.27506,274.51,325.73914,365.0,198.0,0.18662030527121054,buy,1.83333,23,43.66593203462105,58.39845804881515,0.0016782378283996494,0.00035642979864503656,0.24453028383571226,0.0023100001,1793277000,-0.06372869,2026-08-29T11:28:04,0.0493,,,Building Materials,0.6233685940540098,Sell
SAM,"Boston Beer Company, Inc. (The)",17.776798,10.30163,9.01426,-27.414670658682635,0.97884625,0.77,5.058042041338505,1612074880,8223681,10291681,8.166,0.837,4.415,0.8979999999999999,0.751,1.045,4.86,0.2182,0.2655092166147981,-0.09,-0.08614001,-0.03639,0.09327,0.48879,183.13,199.84615,295.0,160.0,0.09128023808223662,none,,13,42.94348913390707,,-0.056198245002360966,-0.051524445246256635,0.3326833317999902,0.09335,1793304000,-0.17255414,2026-08-29T11:28:04,0.2085,,,Beverages - Brewers,0.6235082217780001,Sell
CRL,Charles River Laboratories Inte,22.978123,12.68598,11.31818,-60.72916666666667,3.5111122,0.12,29.947131776067707,17041464320,48167730,48167730,20.07,1.376,105.047,1.072,0.796,1.348,2.51,0.0571,-0.005861048465435226,,-0.07516,-0.05963,0.15113,0.34585,291.5,281.0,318.0,145.0,-0.03602058319039447,buy,1.75,14,71.24875855963802,35.10772682551624,0.019453801949163234,0.02890776313185547,1.157357286433172,0.0047400002,1793795400,0.8382015,2026-08-29T11:28:04,0.0724,4.06,2.29,Diagnostics & Research,0.6237125061900679,Sell
CCI,Crown Castle Inc.,26.369928,2.88738,2.30515,31.07755,7.9964385,0.93,32.10922139806759,54283923456,437000000,437000000,20.18,0.97,,0.47550000000000003,0.429,0.522,2.35,0.0275,-0.052353508906178514,-0.675,,0.20716,0.46825,0.73732,76.14,95.07,120.0,81.0,0.2486209613869188,buy,2.04545,20,58.9787463980582,52.25680944412098,-0.04400603833680323,-0.021505740738230496,1.3892140419515635,0.00099,1792612800,-0.24319142,2026-08-29T11:28:04,0.0289,2.63,1.83,REIT - Specialty,0.6239924077390565,Sell
HROW,"Harrow, Inc.",13.618741,2.73667,0.28,-37.64646464646465,5.0696754,,-254.4882121991758,1659853696,37487850,37487850,93.698,0.254,2025.894,2.1195000000000004,1.995,2.244,10.83,0.1887,0.08568126472977244,,-1.1607,-0.13508001,-0.15577,0.73280996,37.27,67.5,88.0,59.0,0.8111081298631606,strong_buy,1.0,8,23.389952839213706,25.940727602958887,-0.37313900642532516,0.022415912308951066,0.5315990390599484,0.15378,1794254400,0.021739125,2026-08-29T11:28:04,0.2198,,,Drug Manufacturers - Specialty & Generic,0.6241131900597763,Sell
GTLB,GitLab Inc.,43.59485,1.02925,0.81241,-299.1333333333333,7.5417914,,24.220586922325708,6257078784,167800000,168900000,-138.446,0.944,,2.4885,2.428,2.549,3.6,0.0925,0.21110445768772346,,-0.0296,-0.02493,-0.05962,0.8676,44.87,38.47826,60.0,25.0,-0.14245018943614884,hold,2.51852,23,68.34201799157167,73.95815313907026,0.0,0.0,1.1429435219017101,0.03505,1788292800,-0.060389996,2026-08-29T11:28:04,0.1379,4.9,0.04,Software - Infrastructure,0.6241476617038106,Sell
TSCO,Tractor Supply Company,16.925358,2.05136,1.93254,18.083334,1.1485513,1.95,175.33815780954689,24393482240,521040137,521040137,12.629,0.452,248.71,0.7355,0.137,1.334,2.84,0.0775,0.05434118827586598,-0.15,0.39513,0.06425,0.120740004,0.36499,34.72,35.51852,46.0,28.0,0.022998847926267274,none,,27,67.10907368073978,43.93837118965344,-0.11365142478462557,-0.10735900512708621,0.025608453390262857,0.00347,1792672200,-0.43595576,2026-08-29T11:28:04,0.0558,2.51,-3.47,Specialty Retail,0.6243304816763686,Sell
AZTA,"Azenta, Inc.",56.08511,0.5875,0.375,-13.394308943089433,2.3516946,0.53,22.780143799513937,1200570112,43808393,43808393,36.374,1.375,3.574,2.175,1.85,2.5,7.94,0.19459999,0.17193214551376057,,-0.07041,-0.20021999,-0.022739999,0.44048,32.95,35.25,37.0,33.0,0.06980273141122906,buy,2.16667,4,48.55947318347151,46.97376706038768,-0.007936507936507943,-0.04315960912052112,1.807382365650091,0.01053,1795204800,0.1143899,2026-08-29T11:28:04,0.1391,9.36,-11.49,Medical Instruments & Supplies,0.6250249221104418,Sell
HD,"Home Depot, Inc. (The)",20.587183,16.03862,15.01845,23.106369,1.947245,1.89,30.608436463167447,388953800704,997689626,997689626,15.78,0.959,380.261,0.6685000000000001,0.259,1.078,2.8,0.0115,0.054074201629515484,0.046,1.0429599,0.0841,0.12858,0.32801,330.19,377.5,425.0,310.0,0.14328114116114965,buy,1.94444,32,43.478941940489015,45.15038070195109,0.004221911815936872,-0.0033326601314296192,0.0683006725477233,0.00068999996,1794918600,-0.19123328,2026-08-29T11:28:04,0.0123,2.95,-4.11,Home Improvement Retail,0.6261697340151189,Sell
INTC,Intel Corporation,43.855053,2.04013,1.5129,-42.80861244019139,8.292675,1.36,97.18687979627633,487697678336,5286105262,5286105262,28.961,2.241,48.997,1.3805,1.157,1.604,1.15,0.0257,0.07194933099461243,,-0.10715,-0.19794,0.12189999,0.38873002,89.47,114.87805,200.0,75.0,0.28398401698893494,hold,2.52083,41,31.210087612460754,60.638105161173826,0.3789614722047524,0.3093871944957898,1.5979780589529826,0.13988,1792699200,2.8038,2026-08-29T11:28:04,0.0271,1.0,3.42,Semiconductors,0.6262486552083373,Sell
IBM,International Business Machines,17.898699,13.16241,12.32077,20.90417,3.2123518,2.39,18.42008665684173,279186440192,942134390,942134390,16.948,0.705,188.97,0.7,0.609,0.791,1.75,0.025999999,-0.0026684421189636653,-0.018,0.34460998,0.15522,0.16548,0.58098,235.59,244.91217,350.0,174.0,0.03956946389914684,buy,2.2,23,52.046353876149375,40.726026736190136,0.027141690009336986,0.009975906203001643,0.5687438377408399,0.0010800001,1792612800,-0.011221528,2026-08-29T11:28:04,0.0237,1.82,-32.7,Information Technology Services,0.6262495824586418,Sell
OKTA,"Okta, Inc.",37.987442,4.37592,3.84991,100.13856,9.456715,1.24,28.006729213192145,27982286848,167139757,174820928,87.172,0.762,0.76,1.4505,1.376,1.525,2.43,0.0435,0.15849593554213448,0.757,0.043130003,0.09632,0.13292,0.78132004,166.23,146.34209,180.0,75.0,-0.11964091920832565,buy,1.63636,43,58.686743532507904,84.28593486342783,0.0018032880733181288,0.0010090228127912046,1.3051263971669653,0.0056,1787774400,0.93195534,2026-08-29T11:28:04,0.0401,2.53,-11.69,Software - Infrastructure,0.6266243267903565,Sell
BAND,Bandwidth Inc.,25.44133,1.926,1.752,-144.1176470588235,1.9038577,,21.771883546955326,1956922624,30222760,32180788,48.376,3.008,146.605,1.972,1.9,2.044,3.77,0.15020001,0.2034064327678875,,0.0059399996,0.00273,-0.02071,0.37227002,49.0,70.75,86.0,52.0,0.44387755102040827,buy,1.8,4,55.74593145756128,63.23681387790523,-0.02666666666666669,-0.1462765957446808,0.3682633653030352,0.03179,1793277000,2.4,2026-08-29T11:28:04,0.1523,3.06,22.53,Software - Infrastructure,0.6272259145458733,Sell
HUN,Huntsman Corporation,46.687046,0.20284,-0.23684,-9.66326530612245,0.28159302,2.22,10.723715888363344,4052835584,175378616,175378616,14.423,0.713,85.388,1.019,0.713,1.325,3.85,0.0864,0.13041735943451638,,-0.038399998,-0.03052,0.017439999,0.13496,9.47,11.45455,16.0,10.0,0.20956177402323117,hold,3.08333,11,44.828275896202555,60.05632403220586,-0.29032961046036504,0.07090438730795627,1.2671923944486323,0.05945,1793908800,-0.13530463,2026-08-29T11:28:04,0.0958,3.92,-9.02,Chemicals,0.6272646456044855,Sell
IRDM,Iridium Communications Inc,27.17201,1.715,1.08,53.563217,5.585742,3.35,20.646443263883835,6652934656,105981552,105981552,15.715,0.884,378.657,2.456,2.13,2.782,2.15,0.0317,0.03929721655708529,-0.55,0.19715,0.10548,0.15099,0.71851,46.6,42.0,54.0,36.0,-0.09871244635193133,buy,2.125,5,39.474128105319856,51.11356539367851,-0.049237188911288574,0.3547245525064379,0.9599702172939368,0.11943,1792672200,0.92251813,2026-08-29T11:28:04,0.0398,2.21,22.35,Telecom Services,0.6273069033132681,Sell
PL,Planet Labs PBC,6000.0,0.00333,-0.08143,-17.224137931034484,21.217722,,83.91994395250784,7298677248,332908730,356402526,-141.122,2.123,109.991,2.7125000000000004,2.619,2.806,4.01,0.0941,0.29517619549358165,,-0.83985,-1.11171,-0.30459,0.55579,19.98,40.1,53.0,25.0,1.0070070070070072,none,,10,39.06221173025009,36.48348761309303,0.0,0.0,0.282567319636046,0.01363,1788465600,2.1819549,2026-08-29T11:28:04,0.0967,3.38,-12.13,Aerospace & Defense,0.6281144411354188,Sell
ESS,"Essex Property Trust, Inc.",46.064423,6.16593,5.60256,44.17263,9.884515,7.02,18.755156515200607,25124706304,64268439,68932888,20.418,0.708,122.409,0.16999999999999998,0.091,0.249,4.43,0.048699997,0.10800294023011814,-0.718,0.0771,0.20893,0.33975,0.68771005,284.03,304.99,352.0,239.0,0.0737950216526424,buy,2.5,25,27.70359130738872,23.598700370721645,-0.050423216035091076,0.00954916127941866,0.3172915128833174,0.00733,1793131200,0.077359915,2026-08-29T11:28:04,0.0351,4.26,9.73,REIT - Residential,0.6285528813067909,Sell
TGTX,"TG Therapeutics, Inc.",18.188871,2.965,0.95,19.682482,10.325736,1.61,139.61051095384252,8105970688,153083580,153083580,59.406,1.666,124.89,3.9095000000000004,3.552,4.267,13.3,0.2843,0.7660926052552466,-0.706,1.0028,0.55218,0.090179995,0.82372004,53.93,69.71429,86.0,21.0,0.29268106805117755,none,,7,70.42820708679525,,-0.37711861628539767,-0.015005797014786592,1.569993830454785,0.07469,1793622600,0.8742012,2026-08-29T11:28:04,0.2226,,,Biotechnology,0.6287906304597546,Sell
CALM,"Cal-Maine Foods, Inc.",22.37378,3.585,1.435,12.098039,1.2866626,2.2,425.88388745523787,2825380096,46705993,46705993,6.041,0.225,,6.739000000000001,5.783,7.695,5.35,0.13,-0.47978308693704463,,0.122200005,0.10876001,-0.11043,0.23082,80.21,88.0,100.0,79.0,0.0971200598429125,none,,4,49.740698970257775,18.666940967410426,-0.5340909090909091,,0.6819611948105734,0.099259995,1790771400,-0.31255925,2026-08-29T11:28:04,0.1214,4.46,-14.23,Farm Products,0.6288082274031936,Sell
KO,Coca-Cola Company (The),25.425508,3.52638,3.30148,26.924927,7.695477,4.41,73.91934068428807,413240033280,4302549243,4302549243,24.311,0.342,115.519,1.0514999999999999,0.798,1.305,2.35,0.0092,0.06727787982692934,0.169,0.42054,0.28558,0.34873,0.61888003,89.66,94.69565,104.0,75.0,0.056163841177782725,buy,1.75,23,63.239202682177165,39.432530339889986,0.010742746579557337,0.012396646761598528,0.14081799006547183,0.098950006,1792499400,0.28960323,2026-08-29T11:28:04,0.0101,,,Beverages - Non-Alcoholic,0.6297002435655188,Sell
CVCO,"Cavco Industries, Inc.",19.718119,28.82628,22.5993,24.734554,1.9022646,45.77,26.670000766418564,4150294016,7689402,7689402,16.415,1.283,3.702,1.6400000000000001,1.051,2.229,2.95,0.0584,0.12750338062699806,-0.154,0.16658,0.07886,0.09846,0.21886,568.4,646.6667,700.0,600.0,0.13769651653764958,none,,3,69.9592931376023,38.0280051163476,-0.05646836023316816,-0.019511284218216924,0.1667791952262444,0.01629,1793304000,0.08682895,2026-08-29T11:28:04,0.0495,3.2,-15.53,Residential Construction,0.6298212344316707,Sell
EL,"Estee Lauder Companies, Inc. (T",26.488047,3.90327,3.31161,206.78,2.485637,2.12,20.64225713128708,44174626816,247291223,361798567,17.994,1.246,242.932,1.0135,0.805,1.222,3.38,0.0346,0.547010014568936,,0.04745,0.01209,0.07003,0.75487,103.39,106.46154,127.0,70.0,0.029708289002804866,buy,2.35714,26,74.41884595643374,60.015371543705484,0.03998379544576659,0.020064704621833327,1.3298191485532007,0.00433,1793622600,0.16984248,2026-08-29T11:28:04,0.0309,,,Household & Personal Products,0.6304229128445901,Sell
AVAV,"AeroVironment, Inc.",33.589523,4.40435,3.24154,-27.345656192236596,3.8033826,1.57,-29.908797630609357,7661551616,50822615,50822615,39.364,1.412,18.971,3.888,3.472,4.304,2.81,0.0955,1.2921257121460599,,-0.10029,-0.13411,0.02812,0.25325,147.94,225.76685,326.0,148.57,0.5260703663647426,buy,1.6,19,34.044656655013355,52.15528178266244,-0.014193132433755681,-0.02807630009842041,1.1682516431767311,0.00904,1788984000,-0.36555284,2026-08-29T11:28:04,0.1142,3.25,12.61,Aerospace & Defense,0.6306747236588212,Sell
GPC,Genuine Parts Company,16.557915,8.30479,7.73912,550.04,0.75612015,1.32,20.667495865518514,24956872704,137859758,137859758,12.159,0.646,146.415,0.789,0.419,1.159,4.8,0.061100002,0.06715260591129146,-0.098,0.0070700003,0.00131,0.06562,0.37564,137.51,140.375,170.0,122.0,0.02083484837466365,buy,2.1,8,56.297356530139936,34.78850761438453,0.004944786678162935,-0.011134396246859506,0.6450965384833567,0.00484,1792499400,0.00492537,2026-08-29T11:28:04,0.0633,4.86,-4.57,Auto Parts,0.6306957095541611,Sell
GIS,"General Mills, Inc.",12.939894,3.211,3.07807,-259.6875,1.2056627,11.74,9.622635257493753,25371805696,534629472,534629472,7.355,-0.047,217.629,0.514,0.346,0.682,4.96,0.1088,0.022108089753794857,-0.145,-0.01028,-0.00475,0.19194001,0.33733,41.55,37.55556,47.0,31.0,-0.09613574007220216,hold,3.05,18,68.2633867906843,65.49439146894987,-0.00034100652134383115,-0.00017125686973581307,0.6839211634861725,0.00281,1790166600,-0.18004864,2026-08-29T11:28:04,0.0756,,,Packaged Foods,0.6312354212713573,Sell
RDNT,"RadNet, Inc.",84.1463,0.88667,0.51429,-286.96153846153845,2.587843,0.96,37.22418222993215,7686349312,78697757,78697757,27.834,1.384,156.668,1.4369999999999998,1.39,1.484,12.3,0.1456,0.2217008929492108,-0.491,0.01498,-0.00931,0.07893,0.17284,74.61,92.875,105.0,65.0,0.24480632622972798,strong_buy,1.25,8,61.449838623858234,,-0.002753485486028925,-0.06006381647991694,1.399181394110688,0.09957,1793908800,0.07182479,2026-08-29T11:28:04,0.1586,16.93,3.87,Diagnostics & Research,0.6312362726368297,Sell
PRM,"Perimeter Solutions, SA",16.694382,1.83415,1.54588,-13.792792792792792,6.620366,,83.66195940648261,6308326400,163686923,163686923,-22.734,1.91,134.983,1.1855,0.802,1.569,3.55,0.0478,0.18679990386281498,,-0.30868,-0.44856,-0.94953,0.54705,30.62,43.75,48.0,40.0,0.4288047028086217,buy,1.75,4,27.961275447100647,39.9979060853778,-0.07218994574350612,-0.03294773915977737,1.4834744429610658,0.09042,1793277000,0.42229128,2026-08-29T11:28:04,0.0337,2.78,7.07,Specialty Chemicals,0.6314679032631733,Sell
PNW,Pinnacle West Capital Corporati,17.538252,5.56726,4.71965,18.740883,2.1305647,3.47,-12.731231588838444,28370202624,121197234,121197234,13.201,0.444,233.288,0.4525,0.311,0.594,6.65,0.0884,0.05510930224694732,-0.095,0.09365,0.11525,0.21341999,0.43352002,97.64,105.84615,129.0,87.0,0.08404496108152393,hold,2.5625,13,50.88701092526595,62.16932814599499,-0.0011684844269230954,-0.001124399287467182,0.10084005665702676,0.00155,1793709000,0.1023649,2026-08-29T11:28:04,0.0684,,,Utilities - Regulated Electric,0.6319252064507301,Sell
AIN,Albany International Corporatio,18.397074,3.1717,2.55239,-34.94011976047904,1.3530996,1.44,338.75562276505946,2036860032,28371147,28371147,33.792,1.199,59.922,1.6025,0.967,2.238,2.85,0.0417,0.09890692117593969,0.988,-0.061339997,-0.041840002,0.11725,0.21078,58.35,62.0,64.0,61.0,0.0625535561268209,none,,3,43.77370315991208,56.754662642044934,-0.06906877334267049,0.019386895846858928,0.9017536103045928,0.0064999997,1793795400,-0.049301445,2026-08-29T11:28:04,0.0257,3.58,4.89,Textile Manufacturing,0.6321647702856767,Sell
UTHR,United Therapeutics Corporation,17.162596,30.03392,27.574,18.455425,7.0085387,2.22,39.68219262049565,19980126208,42890692,42890692,13.354,0.564,,5.3115000000000006,4.891,5.732,4.22,0.0575,0.03442024903678398,0.134,0.19315,0.41557,0.42231998,0.8614,515.46,664.3333,725.0,515.0,0.28881639700461714,buy,1.64286,12,40.08912419095481,52.023496872678535,-0.029924608299531516,-0.08892350641532056,0.25778984421536305,0.02003,1793190600,0.30409324,2026-08-29T11:28:04,0.0539,,,Drug Manufacturers - Specialty & Generic,0.6324118023851824,Sell
PZZA,"Papa John's International, Inc.",17.81222,1.33167,1.18177,29.65,0.39693332,2.32,13.256332650662875,1699501440,32921687,32921687,8.67,1.094,,0.635,0.441,0.829,3.46,0.22790001,-0.09307743555182935,-0.143,,0.01401,0.057439998,0.20365,23.72,28.66667,43.0,24.0,0.20854426644182134,none,,9,41.0790133030432,61.8390036392999,-0.2047896858240642,-0.23944120485918755,0.3894999948082359,0.01709,1793881800,-0.52309585,2026-08-29T11:28:04,0.1705,,,Restaurants,0.6328696258723464,Sell
RKT,"Rocket Companies, Inc.",15.875395,0.86738,0.61805,,3.8066695,0.53,-10.935006051136247,68723720192,1906422676,2831642421,26.637,2.213,140.911,1.0585,0.238,1.879,3.4,0.0542,1.1246149938850185,,0.03033,0.04598,0.27083,1.0,13.77,17.7,21.0,14.0,0.2854030501089324,buy,2.11765,14,66.67985792123906,42.04710314483465,-0.10406760988055204,-0.12199615345682757,1.1902895403833849,0.00661,1793908800,-0.17016315,2026-08-29T11:28:04,0.0521,3.19,-27.67,Mortgage Finance,0.6331571971517318,Sell
NWS,News Corporation,23.053211,1.51172,1.31961,33.83495,2.0735514,3.16,17.91175473870976,20379684864,177727829,537159929,15.231,0.911,31.561,1.513,1.403,1.623,5.27,0.108500004,2.2100971375506986,-0.749,0.07979,0.06347,0.12537,0.57167,34.85,,,,,strong_buy,1.5,,73.76313154776132,,0.02201861862792171,0.02592431728106847,0.850018448833962,0.35224,1793908800,0.063535094,2026-08-29T11:28:04,0.0111,,,Entertainment,0.6341509743247564,Sell
BV,"BrightView Holdings, Inc.",18.371157,0.61074,0.50185,-46.75000000000001,0.37945,1.24,-44.66295677592692,2495072000,92600000,92600000,7.694,1.196,55.311,1.2025000000000001,1.125,1.28,3.08,0.3231,0.03816090712742981,,0.011510001,0.00741,0.04501,0.21197,11.22,15.45,24.0,10.0,0.37700534759358284,buy,1.81818,10,47.72474768270689,78.56194426862407,-0.23762285992070123,-0.15523465703971126,0.9609835684075985,0.03633,1795032000,-0.22463262,2026-08-29T11:28:04,0.0542,4.94,-19.1,Specialty Business Services,0.6342169099031383,Sell
RKLB,Rocket Lab Corporation,1287.7999,0.05,-0.045,-238.48148148148147,53.529076,,-163.40323705129,36359299072,598459739,639410989,-241.556,2.629,3.828,5.1434999999999995,4.805,5.482,2.26,0.0746,0.3058673727089267,,-0.07915,-0.21511999,-0.24572,0.37264,64.39,112.94118,150.0,64.0,0.7540173940052803,buy,1.61111,17,29.914491257611544,38.22579026784737,-0.0926054186188632,-1.0,0.12278588573354014,0.00803,1794254400,0.3694991,2026-08-29T11:28:04,0.0822,2.42,-0.06,Aerospace & Defense,0.6345026619090479,Sell
GSHD,"Goosehead Insurance, Inc.",26.390932,2.70017,2.1481,52.0146,6.3406987,,69.06525411106769,1949960576,23802805,35738194,18.449,1.346,,1.3775,1.211,1.544,3.23,0.102,0.9045077544432265,1.222,,0.087869994,0.23388,0.49583,71.26,68.91667,100.0,44.0,-0.03288422677518954,buy,2.38462,12,73.93765419507099,33.44546729681825,-0.008694287797539373,-0.008617144703411649,0.7406853730581057,0.035380002,1792612800,-0.15048838,2026-08-29T11:28:04,0.0813,2.42,-14.03,Insurance Brokers,0.6347503177395839,Sell
ORLY,"O'Reilly Automotive, Inc.",24.238276,3.65125,3.27982,28.095238,3.8547738,1.92,45.579349245617315,80376274944,808960792,808960792,19.276,0.519,,0.4225,0.093,0.752,3.45,0.030299999,0.1343179316309806,0.103,,0.1427,0.2015,0.51636004,88.5,107.8,120.0,89.0,0.2180790960451977,buy,1.53571,25,54.77433764093993,40.6887299632462,0.007180258894706926,0.008787618276255736,0.11798926392586356,0.00504,1793217600,-0.14885163,2026-08-29T11:28:04,0.0313,2.9,8.96,Auto Parts,0.6352638414732807,Sell
AAL,"American Airlines Group, Inc.",5.8859067,2.3174,0.00512,-27.836734693877553,0.15477775,0.77,17.389060726480444,36397268992,661969951,661969951,10.794,1.347,,0.4585,0.383,0.534,0.75,0.098400004,0.15868168161004648,-0.882,,-0.00559,0.02814,0.21239,13.64,18.58696,25.0,10.0,0.3626803519061583,buy,2.28,23,37.1082981786168,22.18447727351814,-0.9751105925817898,-0.07610989495566732,0.8590897698047474,0.015140001,1792672200,0.02464521,2026-08-29T11:28:04,0.0989,,,Airlines,0.6355773591357164,Sell
MDGL,"Madrigal Pharmaceuticals, Inc.",55.455585,9.625,-6.4925,-38.207587687902645,9.6048565,,-153.25753257440311,12070479872,23104126,23104126,-37.591,-1.003,66.4,2.98,2.755,3.205,5.49,0.103,0.6452494069673962,,-0.53306997,-0.2532,-0.15459,0.91476995,533.76,678.0625,962.0,543.0,0.2703509067745804,none,,16,66.7573298288566,53.12773233738712,0.004726113809971275,-0.22253634894991928,0.2183078162989493,0.058769997,1793795400,0.24668086,2026-08-29T11:28:04,0.1432,4.84,-4.7,Biotechnology,0.6358914884334872,Sell
BRZE,"Braze, Inc.",35.636513,0.96895,0.63288,-30.830357142857142,4.9410024,1.6,20.848506431456563,3535036672,112631669,112631669,-32.719,0.83,13.968,1.197,1.156,1.238,6.51,0.1372,0.2061961720553036,,-0.22813,-0.15511,-0.1304,0.6646,34.53,35.25,50.0,27.0,0.020851433536055675,strong_buy,1.28571,20,84.21633364644123,79.8209353717335,0.0,0.0,0.15009611203321568,0.14755,1788897600,0.2607249,2026-08-29T11:28:04,0.1488,,,Software - Application,0.6359264656340563,Sell
NNI,"Nelnet, Inc.",13.295407,9.58,,15.217443,3.0612292,0.46,,11290726400,25162763,35779438,,0.777,193.744,3.503,3.374,3.632,4.63,0.0405,-0.0008731950461877691,-0.628,0.06756,0.20302999,0.18236,0.8614,127.37,130.0,130.0,130.0,0.020648504357383857,none,,1,40.05519216785929,28.794452564756014,-0.0831295843520782,-0.10229645093945725,0.6036379598421848,0.30891,1793908800,0.00023555756,2026-08-29T11:28:04,0.0357,6.41,3.93,Credit Services,0.6364862463418395,Sell
CMG,"Chipotle Mexican Grill, Inc.",27.776966,1.36912,1.14919,35.21296,3.8735332,2.01,43.103786604983185,51840196608,1265418000,1265418000,22.787,0.937,246.35,0.6535,0.592,0.715,1.98,0.0343,0.15818001640564616,-0.013,0.49560001,0.114250004,0.16108,0.39361998,38.03,43.67188,52.0,35.0,0.14835340520641593,buy,1.70588,32,76.40469389272725,74.37036933098989,0.012805598152750544,0.01108477154736319,0.24543140407193317,0.00722,1793822400,-0.108502984,2026-08-29T11:28:04,0.0311,2.17,-22.94,Restaurants,0.6369545512854374,Sell
KTOS,Kratos Defense & Security Solut,46.537018,1.11739,0.81746,305.88235,6.4115005,36.41,-82.52358910202383,8834757632,187721327,187721327,101.549,1.106,5.65,5.1385000000000005,4.736,5.541,2.05,0.051,0.17052917487633157,0.074,0.011469999,0.020299999,-0.00174,0.23002,52.0,105.61905,150.0,60.0,1.0311355769230768,strong_buy,1.42857,21,45.95059367000023,60.87385037617467,0.052546191978368656,0.024038637779977456,1.3018505347446052,0.01276,1793736000,-0.18762296,2026-08-29T11:28:04,0.0516,2.94,-7.97,Aerospace & Defense,0.6373123261907302,Sell
UDR,"UDR, Inc.",66.28571,0.56,,23.49367,7.7202787,8.17,17.486630114595968,18848305152,321264222,367364222,18.11,0.691,156.144,0.09,0.002,0.178,2.43,0.0341,0.1723029774538667,0.909,0.13739,0.29563,0.20177999,0.66581,37.12,42.07143,46.0,38.0,0.1333898168103449,buy,2.36364,21,43.39771274608897,27.374584413832295,0.12007713830273431,-0.06666666666666654,0.7617492801111294,0.0044400003,1793217600,-0.034877658,2026-08-29T11:28:04,0.0282,2.15,-26.2,REIT - Residential,0.6373933280569946,Sell
SCHL,Scholastic Corporation,16.132505,2.415,1.6,16.649572,0.46455905,1.98,12.94668050209205,1022315328,18034475,18862575,12.763,1.018,55.874,0.974,0.716,1.232,3.98,0.142,0.38652500280712365,-0.235,0.066810004,0.03584,0.14367,0.56394,38.96,42.0,42.0,42.0,0.07802874743326482,none,,2,24.165865508516916,,-0.4007490636704119,-0.18135593220338986,0.9921203738065201,0.31246,1789675200,0.54707277,2026-08-29T11:28:04,0.1062,3.64,-7.81,Publishing,0.6378681453943633,Sell
ORA,"Ormat Technologies, Inc.",38.859264,2.65162,2.62415,50.509804,5.33191,5.31,-19.92035325052004,9381065728,61496941,61496941,17.834,0.895,124.336,0.9185000000000001,0.791,1.046,6.3,0.1047,0.09099468215825568,-0.065,0.04778,0.10656,0.13597,0.2793,103.04,132.83333,157.0,112.0,0.2891433423913041,buy,2.07692,12,42.45145221339764,71.27723207364104,0.13647781309819768,0.03921115234933785,0.2402421443620984,0.00418,1793822400,0.15345716,2026-08-29T11:28:04,0.0838,5.64,-5.69,Utilities - Renewable,0.6379692436155231,Sell
RGEN,Repligen Corporation,66.79298,2.63905,2.06415,241.46576,12.670863,2.42,87.707224554246,9828400128,56435621,56435621,68.205,1.012,32.715,8.174,7.298,9.05,4.86,0.1082,0.1139930381912515,-0.659,0.0199,0.05291,0.09309,0.53836,176.27,185.7,220.0,145.0,0.053497475463777144,strong_buy,1.5,20,82.3021480427886,45.19413038161218,0.030894625653626724,0.03588433171221892,1.1692268777418837,0.05242,1793709000,0.5082443,2026-08-29T11:28:04,0.1147,3.93,5.52,Medical Instruments & Supplies,0.6380503808990556,Sell
LIND,Lindblad Expeditions Holdings I,67.71167,0.437,0.18358,-77.86842105263158,2.3376548,,13.739449823806625,2328669696,65619689,65619689,17.405,2.245,,0.726,0.608,0.844,6.74,0.1144,-0.00974856494671894,,,-0.02079,0.06,0.4665,29.59,36.6,40.0,29.0,0.23690435958093947,none,,5,32.85922677548763,8.835707583729857,-0.23508333333333334,0.30424401599713474,0.6750223334593373,0.25397,1793709000,1.0976973,2026-08-29T11:28:04,0.1179,7.35,1.27,Travel Services,0.6380759936430562,Sell
RH,RH,16.458853,9.08265,4.76157,28.859076,0.82584745,0.67,9.912067101811694,6790794752,18926221,18926221,13.845,1.871,7060.08,0.663,0.199,1.127,6.9,0.5306,-0.027066776827767147,,,0.030079998,0.00322,0.43541,149.49,178.05882,270.0,90.0,0.19110856913505914,hold,2.6,17,16.751500469420705,65.29874930385498,-0.002076923721780355,-0.020549518451539583,0.8288127244411233,0.18118,1789070400,-0.34692407,2026-08-29T11:28:04,0.3761,7.31,-11.44,Specialty Retail,0.6383354001003438,Sell
CAG,"ConAgra Brands, Inc.",10.368671,1.55179,1.4458,-4.0225,0.68253803,10.86,8.964052488940629,14923721728,478565642,478565642,8.569,-0.049,117.577,0.5895,0.275,0.904,2.88,0.109,0.036277904329788946,,-0.25064,-0.16985,0.13771,0.23952,16.09,14.38125,23.0,12.0,-0.10619950279676815,none,,16,73.2032124732072,44.15195197340372,-0.08058403072774906,-0.07687594436711043,1.3309005259465378,0.0063899998,1790771400,-0.16257185,2026-08-29T11:28:04,0.0907,2.75,-12.72,Packaged Foods,0.6388422204828033,Sell
VRNS,"Varonis Systems, Inc.",106.403076,0.41277,0.15124,-36.0,7.331361,7.38,36.37556312594547,4874780672,114860485,114860485,-37.296,0.809,118.871,1.5230000000000001,1.401,1.645,4.3,0.074,0.15276611447357213,,-0.35974997,-0.20547001,-0.22564,0.77069,43.92,50.68182,60.0,28.0,0.15395765027322406,none,,22,52.971158785430234,63.66160109892572,0.2737072595586998,0.0799560451060936,0.1418410530009389,0.02977,1793131200,-0.21217453,2026-08-29T11:28:04,0.0682,3.62,-4.56,Software - Infrastructure,0.6394194014393012,Sell
BBIO,"BridgeBio Pharma, Inc.",500.06528,0.15318,-2.68486,-21.51685393258427,21.00044,,-46.75754072588485,17636653056,195492997,195492997,-37.306,0.983,,1.1605,1.094,1.227,10.88,0.13319999,1.1552509032740437,,,-0.97026,-0.43943,0.94439006,76.6,108.42857,157.0,80.0,0.41551657963446487,strong_buy,1.5,21,37.24794124404916,36.47847602598018,-0.24805808769866544,-0.7404388714733542,0.14115269410933592,0.03912,1793217600,0.57360005,2026-08-29T11:28:04,0.1395,,,Biotechnology,0.6402514382731666,Sell
META,"Meta Platforms, Inc.",16.533915,34.95966,31.18,21.762802,6.451386,0.85,68.31841528373901,1494567485440,2205128509,2547506225,13.63,1.243,42.997,2.1065,1.987,2.226,1.73,0.0127,0.4594807197062094,-0.134,0.29848,0.29834998,0.34827,0.81747,578.02,754.7214,1000.0,580.0,0.30570118681014513,strong_buy,1.35484,57,52.08383845093004,51.8435783126947,-0.045001752029964204,-0.03419636367363428,0.41571171368430426,0.00148,1793217600,-0.22310948,2026-08-29T11:28:04,0.0127,,,Internet Content & Information,0.6406770079910863,Sell
AMN,AMN Healthcare Services Inc,36.96388,0.93659,3.28733,12.869887,0.39042157,1.22,3.0078972992172766,1754806272,38729991,38729991,5.711,0.386,104.658,1.0775,1.027,1.128,4.06,0.09689999,0.009019498610262966,,0.15556,0.030550001,0.03997,0.27786,34.62,35.57143,40.0,26.0,0.027482091276718634,hold,2.55556,7,44.2822192458624,57.196998574114936,0.23527179263645986,-0.1375623860476251,1.2091267608255005,0.00971,1793908800,0.71121955,2026-08-29T11:28:04,0.0825,,,Medical Care Facilities,0.6412145939184619,Sell
FWRG,"First Watch Restaurant Group, I",49.209347,0.25422,0.16708,44.678574,0.5857509,,-18.019648871741573,1825340544,61712435,61712435,15.676,1.035,169.324,0.21000000000000002,0.153,0.267,6.14,0.1297,0.1391488279469122,0.264,0.02883,0.01351,0.02481,0.20633,12.51,19.27273,22.0,17.0,0.5405859312549959,none,,11,51.69064162403417,66.01210542767132,-0.049980098936714575,-0.05526032182541155,0.44342082416787143,0.018509999,1793709000,-0.33938098,2026-08-29T11:28:04,0.099,6.67,13.14,Restaurants,0.6414630477069188,Sell
NSP,"Insperity, Inc.",19.846388,2.69772,2.11328,-121.68181818181817,0.29758075,1.94,10.480332770494105,1903974784,38195270,38195270,70.518,0.525,783.607,1.0365,0.96,1.113,4.51,0.096499994,0.003112503197385319,,-0.18496999,-0.00233,0.00356,0.12893,53.54,51.75,61.0,38.0,-0.03343294732909974,none,,4,48.89192806188773,42.1867817576058,0.02887077770961738,-0.035039775653865984,0.7695999784178421,0.06245,1793736000,-0.04813522,2026-08-29T11:28:04,0.0951,4.63,-11.1,Staffing & Employment Services,0.6415484322062638,Sell
LOW,"Lowe's Companies, Inc.",15.901029,13.08406,12.33298,17.586645,1.289976,1.44,25.996291362196448,155332050944,560707041,560707041,12.127,0.851,,0.6625,0.22,1.105,3.14,0.0182,0.08356584735664119,0.0,,0.073460005,0.13673,0.33082,208.05,254.36365,290.0,191.0,0.22260826724345106,buy,1.8,33,43.821887690303086,73.58158649953302,-0.01313896415031239,-0.029203882573087692,0.10650520405411153,0.00106,1795005000,-0.19886845,2026-08-29T11:28:04,0.0202,3.29,1.91,Home Improvement Retail,0.6415605358720015,Sell
CEVA,"CEVA, Inc.",34.07806,0.79582,0.548,-67.8,6.5974703,2.51,136.0758193766847,596842752,28154072,28154072,-105.133,2.006,5.121,9.840499999999999,9.559,10.122,3.23,0.0992,-0.0392349497436818,,-0.03622,-0.094840005,-0.0715,0.87474,27.12,47.25,60.0,38.0,0.7422566371681416,none,,8,42.527129935951564,40.035755282779185,0.037525086144874965,-0.02927471884072116,0.4927134540081105,0.03505,1794227400,0.3018781,2026-08-29T11:28:04,0.0874,3.05,12.78,Semiconductors,0.6418436394229203,Sell
IFF,International Flavors & Fragran,22.233345,3.95577,3.24232,-28.46278317152104,2.0814805,1.94,-13.039186892799513,28183439360,255149963,255149963,14.748,0.943,44.821,1.276,0.491,2.061,8.9,0.082600005,0.02055362633934621,-0.916,-0.05548,0.02569,0.08495,0.36583,87.95,95.65556,105.0,76.0,0.0876129619101762,buy,1.75,18,60.573631871159826,53.24612077980364,-0.27892039995729995,-0.17749883562327434,1.0353995896456578,0.00113,1793736000,0.3050338,2026-08-29T11:28:04,0.0645,9.76,9.2,Specialty Chemicals,0.6424754981129274,Sell
CTRI,"Centuri Holdings, Inc.",21.51699,0.94437,0.709,61.575756,0.60450363,1.01,-201.27730789041232,3045668608,100963053,100963053,12.561,1.108,108.188,1.736,1.656,1.816,1.77,0.043899998,0.16690990713206744,-0.333,0.040289998,0.0085,0.028299998,0.077589996,20.32,31.75,36.0,23.0,0.5625,buy,2.42857,6,31.027083627737028,34.510840558463514,-0.0005497681106302619,-0.03135577574004553,1.1221891748440789,0.00612,1793795400,0.021276593,2026-08-29T11:28:04,0.0371,2.24,8.16,Utilities - Regulated Gas,0.6430481228604432,Sell
MLM,"Martin Marietta Materials, Inc.",24.71193,21.48962,18.40155,34.528606,5.6391807,2.64,63.55987887160243,38132965376,71019382,71019382,17.936,1.106,54.945,1.029,0.651,1.407,4.05,0.043,0.027469656100358675,-0.232,0.08894,0.36737,0.20185,0.2823,531.05,661.125,800.0,440.0,0.24493927125506088,buy,2.0,24,43.7485714197857,44.083757602556716,-0.016310759745053437,-0.04021348816435918,0.38029492168962437,0.16135,1793709000,-0.1424284,2026-08-29T11:28:04,0.0399,3.67,-2.66,Building Materials,0.6436868725717981,Sell
CME,CME Group Inc.,22.103327,12.93018,12.26548,24.220337,15.20863,4.86,35.32736548177339,104360656896,359576125,359579263,21.873,0.267,14.587,0.5185,0.019,1.018,2.27,0.0161,0.010253503343693904,0.025,0.15802,0.63443,0.65036005,1.0,285.8,283.06668,330.0,230.0,-0.009563750874737598,hold,2.5625,15,75.26338109900267,76.21895408890477,-8.478362241285286e-05,-0.0006893833419634918,0.16934506367231345,0.00438,1792585800,0.0585531,2026-08-29T11:28:04,0.0175,2.26,6.44,Financial Data & Stock Exchanges,0.6444645999382874,Sell
MAC,Macerich Company (The),527.7778,0.045,-0.18,-35.984848484848484,6.8200274,4.8,18.01763700125064,11511570432,283559375,295030370,21.45,2.073,168.927,0.29800000000000004,0.267,0.329,7.49,0.1366,-0.029654173839253284,,-0.06179,-0.16502,0.16256,0.54914004,23.75,26.8125,30.0,19.0,0.1289473684210527,buy,2.0625,16,38.488955945380866,19.030201721280022,-0.018848700967906265,0.055499999999999994,0.4905996009393145,0.0035100002,1793736000,0.32008827,2026-08-29T11:28:04,0.0796,10.15,0.06,REIT - Retail,0.644863110806212,Sell
F,Ford Motor Company,7.254482,1.9133,1.86718,-7.422459893048129,0.29444566,8.48,-6.970539970819498,196838965248,3916743591,3987595667,25.754,1.848,456.708,0.983,0.877,1.089,0.0,0.0,-0.02331084397605121,,-0.18252,-0.03935,0.018819999,0.07115,13.88,15.726,20.0,11.0,0.13299711815561954,buy,2.5,20,51.33554624486781,52.49405949243472,0.1376642051132071,0.049447385020431646,1.2656631214956582,0.0039500003,1792699200,0.19027305,2026-08-29T11:28:04,0.0222,1.43,-10.96,Auto Manufacturers,0.6452778965491648,Sell
MRCY,Mercury Systems Inc,39.582447,2.23685,1.67444,-177.08,5.4131093,2.79,49.70782220977454,5729092096,60136133,60136133,71.456,0.998,33.582,2.348,1.733,2.963,8.63,0.096,0.057110833847596965,-0.967,-0.01998,-0.03017,0.01227,0.28585,88.54,114.77778,131.0,78.0,0.29633815224757165,buy,2.0,9,22.706872458196912,43.32956034401523,0.08321203770191682,0.04106841167080106,0.910896449888486,0.01385,1793736000,0.33712685,2026-08-29T11:28:04,0.0892,7.92,3.05,Aerospace & Defense,0.6452832144694656,Sell
WRBY,Warby Parker Inc.,40.960777,0.61034,0.4195,416.6667,3.389843,,324.40504359236803,3081880576,108239371,123608054,74.319,1.93,64.028,2.0355,1.803,2.268,6.45,0.2084,0.23716428470376094,,0.020550001,0.00849,-0.03596,0.53119,25.0,30.46154,35.0,24.0,0.21846159999999992,buy,1.71429,13,34.360403992571946,25.92630450167826,-0.10896346644010198,-0.07889891642268569,1.0225167179061578,0.05706,1793881800,-0.035496175,2026-08-29T11:28:04,0.1828,7.22,-3.16,Medical Instruments & Supplies,0.6453966094495119,Sell
MANH,"Manhattan Associates, Inc.",36.387875,6.13611,5.50218,63.977077,11.559594,2.57,40.540859503450314,12914092032,58304972,58304972,44.697,0.928,34.209,0.9179999999999999,0.853,0.983,2.3,0.048499998,0.13355992693041685,-0.086,0.96378,0.18667999,0.25015,0.5581,223.28,213.9,260.0,180.0,-0.04201003224650657,buy,1.54545,10,72.42776852713268,37.397752012787684,0.02605903282833929,0.028151337946750333,0.2437115277891195,0.01352,1793131200,0.038618684,2026-08-29T11:28:04,0.0445,2.37,-15.54,Software - Application,0.6455054016049928,Sell
AMR,"Alpha Metallurgical Resources, ",12.390536,18.25829,-4.77024,-63.01671309192201,1.3889836,,54.675133555085175,2541299456,12679045,12679045,18.618,0.613,0.761,2.8259999999999996,2.247,3.405,5.74,0.1912,-0.07759462956397745,,-0.0296,-0.02231,-0.02903,0.10018,226.23,180.0,195.0,160.0,-0.20434955576183522,hold,3.0,3,100.0,79.27374755523955,-1.0,-0.3308304929448415,1.0115888114358615,0.29858,1793968200,0.62066996,2026-08-29T11:28:04,0.1557,,,Coking Coal,0.6459239567755201,Sell
LYV,"Live Nation Entertainment, Inc.",96.207825,1.8881,-0.44231,-165.13636363636363,1.6106969,17.9,24.965383762357156,46029402112,232959505,232959505,29.681,1.116,620.214,0.7665,0.681,0.852,12.14,0.1559,0.08842336353693758,1.562,0.17677,0.00513,0.06696,0.25777,181.65,201.95833,222.0,145.0,0.11179922928709041,buy,1.64,24,50.05680141388814,75.108871941295,0.23396259092483554,-0.1391471260070489,1.0150617368011976,0.32414,1793736000,0.09167826,2026-08-29T11:28:04,0.1564,11.64,-2.75,Entertainment,0.6463998484565184,Sell
SEIC,SEI Investments Company,16.139292,6.91666,6.23911,19.68783,5.4679394,2.14,35.49237592740787,13391598592,120019182,120019182,17.628,0.962,2.383,4.912,4.765,5.059,2.42,0.015700001,0.18214819194485088,-0.107,0.27587998,0.28847998,0.30706,0.78388,111.63,115.85714,125.0,98.0,0.037867419152557646,buy,2.125,7,88.39354326706598,54.934157107769146,0.0,0.0,0.2427374562102906,0.15633,1792612800,0.26076126,2026-08-29T11:28:04,0.0182,,,Asset Management,0.6466917847482648,Sell
VTR,"Ventas, Inc.",100.33879,0.915,0.61,166.92726,7.336609,1.72,31.673331787769726,60375883776,512946359,512946359,25.359,0.731,84.928,0.278,0.261,0.295,7.08,0.053000003,0.07707219979311719,-0.067,0.02012,0.04093,0.14807999,0.39970002,91.81,100.45455,113.0,86.0,0.09415695458011109,buy,1.6087,22,72.11821347957556,37.3845208802657,0.14018691588785037,0.08070440667556426,1.3024871442165915,0.00505,1793217600,0.36763835,2026-08-29T11:28:04,0.0464,,,REIT - Healthcare Facilities,0.646810850013977,Sell
FLUT,Flutter Entertainment plc,13.486207,7.54697,5.02298,-23.892018779342724,1.0292413,0.19,-17.841222335353535,29231810560,173539102,173539102,18.42,1.078,134.484,0.6565,0.422,0.891,3.63,0.088199995,0.04778557206087175,,-0.07874,-0.04394,-0.03329,0.42457,101.78,140.13548,360.0,85.0,0.37684692473963444,buy,1.74194,31,55.49895749816058,72.52883973656796,-0.13227390747788356,-0.5678076929364262,1.0097289318854872,0.18954,1794486600,-0.68224084,2026-08-29T11:28:04,0.0829,4.91,-26.62,Gambling,0.646834364310425,Sell
ANAB,"AnaptysBio, Inc.",12.924442,4.35454,-0.46726,-55.1764705882353,7.170616,,200.1910389091619,1658090624,29608481,29608481,40.108,0.403,2175.845,7.5329999999999995,7.486,7.58,8.47,0.39970002,0.426101122850578,,-1.14553,-0.11527,-1.35534,0.44584,56.28,86.63636,140.0,70.0,0.5393809523809523,strong_buy,1.27273,11,44.25635213672846,74.56680824353911,-1.0,-0.16825869791517445,0.6107643654653536,0.056760002,1788206400,3.2270045,2026-08-29T11:28:04,0.273,7.21,8.05,Biotechnology,0.647082108053868,Sell
XERS,"Xeris Biopharma Holdings, Inc.",21.74359,0.39,-0.00333,-84.8,4.6094556,,29.4770710551609,1713771136,182320306,182320306,35.141,0.852,,1.199,0.949,1.449,5.33,0.0494,0.15708390704434194,,,-0.05118,0.05617,0.86574996,8.48,11.71429,18.0,8.0,0.3814021226415094,strong_buy,1.42857,7,63.42694946333726,33.29651612016288,-1.0,-0.006369426751592362,0.7624013188645882,0.03083,1793881800,0.08585858,2026-08-29T11:28:04,0.0524,6.75,-8.5,Drug Manufacturers - Specialty & Generic,0.6473260130033465,Sell
METC,"Ramaco Resources, Inc.",59.553127,0.22333,-0.9375,-12.429906542056075,1.6356987,,-9.858605475797699,1067613376,51875261,63388239,-281.544,1.22,124.557,3.693,3.154,4.232,6.6,0.6668,-0.06114481621596091,,-0.17069,-0.119799994,-0.12602,0.14288999,13.3,18.875,30.0,11.0,0.4191729323308271,buy,1.75,8,74.16228693846566,57.78135320662282,-0.25,1.0,1.1854831109908968,0.104949996,1793044800,-0.4221022,2026-08-29T11:28:04,0.3195,7.4,5.35,Coking Coal,0.6478311341942019,Sell
ZS,"Zscaler, Inc.",40.069336,4.59778,4.13324,-375.9795918367347,9.387472,1.83,26.868006249823235,28617250816,161709525,161709525,-470.709,0.917,78.939,1.7894999999999999,1.718,1.861,2.76,0.0592,0.1998374243446699,,-0.037100002,-0.024389999,-0.03276,0.76737,184.23,198.88068,250.0,145.0,0.07952385604950352,buy,1.59091,44,55.63566681615192,62.84174805444941,0.0012960616683099517,0.0001348658737134468,0.9593378697062124,0.34958,1788465600,-0.31784242,2026-08-29T11:28:04,0.0706,3.63,-7.83,Software - Infrastructure,0.6492278957318367,Sell
ILMN,"Illumina, Inc.",35.36378,6.09635,5.35631,40.297195,7.2439003,3.19,40.81377523080319,35740188672,151000000,151000000,30.944,1.464,89.042,1.522,1.248,1.796,5.0,0.1026,0.1468887417218545,-0.094,0.32339,0.18336001,0.21139,0.67934996,215.59,198.89474,230.0,113.0,-0.07743986270235159,buy,2.45,19,82.85824391764086,30.634269097361113,0.024734935010770807,0.028923304382462132,1.1409333885714543,0.00196,1793304000,1.3276427,2026-08-29T11:28:04,0.054,4.51,-7.95,Diagnostics & Research,0.6496322626780868,Sell
ECL,Ecolab Inc.,30.447792,9.41776,8.16755,38.43834,4.7727017,2.99,54.50425071189465,88961146880,280328603,280328603,21.511,0.89,138.023,1.6709999999999998,1.501,1.841,2.9,0.014199999,0.11264681676453825,0.033,0.21956,0.12566,0.18521999,0.44210997,286.75,324.9524,360.0,295.0,0.13322545771578032,buy,1.54167,21,48.703646815666765,48.356381662796714,-0.001392600997195291,0.005873261865879446,0.3083184038908869,0.0015199999,1793104200,0.040467262,2026-08-29T11:28:04,0.0111,2.33,-6.58,Specialty Chemicals,0.6498097939010308,Sell
UNF,Unifirst Corporation,35.237686,7.99939,7.4432,44.460567,2.045021,2.42,51.66343565387348,5083724288,14532908,18084173,17.365,0.625,3.869,2.341,1.571,3.111,4.55,0.074,0.32725887344776416,-0.485,0.05296,0.04645,0.044499997,0.36678,281.88,273.33334,280.0,262.0,-0.030320207180360326,none,,3,30.05791602330278,17.321391355541607,0.04973521094978523,0.013918358138202592,0.2059928332241466,0.0076099997,1792585800,0.6247797,2026-08-29T11:28:04,0.0581,4.51,-13.53,Specialty Business Services,0.6501856815799705,Sell
NEOG,Neogen Corporation,30.68421,0.38,0.31,-291.5,2.9217784,0.66,36.59159758273381,3169633024,218106005,218106005,33.47,1.77,38.827,2.9615,2.101,3.822,4.47,0.0608,-0.005126947293358608,,-0.00379,-0.00908,0.0137600005,0.46932,11.66,13.33333,14.0,12.0,0.14351029159519735,buy,2.0,3,48.32099355736115,61.815761593836534,0.03333333333333337,-0.09523809523809519,1.89655104314996,0.0070499997,1791462600,1.0815604,2026-08-29T11:28:04,0.0435,4.34,-12.53,Medical Devices,0.6516726082288266,Sell
TW,Tradeweb Markets Inc.,23.683971,4.59678,4.05957,25.983294,10.668936,1.93,,21602037760,114038202,216028262,,0.618,2.049,6.423,6.059,6.787,2.29,0.0325,1.0879792657551723,0.197,0.14468999,0.40701,0.43829,0.93154,108.87,123.71429,178.0,98.0,0.13634876458161105,buy,2.2,14,63.466889207208304,44.0766755108332,2.463321148011465e-06,-0.0006826205673142452,0.4448581725615923,0.0027700001,1793277000,-0.13506162,2026-08-29T11:28:04,0.0343,2.17,-7.82,Capital Markets,0.6517283724766622,Sell
SMA,"SmartStop Self Storage REIT, In",54.63957,0.60469,,55.066666,6.454418,,16.171588279385393,3032786688,55368903,55368903,21.224,,88.93,0.28900000000000003,0.268,0.31,5.44,0.0836,-0.3695624961180828,,0.02405,0.10172,0.23875,0.66049004,33.04,36.88636,40.0,33.0,0.11641525423728827,buy,1.63636,11,54.74248156007287,31.661166962653283,0.14792796952556853,0.12043951157145759,1.0671435522072856,0.00421,1793822400,-0.08244026,2026-08-29T11:28:04,0.0746,,,REIT - Industrial,0.6518126953274161,Sell
DOW,Dow Inc.,16.619276,1.83582,2.52273,-16.672131147540984,0.5333773,38.89,92.74536267632993,38615592960,722340711,722340711,9.744,0.423,111.913,1.3215000000000001,0.894,1.749,3.92,0.0586,0.17135005720589946,,-0.0554,-0.03129,0.11594,0.09787,30.51,35.6875,48.0,29.0,0.16969845952146834,buy,2.38889,16,54.844117490452554,39.805029235686334,-0.046997892064643235,-0.06272699640927092,1.321317659386386,0.0021,1792672200,0.24252355,2026-08-29T11:28:04,0.049,3.29,4.32,Chemicals,0.6523587901800544,Sell
TMDX,"TransMedics Group, Inc.",38.356106,2.3055,1.559,22.909327,4.5870905,1.31,68.91116331367287,3461368064,34675145,34675145,29.935,1.88,167.496,6.247,5.869,6.625,8.19,0.3552,0.1866457314021326,-0.558,0.36285,0.22694,0.124960005,0.58694,88.43,97.3,125.0,65.0,0.10030532624674882,buy,1.83333,10,52.05393261619684,32.75641974936434,-0.1205654555403248,-0.16649795375338028,1.4079379714719147,0.03642,1793304000,-0.17749888,2026-08-29T11:28:04,0.2286,9.5,-0.55,Medical Devices,0.6526822756232301,Strong Sell
ATEX,Anterix Inc.,44.82039,2.06,,26.455587,257.14694,,-25.395000722056334,1744536448,19609786,19609786,-43.269,0.85,1.43,4.4915,4.13,4.853,5.07,0.1498,0.3166404722621654,-0.993,0.27922,9.33035,-3.0,1.0,92.33,112.33333,130.0,86.0,0.21665038449041485,buy,2.0,3,40.41243636131203,46.33663339128528,0.28600166570568264,-1.0,1.616420212132806,0.02083,1794427200,3.1760035,2026-08-29T11:28:04,0.1327,,,Telecom Services,0.6530259091476087,Strong Sell
CAR,"Avis Budget Group, Inc.",22.845196,6.04591,3.48207,-7.664816870144285,0.4166333,0.17,4.4635266888125456,33655588864,35325754,35325754,21.868,1.901,,0.76,0.672,0.848,11.23,0.5609,-0.01673149283664266,8.8,,-0.05431,0.1491,0.27385,138.12,129.14285,160.0,94.0,-0.0649952939472922,none,,7,49.2135019935103,52.27142231266734,-0.847799235483852,-0.25122022374241637,1.1879664095397504,0.01424,1793131200,-0.13467741,2026-08-29T11:28:04,0.3731,9.08,2.32,Rental & Leasing Services,0.6537611190112083,Strong Sell
UTI,Universal Technical Institute I,22.913979,0.93,,34.934425,1.3287529,2.0,-261.6187087070358,1380017920,55095231,55095231,16.775,1.236,104.405,1.207,1.112,1.302,3.32,0.1018,0.0589319282462033,-0.789,0.105349995,0.03881,0.01985,0.55051,21.31,41.83333,48.0,37.0,0.9630844673862036,none,,6,19.883744811479787,25.708341213187907,-0.22251288659793814,-0.13698967910106033,0.7312326509885843,0.024920002,1795032000,-0.202214,2026-08-29T11:28:04,0.0818,4.68,-4.39,Education & Training Services,0.6540298128036843,Strong Sell
NE,Noble Corporation plc A,22.439623,2.03925,0.50462,48.68085,2.5324056,,28.88831919182486,8757262336,159642218,159642218,9.274,0.922,42.557,1.831,1.747,1.915,0.0,0.0,-0.167504815699817,,0.03283,0.05185,0.10707,0.35416,45.76,48.0,59.0,35.0,0.04895104895104896,buy,2.18182,11,54.45511475794756,47.95292396047483,-0.4397033187879596,-0.14869502053902406,0.40519491679089087,0.20722,1793131200,0.62630475,2026-08-29T11:28:04,0.0,,,Oil & Gas Drilling,0.6541751034394173,Strong Sell
DASH,"DoorDash, Inc.",29.072252,8.14316,5.7943,124.600006,6.4912243,5.22,20.039251973723932,98445926400,411336610,435718722,68.556,1.77,33.276,1.2255,1.083,1.368,4.05,0.0398,0.39690183181117766,-0.3,0.088870004,0.05292,0.03862,0.52225,236.74,252.29762,350.0,172.0,0.06571605981245243,buy,1.63636,42,85.56049134009565,48.45780038974494,0.03147127624743096,0.012779965877740669,1.31569221676797,0.0065200003,1793822400,-0.050020456,2026-08-29T11:28:04,0.0473,5.29,-3.7,Internet Retail,0.6545750456115825,Strong Sell
STWD,"STARWOOD PROPERTY TRUST, INC. S",8.349882,1.89344,1.52686,26.796612,10.052484,1.74,,29930532864,370168950,379768950,,1.036,331.119,12.1685,11.469,12.868,3.8,0.049099997,0.1657406755915103,-0.974,0.03689,0.38158,-0.05869,0.86453,15.81,19.875,24.0,17.0,0.25711574952561667,buy,1.88889,8,24.385074307245105,27.975505920029278,-0.10140304621106894,-0.010881432608775096,0.5394937699316126,0.058330003,1794227400,-0.20696515,2026-08-29T11:28:04,0.0513,5.26,-7.82,REIT - Mortgage,0.6557644166022525,Strong Sell
KMX,CarMax Inc,20.254627,3.06646,2.7032,38.57764,0.31258428,0.61,-55.088677104506466,27514087424,141911096,141911096,26.676,1.163,307.787,1.4445000000000001,0.184,2.705,5.19,0.101,0.11567005303094824,-0.052,0.03588,0.00789,0.03425,0.11805,62.11,54.84615,96.0,33.0,-0.11695137658992105,hold,2.84211,13,74.93896569892027,22.665025974456867,0.009242123693746622,0.009061061576592564,0.2591339161883718,0.00447,1790685000,0.049422026,2026-08-29T11:28:04,0.0978,4.83,19.7,Auto & Truck Dealerships,0.6559742970373571,Strong Sell
AZO,"AutoZone, Inc.",16.910902,175.15092,151.45187,20.36551,,1.37,,60687343616,,,14.233,0.344,,0.4965,0.103,0.89,2.56,0.028199999,0.084,0.077,,0.12399,0.19082001,0.51754004,2961.96,3950.5217,4800.0,3200.0,0.33375254898783235,strong_buy,1.48148,23,54.64665317655263,53.87098877299495,-0.0004695193590870961,-0.0027675228391292567,0.10650469792862577,0.0024899999,1790080200,-0.2984588,2026-08-29T11:28:04,0.0266,3.04,-12.45,Auto Parts,0.6565554551627376,Strong Sell
SAFT,"Safety Insurance Group, Inc.",16.5824,6.25,,22.288172,1.1828321,0.95,9.48041170224316,1515542272,14680482,14680482,15.862,0.175,6.818,0.3255,0.266,0.385,1.29,0.050100002,0.04495261122897731,0.21,0.07842,0.053340003,0.13685,0.07645,103.64,,,,,none,,,46.05601330531701,68.56058916318419,,,0.5809295930010632,0.02123,1793649600,0.42981124,2026-08-29T11:28:04,0.0242,1.0,12.56,Insurance - Property & Casualty,0.6567161823307976,Strong Sell
HIMS,"Hims & Hers Health, Inc.",25.882418,1.11427,0.53724,-45.0625,2.609956,2.15,7.921431276816342,8091893760,224935790,233313413,-795.116,2.415,477.128,0.877,0.82,0.934,3.98,0.3023,0.3886613597596007,,-0.32033002,-0.05509,-0.12751001,0.69528997,28.84,31.23077,42.0,23.0,0.08289771151178926,hold,2.8,13,40.08859393637779,52.09914538931608,-1.0,-0.14451813773979613,1.1782396715124184,0.0561,1794254400,-0.23765951,2026-08-29T11:28:04,0.2931,3.71,1.31,Drug Manufacturers - Specialty & Generic,0.6576056961868209,Strong Sell
FUN,Six Flags Entertainment Corpora,220.14114,0.07368,-2.89333,-0.9348703170028817,0.5426292,2.43,3.4328730272834265,6895170560,102316312,102316312,8.686,0.388,1455.3,0.344,0.268,0.42,7.8,0.218,-0.07942860567531018,,-1.4315801,-0.57251,0.12994,0.38197,16.22,21.38462,30.0,10.0,0.31841060419235534,buy,2.14286,13,53.239433120445135,68.59265940940406,-1.0,-0.8318038624845913,1.4470640972304645,0.02685,1793795400,-0.31117827,2026-08-29T11:28:04,0.2227,10.12,3.8,Leisure,0.6577126432087128,Strong Sell
BKD,Brookdale Senior Living Inc.,68.94118,0.17,0.03,-19.864406779661017,0.9545174,0.28,121.89966081616654,7900545024,238817252,238817252,16.995,0.609,,0.999,0.855,1.143,7.24,0.16790001,-0.09406297833123045,,-3.49582,-0.04717,0.06806,0.28259,11.72,19.25,23.0,17.0,0.6424914675767917,strong_buy,1.33333,6,17.941740963957884,36.96766282391287,,-0.17073170731707307,0.18858984933200626,0.01959,1793908800,0.5680934,2026-08-29T11:28:04,0.1642,7.9,3.13,Medical Care Facilities,0.6578532906282665,Strong Sell
PM,Philip Morris International Inc,20.928629,9.16878,8.38096,26.358515,7.0297875,2.52,30.787603774296926,341946695680,1558613439,1558613439,18.981,0.4,,0.725,0.47,0.98,2.57,0.0083,0.10256671988569965,-0.075,,0.25559,0.40002,0.67481005,191.89,203.8,225.0,175.0,0.06206680910938567,none,,15,63.61875678769879,35.448658051679544,-0.004061726839957412,0.004835248655840271,0.21094282316337581,0.00164,1792585800,0.13787341,2026-08-29T11:28:04,0.0104,2.81,-7.82,Tobacco,0.6584645714174147,Strong Sell
AXGN,"AxoGen, Inc.",74.19099,0.69375,0.46429,-76.82089552238806,11.0166855,99.04,151.7656428130699,2675759104,53761513,53761513,-448.351,1.143,7.83,5.6945,4.792,6.597,3.16,0.072399996,0.04284014477047937,,-0.18205999,-0.13356,-0.03092,0.74556,51.47,53.9,60.0,48.0,0.04721196813677864,strong_buy,1.2,10,63.04311299484152,50.32265828626329,-0.049696051742841404,-0.047478478162371524,0.4547466950886074,0.02164,1793190600,2.292807,2026-08-29T11:28:04,0.0774,3.35,-25.21,Medical Devices,0.6597222928629367,Strong Sell
MNRO,"Monro, Inc.",31.764706,0.408,0.12,56.347824,0.3544064,4.9,12.084485356670816,923499200,31264060,31264060,10.785,1.052,90.617,0.2715,0.053,0.49,6.46,0.39189997,-0.08544457757565715,,0.0136,0.0070599997,0.00751,0.34877998,12.96,22.0,40.0,15.0,0.6975308641975309,none,,4,59.10789559233998,50.81681009023206,-0.6407185628742516,-0.3419354838709678,1.1390524870566703,0.05582,1793190600,-0.25712556,2026-08-29T11:28:04,0.2259,6.28,4.74,Auto Parts,0.6603247989242443,Strong Sell
UE,Urban Edge Properties,42.216827,0.50667,0.50333,40.35849,6.0476017,,13.018965542727905,4479602176,126244466,137687143,16.647,1.003,126.633,0.593,0.497,0.689,4.86,0.0529,0.15152814698428063,-0.693,0.05092,0.13948,0.31436002,0.64747,21.39,24.28571,26.0,22.0,0.1353768115942029,buy,2.14286,7,45.05085522705781,54.63742017842991,-0.03821680392868727,0.0,0.8125445144501087,0.00083,1793217600,0.03044951,2026-08-29T11:28:04,0.0263,4.14,-9.87,REIT - Retail,0.6610275927626433,Strong Sell
ATRC,"AtriCure, Inc.",112.42357,0.43176,0.28424,231.14287,4.3345413,10.0,50.58336891920961,2412617216,50866294,50866294,71.493,1.229,14.372,3.6215,3.025,4.218,4.52,0.080299996,0.09781001934208144,,0.02151,0.01852,0.06292,0.76298,48.54,48.44444,55.0,36.0,-0.0019686856201071024,buy,1.7,9,76.64167076361804,62.25283931157476,0.002186023552640891,-0.002402957486136878,0.493987696123966,0.037890002,1793131200,0.35767424,2026-08-29T11:28:04,0.0792,3.72,-20.56,Medical Instruments & Supplies,0.6614588128950829,Strong Sell
LASR,"nLIGHT, Inc.",68.15873,0.63,0.49556,-178.91666666666666,7.9730444,1.78,57.92068652142606,2161613056,57690197,57690197,-4589.412,2.358,3.374,7.6754999999999995,7.18,8.171,2.83,0.0648,0.14664283431030767,,-0.03805,-0.040159997,-0.04319,0.31524,42.94,88.85714,100.0,81.0,1.0693325570563577,strong_buy,1.33333,7,33.53584134433949,28.47936674686747,-0.055068263290366896,-0.06744034578719883,0.3832544573851691,0.02856,1793908800,0.58137083,2026-08-29T11:28:04,0.0525,3.3,-0.03,Semiconductors,0.6615446724466845,Strong Sell
SHAK,"Shake Shack, Inc.",49.912872,1.40024,1.12448,73.56842,1.9261781,,-71.71403879599484,3522148864,40350732,42781521,20.435,1.656,166.579,1.6004999999999998,1.533,1.668,1.96,0.1183,0.24882685151783623,-0.098,0.0794,0.02559,0.05069,0.4038,69.89,82.52174,126.0,60.0,0.18073744455573038,buy,2.0,23,65.61672901407644,56.20772465112919,0.00709321487425658,-0.059515733619908036,1.1676105736317202,0.04388,1793277000,-0.33184963,2026-08-29T11:28:04,0.0966,2.24,-8.04,Restaurants,0.6624706252231845,Strong Sell
RARE,Ultragenyx Pharmaceutical Inc.,38.475407,0.66562,-3.84591,-4.392795883361921,3.5214243,,-14.040345530046679,3434178048,98588873,98588873,-7.385,0.313,,1.5665,1.407,1.726,8.5,0.1667,0.2665192592271546,,,-0.81728995,-0.35047,-0.20781,25.61,55.05263,103.0,28.0,1.1496536509176103,strong_buy,1.45,19,32.185805616476316,40.57831100784718,0.09397358185643179,-0.5706591499874221,0.25819193224895076,0.03439,1793736000,-0.1801436,2026-08-29T11:28:04,0.1976,,,Biotechnology,0.6625705025274782,Strong Sell
NEO,"NeoGenomics, Inc.",52.525898,0.34364,0.18091,-46.282051282051285,3.0262258,2.09,52.81846557292933,2697611264,128475440,128475440,110.899,1.73,57.064,3.3195,3.036,3.603,5.52,0.1459,0.11390036881757326,,-0.06327,-0.0677,-0.048449997,0.43917,18.05,19.72222,35.0,16.0,0.09264376731301938,buy,1.83333,9,61.18477531978624,51.385702656971986,-0.011420765027322451,-0.05735838705253048,0.2868043545599538,0.02079,1793131200,1.1230068,2026-08-29T11:28:04,0.1318,4.17,12.04,Diagnostics & Research,0.6633949379848186,Strong Sell
CWST,"Casella Waste Systems, Inc.",63.849945,1.46719,1.25771,1171.0,3.0487623,3.29,48.98616174134056,7338413056,62651846,63640046,17.513,0.735,91.623,0.888,0.783,0.993,7.51,0.1027,0.1846481666318338,-0.259,0.00364,0.0029199999,0.0499,0.3342,93.68,111.8,130.0,91.0,0.19342442356959855,buy,1.72727,10,56.79058072364365,49.43505954950507,0.08584280139517227,-0.028614746989228113,0.8816193498380248,0.00563,1793908800,-0.037765145,2026-08-29T11:28:04,0.0752,6.41,-4.56,Waste Management,0.6636550527525772,Strong Sell
WGS,GeneDx Holdings Corp.,73.869514,1.16875,0.1275,-23.78374655647383,5.665893,,-54.20296703961111,2696217600,29822541,29822541,-80.018,1.975,68.545,3.0985,2.896,3.301,7.5,0.4037,0.07304695465084632,,-0.408,-0.23405,-0.15211001,0.69383,86.335,90.44444,103.0,74.0,0.04759877222447462,none,,9,70.09632215511674,16.322759147157655,0.15909090909090912,-0.050761421319796954,1.5953708927329304,0.122489996,1793131200,-0.30379152,2026-08-29T11:28:04,0.2858,8.58,0.31,Diagnostics & Research,0.664667008241759,Strong Sell
HP,"Helmerich & Payne, Inc.",27.7535,1.53314,-0.1365,-30.611510791366907,1.0641668,6.81,8.62426914807543,5966456832,99938945,99938945,7.205,0.619,69.731,1.6684999999999999,1.375,1.962,6.62,0.1179,-0.011019196010124022,,-0.04639,-0.03428,0.05096,0.31845,42.55,43.2,50.0,30.0,0.015276145710928501,buy,2.5,15,64.7182196629166,62.537594196342916,-1.0,0.0989226810404765,1.1880236369148653,0.03825,1794859200,0.9981159,2026-08-29T11:28:04,0.0872,9.02,-4.94,Oil & Gas Drilling,0.6648230675815601,Strong Sell
CRK,"Comstock Resources, Inc.",16.44949,0.86872,0.41313,8.02809,2.2288988,4.64,-4.830148989116097,8002103296,293620548,293620548,8.121,0.132,100.201,0.4,0.324,0.476,10.81,0.313,-0.2537897042273758,-0.93,0.19018,0.27,0.059710003,0.56847,14.29,14.875,19.0,9.0,0.040937718684394664,hold,3.15385,12,54.45474688517222,34.6448945142474,-0.14236781466027285,-0.19649265603610924,1.152771476255605,0.73252,1793649600,-0.0936144,2026-08-29T11:28:04,0.3926,9.86,3.52,Oil & Gas E&P,0.665191217589106,Strong Sell
WELL,Welltower Inc.,74.864784,3.18,2.88,106.75785,13.440704,3.66,62.24106015576244,191695355904,720572011,720572011,57.383,0.763,41.375,1.1315,0.946,1.317,5.64,0.027999999,0.2839548384845605,0.356,0.03836,0.12149999,0.16561002,0.39560002,238.07,256.72726,292.0,215.0,0.07836879909270378,buy,1.68182,22,72.46243347412718,51.70685432656572,-0.04318936877076409,-0.05357142857142849,0.6125282790888957,0.00061,1793044800,0.4284011,2026-08-29T11:28:04,0.0246,5.92,-7.18,REIT - Healthcare Facilities,0.6655302933831004,Strong Sell
AIP,"Arteris, Inc.",178.4643,0.12333,-0.175,-25.298850574712645,12.785414,,34.8750712757318,968459776,49152102,49152102,-29.31,1.959,12.835,1.524,1.48,1.568,3.65,0.0617,0.26859587408896557,,-1.31412,-0.46703997,-0.48450002,0.8761,22.01,41.0,50.0,38.0,0.8627896410722398,none,,6,37.84548848082666,38.711576691045046,-1.0,-0.22918750000000004,0.10861215955621603,0.20516,1793736000,1.6088398,2026-08-29T11:28:04,0.0577,3.87,-11.96,Semiconductors,0.6660665983507029,Strong Sell
HR,Healthcare Realty Trust Incorpo,949.5,0.02,,-73.03846153846153,5.740047,8.82,13.365495270997522,10989889536,342719760,346997788,15.67,0.822,103.031,0.197,0.052,0.342,4.37,0.090900004,-0.006564500395308426,,-0.019199999,-0.07571,0.14713,0.61946,18.99,21.58333,24.0,18.0,0.13656292785676682,hold,2.53846,12,44.91753687031644,26.677794004212842,-1.0,1.0,0.9414113986421326,0.00596,1793304000,0.107060194,2026-08-29T11:28:04,0.0549,4.67,-0.62,REIT - Healthcare Facilities,0.6670428879771374,Strong Sell
PEN,"Penumbra, Inc.",52.459743,6.13194,4.78747,78.84314,8.419834,4.4,78.65164223829791,12224704512,39389422,39389422,59.842,0.701,13.896,4.6915,3.633,5.75,4.91,0.0531,0.13761420261510815,-0.235,0.1137,0.106709994,0.105220005,0.6784,321.68,361.83334,374.0,323.0,0.12482386222332753,hold,2.6875,12,45.767720377243975,12.580145917622417,-0.03482319261320118,-0.015294242337623058,1.15573916445299,0.02901,1793822400,0.19109464,2026-08-29T11:28:04,0.048,4.19,-13.55,Medical Devices,0.667146168237643,Strong Sell
BZH,"Beazer Homes USA, Inc.",21.855265,1.52,-0.67,-92.27777777777777,0.42578936,2.9,-6.549826433106333,2167203584,26679623,26679623,-209.919,2.182,125.152,6.233499999999999,0.988,11.479,2.81,0.08270001,0.05512127738836492,,-0.00653,-0.0037099998,-0.01748,0.12825,33.22,27.5,33.0,22.0,-0.17218543046357615,none,,2,62.9624364078548,89.05816126014727,0.22543352601156064,0.0,0.5089840553104137,0.07992,1794486600,0.33735907,2026-08-29T11:28:04,0.1124,8.86,1.53,Residential Construction,0.667917022993069,Strong Sell
NOW,"ServiceNow, Inc.",28.910143,5.00551,4.06673,89.88199,10.155457,1.13,29.05404741377296,146906513408,1033862000,1033862000,50.71,0.93,67.538,0.633,0.565,0.701,1.22,0.028299998,0.2422764353463034,-0.219,0.14244,0.11336,0.04063,0.74768996,144.71,142.23174,248.0,72.0,-0.01712569967521249,strong_buy,1.42857,46,62.08205428558118,79.29758922283528,-0.01376025531894265,-0.0034244461655162017,0.5106888411227997,0.00176,1793217600,-0.24058062,2026-08-29T11:28:04,0.0283,,,Software - Application,0.6689679427043937,Strong Sell
FUBO,fuboTV Inc.,22.103004,0.466,-0.52,2.6822917,0.05446511,,-2.8494015254201397,2303036160,30204277,30204277,,2.404,15.262,0.9764999999999999,0.948,1.005,4.27,0.2374,0.3037820464962626,,-0.0505,-0.00964,-0.01795,0.05979,10.3,17.0,23.0,12.0,0.6504854368932038,none,,8,78.2819715377026,43.96460431426334,-0.01960784313725492,-0.012711864406779556,0.6764799767753045,0.03951,1793795400,-0.77733684,2026-08-29T11:28:04,0.2283,5.29,4.02,Broadcasting,0.6689754694083667,Strong Sell
WMT,Walmart Inc.,31.985725,3.223,2.87879,37.351448,1.1149141,4.02,91.31262789314613,888764891136,7958079155,7958079155,18.892,0.605,70.378,0.481,0.195,0.767,2.97,0.014199999,0.06469691900218333,-0.091,0.22313999,0.03,0.04993,0.25231,103.09,127.95,155.0,81.0,0.24114851100979728,buy,1.5814,40,30.42939541866346,40.87022459022916,-0.007549927775805078,-0.017648205928237053,0.27028861311277924,0.44852,1795091400,0.048850298,2026-08-29T11:28:04,0.0165,3.22,-3.17,Discount Stores,0.6691359390138171,Strong Sell
HLI,"Houlihan Lokey, Inc.",15.257738,8.7182,6.99053,22.356304,3.6838691,,,8999853056,54197538,69886500,,0.963,20.846,1.6615,1.659,1.664,2.34,0.0429,0.08816310069287647,-0.19,0.17794001,0.16077,0.18395,0.94111,133.02,153.5,177.0,145.0,0.15396181025409694,buy,2.27273,8,76.0942306236895,84.83667310253132,-0.1152448586207726,-0.07452758785045448,0.22913513606852137,0.00201,1793304000,-0.33341825,2026-08-29T11:28:04,0.0405,2.16,23.19,Capital Markets,0.6698170795388748,Strong Sell
WLK,Westlake Corporation,22.51806,3.36219,3.22463,-7.902922755741127,0.85669166,1.7,418.39896077837835,14202476544,127796548,127796548,12.624,0.622,63.814,2.049,1.645,2.453,4.44,0.1516,0.1386871576531159,,-0.11911,-0.10935,0.1122,0.09625,75.71,93.73333,114.0,80.0,0.2380574560824198,buy,2.33333,15,43.80824231487865,71.44300676252566,-0.05868083429422159,-0.07005965996310316,1.2720513188352924,0.74509,1793277000,-0.15816444,2026-08-29T11:28:04,0.1456,4.84,-8.38,Specialty Chemicals,0.6702461450103917,Strong Sell
MKL,Markel Group Inc.,16.103626,112.93667,94.08,10.041354,1.3577298,2.68,-13.137908216019639,21451067392,12389958,12389958,6.257,0.658,22.432,2.09,1.029,3.151,3.69,0.019199999,0.15380995641793138,0.868,0.124639995,0.13766,0.30087999,0.51928,1818.69,1956.3334,2107.0,1671.0,0.07568271668068771,hold,3.28571,6,42.89154933591965,40.22544248264167,-0.12623255495154861,-0.03437170364033104,0.7422240259136498,0.01449,1793217600,-0.072992444,2026-08-29T11:28:04,0.0204,3.87,-16.89,Insurance - Property & Casualty,0.6703658605925991,Strong Sell
APPN,Appian Corporation,29.98286,1.41781,1.08144,-303.6428571428571,3.8285706,,27.854043811679972,3092842496,40540212,71627597,77.53,0.861,,0.919,0.842,0.996,4.57,0.105399996,1.1806937319420037,,,-0.013350001,0.0042,0.72397006,42.51,34.0,42.0,26.0,-0.20018819101387908,hold,2.85714,5,73.07107214060522,65.67785841442145,0.10193600978194406,0.12893747810300338,0.7282945636371677,0.0664,1793881800,0.34941328,2026-08-29T11:28:04,0.1191,5.3,-24.73,Software - Infrastructure,0.6704182221256673,Strong Sell
APD,"Air Products and Chemicals, Inc",21.342833,14.43529,13.44213,-1467.095238095238,5.444064,2.19,-45.81447975287923,88590983168,222685530,222685530,19.043,0.75,110.091,0.9185,0.752,1.085,3.76,0.0178,0.045335204312556776,,0.00023,-0.00375,0.25536,0.32056,308.09,343.6316,365.0,314.0,0.11536109578369969,buy,1.80952,19,55.775875096182595,63.96078265010975,0.016470412089241642,0.010363807654673238,0.7989220782798324,0.01895,1793881800,0.045449853,2026-08-29T11:28:04,0.0176,3.28,-6.38,Specialty Chemicals,0.670437441187536,Strong Sell
NET,"Cloudflare, Inc.",179.4396,1.67098,1.26262,-508.20338983050846,42.49684,2.38,154.2994473930095,106133495808,322618775,356079715,-29399.86,1.66,217.858,1.7865,1.755,1.818,1.9,0.026099999,0.5098428540000501,,-0.14425999,-0.082100004,-0.07603,0.72577006,299.84,333.55194,400.0,160.0,0.11243309765208132,buy,1.88235,31,54.87491388989122,71.47379589492803,0.05223594513058992,0.05627196642140122,0.43706884692089293,0.00616,1793304000,0.48151886,2026-08-29T11:28:04,0.0255,2.84,-16.78,Software - Infrastructure,0.6705694507567233,Strong Sell
PGR,Progressive Corporation (The),13.42244,16.28914,17.90348,10.964894,1.3958812,63.4,8.405948569719735,132766564352,581100000,581100000,8.622,0.257,24.428,0.2635,0.234,0.293,2.13,0.010299999,0.08278643951127163,0.05,0.34943,0.12849,0.18208,0.18521,218.64,230.80952,309.0,198.0,0.05566008049762172,hold,2.64,21,69.64264675648302,37.3388299455921,0.017297514753628705,0.0017088507148507563,0.7762654514093956,0.0024899999,1791981000,-0.11474007,2026-08-29T11:28:04,0.0139,2.72,-15.96,Insurance - Property & Casualty,0.6712515875015633,Strong Sell
IRT,"Independence Realty Trust, Inc.",101.9375,0.16,,90.61111,5.8212094,,21.18540292608765,6395471872,235744567,241686210,16.911,0.95,70.156,0.373,0.158,0.588,4.6,0.0805,0.047539637424602876,-0.667,0.0125899995,0.06421,0.14755,0.60678,16.31,19.5,22.0,18.0,0.1955855303494789,buy,1.64286,14,30.448991196426334,54.38494805217414,0.8762444478480624,-0.058823529411764754,0.9840454807263207,0.00679,1793217600,-0.06871098,2026-08-29T11:28:04,0.0455,4.15,6.9,REIT - Residential,0.6713419482961431,Strong Sell
FLNC,"Fluence Energy, Inc.",45.04803,0.24152,-0.3467,-18.133333333333336,0.76854044,3.18,836.2127088005788,1689470848,143163588,185909379,-21.668,2.779,95.812,1.0215,0.702,1.341,3.22,0.3335,0.37551717410155994,,-0.23536,-0.03073,-0.08851,0.09364,10.88,16.33333,24.0,8.0,0.5012251838235293,hold,2.57143,18,37.8100418596733,28.895736371740654,-1.0,-0.1343092593540461,1.0490532972698863,0.14425,1795464000,0.64935064,2026-08-29T11:28:04,0.2512,3.35,-16.2,Utilities - Renewable,0.6722455855339786,Strong Sell
BLFS,"BioLife Solutions, Inc.",110.242424,0.33,0.25,36.38,16.676908,15.09,381.409144725207,1752651392,48906704,48906704,254.007,1.896,3.747,8.1835,6.673,9.694,2.9,0.1285,0.1883803905493202,,0.12829,0.54346,0.059580002,0.63613,36.38,31.28571,33.0,31.0,-0.14002996151731717,none,,7,75.02171366582809,53.63218581923418,0.0,0.13793103448275876,1.0683318952999683,0.0242,1793908800,0.46803474,2026-08-29T11:28:04,0.1061,2.06,59.09,Medical Instruments & Supplies,0.672618416069367,Strong Sell
FEIM,"Frequency Electronics, Inc.",38.756413,1.56,0.93,-671.7777777777778,10.477522,1.25,177.88997636949517,602791872,10957034,10957034,195.268,0.655,13.563,1.706,1.126,2.286,2.12,0.1066,-0.3163746594196932,,-0.01612,-0.01428,-0.13963,0.35105,60.46,81.0,85.0,77.0,0.3397287462785312,none,,2,50.395302111511846,57.430468835184065,-0.1806167400881057,0.2649006622516556,1.4346137949778472,0.119770005,1789070400,0.9655491,2026-08-29T11:28:04,0.1531,2.05,30.56,Communication Equipment,0.673052213776374,Strong Sell
SBUX,Starbucks Corporation,34.61657,3.11556,2.59046,62.341038,3.2069495,1.29,40.10683274047505,141798998016,1140000000,1140000000,25.131,0.966,,0.628,0.496,0.76,5.06,0.0364,-0.01685418284912288,0.857,,0.05172,0.12919,0.22341,107.85,112.22581,143.0,81.0,0.04057311080203996,buy,2.33333,31,54.628993231829355,57.740056583763405,0.08422378758009913,0.034183324592210025,0.3040298723591038,0.00132,1793217600,0.21623766,2026-08-29T11:28:04,0.0345,4.51,-16.25,Restaurants,0.673060820599542,Strong Sell
QXO,"QXO, Inc.",20.914225,0.64645,0.28394,-14.695652173913043,1.4171137,3.13,-5.503810957924119,21660620800,1037490709,1037490709,36.85,2.302,57.031,3.0780000000000003,2.041,4.115,3.87,0.0881,0.10561718521953511,,-0.04596,-0.05167,-0.0092400005,0.24544,13.52,29.11111,50.0,18.0,1.1531886094674557,strong_buy,1.22222,18,22.014166057448918,24.64929147850772,-0.07919315086262808,-0.11785977456947143,1.0546707588738202,0.0022200001,1793908800,-0.3440606,2026-08-29T11:28:04,0.0904,4.59,-11.5,Industrial Distribution,0.6732769106614052,Strong Sell
DKNG,DraftKings Inc.,15.362348,1.64428,0.88864,-72.17142857142858,2.0153286,0.1,27.158792151341384,12956243968,496454048,496454048,105.479,1.627,336.48,0.852,0.687,1.017,2.86,0.08,-0.04596931544407512,,-0.21139,-0.026819998,-0.04724,0.76129997,25.26,34.97857,76.0,20.0,0.38474148851939804,buy,1.55556,35,70.71743071886821,56.578244555612244,-0.13171265535839907,-0.034355583222729885,0.8876729044384027,0.08765,1793908800,-0.4944688,2026-08-29T11:28:04,0.09,3.6,-3.19,Gambling,0.6749965186284735,Strong Sell
VSAT,"ViaSat, Inc.",404.21194,0.16667,0.094,-336.85,2.0062847,0.26,37.097600128323684,14548431872,137755810,137755810,10.451,1.727,146.805,1.5065,1.338,1.675,5.3,0.0956,-0.03711537103226359,,0.0019,-0.00635,0.04441,0.33219,67.37,101.44,140.0,49.0,0.5057147098114887,buy,1.63636,10,25.42942230065202,17.125514929752228,-0.6866666666666666,-0.5867651798775196,1.4362003609008196,0.04773,1793908800,1.3446164,2026-08-29T11:28:04,0.0865,6.07,-4.22,Communication Equipment,0.675581161296105,Strong Sell
PANW,"Palo Alto Networks, Inc.",90.42549,4.10935,3.7746,323.12173,28.552855,3.77,84.60858247507105,311041753088,815000000,815000000,209.668,0.893,7.698,0.792,0.728,0.856,3.74,0.0277,0.0726071165644171,,0.048309997,0.07947,-0.02465,0.71963996,371.59,362.714,475.0,201.0,-0.023886541618450385,buy,1.63636,50,44.04477419488134,62.92604509060864,0.0003074118046133104,0.0016914836361772883,1.0976441636436338,0.0076,1788292800,1.0095003,2026-08-29T11:28:04,0.026,3.48,2.83,Software - Infrastructure,0.6772494373048586,Strong Sell
LPX,Louisiana-Pacific Corporation,23.521645,3.02955,1.08176,92.545456,2.0181215,3.68,-51.903562666666666,5131742208,69923410,69923410,19.968,1.594,21.617,2.3835,1.546,3.221,5.61,0.100200005,-0.12520252636420337,-0.518,0.03098,0.02187,0.05271,0.18023,71.26,92.23077,107.0,74.0,0.29428529329216957,none,,13,29.923371796057737,35.29325724369181,-0.42391240673777936,-0.187781671166256,0.900721427848691,0.09445,1793795400,-0.24128312,2026-08-29T11:28:04,0.1123,6.66,-4.97,Building Products & Equipment,0.6790965027382414,Strong Sell
WHR,Whirlpool Corporation,11.106704,3.70497,2.17644,13.536185,0.17981064,1.04,-5.527590938509961,9399674880,65199378,65199378,12.271,1.133,205.431,0.8215,0.494,1.149,0.0,0.0,-0.20101107713021438,-0.011,0.05933,0.01253,0.016210001,0.13578,41.15,51.25,137.0,32.0,0.24544349939246657,hold,3.15385,12,45.17166760181012,77.54148356296878,-0.07424531792989336,-0.06341526304214294,1.3721293973445283,0.0072600003,1793217600,-0.561016,2026-08-29T11:28:04,0.0,,,"Furnishings, Fixtures & Appliances",0.6811470108845404,Strong Sell
CBRS,Cerebras Systems Inc.,140.60046,1.27368,-0.47037,-38.511827956989244,62.501328,,,36108492800,112247109,237564041,-74.483,,16.244,5.496,5.167,5.825,2.51,0.14109999,-0.534152812790929,,,-0.75271004,-2.64968,0.34903,179.08,291.63635,330.0,209.0,0.6285255193209738,strong_buy,1.45455,11,29.141417743405185,55.37638680254391,0.5151774394706191,0.330561504309219,1.0711448078358818,0.01001,1794340800,-0.39990997,2026-08-29T11:28:04,0.1369,2.21,23.7,Semiconductors,0.6814675445441654,Strong Sell
FWONA,Liberty Media Corporation - Ser,38.635876,2.41796,1.91118,115.33333,5.824717,11.19,35.79852750596323,28092602368,23991058,250708485,32.78,0.653,59.879,1.1055000000000001,0.964,1.247,7.54,0.048600003,12.613072106448996,-0.497,0.0273,0.055209998,0.15955,0.32579,93.42,111.0,124.0,100.0,0.1881824020552345,strong_buy,1.0,6,54.77801922639625,,0.033003264653103645,-0.01779214870661643,1.5157914295550634,0.01845,1793881800,0.044052362,2026-08-29T11:28:04,0.0048,,,Entertainment,0.6829180023355298,Strong Sell
UHAL,U-Haul Holding Company,32.97596,2.08,1.12,489.92856,2.2020233,2.35,-8.355383473844073,20194131968,19435630,195494213,26.567,1.089,106.334,0.8785,0.748,1.009,5.98,0.1087,8.560624906730578,-0.135,0.00832,0.01047,0.1506,0.28542,68.59,87.61667,99.0,73.85,0.277397142440589,none,,3,19.750949954716987,,0.13131313131313144,-0.018867924528301903,0.8575774079974572,0.61379004,1793822400,0.19828343,2026-08-29T11:28:04,0.0096,,,Rental & Leasing Services,0.6842990422032983,Strong Sell
BTU,Peabody Energy Corporation,10.171173,2.84333,-0.26333,-19.409395973154364,0.8789419,,-65.31446217693376,3536635904,121900000,121900000,12.758,0.28,12.884,1.535,1.061,2.009,4.72,0.1305,0.12392132075471696,,-0.047709998,-0.04555,-0.0947,0.103970006,28.92,30.75,36.0,27.0,0.06327800829875518,buy,1.66667,6,84.24211737317275,78.53507139732463,-1.0,-0.2715629987728427,0.8977948334531657,0.00992,1793277000,0.75446963,2026-08-29T11:28:04,0.1149,4.77,2.92,Thermal Coal,0.6846474795987513,Strong Sell
MOS,Mosaic Company (The),14.6968155,1.60579,0.41212,-11.683168316831683,0.6125407,2.02,-10.053046739574052,13509300224,317895646,317895646,7.86,0.821,52.249,0.8454999999999999,0.354,1.337,3.93,0.12109999,-0.06179677591431998,,-0.05073,-0.05213,-0.00117,0.11236,23.6,26.46842,35.0,17.0,0.12154322033898302,buy,2.45,19,60.12849981014823,57.1734996171789,-0.5007873634227294,-0.14300733822548364,1.0749669058111258,0.0033500001,1793736000,-0.28541356,2026-08-29T11:28:04,0.1069,4.5,7.35,Agricultural Inputs,0.6850552504223294,Strong Sell
DE,Deere & Company,28.074598,22.45197,18.08542,35.0378,3.550184,1.46,30.035909842267078,209709039616,269937425,269937425,23.699,0.901,376.022,1.994,1.888,2.1,5.08,0.0188,-0.10613706037982684,-0.085,0.18242,0.10168,0.17479,0.26092,630.33,665.3477,804.0,500.0,0.05555455079085547,buy,2.125,22,56.15805600208047,44.30254339522425,-0.00023937312920813684,-0.012122009368347087,0.2652197831410461,0.00169,1795609800,0.30596924,2026-08-29T11:28:04,0.0234,5.58,-5.4,Farm & Heavy Construction Machinery,0.6866755916560822,Strong Sell
TNDM,"Tandem Diabetes Care, Inc.",125.541885,0.1707,-0.66707,-23.81111111111111,1.4317719,,-33.927220392379155,1772241280,69578707,69578707,-70.796,1.541,566.964,2.8115,2.443,3.18,4.9,0.2038,0.027448458218690464,,-0.48026,-0.0608,-0.054180004,0.56012,21.43,28.7,50.0,18.0,0.3392440503966403,buy,2.0,20,42.49810385116972,26.48390279919107,0.03608172937980454,0.5003955348510152,0.43842151205679686,0.0117,1793908800,0.6744914,2026-08-29T11:28:04,0.1763,6.58,-14.28,Medical Devices,0.6880142395410723,Strong Sell
S,"SentinelOne, Inc.",45.950043,0.46877,0.34786,-21.11764705882353,6.7206383,,27.394626444941906,6674307584,336745012,342803723,-27.535,,,1.3599999999999999,1.271,1.449,2.46,0.051,0.17587010316280494,,-0.23008,-0.30953,-0.22719,0.72540003,21.54,21.70968,28.0,15.0,0.007877437325905179,buy,1.91429,31,42.418658543705284,57.349643324901024,-0.007834543213258539,-0.003741782067422071,0.1770383929903133,0.0065200003,1787860800,0.20413578,2026-08-29T11:28:04,0.0626,3.09,-11.16,Software - Infrastructure,0.6880793778562352,Strong Sell
SNOW,Snowflake Inc.,121.18077,2.7067,1.93612,-93.18181818181819,22.588675,8.01,65.35495715692018,113886625792,346600000,346600000,-101.083,1.315,142.912,0.9969999999999999,0.941,1.053,3.89,0.0556,0.29842805631852287,,-0.54869,-0.23786,-0.22173999,0.67144996,328.0,326.87082,500.0,110.0,-0.003442621951219582,buy,1.5098,48,35.42862608760612,53.688110245420106,0.0009098616596703735,0.0055166521165741144,0.2481652507141375,0.02962,1788379200,0.40886128,2026-08-29T11:28:04,0.0562,3.89,-12.7,Software - Application,0.6898763297320689,Strong Sell
TXG,"10x Genomics, Inc.",302.6607,0.20333,0.105,-104.30508474576271,12.997206,,44.63039729260364,7544881664,120212296,130291168,-183.124,2.039,9.545,5.388999999999999,5.085,5.693,4.97,0.17930001,-0.10578214062228719,,-0.09398,-0.12178001,-0.15198,0.70112,61.54,49.53846,65.0,40.0,-0.19502014949626256,buy,2.3125,13,57.56553693221934,30.65067514488433,,0.016649999999999998,0.5507800691649191,0.01526,1793908800,3.8504114,2026-08-29T11:28:04,0.1322,5.79,-3.86,Health Information Services,0.6930675002716199,Strong Sell
RYN,Rayonier Inc. REIT,33.13821,0.615,0.41717,44.304344,6.2984157,23.24,54.92863245218231,7582739456,297567291,299249548,22.271,0.904,36.025,3.028,2.494,3.562,4.32,0.0395,0.9529644405708557,-0.976,0.02015,0.07828,0.1179,0.24815,20.38,24.83333,28.0,23.0,0.2185147203140334,none,,6,31.288393265663558,38.73291412847845,-0.11368658111668226,-0.0674329385718835,0.5816699686438938,0.00977,1793822400,-0.20069742,2026-08-29T11:28:04,0.0421,,,REIT - Specialty,0.694853168478451,Strong Sell
GWRE,"Guidewire Software, Inc.",50.329826,4.09002,3.46523,111.27027,12.062056,1.03,60.52645885154325,16696725504,83256364,83256364,127.451,0.925,53.467,2.3419999999999996,2.239,2.445,3.71,0.0626,0.28521665654291617,-0.648,0.1193,0.1125,0.08224,0.64011,205.85,202.42857,258.0,137.0,-0.0166209861549671,buy,1.625,14,73.7434943018521,80.23654323004281,-0.0028861149957125462,0.0022292065249610157,1.2019382876765845,0.00321,1788465600,-0.07527822,2026-08-29T11:28:04,0.0669,3.92,-0.64,Software - Application,0.6962754042749237,Strong Sell
AMBA,"Ambarella, Inc.",61.56246,1.14729,0.79024,-43.8695652173913,7.6468635,2.28,65.3495419261215,2857131008,43868185,43868185,-45.515,2.119,2.191,2.1630000000000003,1.899,2.427,2.22,0.11229999,0.13023020441807653,,-0.11816,-0.17185,-0.19347,0.58817,70.63,95.0,120.0,80.0,0.3450375194676485,buy,2.14286,11,19.63661000907183,61.87783431192363,0.0,0.0,0.45070065850982416,0.04452,1788465600,-0.11127764,2026-08-29T11:28:04,0.1231,2.16,30.65,Semiconductor Equipment & Materials,0.6977858965348709,Strong Sell
CZR,"Caesars Entertainment, Inc.",41.10157,0.72333,-0.72,-13.09691629955947,0.52011514,4.51,7.945313025901662,31193606144,203777357,203777357,9.018,1.754,729.87,0.7375,0.624,0.851,4.49,0.118999995,0.051303065040734674,,-0.103769995,-0.039920002,0.17674999,0.49691,29.73,31.26667,35.0,31.0,0.051687521022536265,hold,2.93333,15,24.815300162964164,47.21927486930918,-1.0,-0.14093824228028498,1.1632770297363897,0.00819,1793131200,0.14484358,2026-08-29T11:28:04,0.0973,5.64,-4.8,Resorts & Casinos,0.698443787792641,Strong Sell
BXMT,"Blackstone Mortgage Trust, Inc.",8.860179,1.54963,1.26782,171.625,5.7480826,-0.25,,17687212032,168543591,168543591,,0.949,484.696,98.565,98.554,98.576,4.64,0.0955,-0.7261538114492885,,0.00448,0.03835,-3.0,1.0,13.73,18.85714,23.0,16.0,0.3734260742898763,buy,2.0,7,22.818252825001593,43.57469196789452,-0.10893232406294584,-0.20275449779547566,1.04956104702347,0.013200001,1793190600,-0.2863049,2026-08-29T11:28:04,0.0607,4.54,4.25,REIT - Mortgage,0.6985099424554412,Strong Sell
W,Wayfair Inc.,26.794615,3.87242,2.89271,-41.83870967741936,1.101349,23.5,30.133700395588875,16584807424,115990166,136968070,46.85,2.983,,0.6639999999999999,0.585,0.743,2.69,0.1171,0.2017016597769159,,,-0.02488,0.03012,0.30347002,103.76,123.31034,156.0,83.0,0.18841885119506552,buy,1.9697,29,33.140328445729565,44.39592539306963,0.030659217717856877,0.04017620908712404,0.6972846203934543,0.037469998,1793104200,0.35235023,2026-08-29T11:28:04,0.1107,3.87,-14.35,Internet Retail,0.698591764250345,Strong Sell
MBC,"MasterBrand, Inc.",35.958336,0.24,0.10333,-12.15492957746479,0.6324497,,-72.00914435674014,3210427648,203490490,203490490,19.398,1.436,85.833,1.2845,0.81,1.759,8.66,0.088999994,-0.30555540949358373,,-0.0582,-0.0349,0.022820001,0.26859,8.63,10.36,11.08,10.0,0.20046349942062558,hold,3.0,3,34.106607256181334,35.97751694480495,-0.7479756097560976,-0.6065573770491803,0.5521575526761318,0.01551,1793736000,-0.31649566,2026-08-29T11:28:04,0.0933,8.27,-3.57,"Furnishings, Fixtures & Appliances",0.6992062381334022,Strong Sell
AXON,"Axon Enterprise, Inc.",56.8907,10.55937,7.71309,252.40755,15.160066,2.81,219.66938710839034,49959825408,81237415,81237415,302.592,1.397,50.363,1.8655,1.582,2.149,3.84,0.0505,0.3074819428954012,-0.182,0.06221,0.06191,0.0517,0.59525,600.73,693.40424,830.0,409.68,0.1542693722637456,buy,1.71429,19,42.35724713117198,42.59535436432449,0.0031552264778906473,-0.0013231366377385926,0.5494993135732006,0.045479998,1793736000,-0.17804164,2026-08-29T11:28:04,0.0461,5.1,-4.04,Aerospace & Defense,0.6993462138431583,Strong Sell
L,Loews Corporation,37.83448,2.9,,13.462578,1.19984,1.32,17.773223961965133,25906251776,204427720,204427720,8.003,0.518,44.609,0.507,0.507,0.507,5.65,0.0249,0.06578097475234745,0.156,0.09313,0.09024,0.14533,0.36290002,109.72,,,,,none,,,33.650402310414606,24.024953061013704,,,0.3184336299134435,0.20066,1793622600,0.14134276,2026-08-29T11:28:04,0.0265,5.54,-1.26,Insurance - Property & Casualty,0.6999575684835222,Strong Sell
AESI,Atlas Energy Solutions Inc.,160.62502,0.08,-0.822,-13.526315789473685,1.5031192,,-13.556568837276119,2506090752,124905584,124905584,23.088,1.09,94.273,1.646,1.468,1.824,6.61,0.2662,0.3502434276437152,,-0.09925,-0.110810004,-0.06807,0.23408002,12.85,18.5,25.0,10.0,0.4396887159533074,buy,2.41667,12,60.75786078219734,67.53149517270208,-0.6890295271950192,-0.7908496732026143,1.1557518060361387,0.34332,1793649600,0.14840984,2026-08-29T11:28:04,0.2621,5.96,0.92,Oil & Gas Equipment & Services,0.7001550634711582,Strong Sell
LBRT,Liberty Energy Inc.,59.19333,0.32132,0.25047,25.702703,0.7397437,,-10.276188696340162,4200808704,163191416,163191416,7.915,0.612,82.144,1.833,1.68,1.986,2.86,0.1365,0.13135583062775824,-0.395,0.06123,0.02918,0.016210001,0.18529,19.02,29.03846,36.0,23.0,0.526732912723449,buy,2.0,13,31.691623472959222,67.84984311794425,-0.23980211241957014,-0.6291577222260692,0.46283823484915065,0.01998,1792008000,0.74456525,2026-08-29T11:28:04,0.0893,1.95,-4.42,Oil & Gas Equipment & Services,0.7034049255015405,Strong Sell
SLAB,"Silicon Laboratories, Inc.",50.110176,4.36119,2.92237,-188.39655172413794,8.519713,3.12,-532.0034351271739,6894729728,33366761,33366761,-690.993,1.361,,4.625,3.843,5.407,10.67,0.1402,0.16344825618524972,,-0.03628,-0.045689996,-0.04674,0.60611,218.54,222.85715,231.0,200.0,0.019754507184039483,hold,3.0,7,55.84570616289527,25.32139114692076,0.05810896925282771,0.051213386297460355,1.2055899100643241,0.01608,1793736000,0.68048203,2026-08-29T11:28:04,0.0874,9.07,-2.41,Semiconductors,0.7065578580968133,Strong Sell
AOSL,Alpha and Omega Semiconductor L,78.190475,0.315,-0.5525,-17.46808510638298,1.0975133,,33.75186075849027,640747200,30253000,30253000,45.585,2.598,3.507,2.5965,1.755,3.438,4.75,0.14220001,-0.04278302978217041,,-0.05217,-0.06225,-0.06449,0.22320999,24.63,43.75,58.0,34.0,0.776289078359724,buy,2.25,4,29.191396651446993,23.797524942960408,-0.15104166666666669,-0.7954545454545455,1.729914087370521,0.07011,1794254400,-0.071832955,2026-08-29T11:28:04,0.1331,5.31,29.43,Semiconductors,0.708325306573121,Strong Sell
CPT,Camden Property Trust,97.5688,1.09,2.29518,35.09901,7.780775,9.17,88.11706697509054,15752862720,115732578,115732578,17.621,0.789,125.648,0.1895,0.027,0.352,4.54,0.047399998,-0.08411116531077356,-0.757,0.07885,0.20622,0.16104001,0.61619,106.35,117.42045,132.0,105.0,0.10409449929478143,hold,2.58333,22,25.10055933804429,45.09211011622087,0.0,0.3885350318471338,0.5024678729433719,0.01465,1793908800,-0.055277705,2026-08-29T11:28:04,0.0391,3.45,-19.19,REIT - Residential,0.7095025875470091,Strong Sell
GSAT,"Globalstar, Inc.",331.9529,0.2463,0.49288,-170.33333333333334,37.745968,0.5,-36.4723660245591,10602478592,129563390,129563390,116.836,1.514,143.243,1.49,1.435,1.545,3.88,0.076799996,-0.0571982177990249,,-0.15878999,-0.18488,-0.07372,0.62247,81.76,90.0,90.0,90.0,0.10078277886497067,buy,2.33333,3,31.71539918186778,34.5857763202649,0.0,-0.1958863858961803,1.140752206713318,0.59443,1793881800,1.7034597,2026-08-29T11:28:04,0.0746,3.34,21.44,Telecom Services,0.7101629965999605,Strong Sell
FWONK,Liberty Media Corporation - Ser,54.146923,1.88007,1.58409,125.679016,6.3472085,12.52,39.00974462996701,30093037568,224336239,250708485,35.114,0.653,59.879,1.1055000000000001,0.964,1.247,4.36,0.040799998,0.3007206561932245,-0.497,0.0273,0.055209998,0.15955,0.32579,101.8,120.25,134.0,105.0,0.18123772102161095,strong_buy,1.4375,16,63.49389445534745,37.8378423132413,-0.11162892425720916,-0.11728829793227792,1.5157914295550634,0.01402,1793881800,0.01009202,2026-08-29T11:28:04,0.0337,4.61,-1.53,Entertainment,0.7105913516514698,Strong Sell
TTWO,"Take-Two Interactive Software, ",22.851135,10.30102,6.86958,-136.8546511627907,6.5824165,3.19,35.03862221857195,44684541952,186980443,186980443,58.297,0.983,81.607,0.9805,0.899,1.062,3.2,0.035099998,-0.0023301626256174712,,-0.09039,-0.04792,0.0051499996,0.57126,235.39,286.89,368.0,170.0,0.2187858447682569,strong_buy,1.21429,29,30.60140576143128,51.40843895396157,-0.023400125330521052,-0.02848178535301153,0.8213561042125334,0.0178,1794227400,-0.03299439,2026-08-29T11:28:04,0.0343,3.65,-15.97,Electronic Gaming & Multimedia,0.711821438762806,Strong Sell
SHO,"Sunstone Hotel Investors, Inc. ",80.92857,0.14,0.28,51.5,2.1027348,3.0,-18.707040360741708,3202564608,185943941,185943941,13.983,0.988,51.842,3.497,1.559,5.435,0.01,0.0002,0.08231573678434634,3.652,0.027520001,0.05302,0.12773,0.43710998,11.33,11.79167,13.0,10.0,0.04074757281553398,buy,2.41667,12,70.28374821986114,70.75012634070957,0.931034482758621,-0.282051282051282,1.0989275209917997,0.01559,1793881800,0.19679141,2026-08-29T11:28:04,0.0706,5.63,-16.91,REIT - Hotel & Motel,0.715245483310413,Strong Sell
DOCN,"DigitalOcean Holdings, Inc.",60.386723,1.84163,1.45301,50.55,12.932305,1.54,-548.6606205007052,14286856192,117579550,117579550,46.291,1.586,212.506,1.2235,1.136,1.311,2.41,0.0874,-0.003453327181469845,-0.245,0.62273,0.23265,0.104449995,0.57222,111.21,175.2143,200.0,140.0,0.5755264814315262,none,,14,35.23439761191017,59.20199193516918,0.17678358831485408,-0.003181438914757937,1.2583694063010042,0.16736999,1793795400,2.8180106,2026-08-29T11:28:04,0.0885,2.35,-25.18,Software - Infrastructure,0.7203752679257764,Strong Sell
OLN,Olin Corporation,21.769207,0.78781,-0.45884,-9.913294797687861,0.29162183,7.05,6.269402232200128,5200117248,113982490,113982490,8.273,1.203,199.059,1.1045,0.791,1.418,3.49,0.1129,-0.003266010419670562,,-0.10585,-0.02937,0.0403,0.06858,17.15,21.61538,30.0,19.0,0.26037201166180757,hold,3.0,13,40.38642971325802,59.38452198314979,-1.0,-0.15994711082202154,1.1972343851354224,0.0038800002,1793304000,-0.26561838,2026-08-29T11:28:04,0.1146,3.72,-13.73,Chemicals,0.7226353064406652,Strong Sell
CPNG,"Coupang, Inc.",61.382977,0.26913,-0.4336,-38.41860465116279,0.83737224,0.45,-120.52721711124207,28696614912,1639708712,1797511702,-623.839,1.157,188.584,0.739,0.608,0.87,3.45,0.0537,0.15045968809611332,,-0.19995001,-0.02163,-0.06278,0.28354,16.52,23.65556,30.0,12.0,0.43193462469733657,buy,1.77778,18,55.26345073466236,57.98643075082042,-0.4135750146704048,-0.07013785716753633,1.4483124964965528,0.0063,1793736000,-0.42872226,2026-08-29T11:28:04,0.0599,4.34,-0.29,Internet Retail,0.7237734938612134,Strong Sell
VITL,"Vital Farms, Inc.",41.18321,0.262,-0.4125,-215.79999999999998,0.6049994,,-4.726504219162508,550240128,42931522,42931522,35.018,1.071,38.162,0.8220000000000001,0.54,1.104,5.32,0.28100002,-0.06706038281149229,,0.00053,0.0002,-0.24180001,0.28122,10.79,13.22222,18.0,10.0,0.22541427247451362,none,,9,30.601271796817628,35.324784404721484,0.024499834460578053,-0.41029507753944494,0.7777451165655193,0.18355,1793881800,-0.7988439,2026-08-29T11:28:04,0.2533,6.12,9.58,Farm Products,0.7238668335364263,Strong Sell
PUMP,ProPetro Holding Corp.,26.766125,0.41022,-0.02397,-99.81818181818183,1.1625047,,-28.055932512976273,1422539648,122823917,122823917,9.334,0.779,89.604,4.0184999999999995,3.944,4.093,3.78,0.145,-0.2064446210423334,,-0.01502,-0.01153,-0.0152,0.22693,10.98,16.72727,21.0,11.0,0.5234307832422587,buy,1.83333,11,42.800410650687944,77.97567735850959,-1.0,0.007911547911547913,1.6409720033097026,0.020399999,1793190600,1.2315369,2026-08-29T11:28:04,0.154,3.06,-4.64,Oil & Gas Equipment & Services,0.7301685070052074,Strong Sell
WBD,"Warner Bros. Discovery, Inc. - ",411.0,0.07,-1.075,-22.4765625,1.99724,216.92,4.461473993777224,102001934336,2507136702,2507136702,13.089,1.565,94.199,0.5915,0.406,0.777,2.35,0.0225,-0.12379327704325549,-0.906,-0.08786,-0.08769,0.05105,0.47811002,28.77,29.81818,31.25,26.0,0.03643309002433104,hold,2.73684,11,82.31918171094874,40.017385971875136,0.10070546737213408,-1.0,0.9061939475289602,0.04186,1793881800,1.4810996,2026-08-29T11:28:04,0.0303,2.76,11.08,Entertainment,0.7322273166644259,Strong Sell
CRWD,"CrowdStrike Holdings, Inc.",131.85379,1.65638,1.23441,4368.0,41.44206,6.03,112.07226144623348,229260312576,1023934842,1023934842,2145.407,1.234,15.958,1.468,1.366,1.57,3.02,0.0241,0.2248981913245609,,0.01461,0.00834,-0.02259,0.75185996,218.4,210.535,256.0,103.25,-0.036011904761904856,buy,1.69811,50,36.28816290642093,74.00368952811803,0.0011597917241155918,0.0020324164024951175,1.1504992676744321,0.014579999,1787774400,1.2051754,2026-08-29T11:28:04,0.0254,3.28,-6.89,Software - Infrastructure,0.734711113866278,Strong Sell
BA,Boeing Company (The),50.916805,4.12084,-1.07518,75.7473,1.7643008,89.29,29.47989239342532,194978758656,790370020,790370020,-67.234,1.221,790.875,0.717,0.296,1.138,0.01,0.0001,0.03325105534746897,,1.73537,0.025910001,4.0000003e-05,0.0471,209.82,274.84616,305.0,246.0,0.30991402154227443,buy,1.53571,26,21.838960310410158,46.391603758231945,-1.0,0.0077128114836281444,1.0713955735803298,0.00057,1793190600,-0.115805864,2026-08-29T11:28:04,0.0204,2.35,5.18,Aerospace & Defense,0.7362117685080412,Strong Sell
OPY,"Oppenheimer Holdings, Inc.",46.48828,2.56,,13.208657,0.74268967,,,1036131648,10608340,10708005,,1.078,147.915,1.2005,1.156,1.245,0.58,0.010299999,0.23130909265728672,0.246,0.10817,0.05994,0.176,0.92122,119.01,,,,,none,,,74.1767671215781,72.09107593762047,,,0.8031306487878335,0.42355,1793363400,0.63889647,2026-08-29T11:28:04,0.013,1.0,-11.76,Capital Markets,0.7377474325979084,Strong Sell
PI,"Impinj, Inc.",60.664436,2.80329,2.09579,-186.87912087912088,13.985825,,92.48023827198138,5268918272,30554413,30554413,596.166,1.908,115.143,2.7365000000000004,2.196,3.277,6.22,0.142,0.050070629731947314,0.0,-0.12875,-0.07265,0.09693,0.52856,170.06,180.88889,220.0,144.0,0.063676878748677,buy,1.66667,9,51.656408882557955,67.40988532162632,0.1103052585850666,-0.005015226696765038,1.1920409327291968,0.02743,1793217600,-0.09513301,2026-08-29T11:28:04,0.1014,6.41,-10.42,Semiconductors,0.7379352161018413,Strong Sell
TSLA,"Tesla, Inc.",161.56454,2.15858,1.77267,329.00946,13.292974,5.13,284.82315713869485,1350621593600,3949547394,3949547394,125.581,1.827,18.373,1.6440000000000001,1.347,1.941,1.82,0.0196,0.023485578661725404,-0.03,0.046669997,0.03671,0.014099999,0.18852,348.75,390.09283,600.0,125.0,0.11854574910394255,buy,2.34783,39,49.90599867232665,53.11773806626933,-0.169585136882343,-0.15337519561661883,0.5321338791442315,0.17819001,1792612800,0.077271104,2026-08-29T11:28:04,0.0243,1.55,-3.04,Auto Manufacturers,0.7413202808308632,Strong Sell
CRCL,"Circle Internet Group, Inc.",54.769207,1.59104,1.21756,17.462927,8.17565,4.34,115.18170369676142,22212481024,234685190,272594112,97.063,,0.454,0.5315,0.028,1.035,2.1,0.1062,0.1703074466352139,,0.15347,0.15531999,0.04899,0.21997999,87.14,103.28913,243.0,37.0,0.18532396144135865,buy,2.33333,23,77.71718037180399,48.92542130449486,0.24303630983136823,-0.07348907531543103,1.67653025328426,0.0225,1794400200,-0.21558183,2026-08-29T11:28:04,0.1188,2.31,-9.92,Capital Markets,0.7443466674623619,Strong Sell
CIFR,Cipher Digital Inc.,51.423733,0.295,-0.588,-5.304195804195804,32.94739,,-2.172869074051545,11740715008,415030722,415030722,122.193,3.223,950.563,1.807,0.618,2.996,2.01,0.192,-0.49017893321159967,,-1.67485,0.0,-3.0,-0.100360006,15.17,32.17647,69.0,22.0,1.1210593276203036,strong_buy,1.29412,17,51.13356852219844,38.29643207150543,-0.3439999999999999,-0.3854166666666667,1.5821832566080039,0.0354,1793622600,1.015625,2026-08-29T11:28:04,0.1629,1.89,-0.82,Information Technology Services,0.7669794764170188,Strong Sell
COIN,"Coinbase Global, Inc.",63.17368,2.82776,-1.99497,-46.160206718346245,7.798437,10.62,17.66260474743765,45011275776,222803032,263836923,64.343,3.361,50.982,1.8495,1.276,2.423,2.99,0.1042,-0.05458634699369802,,-0.07847,-0.16344,-0.13922,0.8581,178.64,196.55414,330.0,95.0,0.10028067622033143,buy,1.94118,29,67.9089649055287,45.308912020198065,-1.0,-0.3288268188248251,1.3924837242877315,0.01324,1793304000,-0.37172222,2026-08-29T11:28:04,0.0992,2.72,-13.0,Financial Data & Stock Exchanges,0.8621609865934692,Strong Sell
ABSI,Absci Corporation,-12.900646,-0.67516,-0.80569,-11.025316455696203,957.56445,,-29.54549081439204,1419291008,171614010,171614010,-11.876,2.425,1.556,10.445,10.263,10.627,12.74,0.2653,-0.549531301599444,,-0.57724,0.0,-3.0,0.0,8.71,13.88889,17.0,10.0,0.5945912743972444,strong_buy,1.4,9,56.24106540845931,,-0.03557794886955185,-0.08454211042038128,0.16538316079539164,0.11847,1794859200,3.025641,2026-08-29T11:28:04,0.2284,,,Biotechnology,,NA
ADPT,Adaptive Biotechnologies Corpor,-136.36119,-0.18473,-0.54108,-62.975,13.049229,,211.8511381160316,4094211328,159595842,159595842,-191.973,2.088,272.464,4.6525,4.51,4.795,4.98,0.105500005,0.15925896114511562,,-0.38759,-0.20726,-0.2204,0.46942002,25.19,25.07143,28.0,21.0,-0.0047070265978563786,strong_buy,1.5,7,54.06561926598266,,-0.1831798998491177,0.269437633473068,0.4679823558516502,0.01306,1793822400,1.05919,2026-08-29T11:28:04,0.1062,,,Diagnostics & Research,,NA
AEVA,"Aeva Technologies, Inc.",-9.720149,-1.608,-1.534,-74.42857142857143,50.444534,,-7.811562047044558,1066959360,69705758,69705758,-8.421,2.458,371.853,7.5915,7.337,7.846,2.47,0.092700005,-0.12144770307210484,,,-1.50116,-3.0,0.27225,15.63,30.0,42.0,20.0,0.9193857965451055,buy,1.8,5,25.873441870878693,,0.09230769230769226,-0.03909531502423263,0.13119427988750038,0.17456,1793822400,0.19070101,2026-08-29T11:28:04,0.1076,,,Software - Infrastructure,,NA
AGIO,"Agios Pharmaceuticals, Inc.",-8.441555,-3.94714,-5.63375,-4.75320970042796,20.228868,,-7.244128126320082,1460175488,59701882,59701882,-3.219,0.586,3.038,9.6805,9.14,10.221,6.38,0.1291,2.4854732653151537,,-0.34337002,0.0,-2.47071,-2.7079,33.32,45.75,73.0,32.0,0.3730492196878752,buy,1.6,8,69.47966846354937,,0.09169689641273675,0.20959495309238807,1.2075157337401758,0.010679999,1793277000,-0.12662423,2026-08-29T11:28:04,0.1525,,,Biotechnology,,NA
AI,"C3.ai, Inc.",-23.366768,-0.45064,-0.78712,-3.143283582089552,6.540512,,-61.823331640023795,1120112896,151949285,155449277,-2.362,2.073,8.976,6.493,6.343,6.643,9.65,0.3367,-0.5700846581805239,,-0.6305,-1.87946,-2.13818,0.3092,10.53,8.81818,15.0,6.0,-0.16256600189933523,none,,11,58.9473733292647,,,,0.19675834159876285,0.04901,1788379200,-0.38911885,2026-08-29T11:28:04,0.3465,,,Software - Infrastructure,,NA
ALMS,Alumis Inc.,-7.8069677,-2.86667,-3.32,-5.445255474452554,391.55997,,-13.884171078015303,2538326016,129435239,129435239,-6.023,-0.669,8.056,6.692,6.64,6.744,5.85,0.0754,-0.5033288654877054,,-0.93646,0.0,-3.0,1.0,22.38,40.33333,55.0,25.0,0.8022042001787308,strong_buy,1.3,9,16.640058990408548,,-0.14403859407305297,0.029563303994583658,0.8233971322959702,0.0052300002,1794513600,3.9382977,2026-08-29T11:28:04,0.0561,,,Biotechnology,,NA
ALMU,"Aeluma, Inc.",-43.081966,-0.305,-0.185,-37.542857142857144,46.291786,,-542.4684271419003,203841104,18305335,18305335,-32.106,-0.066,2.717,25.671,25.238,26.104,7.1,0.269,-0.15954463548468245,,-0.20673999,-1.1555,-1.73895,0.37741002,13.14,30.5,31.0,30.0,1.3211567732115674,none,,2,33.57742093859187,,0.0,-0.23646977743544004,0.28626197538519477,0.16744,1788897600,-0.311913,2026-08-29T11:28:04,0.2628,,,Semiconductors,,NA
AMBQ,"Ambiq Micro, Inc.",-248.01039,-0.2312,-0.53375,-12.914414414414415,14.169217,,-49.529791638896945,1091057792,24184536,24184536,-30.738,,1.133,15.333,14.714,15.952,3.4,0.0752,0.4901442475472757,,-0.15548,-0.37772,-0.25743,0.43623,57.34,85.66667,125.0,73.0,0.49401238228113,none,,6,42.897894098137975,,0.5191441441441442,0.6927574750830565,0.7464779442355675,0.049990002,1793881800,0.62361526,2026-08-29T11:28:04,0.0795,,,Semiconductors,,NA
AMLX,"Amylyx Pharmaceuticals, Inc.",-30.085999,-1.15469,-1.49716,-24.638297872340427,,,-50.06490464581527,3897203968,111423048,111423048,-24.096,-0.205,2.197,12.0,11.88,12.12,7.01,0.1558,,,-0.7473,0.0,0.0,0.0,34.74,42.36364,57.0,20.0,0.2194484743811167,strong_buy,1.16667,11,83.1982833289201,,-0.08124738202880133,0.0879225908372828,0.8971358231419356,0.07141,1793881800,2.725451,2026-08-29T11:28:04,0.1381,,,Drug Manufacturers - Specialty & Generic,,NA
APGE,"Apogee Therapeutics, Inc.",-25.789377,-5.23355,-4.74634,-31.027586206896554,,,-70.15004209727607,9213715456,62201093,75687735,-28.603,0.343,0.572,26.303,26.167,26.439,3.63,0.0728,,,-0.32456002,0.0,0.0,0.0,134.97,134.84818,135.11,133.0,-0.0009025709416906613,hold,2.86667,11,69.04433420788335,,-0.07555785184832682,-0.008688495837886787,0.34469762205702553,0.02315,1794227400,2.564712,2026-08-29T11:28:04,0.0731,,,Biotechnology,,NA
APLD,Applied Digital Corporation,-101.36,-0.25,-0.95333,-27.846153846153847,11.784932,1.83,-1.4520502440066416,13531941888,284303812,284303812,-126.435,5.767,136.231,2.7165,1.423,4.01,2.77,0.21290001,3.6600160253918785,,-0.08376,-0.39915,-0.48219,0.25879,25.34,74.22727,109.0,37.5,1.9292529597474353,strong_buy,1.36364,11,40.876572963463424,,0.22493495934959348,0.75,0.5331442794444682,0.09879,1791489600,0.7981651,2026-08-29T11:28:04,0.2226,,,Information Technology Services,,NA
ARE,Alexandria Real Estate Equities,-63.666668,-0.81,,-8.52396694214876,3.124624,3.24,6.598606400371388,25304659968,172095277,172095277,14.201,1.169,68.67,2.1635,1.977,2.35,3.86,0.055,-0.12603531849395255,,-0.040760003,-0.36078998,0.17282,0.68198997,51.57,53.0,60.0,47.0,0.027729299980608912,hold,2.9375,14,46.415745797623956,,-0.29115667371442994,0.07954545454545449,1.504830032807748,0.01385,1793044800,-0.35384995,2026-08-29T11:28:04,0.044,,,REIT - Office,,NA
ARWR,"Arrowhead Pharmaceuticals, Inc.",-17.442375,-4.86803,-3.50545,-37.24122807017544,17.914873,,-246.6456949891795,11775973376,141254467,141254467,-58.694,1.294,295.984,5.8025,5.706,5.899,4.8,0.0907,1.6494808125253835,,-0.55207,-0.4779,-2.26028,1.0,84.91,110.18182,126.0,100.0,0.29763066776586977,none,,11,35.1458390544249,,-0.16809396867710774,-0.1237373037857803,0.9676729002594424,0.03657,1795550400,2.4497664,2026-08-29T11:28:04,0.0752,,,Biotechnology,,NA
ASST,"Strive, Inc.",-20.036865,-1.085,-5.835,-22.412371134020617,229.35156,,-4.284580526372824,2492788736,79890888,89683423,-3.088,13.193,0.246,7.539,7.455,7.623,6.82,0.24239999,-0.9797529585601802,,-1.3705701,0.0,-3.0,0.0,21.74,26.6,36.0,16.0,0.22355105795768182,strong_buy,1.2,5,83.05052065683631,,-0.4371921182266011,-0.03827751196172252,,0.01418,1794313800,-0.8210526,2026-08-29T11:28:04,0.2497,,,Asset Management,,NA
ASTS,"AST SpaceMobile, Inc.",-47.88656,-1.21224,-1.98488,-27.0,195.93555,,-12.553629504570827,18611808256,299789305,389167494,-45.806,2.745,124.865,12.723,12.393,13.053,3.77,0.19229999,31.607408140380457,,-0.45621,0.0,-3.0,0.38914,58.05,78.48182,108.0,42.5,0.3519693367786392,none,,11,42.254864540285645,,-0.5158626279806793,-0.6202439777640519,0.4599947746865313,0.07966,1794254400,0.26004922,2026-08-29T11:28:04,0.2157,,,Communication Equipment,,NA
AVBP,"ArriVent BioPharma, Inc.",-7.9271865,-3.80589,-4.34262,-8.498591549295776,,,-16.625382348849495,1155771648,49307729,49307729,,1.366,0.096,13.778,13.4,14.156,17.26,0.177,,,-0.53253,0.0,0.0,0.0,30.17,44.7,50.0,40.0,0.48160424262512436,strong_buy,1.0,10,63.784507084161184,,-0.07915042083839652,-0.08757426209411259,0.5172653260171741,0.01543,1794859200,0.5625,2026-08-29T11:28:04,0.2563,,,Biotechnology,,NA
BATRK,"Atlanta Braves Holdings, Inc. -",-86.16428,-0.58667,-0.69,-50.55,4.3251066,,-162.22592068087843,4036459264,52871959,64167897,101.515,0.821,170.267,0.419,0.347,0.491,6.85,0.0687,0.17426909602498375,,-0.120340005,-0.08559,-0.06077,0.24903,50.55,61.2,73.0,49.0,0.21068249258160243,buy,2.2,5,53.19093900839572,,-1.0,-1.0,0.8699415920593445,0.080520004,1793795400,0.16422355,2026-08-29T11:28:04,0.0614,,,Entertainment,,NA
BBNX,"Beta Bionics, Inc.",-8.518358,-2.315,-1.895,-12.325,7.4546194,,-22.01808229513079,705121472,44989688,44989688,-8.727,,2.54,8.298,7.716,8.88,5.53,0.1674,0.3313030265957835,,-0.26155,-0.61315,-0.79899,0.58314997,19.72,20.30909,30.4,14.0,0.0298727180527385,buy,1.75,11,58.891173333018585,,0.10047610684160302,0.03138075313807539,0.22724549732560442,0.01079,1793131200,0.037155032,2026-08-29T11:28:04,0.2835,,,Medical Devices,,NA
BCAX,Bicara Therapeutics Inc.,-6.818678,-3.43615,-3.35643,-7.631921824104235,,,-20.1495762333876,1146977920,66172934,66172934,-5.683,,0.248,11.5135,11.438,11.589,17.09,0.2202,,,-0.41011003,0.0,0.0,0.0,23.43,33.5,45.0,20.0,0.4297908664105847,buy,1.5625,14,43.04719150185166,,0.03486797270602036,0.05405368203716444,0.3958802396865095,0.10067,1794313800,1.0865545,2026-08-29T11:28:04,0.2836,,,Biotechnology,,NA
BEAM,Beam Therapeutics Inc.,-6.1838665,-4.74137,-4.45352,-42.492753623188406,19.408428,,-12.52209788127884,2140166400,103287665,103287665,-6.015,2.209,23.173,14.413,14.254,14.572,13.28,0.3648,-0.9431936427258762,,-0.08184,-0.55449003,-3.0,-1.61905,29.32,52.15385,80.0,26.0,0.7787806957708048,strong_buy,1.33333,13,44.148045832175626,,-0.004257391806324804,-0.0019123812421814722,0.6517865892020076,0.013730001,1793709000,0.8687922,2026-08-29T11:28:04,0.2762,,,Biotechnology,,NA
BETA,"Beta Technologies, Inc.",-8.96,-2.25,-2.28,-1.5471987720644667,108.996956,,-15.972985635285161,3862232320,225439576,242442544,-8.006,,12.797,14.372,14.273,14.471,5.17,0.0583,1.2930026251335747,,-0.89944,0.0,-3.0,0.60058,20.16,32.0,37.0,29.0,0.5873015873015872,strong_buy,1.25,8,37.05160012318231,,-0.06046511627906972,-0.07142857142857138,1.3426409942845685,0.39648998,1794832200,-0.3902778,2026-08-29T11:28:04,0.0689,,,Aerospace & Defense,,NA
BFLY,"Butterfly Network, Inc.",-140.50002,-0.06,-0.09,-29.06896551724138,20.01698,,2425.1550336259284,2216444672,244858246,266285183,-47.343,2.084,10.083,3.4734999999999996,2.887,4.06,4.21,0.1504,0.408848382586225,,-0.35457,-0.66745,-0.30897,0.68158996,8.43,9.3125,11.0,5.25,0.1046856465005932,none,,4,40.388764819189056,,0.2941176470588236,0.35135135135135137,0.4764216733671254,0.10186,1793363400,4.662338,2026-08-29T11:28:04,0.1461,,,Medical Devices,,NA
BH,Biglari Holdings Inc.,-50.600002,-7.45,,-16.94247191011236,2.9596086,-18.8,43.32493733606793,257193008,2112068,3184478,3.957,0.528,65.917,2.3955,2.344,2.447,0.72,,0.6417079705767048,-0.187,-0.05251,-0.07334,0.07743,0.39130002,376.97,,,,,none,,,56.406433114608305,,,,1.3151109523564626,0.00426,1793995200,0.22951198,2026-08-29T11:28:04,0.7094,,,Restaurants,,NA
BHVN,Biohaven Ltd.,-7.7555275,-1.98697,-2.64272,-3.3868131868131868,,,-9.08435363215139,2463994624,151043781,151043781,-4.737,3.162,2430.331,4.504,4.275,4.733,9.83,0.1509,,,-7.99462,0.0,0.0,0.0,15.41,21.73333,42.0,10.0,0.4103393900064891,buy,1.6875,15,70.97127851715241,,-0.09712881316528013,-0.022114425045525087,0.35884037660872325,0.11205,1794254400,0.014474511,2026-08-29T11:28:04,0.1529,,,Biotechnology,,NA
BKSY,BlackSky Technology Inc.,-65.833336,-0.36,-1.095,-13.699421965317919,8.904711,,-13.574626660959435,957069824,40924846,40924846,-57.156,2.623,104.632,5.6315,5.428,5.835,6.42,0.18020001,0.2892584055172742,,-0.44755,-0.61241,-0.23358,0.69852996,23.7,38.42375,50.0,33.0,0.6212552742616033,none,,8,40.09987936362724,,0.11930058793723312,0.0442562455199512,0.3935504736347123,0.08269,1793881800,0.4513482,2026-08-29T11:28:04,0.2018,,,Specialty Business Services,,NA
BYND,"Beyond Meat, Inc.",-1.4071622,-9.84961,-11.38601,-0.721875,0.92066044,40.75,-32.25449926404656,477159296,17193965,17193965,-3.662,2.79,718.525,2.195,1.756,2.634,3.62,0.3016,-0.8635933865399865,,,1.15852,-0.42488998,0.102460004,13.86,18.33334,30.00003,10.0,0.3227518037518038,underperform,3.8,3,52.475660177590726,,-0.1201289534290023,-0.10731859773063786,0.5171066472978225,0.03379,1793822400,-0.80309427,2026-08-29T11:28:04,0.3074,,,Packaged Foods,,NA
CADL,"Candel Therapeutics, Inc.",-20.911999,-0.625,-1.0025,-8.891156462585034,,,-27.974271553973434,900082240,76518565,76518565,-12.623,-0.502,39.259,15.992,15.89,16.094,10.24,0.2094,,,-0.81844,0.0,0.0,0.0,13.07,21.0,29.0,12.0,0.6067329762815608,strong_buy,1.22222,8,77.03264453548255,,-0.11080332409972297,-0.03305785123966945,0.46747432451905474,0.14852999,1794486600,1.3464165,2026-08-29T11:28:04,0.2075,,,Biotechnology,,NA
CAPR,"Capricor Therapeutics, Inc.",-6.0483365,-1.58556,-2.27571,-3.914285714285714,,0.38,-6.251200744538751,437988800,58138989,58138989,-3.292,0.528,36.977,7.282500000000001,7.219,7.346,2.03,0.33720002,,,-0.737,0.0,0.0,0.0,9.59,22.75,54.0,2.0,1.3722627737226278,hold,2.55556,4,86.44821876362363,,-1.0,-1.0,0.46035336306275104,0.09437,1794340800,0.5892575,2026-08-29T11:28:04,0.3898,,,Biotechnology,,NA
CCOI,"Cogent Communications Holdings,",-3.669682,-2.58333,-2.515,-10.085106382978724,0.5518498,2.22,-3.6763548199020195,2906498560,51215736,51215736,17.846,0.786,,0.501,0.37,0.632,4.39,0.1826,-0.07713649961019797,,-7.2150297,-0.051409997,-0.0669,0.50345004,9.48,15.27273,30.0,9.0,0.6110474683544302,hold,2.58333,11,40.988708877299885,,0.35800893426930436,0.12503640982218459,1.6971882567148178,0.0414,1793881800,-0.73808235,2026-08-29T11:28:04,0.1606,,,Telecom Services,,NA
CELC,Celcuity Inc.,-1105.5,-0.08,-4.39,-20.567441860465117,,,-60.10386211302621,4562752000,48931908,48931908,-21.886,0.2,,8.805499999999999,8.68,8.931,6.73,0.32299998,,,-14.33703,0.0,0.0,0.0,88.44,161.09091,177.0,140.0,0.8214711668928087,strong_buy,1.16667,11,59.50733017192781,,-0.16445623342175059,-1.0,0.1810911659237837,0.102299996,1794427200,0.7402016,2026-08-29T11:28:04,0.3545,,,Biotechnology,,NA
CGEM,"Cullinan Therapeutics, Inc.",-8.005962,-2.71048,-3.16502,-6.977491961414791,,,-14.946404344603083,1121949056,61458046,61458046,-5.065,-0.023,0.644,8.355,8.293,8.417,17.37,0.2291,,,-0.50298,0.0,0.0,0.0,21.7,32.36364,42.0,23.0,0.4914119815668201,strong_buy,1.09091,11,76.80824007469334,,-0.05566821875041694,-0.07244232192103316,0.9409391161557162,0.00425,1793881800,1.9973476,2026-08-29T11:28:04,0.2202,,,Biotechnology,,NA
CGON,"CG Oncology, Inc.",-24.610596,-3.02065,-3.20456,-27.63568773234201,1058.0483,,-57.95033338881957,5984016896,88640375,88640375,-23.968,0.23,0.857,21.997500000000002,21.776,22.219,12.96,0.1292,,,-0.26405,0.0,-3.0,0.0,74.34,91.07692,108.0,79.0,0.22514016680118365,strong_buy,1.4,13,62.44703050384102,,-0.20692694170552214,-0.08689316196260732,0.9181467663834739,0.00228,1794227400,1.877276,2026-08-29T11:28:04,0.1738,,,Biotechnology,,NA
CLDX,"Celldex Therapeutics, Inc.",-9.398424,-4.1624,-4.10626,-8.993103448275862,19443.514,,-23.08433885007462,2464621824,78529532,78529532,-7.644,0.837,0.686,11.763,11.705,11.821,7.85,0.1144,-0.974635962430032,,-0.43877,0.0,-3.0,0.0,39.12,58.06667,100.0,38.0,0.48432183026584874,none,,15,55.963407629774444,,0.06514434022402342,0.07491943549283261,0.23843126710221527,0.00271,1794254400,0.8340888,2026-08-29T11:28:04,0.1037,,,Biotechnology,,NA
CLPT,ClearPoint Neuro Inc.,-14.051163,-1.10667,-1.32333,-13.177966101694917,11.219299,0.61,-33.760606115603956,520820384,30504227,30504227,-18.462,1.271,593.411,4.2495,3.754,4.745,7.17,0.1525,0.09430620877559037,,-2.26521,-0.81757003,-0.94154,0.62608004,15.55,25.66667,30.0,22.0,0.6505897106109324,none,,3,59.37488403578279,,-0.1886233192314947,-0.17730851063829797,0.15285304933801414,0.05436,1793908800,0.52828383,2026-08-29T11:28:04,0.171,,,Medical Devices,,NA
CLSK,"CleanSpark, Inc.",-8.230569,-1.41667,-1.21,-3.0846560846560847,4.4085455,,61.23930316835877,4578782208,256817073,256817073,-5.414,3.886,234.725,3.6254999999999997,1.339,5.912,2.92,0.4014,-0.23933137202291843,,-0.68622,-1.46901,-1.65191,0.46993,11.66,23.80769,27.0,21.0,1.04182590051458,strong_buy,1.30769,13,38.719811734451376,,,-0.9540275862068968,1.0358973411997867,0.03505,1795550400,0.34336102,2026-08-29T11:28:04,0.2972,,,Capital Markets,,NA
COGT,"Cogent Biosciences, Inc.",-31.284683,-1.10821,-2.2143,-16.050925925925927,,,-32.31872553792498,5954384896,173524982,173524982,-15.408,0.329,45.88,13.467500000000001,13.362,13.573,9.61,0.1067,,,-1.09737,0.0,0.0,0.0,34.67,55.81818,62.0,45.0,0.6099850014421688,strong_buy,1.33333,11,31.631502140795803,,0.018527547537786373,-0.17303173359866195,0.07488495716455519,0.00424,1793709000,2.0703642,2026-08-29T11:28:04,0.1067,,,Biotechnology,,NA
CRNX,"Crinetics Pharmaceuticals, Inc.",-20.971706,-4.04545,-4.12667,-16.8,213.51923,,-36.18370164093472,7841052672,106095205,106095205,-14.391,0.088,3.959,15.404499999999999,15.238,15.571,2.26,0.0726,20.512076618806667,,-0.42446,0.0,-3.0,0.0,84.84,85.5,90.0,85.0,0.007779349363507659,none,,10,54.167952774368246,,0.10693023024301153,0.005829198583494906,0.19733212498229236,0.01567,1793908800,1.548048,2026-08-29T11:28:04,0.069,,,Biotechnology,,NA
CRSP,CRISPR Therapeutics AG,-16.504066,-3.49732,-4.44653,-12.254777070063694,416.7488,,-25.85687639187281,4000495872,96692653,96692653,-7.796,1.738,44.874,17.819000000000003,17.791,17.847,12.77,0.222,9.736160746359912,,-0.26095,0.0,-3.0,0.0,57.72,87.55556,291.0,44.0,0.516901593901594,buy,2.04545,18,65.78132094506088,,0.0887137762839694,0.10052518144736097,0.5239908365709114,0.0589,1794254400,0.12742114,2026-08-29T11:28:04,0.1947,,,Biotechnology,,NA
CRVS,"Corvus Pharmaceuticals, Inc.",-13.264637,-1.0675,-0.7775,-22.125,,,-43.47767650589067,1023760320,84120944,84120944,-18.009,0.869,0.323,16.0195,15.877,16.162,22.0,0.2585,,,-0.3543,0.0,0.0,0.0,14.16,33.14286,42.0,27.0,1.3405974576271187,none,,7,62.97444264055483,,-0.08487867498290697,-0.12763687451804734,0.3238655413730965,0.03507,1793736000,1.5961199,2026-08-29T11:28:04,0.2628,,,Biotechnology,,NA
CRWV,"CoreWeave, Inc.",-43.225906,-1.9486,-3.93385,-23.726760563380285,6.1206756,,-5.111441580125109,93947379712,458871690,551536602,24.795,,1027.329,0.4205,0.386,0.455,1.87,0.1889,1.0838463754432093,,-0.43596,-0.25402,-0.01903,0.67418,84.23,144.45714,317.0,39.0,0.7150319363647157,buy,1.84211,35,49.952212622671006,,-0.05417323730714818,-0.19011690414948476,0.7220797435069206,0.18815,1794427200,-0.07006645,2026-08-29T11:28:04,0.1798,,,Software - Infrastructure,,NA
CSTL,"Castle Biosciences, Inc.",-33.876366,-0.98889,-1.27222,-52.34375,2.8644598,,-141.03578053780296,793253504,30549507,30549507,-48.029,0.974,7.797,5.819,5.602,6.036,3.74,0.0588,0.13506356420088883,,-0.04196,-0.05434,-0.029649999,0.77258,33.5,44.0,57.0,35.0,0.31343283582089554,strong_buy,1.0,9,46.59575181532109,,0.09414428526672554,-0.0595287840313716,0.9344700275115133,0.02475,1793649600,0.41511774,2026-08-29T11:28:04,0.0647,,,Diagnostics & Research,,NA
CYRX,"CryoPort, Inc.",-24.256403,-0.66333,-0.77,-19.621951219512194,4.3707976,62.13,-55.52146068946723,696544000,50649100,50649100,-201.488,1.892,47.283,2.021,1.96,2.082,4.13,0.0598,0.06611498328696852,,-0.065409996,-0.20051001,-0.20445,0.47075,16.09,19.33333,25.0,15.0,0.20157426973275339,strong_buy,1.33333,9,69.91400364929828,,-0.05000477274896701,-0.06988709677419351,1.0091021429617983,0.03857,1793736000,0.8808173,2026-08-29T11:28:04,0.0547,,,Integrated Freight & Logistics,,NA
CYTK,"Cytokinetics, Incorporated",-16.197525,-4.45068,-5.94458,-9.984764542936288,148.104,,-25.218867538936035,11088693248,139023418,139023418,-15.947,0.376,,6.6105,6.56,6.661,8.95,0.1792,-0.6307611067367082,,,0.0,-3.0,0.0,72.09,109.9,146.0,85.0,0.5244832847829102,strong_buy,1.5,20,39.19471357564947,,0.05971879730407306,0.050312922092747785,0.16806933570385413,0.0064999997,1793908800,0.5699315,2026-08-29T11:28:04,0.118,,,Biotechnology,,NA
DEI,"Douglas Emmett, Inc.",-111.61731,-0.10536,-0.09437,-78.4,2.3470578,11.67,5.974303186311762,8999549952,167485267,201080568,15.419,1.18,163.133,0.5345,0.522,0.547,14.68,0.2591,0.20311048015942812,,-0.01928,-0.02271,0.19624001,0.63176996,11.76,13.1,15.0,11.0,0.11394557823129259,hold,2.91667,10,53.992314053843835,,0.3136727272727274,0.22300884955752215,1.28815598373763,0.03496,1793736000,-0.26621372,2026-08-29T11:28:04,0.1769,,,REIT - Office,,NA
DFTX,"Definium Therapeutics, Inc.",-21.85157,-1.87538,-3.16286,-11.947521865889211,,,723.4260327136569,4840547840,134366950,134366950,,2.258,3.97,6.920999999999999,6.895,6.947,4.3,0.0672,,,-0.64087,0.0,0.0,0.0,40.98,67.47059,90.0,52.0,0.646427281600781,strong_buy,1.22222,17,50.35019080981242,,-0.4167346024636058,-0.24122548662726442,0.19235832813701945,0.01727,1793908800,3.9346848,2026-08-29T11:28:04,0.072,,,Biotechnology,,NA
DNLI,Denali Therapeutics Inc.,-9.861893,-2.43361,-2.34716,-8.450704225352114,1064.4666,,-14.286552957899282,3163552768,159847403,159847403,-6.014,1.003,4.512,8.158,7.947,8.369,10.78,0.1185,,,-0.54929,0.0,-3.0,0.0,24.0,35.75,42.0,27.0,0.48958333333333326,strong_buy,1.2,16,47.1229029001684,,0.010351181215241353,0.039131842446065906,0.3680189305012847,0.09092,1793908800,0.59676373,2026-08-29T11:28:04,0.1158,,,Biotechnology,,NA
DNTH,"Dianthus Therapeutics, Inc.",-22.313437,-4.74333,-3.92,-24.962264150943394,3109.2932,,-64.20195601160198,5353394688,55934378,55934378,-24.588,0.082,0.11,25.945500000000003,25.791,26.1,10.01,0.1727,1.2670651669711965,,-0.26065,0.0,-3.0,1.0,105.84,137.61539,200.0,109.0,0.3002209939531366,strong_buy,1.0,13,57.50627396279469,,0.0016986403237349143,-0.019827525042409273,0.6870932380064192,0.00124,1793908800,3.6767297,2026-08-29T11:28:04,0.1507,,,Biotechnology,,NA
DOC,"Healthpeak Properties, Inc.",-139.73332,-0.15,0.405,59.88571,5.0374613,4.32,9.032530617129222,24964925440,689527260,708947260,15.894,0.997,108.653,2.107,1.928,2.286,3.8,0.0423,0.142288396580579,0.682,0.03039,0.08248,0.1599,0.57648,20.96,22.92105,29.0,17.0,0.09356154580152665,buy,2.40909,19,50.73633334305403,,-0.26363636363636367,0.0,0.7129569753534504,0.00296,1792699200,0.18217266,2026-08-29T11:28:04,0.0327,,,REIT - Healthcare Facilities,,NA
DYN,"Dyne Therapeutics, Inc.",-7.5042577,-3.34077,-3.56923,-7.690184049079755,,,-14.762320284203414,4016608000,186746431,186746431,-7.51,1.084,33.234,11.7675,11.515,12.02,8.42,0.147,,,-0.81565005,0.0,0.0,0.0,25.07,39.4,50.0,17.0,0.5715995213402472,strong_buy,1.29412,15,35.48491311877626,,-0.16342662311839526,-0.13728340425531915,0.08917831445413858,0.00241,1793908800,0.93259263,2026-08-29T11:28:04,0.1152,,,Biotechnology,,NA
ELVN,"Enliven Therapeutics, Inc.",-24.744156,-2.33833,-1.846,-35.06666666666667,,,-93.67881241470026,3345801216,73270761,73270761,-26.921,0.241,0.169,63.643,63.213,64.073,8.53,0.16239999,,,-0.15312,0.0,0.0,0.0,57.86,73.9,82.0,64.0,0.2772208779813343,strong_buy,1.08333,10,49.19114260870674,,-0.08908554572271388,-0.005733333333333265,0.30237900785299116,0.062230002,1794427200,1.8961225,2026-08-29T11:28:04,0.1365,,,Biotechnology,,NA
ERAS,"Erasca, Inc.",-30.187353,-0.59727,-0.96889,-18.978947368421053,,,-29.963935151572745,6592838144,349762035,349762035,-44.624,0.652,12.356,8.187000000000001,8.08,8.294,7.32,0.097600006,,,-0.78249,0.0,0.0,0.0,18.03,23.5,30.0,20.0,0.30338325013865775,buy,1.6,10,58.44446707101604,,-0.01687639718306901,-0.08107423817705023,0.6962286147779895,0.09476,1794427200,11.18125,2026-08-29T11:28:04,0.127,,,Biotechnology,,NA
EVMN,"Evommune, Inc.",-3.8911762,-3.4,-3.38455,-1.119289340101523,48.014465,,-12.271204335991499,297053696,36292113,36292113,-2.96,,3.109,11.581,11.482,11.68,8.44,0.1916,,,-0.52107,0.0,-3.0,1.0,13.23,27.625,32.0,22.0,1.0880574452003025,buy,1.72727,8,65.20135313521367,,-0.21201432408236345,-0.0489780177400694,,0.03153,1794859200,-0.33366287,2026-08-29T11:28:04,0.2363,,,Biotechnology,,NA
EWTX,"Edgewise Therapeutics, Inc.",-23.54444,-1.81614,1.38027,-23.11351351351351,,,-50.30704116034409,4342097408,108604129,108604129,-20.031,0.325,0.801,16.05,15.864,16.236,8.41,0.12550001,,,-0.38032,0.0,0.0,0.0,42.76,51.69231,66.0,36.0,0.20889405986903653,buy,1.53846,13,62.0404320582575,,1.0,-0.23303686604657475,0.7275930037440624,0.00486,1793881800,1.9737551,2026-08-29T11:28:04,0.1303,,,Biotechnology,,NA
FCEL,"FuelCell Energy, Inc.",-16.281628,-1.0908,-1.7568,-2.8645161290322583,8.458392,0.36,-84.42814085792654,1055396160,79954196,79954196,-14.105,2.387,20.156,7.6495,6.706,8.593,1.79,0.21059999,-0.7289179682327116,,-0.3066,-1.3241099,-0.99317,-0.18199,17.76,22.83333,32.0,8.0,0.2856604729729728,none,,6,55.12760630141371,,0.015533588864232504,0.15987615336034142,0.21685678269363748,0.04756,1788352200,3.6,2026-08-29T11:28:04,0.2611,,,Electrical Equipment & Parts,,NA
FDMT,"4D Molecular Therapeutics, Inc.",-3.5897198,-4.08667,-4.13556,-5.577946768060837,8.808284,,-8.928074165783002,501574176,55244211,55244211,-2.655,2.69,9.62,7.8545,7.676,8.033,19.82,0.255,212.09307987944658,,-0.4325,-1.94739,-3.0,-1.57704,14.67,29.1,37.0,18.0,0.9836400817995912,strong_buy,1.5,10,57.11422954087785,,-0.05361633177159361,-0.09709261744966435,0.1435120677056567,0.02933,1794340800,1.4283388,2026-08-29T11:28:04,0.2896,,,Biotechnology,,NA
FLY,Firefly Aerospace Inc.,-12.196522,-1.74312,-1.85759,-4.2949494949494955,12.400214,,-21.353661329889185,3127820032,167404645,167404645,-12.068,,4.366,2.5805,2.434,2.727,3.14,0.109799996,5.625766134219274,,-0.57954,-1.29058,-0.80893,0.22920999,21.26,41.6,65.0,25.0,0.9567262464722484,buy,1.7,10,38.58941467724509,,0.11962559241706153,-0.35387961165048537,1.7180016549112191,0.1371,1794427200,-0.4989826,2026-08-29T11:28:04,0.1029,,,Aerospace & Defense,,NA
GH,"Guardant Health, Inc.",-365.09552,-0.44235,-1.45499,-46.011396011396016,18.318476,,814.5481065884918,23258281984,134196170,134196170,-54.017,1.586,,3.7794999999999996,3.533,4.026,5.54,0.086899996,0.34095300931464734,,,-0.38326,-0.38247,0.65012,161.5,194.29167,225.0,105.0,0.20304439628482984,strong_buy,1.32,24,64.71903161156276,,-0.043325182672795136,-0.021121883656509806,0.31997680872760514,0.03973,1793217600,1.5337543,2026-08-29T11:28:04,0.0865,,,Diagnostics & Research,,NA
GLUE,"Monte Rosa Therapeutics, Inc.",-7.133375,-1.87569,-1.56638,-7.645714285714286,39.7359,,-15.332398259701389,638570880,85313401,85313401,-3.676,1.527,7.796,10.539,10.494,10.584,12.37,0.2078,-0.7209782716316748,,-0.42659,0.0,-3.0,0.0,13.38,28.5,37.0,25.0,1.130044843049327,strong_buy,1.25,6,23.116693255969437,,0.01574056037651659,-0.033842439742268395,0.568825801048611,0.00561,1793881800,1.9105692,2026-08-29T11:28:04,0.3205,,,Biotechnology,,NA
GNL,"Global Net Lease, Inc.",-70.46154,-0.13,,-31.586206896551726,4.608978,,5.787375107483998,4218076160,231317857,231317857,12.621,1.005,161.696,4.757,3.884,5.63,0.0,0.0,-0.14026870826492222,,-0.00962,-0.02942,0.31274998,0.85733,9.16,10.14286,12.0,8.0,0.1072991266375547,buy,2.0,7,40.14983562605782,,0.4705882352941177,-1.0,0.7301387245357572,0.09032,1793822400,0.1690141,2026-08-29T11:28:04,0.0,,,REIT - Diversified,,NA
GRAL,"GRAIL, Inc.",-8.10537,-9.87,-7.675,-8.25593395252838,21.621891,,-34.49825034248212,2914664192,44666234,44666234,-7.701,3.246,3.591,10.749500000000001,10.55,10.949,12.78,0.1855,0.012368526524980883,,-0.16124001,-2.36948,-3.0,0.49707,80.0,72.375,88.0,60.0,-0.09531250000000002,buy,2.11111,8,73.29545032911494,,0.15813559117528653,-0.015432098765431952,0.9487032965056231,0.050240003,1794427200,1.6099336,2026-08-29T11:28:04,0.2378,,,Diagnostics & Research,,NA
HPP,"Hudson Pacific Properties, Inc.",-4.6595745,-2.82,,-1.4864253393665159,1.7923988,6.93,4.4700582381206075,5039271936,54268741,110870917,15.894,1.925,123.04,0.2445,0.223,0.266,0.53,0.0097,0.014851991351706229,,-0.17247999,-0.6788,-0.05953,0.49242002,13.14,17.0,26.0,9.0,0.29375951293759517,buy,2.5,11,58.70732556993568,,-0.02542372881355923,0.08590492076730603,0.5952105463912201,0.02508,1793881800,-0.31011695,2026-08-29T11:28:04,0.0085,,,REIT - Office,,NA
HTFL,"Heartflow, Inc.",-180.80678,-0.26426,-0.41656,-15.120253164556962,19.59054,,-123.62942488435864,4019220224,86953627,86953627,-56.327,,9.698,4.8685,4.657,5.08,4.83,0.112799995,0.4108681354947965,,-1.5423399,-0.55817,-0.27933002,0.80081004,47.78,43.5,45.0,39.0,-0.08957722896609466,strong_buy,1.44444,8,86.45310086116588,,0.15114217594196405,0.00034045772649888027,0.47460604868764583,0.05118,1794427200,0.54364574,2026-08-29T11:28:04,0.1011,,,Health Information Services,,NA
HUT,Hut 8 Corp.,-15.295136,-5.1925,0.59,-14.707407407407407,30.78841,,-1.2648713996009764,18486272000,123259468,123259468,-23.422,6.108,437.212,10.008500000000002,0.67,19.347,2.84,0.1196,0.6957279257444144,,-0.43370998,-1.8858501,-2.754,0.62328,79.42,161.77779,273.0,120.0,1.036990556534878,strong_buy,1.33333,18,38.476414140712706,,0.0,-1.0,1.421505388171076,0.08564,1793795400,2.179927,2026-08-29T11:28:04,0.131,,,Capital Markets,,NA
IBRX,"ImmunityBio, Inc.",-63.55096,-0.12667,-0.915,-8.473684210526317,51.460155,,-45.73056136493721,9774522368,1059836273,1059836273,-41.541,0.125,,5.538,5.355,5.721,14.88,0.318,0.7293703236594169,,,0.0,-1.20408,0.9934,8.05,12.75,15.0,12.0,0.5838509316770184,none,,4,65.1823951018239,,,-1.0,0.45145419504438095,0.62167,1793709000,2.5294118,2026-08-29T11:28:04,0.3135,,,Biotechnology,,NA
IDYA,"IDEAYA Biosciences, Inc.",-9.763543,-4.10814,-4.61122,-20.890625,16.530315,,-54.62700355342898,3070545152,96489484,96489484,-14.335,-0.091,2.444,10.332,10.213,10.451,14.24,0.1252,,,-0.16216,-0.74754,-3.0,-0.36405998,40.11,52.15385,65.0,31.0,0.3002705061082025,strong_buy,1.33333,13,70.94335801325403,,-0.07646480704629452,-0.12444573393038955,0.4736754397820978,0.02192,1794227400,0.6393249,2026-08-29T11:28:04,0.1147,,,Biotechnology,,NA
IE,Ivanhoe Electric Inc.,-17.622047,-0.635,-0.82,-43.03846153846153,590.7426,,-22.334691296571908,1570342016,159590259,159590259,-13.605,1.243,6.907,4.9975000000000005,4.946,5.049,5.14,0.087,-0.43574296724463624,,-0.0139999995,0.0,-3.0,0.58717,11.19,21.41667,28.5,18.0,0.9139115281501342,buy,1.57143,6,65.66968267602854,,-1.0,-0.2785149092959108,0.4117371033253075,0.19768,1793881800,0.35300922,2026-08-29T11:28:04,0.0862,,,Copper,,NA
IMNM,"Immunome, Inc.",-11.1210165,-2.47909,-2.31067,-10.89723320158103,Infinity,,-21.797360127299108,2616079104,113577629,113577629,-10.152,2.117,0.903,14.8565,14.636,15.077,16.56,0.17909999,,,-0.64032996,0.0,0.0,0.0,27.57,36.30769,40.0,30.0,0.31692745738121153,strong_buy,1.21429,13,73.73610927509765,,-0.08754300667868418,-0.16963034606402302,0.3615092297165222,0.06584,1793908800,2.1109915,2026-08-29T11:28:04,0.1601,,,Biotechnology,,NA
IMVT,"Immunovant, Inc.",-14.980729,-2.7502,-2.8398,-14.661921708185053,,,-35.650781149404544,7712172544,206552682,206552682,-13.635,0.81,,7.0440000000000005,6.819,7.269,17.07,0.18280001,,,-0.80096,0.0,0.0,0.0,41.2,48.875,66.0,30.0,0.18628640776699013,buy,1.625,16,72.12815596860534,,-0.12862008528835497,-0.23961056522131077,0.24464692209681238,0.56019,1794227400,1.9077637,2026-08-29T11:28:04,0.1854,,,Biotechnology,,NA
INBX,"Inhibrx Biosciences, Inc.",-14.087899,-8.76,-8.93,-13.897522522522522,Infinity,,-21.341979481503714,1872241664,14717660,14717660,-14.906,3.521,,4.9115,4.756,5.067,14.27,0.2917,,,-17.735981,0.0,0.0,0.0,123.41,266.66666,325.0,230.0,1.1608188963617212,strong_buy,1.5,3,59.76601567345977,,0.03563714902807776,-0.17222222222222222,1.6936697055522731,0.23084,1794600000,3.4869661,2026-08-29T11:28:04,0.3722,,,Biotechnology,,NA
IONQ,"IonQ, Inc.",-32.270546,-1.21473,-1.23499,-10.12919896640827,64.434044,,-180.93263739440698,14125258752,405135656,405135656,-17.811,3.301,1.632,10.29,9.92,10.66,1.99,0.105100006,1.834037016697439,,-0.60483,0.0,-3.0,0.30854,39.2,67.67538,100.0,44.78,0.7264127551020407,none,,13,60.14017910439705,,-1.0,-0.25800624215490053,0.6529929837530231,0.0071799997,1793822400,-0.012328446,2026-08-29T11:28:04,0.112,,,Computer Hardware,,NA
IONS,"Ionis Pharmaceuticals, Inc.",-57.887596,-1.05463,-2.59128,-17.54310344827586,11.606949,27.33,-29.257747802659463,10461554688,166184322,166184322,-18.053,0.4,497.802,7.37,6.847,7.893,7.02,0.1666,-0.4320686174956986,,-1.05496,-0.64658,-0.38176,-0.06933,61.05,88.0,115.0,60.0,0.4414414414414416,buy,1.79167,22,63.67746737107937,,0.009339720381846679,0.013045471985925174,0.1907565828241255,0.0061000003,1793795400,0.08592796,2026-08-29T11:28:04,0.1268,,,Biotechnology,,NA
IOVA,"Iovance Biotherapeutics, Inc.",-27.881235,-0.28729,-0.49571,-11.608695652173914,11.16507,,-19.32056819138375,3376632064,452971432,452971432,-13.007,0.701,6.25,4.0435,3.742,4.345,5.27,0.24299999,0.30204511327328043,,-0.40363997,-0.89091,-0.52264,0.48401,8.01,10.0,14.0,6.0,0.24843945068664164,buy,1.66667,9,62.47281395079607,,0.12069179600886917,0.10582339942108385,0.37505360523867154,0.00342,1793881800,2.7716894,2026-08-29T11:28:04,0.261,,,Biotechnology,,NA
IRON,"Disc Medicine, Inc.",-11.023416,-7.26,-6.67111,-12.144157814871017,,,-26.14001669242629,2512445184,38392844,38392844,-9.373,2.057,9.448,23.8885,23.641,24.136,22.19,0.22299999,,,-0.39082,0.0,0.0,0.0,80.03,101.58333,128.0,79.0,0.26931563163813577,strong_buy,1.07692,12,53.312515688430935,,0.06856952174046593,0.04291838704064041,1.3911004537346563,0.07743,1793881800,0.3444625,2026-08-29T11:28:04,0.2229,,,Biotechnology,,NA
IVT,InvenTrust Properties Corp.,-87.02743,-0.37402,-0.38728,171.31578,8.0004225,,21.663588162149942,3557700864,77978431,77978431,19.211,-5.921,62.113,1.849,1.849,1.849,7.59,0.0805,0.12062791312125776,-0.986,0.0085,0.04804,0.15293999,0.72560996,32.55,37.42857,41.0,35.0,0.14987926267281115,buy,1.75,7,38.27710368513067,,-0.05393784357481087,-0.04381558383567758,1.0018600367168515,0.0094099995,1793131200,0.10831916,2026-08-29T11:28:04,0.0627,,,REIT - Retail,,NA
JANX,"Janux Therapeutics, Inc.",-6.8711104,-2.62403,-1.73199,-10.993902439024392,45.929,,-67.24238817169045,152373024,61136773,61136773,-1.076,2.507,2.262,16.296999999999997,16.246,16.348,9.28,0.1388,,,-0.10695,0.0,-3.0,0.0,18.03,36.23529,75.0,14.0,1.0097221297836936,strong_buy,1.38889,17,67.63568345825102,,0.01848010880652841,0.027394975425695214,0.16895006224256223,0.0149300005,1793908800,-0.1784777,2026-08-29T11:28:04,0.1558,,,Biotechnology,,NA
JBIO,"Jade Biosciences, Inc.",-7.8269067,-2.66261,-2.93236,-19.47663551401869,,,,865555520,63597387,63597387,-5.255,,0.316,14.768,14.609,14.927,11.1,0.1857,,,,0.0,0.0,0.0,20.84,50.125,77.0,40.0,1.4052303262955856,none,,8,50.36097432147496,,-0.2851927333289506,-0.16789336093760956,,0.00794,1794486600,1.7939632,2026-08-29T11:28:04,0.1857,,,Biotechnology,,NA
KMTS,"Kestra Medical Technologies, Lt",-12.693069,-2.02,-2.305,-10.551440329218106,15.795723,,-19.83258950868293,1352925056,58603121,58603121,-10.735,,18.02,4.301,4.188,4.414,8.35,0.09689999,0.4562627031416977,,-0.566,-1.3835499,-1.37384,0.51367,25.64,30.0,32.0,28.0,0.17004680187207488,none,,7,29.80167173562961,,-0.07710280373831777,-0.4326241134751774,0.0880677476775373,0.05301,1789416000,0.60111666,2026-08-29T11:28:04,0.092,,,Medical Instruments & Supplies,,NA
KOD,Kodiak Sciences Inc,-10.071397,-3.74526,-3.98721,-9.002386634844868,,,-40.59925214730558,2380565248,62849457,62849457,-10.306,2.205,86.349,2.4375,2.386,2.489,18.2,0.2594,,,-3.68371,0.0,0.0,0.0,37.72,69.6,85.0,56.0,0.8451749734888652,strong_buy,1.16667,5,39.470176867594375,,-0.06558892936268476,-0.2014088708823728,0.2681572137989134,0.051609997,1794513600,3.5382829,2026-08-29T11:28:04,0.2605,,,Biotechnology,,NA
KURA,"Kura Oncology, Inc.",-5.623892,-2.25111,-3.1875,-3.7566765578635013,14.583897,,-6.789464084416497,677930944,88960619,88960619,-2.14,0.381,50.495,4.6175,4.502,4.733,10.03,0.1515,0.3318047843169796,,-1.67709,0.0,-3.0,-2.3672,12.66,32.0,76.0,15.0,1.5276461295418642,strong_buy,1.26667,12,70.8850580121234,,0.07399875661636962,0.12747674418604646,0.2444421358270169,0.01387,1793736000,0.6578616,2026-08-29T11:28:04,0.1863,,,Biotechnology,,NA
KYMR,"Kymera Therapeutics, Inc.",-24.045507,-4.9136,-3.79816,-36.353846153846156,92.55937,,-67.45993568314776,9384771584,82257588,82257588,-27.611,1.954,5.205,10.1525,9.968,10.337,16.51,0.16059999,4.020065154353905,,-0.24154,-2.8533401,-1.16318,-2.57685,118.15,130.90909,155.0,111.0,0.10799060516292847,strong_buy,1.41667,22,75.05563005328315,,-0.08084050448481547,-0.14064181946987334,0.16281378346141864,0.02121,1793709000,1.9547801,2026-08-29T11:28:04,0.1572,,,Biotechnology,,NA
LBRX,LB Pharmaceuticals Inc,-9.478306,-5.03571,-5.54167,-9.358823529411765,,,-28.55510274811978,1217157376,32259175,32259175,-13.371,,1.57,14.494499999999999,13.911,15.078,13.65,0.1881,,,-0.50001,0.0,0.0,0.0,47.73,53.375,78.0,37.0,0.11826943222292075,strong_buy,1.125,8,53.605151421174355,,-0.653524018105704,-0.18607017436424061,1.1170078508284944,0.0023999999,1794486600,1.768208,2026-08-29T11:28:04,0.1949,,,Biotechnology,,NA
LMND,"Lemonade, Inc.",-60.87356,-0.87,-1.82,-29.0989010989011,4.2040253,,43.420813559322035,3948524800,77396615,77396615,-42.872,1.864,45.325,1.0495,0.908,1.191,6.59,0.14109999,0.7110894917561965,,-0.26962999,-0.14195,-0.11821,0.51651,52.96,59.22222,92.0,37.0,0.11824433534743206,hold,2.90909,9,62.40211269789401,,-0.07916999386637963,-0.34005080646141517,0.305637055867502,0.0866,1793795400,0.041521788,2026-08-29T11:28:04,0.1391,,,Insurance - Property & Casualty,,NA
LUNR,"Intuitive Machines, Inc.",-99.161285,-0.155,-0.52,-16.351063829787233,5.0317307,,-30.828489950081423,4119141120,160452309,160452309,-55.386,1.829,52.818,1.5015,1.345,1.658,3.39,0.2709,1.9966688606519214,,-0.30769,-0.26635998,-0.18099001,0.16349001,15.37,29.25,43.0,11.0,0.9030579050097594,strong_buy,1.33333,8,50.630323652897985,,-1.0,-1.0,1.4730393385800293,0.05209,1794313800,0.8576349,2026-08-29T11:28:04,0.27,,,Aerospace & Defense,,NA
LXP,LXP Industrial Trust,-3034.5,-0.02,,61.30303,10.290696,3.15,19.510290149257482,5036949504,58957264,58957264,21.11,1.048,69.889,0.9595,0.893,1.026,0.0,0.0,0.01623955955622347,,0.03497,0.18656,0.16078,0.81463,60.69,60.0,65.0,56.0,-0.011369253583786376,none,,5,63.54229080345823,,0.07303994082840227,0.5518926383626642,0.6483600788357301,0.02705,1793277000,0.37832952,2026-08-29T11:28:04,0.0,,,REIT - Industrial,,NA
MARA,"MARA Holdings, Inc.",-9.278261,-1.15,-4.98,-1.136315228966986,5.1252375,0.1,-3.528673811166995,6728903680,386299297,386299297,-3.582,5.36,140.159,0.8245,0.758,0.891,2.39,0.3266,-0.2970587718361807,,-1.0557,0.0,-2.65211,0.40122002,10.67,17.99273,30.0,6.0,0.6862914714151829,buy,2.15385,11,66.39000902383071,,-0.3297730307076102,0.16967509025270766,1.2000012337253114,0.00837,1793822400,-0.26089662,2026-08-29T11:28:04,0.2916,,,Capital Markets,,NA
MAZE,"Maze Therapeutics, Inc.",-8.641187,-3.17549,-2.72626,-11.245901639344263,76.21346,,-23.956091524021076,1238042240,55549168,55549168,-8.615,,13.335,18.168,18.026,18.31,16.24,0.121400006,,,-0.37348998,0.0,-3.0,1.0,27.44,62.54545,110.0,46.0,1.2793531341107873,strong_buy,1.08333,11,45.7942327904335,,-0.02050930760966813,0.00408028853692958,0.6817845451383998,0.014579999,1793908800,0.8668407,2026-08-29T11:28:04,0.1629,,,Biotechnology,,NA
MBX,"MBX Biosciences, Inc.",-15.928922,-3.95507,-3.10772,-26.582278481012658,,,-57.233815872006936,2782108672,48160096,48160096,-23.645,,0.816,17.951999999999998,17.82,18.084,8.26,0.1435,,,-0.33173,0.0,0.0,0.0,63.0,88.36364,121.0,70.0,0.40259746031746046,strong_buy,1.25,11,44.07984527705715,,-0.13092716725983836,-0.006732644032764707,0.9210030920202876,0.02819,1793881800,3.3996024,2026-08-29T11:28:04,0.1597,,,Biotechnology,,NA
MGTX,MeiraGTx Holdings plc,-9.942446,-1.39,0.51,15.885057,3.3391469,,23.52517991527977,1327411968,96042996,96042996,6.768,1.255,52.053,3.492,3.226,3.758,7.27,0.0543,71.87050087858567,,0.72168,0.19870001,0.76042,0.97949,13.82,29.42857,50.0,19.0,1.1294189580318381,strong_buy,1.28571,7,56.285168214508516,,1.0,-0.01707069007148752,0.34157518937767967,0.16388,1794486600,0.9369863,2026-08-29T11:28:04,0.0696,,,Biotechnology,,NA
MIRM,"Mirum Pharmaceuticals, Inc.",-281.1319,-0.34667,-15.14,-6.921874999999999,9.615835,,77.56950762357441,6801645056,60981227,60981227,-96.775,0.507,,2.738,2.62,2.856,9.12,0.1396,0.11833564286923903,,-7.02967,-1.39177,-0.1481,0.81725,97.46,138.2057,183.0,118.0,0.4180761337984815,strong_buy,1.28571,14,70.67316457908706,,-0.06320224719101127,-0.8439893617021276,0.6704887234423559,0.012949999,1793822400,0.34180796,2026-08-29T11:28:04,0.115,,,Biotechnology,,NA
MLYS,"Mineralys Therapeutics, Inc.",-10.24,-2.5,-4.42857,-6.095238095238095,,,-11.123841471504102,1735668096,88406885,88406885,-4.681,0.681,17.719,34.349999999999994,34.236,34.464,14.38,0.1306,,,-0.80877,0.0,0.0,0.0,25.6,48.5,56.0,30.0,0.89453125,none,,8,44.722643313034716,,-0.9781440536013398,-0.1926058437686345,0.5468241840655057,0.00787,1794340800,0.6802325,2026-08-29T11:28:04,0.1452,,,Biotechnology,,NA
MNPR,Monopar Therapeutics Inc.,-56.5101,-1.98,-3.00591,-50.8590909090909,,,-123.14677559629922,630691584,6712172,6712172,,1.508,0.157,33.4985,33.441,33.556,3.03,0.1934,,,-0.19496,0.0,0.0,0.0,111.89,126.30769,145.0,100.0,0.12885592993118244,strong_buy,1.46154,13,52.13542213663157,,-0.035189222138422016,0.36892430278884464,0.33080343221383923,0.23371,1794510000,2.3580902,2026-08-29T11:28:04,0.1981,,,Biotechnology,,NA
MRNA,"Moderna, Inc.",-29.753717,-4.63774,-8.58902,-17.291979949874687,24.726465,,184.09546554896392,51239559168,399235889,399235889,-23.344,0.899,19.036,2.1814999999999998,2.068,2.295,9.92,0.1616,-0.004972521395740559,,-0.38998002,-1.41427,-3.0,-0.66023004,137.99,104.52941,170.0,40.0,-0.2424856148996305,hold,2.73913,17,64.49135293453648,,0.012244600976380362,-0.03073247737318449,1.2261257948149789,0.07317,1793881800,4.9265256,2026-08-29T11:28:04,0.1419,,,Biotechnology,,NA
NBIS,Nebius Group N.V.,-69.78482,-2.9975,-2.04556,-2988.285714285714,41.964928,0.63,-5.914586028553545,62039314432,238400165,271855218,240.462,1.434,98.596,3.8175,3.605,4.03,2.12,0.2344,3.7175948892485042,,0.00601,0.03129,-0.00223,0.7426,209.18,286.6875,415.0,144.0,0.37053016540778283,strong_buy,1.0,16,63.94412180884059,,-0.10296395793454288,0.036101283299843356,1.4557098380824074,0.03411,1794313800,2.3244066,2026-08-29T11:28:04,0.2421,,,Internet Content & Information,,NA
NKTR,Nektar Therapeutics,-6.687569,-10.844,-8.465,-11.849673202614378,45.358032,0.31,-18.372904907550822,1996953216,34142994,34142994,-15.367,1.157,15.052,10.062000000000001,9.708,10.416,9.04,0.1992,-0.49477570127564086,,-0.35755002,-2.87836,-3.0,1.0,72.52,144.4,192.0,65.0,0.9911748483177056,strong_buy,1.41667,10,42.33513520716952,,0.11291590254126282,0.13679601990049756,0.5746534164059215,0.00349,1794513600,1.5627363,2026-08-29T11:28:04,0.2162,,,Biotechnology,,NA
NN,NextNav Inc.,-26.947369,-0.57,-0.46,-18.73170731707317,651.9789,,-28.292238570128813,2434252288,168809910,168809910,-35.679,1.108,3.935,22.560000000000002,19.486,25.634,4.9,0.117,-0.24526725356349044,,-0.77870005,0.0,-3.0,-1.04903,15.36,33.66667,50.0,22.0,1.1918404947916668,none,,3,61.48838892804764,,-0.12195121951219524,0.21917808219178087,0.5214701313455239,0.23304,1793908800,-0.10738635,2026-08-29T11:28:04,0.1356,,,Software - Infrastructure,,NA
NNE,Nano Nuclear Energy Inc.,-18.212776,-0.98667,-0.8,-26.043478260869566,4508.2534,,-27.214013634143342,454351296,53698146,53698146,-8.813,5.409,0.461,78.9495,78.722,79.177,6.91,0.3402,,,-0.080369994,0.0,-3.0,0.29065,17.97,40.83333,50.0,22.0,1.2723055091819697,buy,1.57143,6,55.34795883760368,,0.13421866666666665,0.09446022727272728,0.7992179609052261,0.17512,1786564800,-0.40999693,2026-08-29T11:28:04,0.3301,,,Specialty Industrial Machinery,,NA
NRIX,"Nurix Therapeutics, Inc.",-18.214163,-1.43899,1.78718,-7.575144508670521,73.9846,,-16.522023584264794,2403746816,103781683,103781683,-6.806,1.794,14.441,6.2615,6.185,6.338,17.18,0.1752,-0.8489894695579373,,-0.80296,0.0,-3.0,0.0,26.21,33.5,45.0,25.0,0.2781381152231972,none,,16,60.28589172107634,,1.0,0.34937966831244466,0.1482546889645923,0.010779999,1791489600,1.877409,2026-08-29T11:28:04,0.2258,,,Biotechnology,,NA
NTLA,"Intellia Therapeutics, Inc.",-4.9447126,-2.60278,-3.15092,-3.8532934131736525,30.306698,,-7.2187638776935135,1439081600,140126693,140126693,-3.473,1.794,10.088,6.127,5.606,6.648,12.31,0.4035,-0.5878537860020716,,-0.55438,0.0,-3.0,0.0,12.87,23.94118,61.0,8.0,0.8602315462315462,buy,2.26316,17,39.22330448195026,,-0.00326363482951093,-0.48039154347986834,0.19048195819986594,0.03841,1793881800,0.14999998,2026-08-29T11:28:04,0.3345,,,Biotechnology,,NA
NTRA,"Natera, Inc.",-3657.6235,-0.0892,-1.39434,-241.67407407407404,17.372427,,452.07088454181047,46175461376,144144170,144144170,-205.754,1.514,13.093,2.8675,2.736,2.999,3.46,0.0307,0.3232153475232469,,-0.1254,-0.07105,-0.102910005,0.65230006,326.26,336.7381,375.0,280.0,0.032115797216943465,strong_buy,1.5,21,57.94846356283422,,0.18404297652208518,0.5642190629732767,0.6322525784269338,0.02853,1793908800,1.000118,2026-08-29T11:28:04,0.0307,,,Diagnostics & Research,,NA
NVAX,"Novavax, Inc.",-15.083644,-0.61391,-0.86,-6.052287581699346,3.6911848,1.32,9.957320380442493,1105376384,164945726,164945726,-10.885,2.416,,2.2830000000000004,2.233,2.333,15.44,0.2898,-0.7666261810263577,,,-0.59868,-0.89608,-0.02558,9.26,14.00222,25.0,7.0,0.5121187904967601,none,,9,67.34505928116292,,-0.32145197775945533,0.11866870996895755,1.0906078721783288,0.050619997,1793881800,0.19867551,2026-08-29T11:28:04,0.3332,,,Biotechnology,,NA
NVRI,Enviri Corporation,-20.887436,-1.06667,-1.80333,-1.2702394526795897,0.2958822,,-1300.7008107688325,836839168,28190119,28190119,19.28,,61.56,1.226,1.017,1.435,7.05,,-0.04733342913522298,,-0.78083,-0.24375999,-0.8943,0.13839,22.28,28.66667,36.0,24.0,0.2866548473967683,buy,2.0,3,52.300251129477445,,-1.0,-1.0,0.24627954606292535,0.0,1794832200,0.9884956,2026-08-29T11:28:04,0.1,,,Waste Management,,NA
NVTS,Navitas Semiconductor Corporati,-91.176,-0.12602,-0.15,-8.574626865671641,82.11206,,-786.4117334032375,2447691264,261093488,261093488,-35.163,3.882,0.641,21.0655,20.338,21.793,2.73,0.1733,-0.465431447298295,,-0.52601004,0.0,-2.54972,0.3812,11.49,14.075,21.0,8.0,0.2249782419495212,none,,8,48.468143570593135,,0.11410347271438698,0.09023967658099921,0.9907442021400247,0.06824,1793649600,1.171875,2026-08-29T11:28:04,0.1657,,,Semiconductors,,NA
OCUL,"Ocular Therapeutix, Inc.",-7.1251717,-1.454,-1.43,-7.4,43.70801,,-14.287189208707833,1755962368,219615868,219615868,-5.693,0.935,15.265,12.947,12.789,13.105,13.82,0.1532,-0.27391721986136275,,-0.72993,0.0,-3.0,0.0,10.36,27.09091,34.0,18.0,1.6149527027027029,strong_buy,1.36364,11,68.35939780694113,,0.07890499194847024,0.054308943089430975,0.17766684923330545,0.00929,1793795400,-0.14803147,2026-08-29T11:28:04,0.1543,,,Biotechnology,,NA
OKLO,Oklo Inc.,-39.972515,-1.00419,-0.97622,-42.70212765957447,6170.8667,,-31.199215125481313,5005549568,186017650,186017650,-23.089,1.201,0.121,48.045,47.627,48.463,2.71,0.1586,,,-0.07696,0.0,-3.0,0.40412998,40.14,79.875,130.0,14.0,0.9899103139013452,none,,20,38.05970535331159,,-0.3508792109387357,-0.17313801192454306,0.543065467161743,0.15423,1794313800,-0.42206824,2026-08-29T11:28:04,0.174,,,Utilities - Independent Power Producers,,NA
OLMA,"Olema Pharmaceuticals, Inc.",-3.8200593,-2.68844,-2.423,-4.844339622641509,,,-10.090086801202887,441190432,87497607,87497607,-1.999,2.009,0.85,8.809999999999999,8.757,8.863,16.04,0.2195,,,-0.52737,0.0,0.0,0.0,10.27,39.3,59.0,20.0,2.8266796494644595,strong_buy,1.33333,10,39.898593587749616,,-0.06557485190576494,-0.08330579844461455,0.14052165226950034,0.01764,1794254400,0.6676971,2026-08-29T11:28:04,0.2669,,,Biotechnology,,NA
ORIC,"Oric Pharmaceuticals, Inc.",-8.198853,-1.61486,-1.47776,-10.184615384615384,,,-19.937075388107008,1113598208,103652656,103652656,-7.185,0.972,1.573,12.971,12.756,13.186,11.13,0.17930001,,,-0.39801997,0.0,0.0,0.0,13.24,20.66667,27.0,14.0,0.5609267371601208,strong_buy,1.28571,12,48.9923098597498,,-0.00631260682742129,-0.006137033414121977,0.17228116100810514,0.01587,1794513600,0.34310853,2026-08-29T11:28:04,0.2074,,,Biotechnology,,NA
ORKA,"Oruka Therapeutics, Inc.",-32.169994,-2.83323,-2.31632,-44.67892156862745,,,-92.79541415562561,5523797504,66209699,66209699,-35.651,,0.228,38.2735,38.034,38.513,9.52,0.1826,,,-0.18225999,0.0,0.0,0.0,91.145,153.75,200.0,102.0,0.6868725656920294,strong_buy,1.15385,12,46.992255263406804,,-0.13610814098351023,-0.13686630767131858,,0.01115,1794400200,5.20437,2026-08-29T11:28:04,0.146,,,Biotechnology,,NA
OUST,"Ouster, Inc.",-3462.0,-0.01,-0.32,-41.71084337349397,12.183717,,-43.51400303278545,2390300672,72112333,72112333,-41.042,3.275,4.416,3.8489999999999998,3.534,4.164,1.88,0.0892,0.21717186850687553,,-0.18006,-0.26025,-0.46580002,0.46623,34.62,57.83333,75.0,50.0,0.6705179087232813,none,,6,55.5025774595063,,0.2270531400966183,0.7777777777777777,0.8322496249345663,0.025999999,1793736000,0.30733454,2026-08-29T11:28:04,0.0893,,,Electronic Components,,NA
PCVX,"Vaxcyte, Inc.",-8.29068,-7.21714,-8.19714,-7.842070773263434,,,-18.329732332041182,7532370944,148805278,148805278,-6.557,1.21,4.186,5.6025,5.481,5.724,15.42,0.1,,,-0.36514,0.0,0.0,0.0,59.835,109.0,163.0,67.0,0.8216762764268404,strong_buy,1.27273,9,49.685509130585494,,0.03368203648297877,0.027527039937047214,0.22616865370414452,0.00485,1793736000,0.9377376,2026-08-29T11:28:04,0.1084,,,Biotechnology,,NA
PDM,"Piedmont Realty Trust, Inc.",-31.8,-0.3,,-14.906249999999998,2.0964136,16.74,4.598364912362877,3450158848,125132825,125132825,12.817,1.352,152.607,1.4185,1.34,1.497,7.14,0.0583,0.021839057817163443,,-0.053400002,-0.14177,0.14285,0.60023,9.54,10.5,11.0,10.0,0.10062893081761026,buy,2.5,4,76.97398837689357,,,0.0,1.2275828544110787,0.013150001,1793131200,0.14911246,2026-08-29T11:28:04,0.0459,,,REIT - Office,,NA
PEB,Pebblebrook Hotel Trust,-55.470554,-0.33333,-0.31,-27.191176470588232,1.3904749,3.21,8.073351405795664,4352327680,112842716,112842716,13.258,1.41,97.934,0.6365,0.565,0.708,6.45,0.18959999,0.0497392317285239,1.892,-0.016339999,-0.031070001,0.14332,0.25336,18.49,18.95,22.0,13.0,0.02487831260140627,hold,2.8125,15,54.14003329960222,,0.03125000000000003,-0.0869338376756775,0.33958224961004135,0.025729999,1793822400,0.66030884,2026-08-29T11:28:04,0.1325,,,REIT - Hotel & Motel,,NA
PLAY,"Dave & Buster's Entertainment, ",-17.128592,-0.54879,-0.88636,-5.026737967914438,0.15614465,,-5.494874656584751,3864660224,34788694,34788694,9.836,1.845,3579.217,0.21999999999999997,0.15,0.29,5.67,0.3101,-0.02102217461799516,-0.742,-0.52516,-0.03089,0.0887,0.39306998,9.4,17.0,25.0,12.0,0.8085106382978722,buy,2.45455,7,44.97427040106919,,0.028284511489212346,0.0,0.9363753290435797,0.04383,1789416000,-0.6346996,2026-08-29T11:28:04,0.317,,,Entertainment,,NA
PLSE,"Pulse Biosciences, Inc",-41.18615,-1.155,-1.105,-40.65811965811966,2863.1362,,-98.95849036880234,3368577792,71322607,71322607,-40.773,1.577,6.806,9.448,9.268,9.628,6.66,0.1297,,,-0.78490996,0.0,-3.0,0.00253,47.57,45.25,58.0,35.0,-0.048770233340340585,strong_buy,1.25,4,74.44018625811766,,-0.032710280373831696,-0.05963302752293573,0.3373100903452492,0.71042997,1793908800,2.2137656,2026-08-29T11:28:04,0.1343,,,Medical Instruments & Supplies,,NA
PPTA,Perpetua Resources Corp.,-251.1,-0.1,-1.2,-12.189320388349515,,,-18.800731833562928,2704404224,125095803,125095803,-10.243,0.689,0.506,12.11,11.885,12.335,9.33,0.121300004,,,-0.3779,0.0,0.0,0.0,25.11,36.9,43.5,30.0,0.46953405017921135,strong_buy,1.28571,5,56.27019136428593,,-1.0,0.1666818181818182,0.7566174168498679,0.06869,1794513600,0.4007491,2026-08-29T11:28:04,0.1338,,,Other Precious Metals & Mining,,NA
PRAX,"Praxis Precision Medicines, Inc",-37.09462,-9.2938,-13.93524,-26.580570547417114,,,-48.26236359664503,8867951616,27919988,27919988,-23.457,2.776,0.081,15.597999999999999,15.462,15.734,9.49,0.13340001,,,-0.38862,0.0,0.0,0.0,344.75,638.6842,1201.0,188.0,0.8526010152284265,strong_buy,1.47368,19,61.704621691475054,,0.09054041265977265,0.03752829793976517,0.9985934120743056,0.0027599998,1794227400,7.0775146,2026-08-29T11:28:04,0.1543,,,Biotechnology,,NA
PRCT,PROCEPT BioRobotics Corporation,-18.065758,-1.15301,-1.68042,-10.682051282051281,3.5146024,,-24.211015962181772,1029423360,56918844,56918844,-9.352,0.886,22.789,5.8865,5.226,6.547,4.22,0.1384,0.22134702700567854,,-0.30241,-0.32535,-0.32054,0.63362,20.83,21.63636,28.0,16.0,0.03871147383581386,hold,2.57143,11,45.13534732532137,,-0.09047371836469832,-0.2940628507295175,0.12519013177739566,0.03283,1793822400,-0.47940361,2026-08-29T11:28:04,0.138,,,Medical Devices,,NA
PSNL,"Personalis, Inc.",-18.13199,-0.94143,-1.0925,-15.660550458715596,26.167646,,-32.53847580598986,1648411776,106799872,106799872,-15.76,2.285,16.157,5.096500000000001,4.91,5.283,2.08,0.1228,0.07511959564895365,,-0.5032,-1.5383999,-1.50248,0.12686,17.07,15.4375,16.25,13.0,-0.09563561804335097,buy,2.2,4,67.36631357193538,,-0.06808360870500353,-0.05104330642730346,0.4209764640009486,0.26148,1793736000,2.4355829,2026-08-29T11:28:04,0.1161,,,Diagnostics & Research,,NA
PVLA,"Palvella Therapeutics, Inc.",-20.001333,-7.498,-6.37077,-30.921649484536083,,,-84.91613378654866,1932886784,14408407,14408407,,,10.441,21.0935,21.008,21.179,10.65,0.1688,,,-0.46625,0.0,0.0,0.0,149.97,230.53333,270.0,205.0,0.5371963059278524,strong_buy,1.0,15,49.34723055752778,,-0.1447142872544193,-0.09970695992185602,0.995994342421692,0.11595,1794400200,1.8520205,2026-08-29T11:28:04,0.2024,,,Biotechnology,,NA
QBTS,D-Wave Quantum Inc.,-46.06583,-0.36882,-0.28941,-24.271428571428572,509.276,,-86.23283289455725,5829647360,369263837,372439933,-36.165,2.164,4.442,20.371000000000002,20.197,20.545,3.68,0.2047,-0.15886932600984705,,-0.27985,0.0,-3.0,0.64185,16.99,35.23625,43.0,22.0,1.0739405532666275,strong_buy,1.17647,16,30.873239103415557,,0.05992983823816027,0.06795380455384,0.3888479769021481,0.0215,1793881800,0.12933755,2026-08-29T11:28:04,0.1848,,,Computer Hardware,,NA
QUBT,Quantum Computing Inc.,-34.436134,-0.23667,-0.245,-203.75,187.77757,,-34.22125840233076,913945920,226346861,226346861,-14.954,3.792,1.469,52.6045,52.074,53.135,7.38,0.32,63.2657465437526,,-0.01507,-1.52453,-2.8126502,-0.18923001,8.15,18.66667,32.0,10.0,1.2903889570552147,buy,1.66667,6,47.19284914363723,,0.2575757575757576,0.37718421052631584,0.5884415206173848,0.12157,1794254400,-0.42524916,2026-08-29T11:28:04,0.3194,,,Computer Hardware,,NA
RAPP,"Rapport Therapeutics, Inc.",-9.327027,-5.22889,-4.09333,-16.095709570957098,116.995056,,-41.771641998339774,1913928960,47978286,47978286,-12.546,0.971,2.389,15.5365,15.352,15.721,7.33,0.0734,,,-0.39963,0.0,-3.0,-1.0939,48.77,62.04833,80.0,50.0,0.27226430182489225,strong_buy,1.07692,12,56.87197882178734,,-0.18157833206804275,-0.18905969300739053,1.15291684877589,0.0392,1793881800,2.1050704,2026-08-29T11:28:04,0.0689,,,Biotechnology,,NA
RBLX,Roblox Corporation,-30.866226,-1.24829,-1.55098,-27.326241134751776,4.8412027,8.18,18.643829415604497,26323904512,669992988,714375941,-31.207,1.457,1423.256,0.733,0.645,0.821,0.99,0.0215,0.4061679110946157,,-4.32275,-0.17607,-0.13274,0.25674,38.53,48.32441,70.0,30.0,0.25420218011938744,buy,2.2,34,53.126361652157506,,0.0030658311434539815,-0.09271398635215744,0.11670386311800768,0.05474,1793304000,-0.7030435,2026-08-29T11:28:04,0.0216,,,Electronic Gaming & Multimedia,,NA
RCAT,"Red Cat Holdings, Inc.",-19.295454,-0.44,-0.68,-10.612499999999999,18.123102,,-11.075667226686772,1106509312,152714362,152714362,-10.642,1.349,3.157,13.283999999999999,11.711,14.857,3.27,0.2186,3.107301342096429,,-0.34402,-1.36265,-1.91416,0.0975,8.49,18.33333,25.0,15.0,1.1594028268551235,strong_buy,1.16667,6,51.72739941491446,,-0.5813953488372094,-0.22222222222222227,0.43694863115476357,0.087840006,1793908800,0.04504502,2026-08-29T11:28:04,0.2188,,,Aerospace & Defense,,NA
RCUS,"Arcus Biosciences, Inc.",-8.745509,-3.34,-3.52571,-7.413705583756346,31.40029,,-13.575368471512046,3431128064,125773162,125773162,-7.208,0.811,51.293,3.7855,3.753,3.818,12.61,0.1775,-0.7831168465017998,,-0.90819,0.0,-2.34146,0.0,29.21,38.33333,47.0,23.0,0.31233584388907887,strong_buy,1.46154,12,52.378335783259445,,-0.012303107216483021,-0.07642626480086104,0.12717709752882875,0.28797,1793131200,1.8297873,2026-08-29T11:28:04,0.153,,,Biotechnology,,NA
RDW,Redwire Corporation,-36.847458,-0.295,-0.485,-9.058333333333334,6.374849,,-104.68372597731076,2239463168,249992609,249992609,-18.468,3.075,5.539,3.6494999999999997,3.38,3.919,2.24,0.1849,0.09243165664949715,,-0.18153,-0.57263,-0.18858999,0.22729,10.87,14.5625,20.0,7.0,0.3396964121435144,buy,1.77778,8,39.89773904748226,,0.28676470588235303,0.28048780487804875,0.40963721941763703,0.013250001,1793822400,0.2634529,2026-08-29T11:28:04,0.1618,,,Aerospace & Defense,,NA
REAX,"The Real Brokerage, Inc.",-527.25,-0.04,,-30.12857142857143,0.20521535,,6.144164930532163,431240608,21794414,21794414,-340.095,0.77,,1.208,0.976,1.44,7.87,,0.24459781299923922,,-0.24943,-0.00719,0.0064999997,0.082279995,21.09,49.5,70.0,40.0,1.3470839260312943,strong_buy,1.0,5,45.26283424502299,,-1.0,1.0,0.44370308538879816,0.13007,1793277000,-0.54990476,2026-08-29T11:28:04,0.1824,,,Real Estate Services,,NA
REPL,"Replimune Group, Inc.",-7.605197,-2.03808,-2.97584,-4.920634920634921,,,-8.506908259966613,1386473344,94219634,94219634,-4.774,0.9,105.992,5.156499999999999,5.085,5.228,3.43,0.43080002,,,-1.34286,0.0,0.0,0.0,15.5,19.5,24.0,14.0,0.25806451612903225,buy,1.75,6,64.14721621896936,,-0.5379018087855296,-0.7671264945852444,0.0550621554640843,0.016490001,1793881800,1.6440678,2026-08-29T11:28:04,0.3676,,,Biotechnology,,NA
RGNX,REGENXBIO Inc.,-3.2166548,-3.00312,-3.5185,-2.555555555555556,3.6547463,,-3.4607364462145473,782632448,66013192,66013192,-5.26,0.938,349.003,2.7795,2.701,2.858,5.32,0.1314,2.8600717247546523,,-1.3763299,-1.1258,0.27091,-0.44946998,9.66,23.72727,50.0,10.0,1.4562391304347826,buy,1.63636,11,48.338531017399696,,-0.2606050617673193,-0.18080124563065958,0.24260979410125363,0.06266,1793881800,0.027412295,2026-08-29T11:28:04,0.143,,,Biotechnology,,NA
RGTI,"Rigetti Computing, Inc.",-75.67961,-0.206,-0.18556,-18.783132530120483,389.6843,,196.70100641031263,4817446912,333768747,333768747,-55.228,2.022,1.433,3.864,3.784,3.944,2.78,0.1774,1.7981422293681675,,-0.43765,0.0,-3.0,0.34614,15.59,28.8125,40.0,18.0,0.8481398332264272,none,,12,53.187566534210916,,-0.006072435480373075,-0.024315051464372617,0.294335431351574,0.020060001,1794340800,0.05927837,2026-08-29T11:28:04,0.1798,,,Computer Hardware,,NA
RIOT,"Riot Platforms, Inc.",-20.308205,-0.93509,-1.42712,-4.9453125,10.564892,,-9.913208734129556,8241818624,375258935,375258935,-9.168,3.853,40.034,1.3755,1.166,1.585,2.27,0.14479999,0.12189362289801298,,-0.48243,-1.96277,-1.22334,0.28257,18.99,32.40286,45.0,22.0,0.7063117430226435,strong_buy,1.42857,21,46.00979138021478,,-0.13901703194087506,-0.33880735915240884,1.1531474931681804,0.06843,1793304000,0.481902,2026-08-29T11:28:04,0.1433,,,Capital Markets,,NA
RIVN,"Rivian Automotive, Inc.",-8.994336,-1.78668,-2.20059,-6.204633204633205,3.9549754,,-15.114653327975107,23331121152,1443948130,1447860630,-8.597,1.612,104.408,1.8365,1.569,2.104,6.45,0.1361,0.05527816961679921,,-0.57523,-0.54955,-0.50422,0.07513,16.07,19.23077,25.0,13.0,0.19668761667703794,hold,2.56,26,41.676110669237175,,0.11446509892291583,0.0913314371981685,0.3481307621948465,0.3454,1793736000,0.21124732,2026-08-29T11:28:04,0.1633,,,Auto Manufacturers,,NA
RLAY,"Relay Therapeutics, Inc.",-11.424781,-1.64292,-1.6291,-12.032051282051281,397.41916,,-34.49533606785375,3233012480,219141631,219141631,-10.489,1.704,3.445,18.099,17.93,18.268,19.54,0.2198,-0.595526142342164,,-0.36773998,0.0,-3.0,0.0,18.77,27.07692,32.0,20.0,0.4425636654235483,strong_buy,1.21429,13,32.97953883805536,,-0.06737340051236018,-0.0013958052699267374,0.22068052949557895,0.01642,1793908800,4.3060107,2026-08-29T11:28:04,0.2844,,,Biotechnology,,NA
RUM,RUM Group Inc.,-28.967741,-0.31,,-15.22033898305085,37.841854,,-29.21335128083835,4159464960,276328597,495810194,-45.783,1.15,35.194,1.765,1.412,2.118,9.11,0.1545,0.9732113638024951,,-0.18409,-1.34603,-0.99171996,0.078600004,8.98,22.0,22.0,22.0,1.4498886414253898,buy,2.5,1,81.06534533043879,,-1.0,-1.0,1.0814737594974349,0.51572,1794254400,0.2829932,2026-08-29T11:28:04,0.197,,,Internet Content & Information,,NA
RYTM,"Rhythm Pharmaceuticals, Inc.",-174.46725,-0.61427,-3.06994,-34.34935897435897,30.75583,,-56.50496375903329,7272082432,68852082,68852082,-36.442,1.974,50.522,3.2279999999999998,3.004,3.452,14.57,0.1486,0.4141401737132653,,-1.17045,-0.8559,-0.68138003,0.89001,107.17,141.53333,160.0,105.0,0.32064318372678935,strong_buy,1.4375,15,47.26034769036222,,0.0658483297528558,0.1704587081281289,0.15899393994790115,0.00708,1793709000,0.09093559,2026-08-29T11:28:04,0.1812,,,Biotechnology,,NA
SDGR,"Schrodinger, Inc.",-14.592593,-1.35,-1.83,-26.986301369863014,5.6890807,,-50.53200198991027,1221046912,65641435,74805628,-8.274,1.658,32.832,2.661,2.616,2.706,10.6,0.2723,0.20168249216367684,,-0.16174999,-0.20976,-0.70551,0.56869,19.7,21.42857,30.0,17.0,0.08774467005076159,buy,1.57143,7,68.08129392404945,,0.18666666666666665,0.18674698795180714,0.8271327321004154,0.03004,1793822400,0.06802726,2026-08-29T11:28:04,0.1993,,,Health Information Services,,NA
SEPN,"Septerna, Inc.",-20.046576,-1.94098,-1.18679,-73.41509433962263,18.367348,,61.47259050943385,1539239040,46676947,46676947,-28.297,,5.83,4.945,4.895,4.995,7.05,0.1177,213.5544196538818,,-0.06342,-0.2451,-0.62948,1.0,38.91,54.22222,62.0,48.0,0.3935291698792085,strong_buy,1.1,9,45.42663877622812,,0.35465119440562476,0.27009972774176083,1.3353182239091033,0.030669998,1794254400,2.2795787,2026-08-29T11:28:04,0.1088,,,Biotechnology,,NA
SIBN,"SI-BONE, Inc.",-58.06607,-0.33083,-0.39746,-58.21212121212121,4.0306773,,-998.9439303843365,757370624,44818575,44818575,-66.876,0.699,23.469,8.2695,7.392,9.147,10.94,0.1388,0.09534727509743446,,-0.08297,-0.0685,-0.085810006,0.79526,19.21,25.0,32.0,20.0,0.3014055179593962,none,,9,52.986098153600956,,0.07259024196747328,0.06243269285268943,0.565838612560602,0.03267,1794254400,0.16717327,2026-08-29T11:28:04,0.1336,,,Medical Devices,,NA
SLDB,Solid Biosciences Inc.,-5.5942373,-1.74644,-1.76007,-5.169312169312169,,,-8.860194758222784,728668672,107225238,107225238,-3.461,2.422,5.388,13.518,13.213,13.823,17.18,0.1762,,,-0.655,0.0,0.0,0.0,9.77,18.66667,26.0,11.0,0.9106110542476971,strong_buy,1.30769,12,71.07543789896725,,0.10060093819943375,0.10782575823367445,0.7205585032287528,0.00676,1793649600,0.8655617,2026-08-29T11:28:04,0.2564,,,Biotechnology,,NA
SLG,SL Green Realty Corp,-45.11278,-1.27547,-1.74699,-21.15441176470588,4.423812,1.3,7.5985631529652125,11403493376,70849907,76728225,32.062,1.593,142.556,1.56,0.654,2.466,11.31,0.2468,0.363328191806942,,-0.03573,-0.16719,0.18843001,0.44757998,57.54,57.23529,79.0,43.0,-0.005295620437956172,hold,2.52941,17,56.57642221544577,,0.7225150100066711,0.26992513050645656,1.3427928043737798,0.00241,1792612800,0.016698837,2026-08-29T11:28:04,0.1663,,,REIT - Office,,NA
SLS,"SELLAS Life Sciences Group, Inc",-132.09999,-0.1,-0.2,-60.04545454545455,,,-162.87957651476412,2933988352,201945709,201945709,,2.494,0.535,18.552500000000002,18.278,18.827,8.9,0.28030002,,,-0.39633998,0.0,0.0,0.0,13.21,32.5,35.0,30.0,1.4602573807721422,strong_buy,1.5,2,59.99756044811566,,0.04761904761904753,0.19999999999999996,0.8103942049848504,0.00922,1794427200,7.3114758,2026-08-29T11:28:04,0.2803,,,Biotechnology,,NA
SMR,NuScale Power Corporation,-14.251088,-0.65188,-0.48454,-4.222727272727272,356.64346,,-18.634557494354674,2699410688,410389522,410389522,-12.046,2.306,0.332,37.609,37.338,37.88,2.22,0.184,-0.9970747718066739,,-0.5518,0.0,-3.0,0.23545,9.29,12.63333,20.0,6.0,0.35988482238966646,hold,2.55556,15,45.32289091547877,,0.058857945237538,0.013279705501397615,0.5982481880177749,0.01686,1793908800,-0.73845327,2026-08-29T11:28:04,0.1681,,,Specialty Industrial Machinery,,NA
SNDA,"Sonida Senior Living, Inc.",-22.70303,-1.65,,-6.606701940035274,3.741374,2.04,28.176415627601212,3374555392,48047990,48047990,42.376,0.761,181.429,0.7304999999999999,0.58,0.881,7.44,0.1118,-0.06905859329391306,,-0.25238,-0.25439,-0.00349,0.27435,37.46,47.5,65.0,37.0,0.26801922050186855,none,,6,37.408343194150284,,-0.25140404040404035,,0.8059054474080306,0.09736,1794227400,0.5294118,2026-08-29T11:28:04,0.1207,,,Medical Care Facilities,,NA
SNDX,"Syndax Pharmaceuticals, Inc.",-23.94784,-0.81594,-1.93483,-7.7848605577689245,6.917178,,-11.62634028414333,1835345280,89297086,89297086,-9.453,0.373,3903.451,6.5315,6.291,6.772,15.85,0.2609,0.8502302737180025,,-2.55925,-0.87518,-0.54947,-0.08007,19.54,37.54545,57.0,26.0,0.921466223132037,strong_buy,1.16667,11,40.70598379515925,,-0.1494745221983924,-0.6018925710695774,0.17039979699442,0.01687,1793649600,0.25062037,2026-08-29T11:28:04,0.2852,,,Biotechnology,,NA
SPHR,Sphere Entertainment Co.,-69.11219,-2.05,-1.88,-66.83018867924528,3.750052,,11.493057724958783,5653842944,29046853,35913607,22.226,1.625,40.995,1.171,1.118,1.224,8.72,0.32509997,0.37568548303666516,,-0.03097,-0.05663,-0.19548,0.54707,141.68,178.76923,200.0,158.0,0.261781691134952,strong_buy,1.46154,13,50.59400700696394,,-0.11904761904761903,0.028436018957345998,1.4272835280096334,0.06583,1793881800,2.20374,2026-08-29T11:28:04,0.2665,,,Entertainment,,NA
SPIR,"Spire Global, Inc.",-33.769234,-0.39,-1.015,-4.525773195876289,8.576825,,-10.177665488358276,433165152,39115046,40622371,-6.224,2.567,6.717,1.8495,1.827,1.872,5.09,0.1031,-0.25238040880739343,,-0.61721003,-1.4521699,-1.07308,0.37895,13.17,20.875,24.0,15.0,0.5850417615793471,strong_buy,1.5,4,38.64121789387151,,-0.1599999999999999,-0.56,0.8185233095692821,0.060349997,1794513600,0.5300547,2026-08-29T11:28:04,0.1118,,,Specialty Business Services,,NA
SRRK,Scholar Rock Holding Corporatio,-24.823593,-2.32843,-3.11847,-17.462235649546827,,,-45.7458918055717,6750934528,121785282,121785282,-16.674,0.666,80.318,6.93,6.839,7.021,18.07,0.1867,,,-1.67773,0.0,0.0,0.0,57.8,60.75,76.0,48.0,0.051038062283736974,strong_buy,1.16667,16,78.53321539422487,,-0.016291453749087418,-0.007546164424888868,0.22399910407666163,0.0076800003,1794486600,0.7892512,2026-08-29T11:28:04,0.175,,,Biotechnology,,NA
STOK,"Stoke Therapeutics, Inc.",-8.995425,-3.51512,-3.62068,-9.327433628318584,73.95679,,-19.211688518107003,1812774272,64526242,64526242,-8.179,1.228,0.776,7.4415,7.191,7.692,16.88,0.20889999,-0.428869459033427,,-0.61104,0.0,-3.0,1.0,31.62,46.46154,60.0,35.0,0.4693719165085388,strong_buy,1.14286,13,62.44786805652953,,-0.10051063829787237,-0.13757928802589003,0.6643625477695364,0.036930002,1793736000,0.6636039,2026-08-29T11:28:04,0.2637,,,Biotechnology,,NA
SYRE,"Spyre Therapeutics, Inc.",-26.30943,-3.43451,-2.83007,-47.0625,,,-89.46635318670491,6968460288,88173762,88173762,,3.026,,18.381,18.232,18.53,12.43,0.1426,,,-0.22984,0.0,0.0,0.0,90.36,119.71429,130.0,97.0,0.3248593404161133,strong_buy,1.11765,14,30.604916227898627,,0.03951793817092081,-0.0978171577981709,0.9739173859346478,0.05737,1793736000,4.677077,2026-08-29T11:28:04,0.1431,,,Biotechnology,,NA
TEM,"Tempus AI, Inc.",-4213.1577,-0.0152,-0.25666,-44.47222222222223,8.0690565,,-123.5920850692139,13383109632,175390967,180434756,-69.212,3.578,324.58,3.1550000000000002,3.013,3.297,6.1,0.2991,0.2002274666744952,,-0.67442,-0.17767,-0.20106001,0.63979,64.04,63.35714,100.0,35.0,-0.010663023110556002,buy,2.1875,14,66.76237138985942,,0.2854080240554612,0.8080080838701528,0.805531298520533,0.36778998,1793736000,-0.09765124,2026-08-29T11:28:04,0.2584,,,Health Information Services,,NA
TNGX,"Tango Therapeutics, Inc.",-14.334144,-1.62828,-1.38029,-27.78571428571429,73.13311,,-54.753014210585306,3280472064,168610367,168610367,-24.404,1.152,3.123,50.3885,49.953,50.824,19.29,0.259,,,-0.21340999,-2.29918,-2.53381,-1.48369,23.34,44.75,69.0,24.0,0.9173093401885175,strong_buy,1.23077,12,52.140811144992995,,-0.06681660792679149,-0.0710888627229132,0.14766376022793296,0.01129,1793795400,2.7957957,2026-08-29T11:28:04,0.3589,,,Biotechnology,,NA
TRVI,"Trevi Therapeutics, Inc.",-29.098787,-0.577,-0.479,-47.971428571428575,,,-71.87550506091499,2240601088,142475841,142475841,-37.708,1.072,0.188,36.9835,36.684,37.283,6.0,0.0986,,,-0.19657,0.0,0.0,0.0,16.79,28.18182,40.0,23.0,0.6784883859440143,strong_buy,1.18182,11,52.24444949525629,,-0.02156156028066286,-0.034458030047688874,0.23710270780675888,0.0062800003,1794513600,1.4704263,2026-08-29T11:28:04,0.107,,,Biotechnology,,NA
TWST,Twist Bioscience Corporation,-223.23277,-0.63333,-0.6,-63.11607142857142,20.531767,,-136.7669549307725,9542257664,62707424,62707424,-82.773,2.158,24.362,2.326,1.98,2.672,9.36,0.2881,0.18589832042853494,,-0.29594,-0.31662,-0.30648002,0.51965,141.38,105.3,120.0,36.0,-0.2551987551280238,buy,1.54545,10,75.60036887882484,,0.22077922077922082,0.17030642055205483,0.395787163425743,0.010620001,1794832200,4.834604,2026-08-29T11:28:04,0.2297,,,Diagnostics & Research,,NA
TYRA,"Tyra Biosciences, Inc.",-8.417742,-2.96279,-2.67293,-10.435146443514645,,,-23.599346499453503,1210996480,59676939,59676939,-7.572,0.766,1.578,14.6915,14.478,14.905,15.4,0.29930001,,,-0.45306998,0.0,0.0,0.0,24.94,50.81818,59.0,39.0,1.037617481956696,strong_buy,1.26667,11,45.21183693128044,,-0.041468926553672326,-0.03752223669650231,0.1802059716514581,0.028499998,1793822400,1.0853951,2026-08-29T11:28:04,0.2752,,,Biotechnology,,NA
UEC,Uranium Energy Corp.,-137.77777,-0.09,-0.18333,-56.36363636363637,303.78302,1.37,-74.77348156778521,5650277376,494872366,494872366,-46.789,1.208,0.135,30.039,27.411,32.667,7.64,0.1455,,,-0.0896,0.0,-3.0,0.0,12.4,18.02778,26.75,12.0,0.4538532258064516,strong_buy,1.44444,9,70.35549300663122,,0.0178925376332566,0.1562763663635512,1.2995725793078619,0.01856,1790253000,0.24043715,2026-08-29T11:28:04,0.1231,,,Uranium,,NA
UNIT,Uniti Group Inc.,-14.112678,-0.71,,2.6093752,0.6875989,0.17,-9.423918288269437,12915705856,242725135,242725135,9.106,1.398,6869.969,1.0345,0.847,1.222,8.89,0.1736,0.8415157996785125,,,0.30449,0.04144,0.5846,10.02,10.30556,16.0,6.0,0.028499001996008078,hold,2.77778,9,44.73766510614004,,-0.15646392622044045,-0.2378089884166064,1.707664603247971,0.019019999,1793795400,0.6095238,2026-08-29T11:28:04,0.1129,,,REIT - Specialty,,NA
USAR,"USA Rare Earth, Inc.",-415.1858,-0.04333,-0.59333,-6.687732342007434,334.48672,,-15.504185485980333,2884854528,244720099,244720099,-26.823,2.583,0.125,31.4525,30.118,32.787,2.41,0.1166,,,-0.23561001,0.0,-3.0,-0.097399995,17.99,37.375,45.0,30.0,1.077543079488605,strong_buy,1.125,8,41.33913256580237,,-0.0722895921059766,-1.0,1.475839087120168,0.12967,1793908800,0.37893987,2026-08-29T11:28:04,0.125,,,Other Industrial Metals & Mining,,NA
VERA,"Vera Therapeutics, Inc.",-7.745984,-4.4139,-6.32203,-5.824531516183986,,,-11.570207730570957,2071135360,72063335,72063335,-4.988,0.954,18.86,10.663499999999999,10.411,10.916,8.21,0.2656,,,-0.91753,0.0,0.0,0.0,34.19,77.14286,100.0,34.0,1.256298917812226,strong_buy,1.21429,14,65.80332211139168,,-0.018281300082306145,-0.14389451260282066,0.3199153596861634,0.00954,1793908800,0.5302963,2026-08-29T11:28:04,0.3209,,,Biotechnology,,NA
VIR,"Vir Biotechnology, Inc.",-4.345035,-2.4925,-1.7795,-6.11864406779661,6.043686,,-47.12787666143872,1393156864,169215958,169215958,-5.199,1.591,9.494,5.855499999999999,5.669,6.042,12.94,0.1173,186.77682865111336,,-0.26081,-0.83,0.30746,-0.59389997,10.83,21.0,30.0,15.0,0.9390581717451523,none,,9,86.57930970283273,,-0.29568952963448386,-0.07285053265899079,1.0095067603976946,0.06565,1793822400,1.2620001,2026-08-29T11:28:04,0.151,,,Biotechnology,,NA
VKTX,"Viking Therapeutics, Inc.",-7.4453754,-4.31946,-4.60557,-6.886509635974304,,,-16.255140209981512,3253981440,116652937,116652937,,0.685,1.001,4.6475,4.575,4.72,11.73,0.2019,,,-0.88852996,0.0,0.0,0.0,32.16,92.39474,125.0,35.0,1.8729707711442787,strong_buy,1.45,19,36.026087734415036,,0.02523080439724174,0.053855909649466745,0.7494813728144568,0.03095,1793217600,0.23172057,2026-08-29T11:28:04,0.1959,,,Biotechnology,,NA
VOYG,"Voyager Technologies, Inc.",-20.959658,-1.636,-3.01688,-26.7890625,12.011057,,-7.859755603624722,2261183488,55270494,61029060,-17.485,,130.401,3.6645,3.53,3.799,5.6,0.20030001,0.23230105379553878,,-0.30441,-0.78613,-0.97463,0.109,34.29,46.0,65.0,21.0,0.3414989792942549,buy,1.81818,11,26.330544202039803,,-0.033624098069714975,-0.18540416775352858,0.5927365096093322,0.04484,1793649600,0.15420401,2026-08-29T11:28:04,0.1788,,,Aerospace & Defense,,NA
VRDN,"Viridian Therapeutics, Inc.",-8.3235655,-2.77285,-3.94879,-6.788235294117647,36.762207,,-9.491192380288643,1976011520,113292269,113292269,-4.882,0.94,36.963,16.7555,16.562,16.949,10.19,0.174,1.727360893442782,,-0.65740997,0.0,-3.0,0.0,23.08,36.625,50.0,22.0,0.5868717504332757,none,,16,53.251578684890724,,-0.0393275727291629,-0.05335835495500288,0.2552465185901123,0.00169,1793881800,0.24764895,2026-08-29T11:28:04,0.1888,,,Biotechnology,,NA
WOLF,"Wolfspeed, Inc.",-4.4339623,-5.83,-7.515,-2.269534679543459,2.019965,,4.118100364083217,2135825920,51972101,51972101,-6.602,,193.098,6.189,5.515,6.863,5.68,,1.2727751389538784,,0.01822,0.00662,-0.31618,-0.28236,25.85,27.5,30.0,25.0,0.06382978723404253,hold,3.0,2,26.09108673097539,,-0.5014985014985015,0.21109607577807843,0.24677787163795492,0.00487,1793822400,0.21945703,2026-08-29T11:28:04,0.7541,,,Semiconductors,,NA
WULF,TeraWulf Inc.,-63.958336,-0.24,-0.48,-3.4417040358744395,46.36498,,-32.71516973719164,10276945920,498968677,498968677,-37.936,4.288,3549.648,0.7224999999999999,0.699,0.746,3.17,0.2526,-0.26606823858805073,,-12.118051,0.0,-3.0,0.69262004,15.35,36.63889,62.5,25.0,1.386898371335505,strong_buy,1.27778,18,52.406411609647286,,0.058823529411764754,-1.0,0.8608789984929172,0.22904,1794227400,0.71235716,2026-08-29T11:28:04,0.2792,,,Capital Markets,,NA
XE,"X-Energy, Inc.",-31.827589,-0.54104,-0.60958,-24.6,32.93987,,,3622554368,287458734,287458734,-13.153,,1.279,17.096,16.994,17.198,3.21,0.088,1.7199901801279065,,,-2.98698,-2.19545,-0.65384,17.22,38.0,57.0,23.0,1.2067363530778166,buy,1.75,7,26.82530164986767,,-0.2844620506553163,-0.0727045621270099,0.3109129927009444,0.74559,1794832200,-0.36746573,2026-08-29T11:28:04,0.1032,,,Specialty Industrial Machinery,,NA
XNCR,"Xencor, Inc.",-7.4706235,-3.48833,-3.11383,-12.064814814814813,18.458551,,-20.496093656121914,1860981120,74353397,74353397,-9.038,0.839,33.803,6.2415,6.092,6.391,12.67,0.2707,0.12470570779704926,,-0.29072002,-1.55588,-0.72369003,-1.4364799,26.06,29.0,44.0,14.0,0.11281657712970072,none,,12,65.50328173620275,,0.22657171740755738,0.01674587201993387,0.6057518520757601,0.012200001,1793822400,2.3777778,2026-08-29T11:28:04,0.2615,,,Biotechnology,,NA
YSS,York Space Systems Inc.,-76.88352,-0.11667,-1.8,-4.397058823529412,3.0422015,,,875413696,137357605,137357605,-7.708,,10.157,5.1035,4.872,5.335,2.46,0.0784,0.004676806937628175,,,-0.50064,-0.38147,0.21150999,8.97,18.65,35.0,11.0,1.0791527313266442,buy,2.18182,10,32.68455931608564,,-1.0,-1.0,0.5203340521452707,0.09125,1794513600,-0.7265695,2026-08-29T11:28:04,0.1064,,,Aerospace & Defense,,NA
ZBIO,"Zenas BioPharma, Inc.",-6.710301,-4.66,-5.615,-3.247144340602284,2038.0762,,-9.64123385924756,1780799744,65176723,65176723,-6.502,,120.544,9.858,9.783,9.933,16.49,0.2626,,,-1.9903901,0.0,-3.0,0.0,31.27,47.0,59.0,32.0,0.5030380556443876,strong_buy,1.25,8,47.89907946000791,,-0.30733410942956935,-1.0,0.521596062903229,0.16686001,1794486600,0.8618722,2026-08-29T11:28:04,0.2479,,,Biotechnology,,NA
