ticker,name,forwardPE,forwardEps,epsCurrentYear,trailingPE,trailingPS,pegRatio,priceToFCF,enterpriseValue,sharesOutstanding,impliedSharesOutstanding,enterpriseToEbitda,beta,debtToEquity,LiqRatio,quickRatio,currentRatio,shortRatio,shortPercentOfFloat,revenueGrowth,returnOnEquity,profitMargins,operatingMargins,grossMargins,price,targetMeanPrice,targetHighPrice,targetLowPrice,targetUpside,recommendationKey,recommendationMean,numberOfAnalystOpinions,momentum,meanReversion,epsRevision0y,epsRevision1y,epsVolatility,heldPercentInsiders,earningsTimestampStart,yearReturn,lastDownload,shortPctOfFloatFinra,shortDaysToCover,shortChangePercent,sector,score,rating
AMG,"Affiliated Managers Group, Inc.",8.659569,42.78273,36.98459,13.003861,4.2201514,0.7,34.565122234974375,13442688000,25859933,25859933,21.488,1.108,76.096,101.314,101.314,101.314,2.59,0.0352,0.42720083226820416,0.24257,0.37719002,0.30357,0.50273,370.48,437.57144,512.0,360.0,0.18109328438782124,strong_buy,1.42857,7,42.07698709010904,60.86752819974737,0.022866724671702594,0.14692348493250076,0.23336523296774922,0.042329997,1793622600,0.64789605,2026-08-28T08:34:46,0.0314,2.7,-11.61,Asset Management,0.254344334126478,Strong Buy
SLDE,"Slide Insurance Holdings, Inc.",6.350151,3.6944,3.781,5.6666665,1.973215,,2.9930835597082437,1542137984,116811719,116811719,2.067,,3.235,1.0985,0.734,1.463,6.64,0.1007,0.5818394556799564,0.53882,0.40016997,0.46375,0.67939,23.46,25.8,28.0,22.0,0.09974424552429673,buy,2.2,5,63.21029233577889,49.17340881538443,0.06160152740341427,0.04883034294798992,0.9554714798254986,0.43820998,1793217600,0.75336325,2026-08-28T08:34:46,0.1203,6.08,-6.99,Insurance - Property & Casualty,0.27310246929038534,Strong Buy
PRG,"PROG Holdings, Inc.",7.03326,5.6375,4.9375,12.831716,0.6040218,0.93,1.0282622140228843,2381187328,39831633,39831633,5.268,1.789,110.148,3.9909999999999997,3.464,4.518,4.56,0.0868,0.21416230662699687,0.17066,0.05609,0.16605,0.36145002,39.65,53.42857,64.0,45.0,0.34750491803278694,none,,7,34.343682612808294,50.84988244806388,0.06182795698924723,0.057196436943272505,0.3393647621875254,0.04178,1793190600,0.12514186,2026-08-28T08:34:46,0.0664,4.62,-12.56,Rental & Leasing Services,0.29222567335890504,Strong Buy
PGY,Pagaya Technologies Ltd.,5.7134995,4.07106,3.72082,15.931506,1.3960736,0.04,9.366309947739403,1643187072,72137266,83425843,4.673,5.374,133.652,14.324,14.064,14.584,3.84,0.161,0.24469942622998753,0.19459,0.091230005,0.27335,0.43387002,23.26,29.2,36.0,23.0,0.2553740326741185,strong_buy,1.2,10,63.952043582367985,75.83515426498641,0.2155609786376303,0.1519531415797739,0.9470471894206348,0.09072,1794313800,-0.36930585,2026-08-28T08:34:46,0.176,4.18,2.54,Software - Infrastructure,0.30380131005430433,Strong Buy
HRMY,"Harmony Biosciences Holdings, I",5.9628854,6.68636,5.22166,12.819936,2.4188871,,12.699311004716021,1814284928,58236393,58236393,7.087,0.913,16.031,3.403,3.327,3.479,4.65,0.0949,0.2872531064896138,0.20456,0.18884,0.34183997,0.75424004,39.87,47.36364,70.0,30.0,0.18795184349134697,buy,2.0,11,55.660571603585296,62.027806063812385,0.16091064719091142,0.11076668012273255,0.13729176050424016,0.11627,1793709000,0.080780745,2026-08-28T08:34:46,0.0863,5.05,-12.08,Biotechnology,0.3045702401783018,Strong Buy
DOX,Amdocs Limited,7.8098435,8.02833,7.42167,14.787737,1.4070013,0.84,9.494411569931136,7468365312,104415000,104415000,7.211,0.417,32.668,0.825,0.714,0.936,7.56,0.1189,0.09392245367044949,0.13314,0.09754,0.17955999,0.38275,62.7,79.25,105.0,63.0,0.2639553429027113,buy,2.0,4,65.29594478055277,32.90800159582726,0.0018006757258382743,-0.003517582326196807,0.07552960731316356,0.0025,1794340800,-0.26726657,2026-08-28T08:34:46,0.1042,7.82,8.17,Software - Infrastructure,0.3063333011010084,Strong Buy
NMRK,"Newmark Group, Inc.",7.042605,2.20657,1.95243,19.670885,1.0551664,,4.27214444887056,5140143616,159943094,244735944,12.474,1.672,129.849,0.789,0.484,1.094,4.34,0.0394,0.8169907394688762,0.11113,0.04113,0.049310002,1.0,15.54,19.75,22.0,17.5,0.270913770913771,buy,1.85714,6,62.33510737384631,25.220408208044432,0.009305066608768483,0.0210874595094864,0.44043016159199355,0.02419,1793277000,-0.14662272,2026-08-28T08:34:46,0.0341,3.83,-4.17,Real Estate Services,0.31027198756575697,Strong Buy
MTDR,Matador Resources Company,6.5449123,8.66933,7.46013,9.732419,1.8287451,0.93,-7.73528639550496,11637411840,123754216,123754216,4.848,0.771,69.104,0.55,0.45,0.65,6.62,0.118999995,0.2755799123643594,0.13592,0.18847999,0.492,0.8239,56.74,68.78947,92.0,56.0,0.21236288332745845,strong_buy,1.47368,19,67.57583520186967,64.52332976069876,0.08317349784893627,0.023504646857704148,0.22916733017358068,0.0716,1793131200,0.12668788,2026-08-28T08:34:46,0.1277,6.8,8.94,Oil & Gas E&P,0.31099571443417523,Strong Buy
CHTR,"Charter Communications, Inc.",3.3630588,44.10271,41.49957,4.0043197,0.36749393,0.97,9.093170670244621,118841237504,119277492,134777493,5.448,0.678,441.578,0.3315,0.302,0.361,8.14,0.5157,0.1259905095925391,0.27201998,0.09052,0.23503,0.55189997,148.32,184.41176,380.0,101.0,0.24333710895361382,hold,2.95238,17,68.00148182489256,25.776282150460816,0.008203132328090536,0.009810936336005504,0.09321876509204105,0.03098,1793363400,-0.4415242,2026-08-28T08:34:46,0.1949,6.11,10.85,Telecom Services,0.3112386880742176,Strong Buy
WLFC,Willis Lease Finance Corporatio,8.021834,6.87,7.23,13.846734,1.5448185,0.94,2.0683100021140834,3566789888,21144111,21144111,8.957,0.754,303.39,0.8715,0.199,1.544,7.21,0.2165,-0.01666351638051833,0.12634,0.12165,0.3771,0.85213,55.11,71.0,71.0,71.0,0.28833242605697706,strong_buy,1.0,1,51.23925782041831,59.04867937695996,0.5296181032312389,0.1469115191986644,0.7917791029357142,0.54444003,1793709000,0.111985445,2026-08-28T08:34:46,0.2273,7.99,229.94,Rental & Leasing Services,0.31290525889560494,Strong Buy
SM,SM Energy Company,4.91538,7.48874,7.14379,6.2708693,1.7644919,0.64,5.947632863817761,15568408576,237854068,237854068,4.858,0.738,95.136,0.5680000000000001,0.521,0.615,4.05,0.0718,0.33438118872114475,0.16125,0.20153,0.60323,0.86457,36.81,41.13333,52.0,32.0,0.11744987775061122,buy,1.66667,15,68.8526872872566,69.78575344663695,0.037228960794961186,0.019146497214645994,0.19798041412314848,0.00927,1793649600,0.289317,2026-08-28T08:34:46,0.0568,4.21,-16.71,Oil & Gas E&P,0.3171303437736659,Strong Buy
TNL,Travel   Leisure Co.,8.000724,8.96044,7.60702,19.858727,1.0731101,0.53,7.896316257041725,9981313024,61282085,61282085,10.687,1.19,,2.6405000000000003,2.079,3.202,8.33,0.1399,0.1314544275052001,,0.05789,0.19755,0.50611,71.69,90.84615,107.0,77.0,0.26720811828706936,strong_buy,1.30769,13,38.48246314705394,16.122945013305,0.0296565203737994,0.06208506931068611,0.22641084184807225,0.044749998,1792585800,0.13415599,2026-08-28T08:34:46,0.1168,6.86,7.33,Travel Services,0.3178389409782739,Strong Buy
NUTX,Nutex Health Inc.,9.537629,20.33,,7.586072,1.5681949,,10.155785180502292,1582945920,6847973,6847973,3.152,1.994,68.466,4.895,4.794,4.996,7.54,0.2616,-0.2991176104228215,0.64556,0.21249,0.57754004,0.54508,193.9,276.0,310.0,200.0,0.4234141309953583,strong_buy,1.2,5,53.972048360388094,64.29768589676252,0.31505576208178443,0.25175857577073374,1.6088660410308,0.29231,1793908800,1.3141186,2026-08-28T08:34:46,0.2664,9.04,5.18,Medical Care Facilities,0.3180871541127437,Strong Buy
UUUU,Energy Fuels Inc,32.453606,0.485,-0.2775,-47.696969696969695,37.202377,,-44.85945264850821,3680262144,249965000,249965000,-51.354,1.573,85.133,26.801499999999997,25.705,27.898,7.38,0.2142,4.386231635180925,-0.11447,-0.77295995,-0.79030997,0.40851003,15.74,24.1,32.5,16.0,0.5311308767471412,strong_buy,1.125,5,63.45689707127678,56.02968562630579,0.10483870967741928,0.4696969696969696,1.170184922436423,0.01228,1793649600,0.3615917,2026-08-28T08:34:46,0.2045,7.3,3.59,Uranium,0.3214076969805047,Strong Buy
INSW,"International Seaways, Inc.",15.756381,6.29967,14.82193,5.986731,3.8977191,,70.58795995588021,5159846912,49531311,49531311,6.365,-0.1,28.815,5.795999999999999,5.648,5.944,5.28,0.0775,1.3930011927202974,0.37412,0.61767,0.64219004,0.725,99.26,100.0,120.0,88.0,0.007455168245013022,strong_buy,1.33333,6,50.488482414777,40.504347254304896,0.04827223805270238,-0.02199690748537584,0.2497625887322016,0.16228001,1793881800,1.1853809,2026-08-28T08:34:46,0.0517,4.38,-0.68,Oil & Gas Midstream,0.3248250379251236,Strong Buy
MGY,Magnolia Oil & Gas Corporation,8.221857,3.24136,2.97847,11.536797,4.3668346,,19.43724746428419,6432406016,236968592,242492071,6.257,0.696,19.243,1.5775000000000001,1.572,1.583,3.25,0.114300005,0.21915089911999797,0.20854001,0.28773,0.50688,0.8222,26.65,32.88235,38.0,26.0,0.23385928705440917,buy,1.72222,17,73.49087998368837,65.06582034103207,0.0952955323553965,0.3506792232686057,0.5409853930615504,0.00736,1793822400,0.07114148,2026-08-28T08:34:46,0.0915,2.22,2.25,Oil & Gas E&P,0.32518188418089955,Strong Buy
GPRE,"Green Plains, Inc.",8.9855995,1.5625,2.01,8.886076,0.53796756,1.16,29.900980061221546,1347299456,70095328,70095328,6.602,1.183,63.073,1.631,1.269,1.993,8.56,0.2066,-0.24706256456921072,0.15468,0.06776,0.15211001,0.1604,14.04,17.85714,20.0,10.0,0.2718760683760686,buy,2.14286,7,68.4322735586667,18.00151757644872,0.09986320109439119,0.03305785123966945,0.24145962107789296,0.01845,1793795400,0.26372635,2026-08-28T08:34:46,0.1922,8.49,-2.38,Chemicals,0.3288991958284117,Strong Buy
EVER,"EverQuote, Inc.",8.067163,3.07667,2.6,8.5,1.1581739,,13.913821132003436,684275648,31682105,35239751,8.185,0.669,0.757,3.274,3.218,3.33,8.37,0.2529,0.4359864472389068,0.53613997,0.15159,0.12038,0.97646004,24.82,29.5,34.0,28.0,0.1885576148267527,buy,1.875,6,57.61972954517414,30.615474632330702,0.0,0.0005430894308942563,1.2732287251923808,0.13211,1793649600,0.06752694,2026-08-28T08:34:46,0.2145,7.83,9.71,Internet Content & Information,0.3303741787864932,Strong Buy
AMPH,"Amphastar Pharmaceuticals, Inc.",6.877129,3.18156,2.97155,13.023809,1.2749397,,4.044966856250251,1328929152,42537944,42537944,6.832,0.901,89.607,2.03,1.663,2.397,11.54,0.2759,0.15193842937025814,0.10297,0.1076,0.21603,0.47685,21.88,22.5,30.0,20.0,0.02833638025594154,hold,3.14286,6,67.71082615759033,41.91980720413922,0.14148576960161038,0.5000000000000001,0.24985437594103135,0.30822,1793908800,-0.28543437,2026-08-28T08:34:46,0.1575,11.89,18.06,Drug Manufacturers - Specialty & Generic,0.33098785325732044,Strong Buy
BCO,Brinks Company (The),10.575341,10.35333,9.19667,25.823114,0.8225838,1.16,11.52474020486543,7538753024,41181028,41181028,8.531,1.038,1029.747,1.42,1.22,1.62,8.13,0.1817,0.09229910433513222,0.46236,0.033,0.095019996,0.26431,109.49,150.5,163.0,138.0,0.3745547538587999,none,,2,50.29016510034984,21.588644664873513,-0.004689393939394045,-0.022348441926345625,0.3390254487683268,0.0106,1793795400,-0.022759736,2026-08-28T08:34:46,0.1143,7.3,-2.96,Security & Protection Services,0.33329964814108926,Strong Buy
PRGS,Progress Software Corporation,7.2589517,6.22955,6.12146,21.13084,1.8477226,1.38,6.02765738243314,3078385152,41012942,41012942,9.224,0.805,262.162,0.7405,0.672,0.809,8.12,0.1529,0.12256429689925685,0.18574,0.08871,0.18547001,0.8557,45.22,55.8,83.0,45.0,0.23396727111897397,strong_buy,1.0,5,63.802954990209535,68.24219049968433,0.023424477751678125,0.027869993928033913,0.1645115545752336,0.02259,1790625600,-0.023115158,2026-08-28T08:34:46,0.1136,7.57,8.85,Software - Infrastructure,0.338870818069587,Strong Buy
SF,Stifel Financial Corporation,11.026692,7.32858,6.52336,14.430357,2.0914204,0.95,,10789565440,151001734,151001734,,0.992,52.002,0.89,0.885,0.895,0.0,0.0,0.14385081498468089,0.16427,0.16344999,0.21761999,0.95567,80.81,89.0,103.0,81.0,0.10134884296497959,none,,8,53.71563609972034,47.91758591518898,0.0329159462146979,0.04368370683467575,0.15772852334955076,0.03168,1792585800,0.051392198,2026-08-28T08:34:46,0.032,3.62,-4.66,Capital Markets,0.3395863616730479,Strong Buy
PARR,"Par Pacific Holdings, Inc. Comm",6.5193,11.81722,19.28338,4.4454703,0.44782075,,46.88916228892393,4845315072,50099627,50099627,3.781,0.79,56.166,1.182,0.524,1.84,4.35,0.1325,0.6142977511589061,0.53489,0.09942,0.21122,0.23056,77.04,83.0,95.0,65.0,0.07736240913810999,buy,1.57143,7,64.8376946813942,56.81362630907254,0.21960178885739928,0.12423962782909824,0.801431886523,0.026029998,1793736000,1.2240186,2026-08-28T08:34:46,0.0938,4.61,0.65,Oil & Gas Refining & Marketing,0.34034211739050996,Strong Buy
PGNY,"Progyny, Inc.",11.147656,2.31977,2.08468,28.108696,1.5137393,,9.874151516403783,1769725056,76726798,76726798,14.093,1.017,4.963,2.098,2.059,2.137,3.96,0.0842,0.1792706599329219,0.16242,0.05999,0.11413,0.24573,25.86,34.25,40.0,30.0,0.32443928847641157,strong_buy,1.41667,12,58.324861186976364,43.85475353954317,0.01424540235477278,0.03202256438546302,0.299260061271597,0.01995,1793908800,0.092522144,2026-08-28T08:34:46,0.0639,4.61,-3.11,Healthcare Plans,0.34130567616596064,Strong Buy
LPLA,LPL Financial Holdings Inc.,12.097869,29.85815,24.03819,28.828413,1.4817454,0.49,,33391720448,78742290,78742290,,0.479,135.371,2.318,2.285,2.351,3.47,0.031400003,0.3858574210122665,0.18591999,0.052449998,0.11099,0.2989,361.22,431.85715,557.0,372.0,0.19555160290127893,buy,1.75,14,52.2452717873312,44.404326295151314,0.024076121339152753,0.017276718455824017,0.15210850789329064,0.00399,1793304000,-0.008944273,2026-08-28T08:34:46,0.037,4.02,-40.36,Capital Markets,0.3419995213830971,Strong Buy
CPAY,"Corpay, Inc.",12.919693,31.24455,27.35905,24.749847,5.279315,0.94,13.618919505338518,34423369728,65659599,65659599,12.302,0.869,275.291,0.726,0.48,0.972,4.46,0.0398,0.30668626227826956,0.29215,0.22723,0.4692,0.80539,403.67,454.57144,530.0,390.0,0.1260966631159115,buy,1.66667,14,62.46980264226832,13.740839370350912,0.021703361132397344,0.021131467218250103,0.08157210820204343,0.03782,1793822400,0.23950624,2026-08-28T08:34:46,0.041,4.75,3.79,Software - Infrastructure,0.34208940852475556,Strong Buy
AX,"Axos Financial, Inc.",9.014814,10.8,9.65833,11.562945,4.004404,0.95,,5774470144,56734049,56734049,,1.232,,,,,8.69,0.0746,0.17578654751047296,0.16773,0.35549998,0.45029998,0.0,97.36,119.14286,128.0,110.0,0.22373520953163517,strong_buy,1.42857,7,62.608156243109505,46.22444932018692,0.004854515396387855,0.014084507042253554,0.20452510660202372,0.045879997,1793304000,0.0674268,2026-08-28T08:34:46,0.0575,8.21,1.5,Banks - Regional,0.3421513488782334,Strong Buy
WEX,WEX Inc.,9.361579,21.19621,20.02652,19.78365,2.4221244,1.12,5.079857368403392,6018414080,34081611,34081611,6.536,0.83,398.423,1.0135,0.982,1.045,3.28,0.1037,0.14812150751911335,0.3019,0.12560001,0.26941,0.73232,198.43,192.4,224.0,160.0,-0.03038855011842967,buy,2.35714,10,63.5225457447455,23.108556664314293,-0.000577400341050418,0.007174550800609363,0.25867633825630454,0.01322,1793217600,0.1580391,2026-08-28T08:34:46,0.0874,2.52,4.19,Software - Infrastructure,0.3424337731829201,Strong Buy
ZD,"Ziff Davis, Inc.",9.305086,5.99887,5.12828,-65.67058823529412,1.3309281,1.52,3.6826589932069096,1202339968,34287208,34287208,3.021,1.018,39.98,2.127,2.09,2.164,7.11,0.2075,0.1635774397262093,-0.01456,0.44748002,0.04156,0.85010004,55.82,64.4,75.0,59.0,0.15370834826227164,buy,2.0,5,38.46201935316392,53.411514313142334,0.002498289512266687,0.06503437158237113,0.1989971586436813,0.0368,1793908800,0.46087408,2026-08-28T08:34:46,0.1647,9.84,15.09,Advertising Agencies,0.3436967567710641,Strong Buy
TPL,Texas Pacific Land Corporation,5.0562086,73.12,,47.156887,28.41166,7.33,-776.6028960056309,25270034432,68974683,68974683,34.076,0.633,1.077,4.525,4.498,4.552,12.68,0.092,0.31175684852368213,0.36566,0.60322,0.78177,0.93336,369.71,442.0,639.0,245.0,0.19553163290146336,hold,3.0,2,70.02482388233318,33.65270909156311,0.016441194576658057,0.007881492735732527,0.0710108249962227,0.00171,1793822400,0.18816686,2026-08-28T08:34:46,0.0731,15.77,0.3,Oil & Gas E&P,0.343766003739896,Strong Buy
ET,Energy Transfer LP,12.218539,1.7498,1.73229,14.643835,0.6855879,0.67,23.30320707741088,161640742912,3443299601,3443299601,9.425,0.562,138.33,1.0375,0.911,1.164,3.01,0.0093,0.7784564876078583,0.14562,0.04921,0.1041,0.17509001,21.38,24.52857,28.0,22.0,0.1472670720299345,strong_buy,1.42857,21,65.38336123354173,59.43959408059256,0.17166529484990506,0.07781801027628685,0.10421151515945677,0.1029,1793795400,0.2065463,2026-08-28T08:34:46,0.0089,2.89,-22.48,Oil & Gas Midstream,0.34518488466548986,Strong Buy
EOG,"EOG Resources, Inc.",10.028545,14.40887,16.51543,11.271451,2.836513,1.17,16.923128383586782,79137464320,524529176,524529176,5.46,0.278,25.891,1.716,1.581,1.851,4.85,0.0311,0.6513170693406767,0.22507,0.25733,0.40717998,0.62636,144.5,159.96297,193.0,134.0,0.10701017301038074,buy,2.3,27,57.22698300723311,28.342621664437843,-0.009164167893555328,-0.019731408472742844,0.16326270826128533,0.00282,1793908800,0.15766704,2026-08-28T08:34:46,0.031,5.78,-6.74,Oil & Gas E&P,0.34525249561068855,Strong Buy
BBW,"Build-A-Bear Workshop, Inc.",6.7500057,4.21333,4.1125,9.144695,,0.43,,577311104,,,6.857,1.033,79.041,1.0625,0.595,1.53,10.05,0.2759,-0.024,0.35868,0.104770005,0.18956,0.57435,28.44,61.25,65.0,60.0,1.1536568213783402,strong_buy,1.25,4,37.051072022927116,25.214606197473643,-0.004839685420447782,-0.001548760411176296,0.09860567381330156,0.054970004,1787833800,-0.53231376,2026-08-28T08:34:46,0.2379,11.14,-3.9,Specialty Retail,0.3461637551531105,Strong Buy
NXST,"Nexstar Media Group, Inc.",7.7180676,23.30376,33.50086,35.06043,0.9430193,0.17,6.921068867315344,17407180800,30808301,30808301,10.246,0.895,533.79,1.4825,1.403,1.562,7.71,0.1173,0.5960286157941652,0.07434,0.03199,0.21224001,0.55070996,179.86,246.75,290.0,205.0,0.37190036695207374,none,,8,46.83735305136499,31.518870608562935,-0.02020748255648489,-0.0372041946335067,0.6836332137528823,0.06687,1793881800,-0.120617986,2026-08-28T08:34:46,0.0781,8.14,-3.33,Broadcasting,0.3464659791091311,Strong Buy
INVA,"Innoviva, Inc.",9.484162,2.21,1.91,4.9201875,3.4415276,0.31,13.724563468590432,1266448384,72245485,72245485,6.482,0.337,26.859,15.3305,14.654,16.007,9.89,0.129,0.036615832809482995,0.36676,0.8119,0.43277,0.72670996,20.96,35.0,46.0,18.0,0.6698473282442747,buy,2.0,4,59.68283339763776,37.57865111201214,0.0,-0.03282275711159745,0.5981141008790704,0.01007,1793822400,0.025942206,2026-08-28T08:34:46,0.1019,11.53,-1.76,Biotechnology,0.34691742501922473,Strong Buy
HASI,HA Sustainable Infrastructure C,12.106763,3.32624,3.02629,61.95385,40.636147,1.31,,10908163072,128495790,128495790,,1.421,222.661,8.574,8.445,8.703,14.2,0.1356,7.697868093577229,0.03371,0.67654,0.22208,1.0,40.27,49.2,60.0,41.0,0.2217531661286316,strong_buy,1.5,15,47.671202524951546,76.05891531505176,0.008733071341193024,0.012419823240824315,0.4193630120660754,0.02242,1793908800,0.42599154,2026-08-28T08:34:46,0.0942,14.17,8.3,Asset Management,0.34705858019339014,Strong Buy
HCI,"HCI Group, Inc.",9.631004,19.404,19.162,8.055172,2.4414527,0.97,5.492872753498633,1618856448,12438867,12438867,3.433,1.019,5.722,0.772,0.679,0.865,3.0,0.0471,0.1572690583475167,0.34974998,0.32597,0.45431,0.59726,186.88,241.66667,265.0,225.0,0.29316497217465765,buy,1.6,3,43.12201889251581,34.24498355673643,0.06276245210727971,0.05970400432900431,1.0410588698136893,0.14656,1793908800,0.12098849,2026-08-28T08:34:46,0.0462,2.98,-8.17,Insurance - Property & Casualty,0.34832772458482625,Strong Buy
SMCI,"Super Micro Computer, Inc.",7.2212873,5.32592,4.3382,11.4805975,0.6368863,0.91,-3.022466993371461,29611034624,646873027,646873027,10.485,1.967,64.308,2.889,1.906,3.872,1.61,0.1841,0.7825018155966488,0.21465999,0.0571,0.13382,0.108219996,38.46,42.375,60.0,15.0,0.10179407176287047,hold,2.84211,16,60.714991744680134,40.46000418335459,0.3590170918750939,0.6851211072664359,0.48228420777631537,0.12878999,1793736000,-0.07414538,2026-08-28T08:34:46,0.1761,1.76,-5.89,Computer Hardware,0.349378878191236,Strong Buy
STRA,"Strategic Education, Inc.",10.131804,8.44667,7.20667,14.2396,1.4774529,0.78,12.2740200277549,1857519488,22207559,22207559,7.527,0.498,6.532,0.9905,0.885,1.096,4.31,0.0926,0.12896332280373524,0.08151,0.10456,0.15698,0.49056,85.58,98.33333,105.0,90.0,0.14902231829866808,none,,3,57.70261285703856,34.475715357155266,0.0027829300635759777,0.04365817284109252,0.4259366881983136,0.03762,1793881800,0.051997542,2026-08-28T08:34:46,0.0577,3.66,-5.95,Education & Training Services,0.3507909548152375,Strong Buy
CARG,"CarGurus, Inc.",12.080497,3.00981,2.62432,18.646154,3.3482912,1.07,13.42077621239967,3301717760,75309865,89073478,12.1,1.166,70.035,1.6825,1.515,1.85,5.52,0.1319,0.6017697947008669,0.53470004,0.18189,0.25275,0.92375,36.36,41.38462,46.0,34.0,0.1381908690869087,buy,2.0,13,42.16713059564723,35.783959705310835,0.040616363124482045,0.029441843125049143,0.9982895528102055,0.03017,1793908800,0.05086708,2026-08-28T08:34:46,0.0956,7.11,-4.78,Auto & Truck Dealerships,0.35163549267138594,Strong Buy
EPAM,"EPAM Systems, Inc.",8.019718,14.06159,13.15097,14.838158,1.035735,0.6,8.947795527552817,5180891648,51586981,51586981,6.877,1.37,4.326,2.668,2.581,2.755,4.31,0.19780001,0.12823659907525897,0.111770004,0.07151,0.10936,0.29451,112.77,122.82353,200.0,94.0,0.08915074931276057,buy,2.15789,17,73.33785847292836,49.66147774869012,0.007926392311200176,-0.005122403510968949,0.0658261135575981,0.03277,1793881800,-0.3605693,2026-08-28T08:34:46,0.1644,5.55,-14.53,Information Technology Services,0.35184297831966566,Strong Buy
OFG,OFG Bancorp,10.169855,5.122,5.09,10.274161,3.3810477,0.92,,2033871616,42265494,42265494,,0.705,,,,,5.24,0.0513,0.1628681496068638,0.16081,0.33854,0.43318,0.0,52.09,56.5,58.0,55.0,0.08466116337108853,none,,4,56.580568371401355,15.460000599115588,0.07953340402969247,0.08689655172413782,0.12272533714969164,0.0096700005,1792585800,0.16402233,2026-08-28T08:34:46,0.0393,4.71,-6.31,Banks - Regional,0.35318267346148247,Strong Buy
PBI,Pitney Bowes Inc.,9.480312,1.82167,1.675,14.04065,1.268639,0.72,10.125162974404859,4246448896,137090212,137090212,8.093,1.639,,0.6835,0.633,0.734,0.02,0.00029999999,0.29173462204581013,,0.100389995,0.21681,0.54081,17.27,19.56,22.0,17.3,0.1325998841922409,hold,2.8,5,53.711500486937986,34.960720075631386,0.03501757985083388,0.04095428571428566,1.2440443527260285,0.0172,1793908800,0.42491746,2026-08-28T08:34:46,0.1331,11.05,2.14,Integrated Freight & Logistics,0.35327715041949753,Strong Buy
EPRT,Essential Properties Realty Tru,21.959265,1.38256,1.34016,23.718752,10.696273,,21.56211125279794,9406574592,216273004,216845791,16.679,0.88,65.659,3.7825,3.724,3.841,12.73,0.1216,0.09034705043445923,0.064780004,0.43506,0.62468,0.98414004,30.36,37.0625,40.0,33.0,0.22076745718050073,strong_buy,1.25,20,41.22448565032594,35.638463020157886,5.9697928481941384e-05,-0.012499464308672536,0.1104820290489718,0.00624,1792612800,-0.030651331,2026-08-28T08:34:46,0.0833,9.78,-0.06,REIT - Retail,0.3532976637131064,Strong Buy
KTB,"Kontoor Brands, Inc.",11.6219,6.58068,5.28648,15.640083,1.2170595,,9.487018063529868,5394217984,54653620,54653620,8.936,0.908,205.768,1.143,0.455,1.831,7.45,0.1374,0.20597686301474605,0.49523997,0.07802,0.15482001,0.49308997,76.48,97.7,136.0,50.0,0.27745815899581583,buy,2.0,10,57.851983317810635,16.370392209314687,0.01681457801987279,0.032590718941531274,0.038854074464513826,0.02108,1793277000,-0.009967625,2026-08-28T08:34:46,0.0969,9.09,-1.63,Apparel Manufacturing,0.3533672898828634,Strong Buy
BDC,Belden Inc,11.939897,10.04615,8.64398,19.472403,1.6361735,1.05,43.30803717671713,5682745856,39078191,39078191,12.133,1.105,97.069,1.7435,1.352,2.135,6.26,0.1348,0.12795754542476145,0.18643999,0.08522,0.13171,0.3766,119.95,156.5,170.0,145.0,0.30471029595664856,strong_buy,1.0,4,56.17797200539548,75.79869418425625,0.042229440517788264,0.043321172166193786,0.08932795395789737,0.0156,1793277000,-0.07872504,2026-08-28T08:34:46,0.0911,5.87,17.07,Communication Equipment,0.3543887324997769,Strong Buy
PR,Permian Resources Corporation,10.564889,2.19406,2.18088,14.670886,3.383895,1.34,42.35585301428288,22433718272,837557029,837557029,5.272,0.477,26.246,0.5825,0.541,0.624,2.09,0.0227,0.48474942664710197,0.114029996,0.21523,0.57444,0.75848997,23.18,25.78947,30.0,22.0,0.11257420189818812,strong_buy,1.33333,19,63.08596430951357,53.07734099504557,0.12783914608415048,0.05236039078518876,0.12172316011421774,0.04611,1793822400,0.62211335,2026-08-28T08:34:46,0.0278,2.64,-9.33,Oil & Gas E&P,0.35443268880097945,Strong Buy
GOLD,"Gold.com, Inc.",12.666666,3.63,5.31,14.832258,0.057932034,,-1.7927170940643011,2879402240,29004374,29004374,16.595,0.616,182.406,0.651,0.126,1.176,8.32,0.1486,202.9327685513916,0.10819,0.0034999999,0.00865,0.01844,45.98,65.8,90.0,52.0,0.4310569812962157,strong_buy,1.2,5,42.40281579612654,27.63088121598912,0.22350230414746539,,0.6742578110838454,0.33103,1788379200,0.9641179,2026-08-28T08:34:46,0.1556,8.25,-0.81,Capital Markets,0.35499600990492675,Strong Buy
WLY,"John Wiley & Sons, Inc.",10.196226,5.3,4.8,12.7754135,1.6362772,13.05,13.575594687328428,3437234688,42005091,50763590,9.771,0.775,90.749,0.475,0.411,0.539,10.48,0.1499,0.2892136526974789,0.27694,0.13219,0.24714,0.74262,54.04,68.0,68.0,68.0,0.2583271650629164,none,,1,54.19756644289492,63.79118730918058,0.010526315789473648,0.03921568627450984,1.3495288622070423,0.10659,1788438600,0.3087728,2026-08-28T08:34:46,0.1096,9.34,10.07,Publishing,0.35514629632872463,Strong Buy
ATLC,Atlanticus Holdings Corporation,6.6712084,13.945,9.6,12.066148,1.9319903,-0.1,,7186217472,15170038,15170038,,2.051,853.528,14.6875,14.538,14.837,2.69,0.2606,0.8380219482640716,0.22966999,0.21083,0.29521,0.72977996,93.03,133.5,179.0,110.0,0.43502096098032883,none,,4,40.61039167277576,32.84823338720635,-0.003891050583657551,0.0032456928838952045,0.16016664152437987,0.64309996,1794254400,0.39475262,2026-08-28T08:34:46,0.09,2.88,10.43,Credit Services,0.3551541421391297,Strong Buy
CRGY,Crescent Energy Company,6.359989,2.14623,2.29209,170.625,1.2460992,,8.926300720855226,9424447488,330403696,393403097,4.661,0.892,100.234,0.8725,0.8,0.945,5.54,0.1154,0.19676962519208607,0.01517,0.0127,0.53849,0.62158,13.65,16.73333,24.0,12.0,0.2258849816849815,buy,1.53333,15,68.29106286435459,56.96162380618427,0.017264411789507293,-0.050596962766686744,1.0986786283976857,0.04658,1793649600,0.4308176,2026-08-28T08:34:46,0.122,6.29,-13.61,Oil & Gas E&P,0.355340642796384,Strong Buy
GLPI,"Gaming and Leisure Properties, ",12.81108,3.30261,3.10952,12.3713455,7.6560645,,25.006123266543707,20767821824,290920043,299501206,12.603,0.686,155.719,23.2425,22.195,24.29,4.27,0.0368,0.06035567992817881,0.19354999,0.58529,0.77479,1.02151,42.31,53.52174,63.0,45.0,0.26499030961947523,buy,1.95833,23,45.87205662409876,29.020106736806,-0.03518847756544511,-0.008618205396059158,0.038959119464320485,0.0401,1793304000,-0.11872524,2026-08-28T08:34:46,0.0337,4.47,-2.72,REIT - Specialty,0.3561033832195142,Strong Buy
GTES,Gates Industrial Corporation Lt,13.670094,1.92976,1.67339,18.842857,1.905532,,15.989292023959939,8587527680,253151170,253151170,11.608,1.278,60.695,2.68,2.116,3.244,5.08,0.046,0.08545378055333508,0.10384,0.103719994,0.15346,0.40532002,26.38,33.45455,39.0,30.0,0.2681785443517817,buy,1.72727,11,28.31124983158115,38.83179812488659,0.023430046236269687,0.025431744513523574,0.11814710474169153,0.01983,1793190600,0.032081366,2026-08-28T08:34:46,0.0466,5.32,-9.28,Specialty Industrial Machinery,0.35681037517961633,Strong Buy
SSRM,SSR Mining Inc.,8.38038,4.65492,4.11654,14.665413,4.114809,0.02,17.644372661968752,6122838016,203909312,203909312,7.089,0.877,0.068,8.719999999999999,7.65,9.79,2.96,0.0461,0.08964440034989662,0.14272,0.122980006,0.43659002,0.54965997,39.01,41.4,48.0,39.0,0.061266341963599036,strong_buy,1.4,5,83.68510087757237,57.94068828602607,0.0011795636344178074,0.16853968856051046,1.2410382646095048,0.00676,1793736000,1.0201967,2026-08-28T08:34:46,0.0446,3.03,3.25,Gold,0.35744373214192554,Strong Buy
FOXA,Fox Corporation,11.520611,5.83476,5.91574,18.118599,1.6502283,1.26,50.88779536224549,31757883392,200188712,420437476,8.181,0.541,64.06,3.0205,2.872,3.169,9.69,0.2687,1.7243709525440178,0.14291,0.09839,0.25214002,0.36629,67.22,75.32941,112.0,52.6,0.12063983933353173,buy,2.0,17,58.725169193199974,10.263028659114156,0.019141616261501602,0.016519336439056915,0.30829361550239387,0.01481,1793277000,0.12596309,2026-08-28T08:34:46,0.1346,11.51,-8.12,Entertainment,0.35753297875767776,Strong Buy
HRB,"H&R Block, Inc.",7.603533,6.906,6.146,9.261023,1.6405703,0.67,10.359676273919327,7616340480,123265922,123265922,7.394,0.355,1789.419,1.0785,1.024,1.133,7.19,0.2367,0.11869037088774625,7.13542,0.18594,0.3291,0.4433,52.51,50.66667,60.0,33.0,-0.03510436107408099,hold,3.2,3,64.47155522130356,35.63128881743195,0.05556032632030917,,0.14139163885727693,0.01314,1793908800,0.042899728,2026-08-28T08:34:46,0.1537,9.56,-2.45,Personal Services,0.35764241400367863,Strong Buy
ASTH,Astrana Health Inc.,10.850283,3.54,3.04,47.419754,0.49563166,,8.241245395240913,2312575488,49604366,49604366,13.222,0.9,163.623,1.2095,1.19,1.229,5.48,0.1223,0.38177865230653274,0.06902,0.01055,0.03529,0.10457,38.41,51.5,65.0,41.0,0.34079666753449644,strong_buy,1.4,8,45.27224175024573,75.18277028061956,0.04109589041095894,0.03508771929824565,0.37857658140705314,0.22849001,1793908800,0.20181477,2026-08-28T08:34:46,0.0728,4.93,5.53,Medical Care Facilities,0.35843348137030584,Strong Buy
NATL,NCR Atleos Corporation,8.473296,5.43,4.705,17.833334,0.7694044,,7.1148268795843785,5913997824,73896934,73896934,6.877,0.568,634.267,0.7989999999999999,0.572,1.026,6.83,0.079,-0.004995818852240985,0.48529,0.04435,0.14959,0.25345,46.01,50.26667,50.4,50.0,0.09251619213214513,none,,3,36.790547512294054,39.40692201593354,0.1215733015494636,0.021636876763875695,1.0648084801557518,0.0127,1793795400,0.16128218,2026-08-28T08:34:46,0.0531,5.99,13.18,Software - Application,0.3586010701141352,Strong Buy
CDRE,"Cadre Holdings, Inc.",18.945395,1.64156,1.42208,38.39506,1.9422866,,20.12330287136039,1677007872,42820734,42820734,15.837,1.317,115.354,1.6355,1.128,2.143,5.74,0.0734,0.2516106893450263,0.10618,0.052600004,0.12686,0.42646998,31.1,47.5,62.0,43.0,0.5273311897106108,strong_buy,1.2,6,34.449898584092324,43.688107092749604,0.061253731343283525,0.22504477611940285,0.5340439248148355,0.27736,1793736000,0.009412527,2026-08-28T08:34:46,0.1111,8.71,19.78,Aerospace & Defense,0.35881638609988303,Strong Buy
SMPL,The Simply Good Foods Company,6.0057764,1.70003,1.64594,-4.838862559241707,0.64858645,1.64,8.425850999179087,1227762176,88441207,88441207,5.646,0.151,31.624,3.8445,2.893,4.796,2.8,0.1197,0.07024620322063235,-0.12197,-0.14276,0.12784,0.33273998,10.21,14.375,20.0,11.0,0.4079333986287952,buy,2.27273,8,42.546937826609586,43.12465380548098,0.0,-0.00390812679439865,0.14719601443879743,0.09229,1792672200,-0.64338106,2026-08-28T08:34:46,0.0921,2.84,6.81,Packaged Foods,0.3593126071554583,Strong Buy
VIRT,"Virtu Financial, Inc.",9.670003,6.93278,7.30146,11.136212,1.8138611,,,-5624343552,88300678,88300678,,0.607,415.015,1.1045,1.101,1.108,4.29,0.0591,2.1135230467879307,0.53617,0.16874,0.36321,0.65787005,67.04,66.71429,73.0,57.0,-0.004858442720763745,hold,2.57143,7,84.6841629145706,77.49762975536954,0.12441557481566339,0.1645311492152225,0.5234015763381259,0.05204,1793795400,0.5992366,2026-08-28T08:34:46,0.0554,4.3,-3.1,Capital Markets,0.35937973336746787,Strong Buy
ZVRA,"Zevra Therapeutics, Inc.",11.285715,1.05,1.14,12.606383,5.1715484,10.67,14.544883082914733,483623808,59383781,59383781,11.926,0.923,0.687,5.092499999999999,5.018,5.167,4.73,0.1102,0.4115609580333055,0.34796003,0.42818,0.42299,0.95458,11.85,25.0,35.0,20.0,1.109704641350211,strong_buy,1.22222,9,49.98640650539118,34.60433388569639,-0.06811735181839743,-0.12133891213389122,1.011571845563884,0.01258,1793822400,0.30650496,2026-08-28T08:34:46,0.1323,4.4,-8.51,Biotechnology,0.36065786568781705,Strong Buy
AGM,Federal Agricultural Mortgage C,9.621435,23.14,20.88,11.931404,5.9124775,0.81,,38948335616,9322129,10853210,,1.004,1994.179,1.4885000000000002,1.479,1.498,0.39,0.0047999998,0.41451781025557577,0.13475999,0.56033003,0.6973,1.0,222.64,257.0,262.0,254.0,0.15432985986345682,none,,3,26.54146929004962,64.91560219714647,0.06967213114754095,0.08384074941451986,0.08025812434443606,0.01612,1793736000,0.06236577,2026-08-28T08:34:46,0.0349,2.91,-6.5,Credit Services,0.3608852238743719,Strong Buy
COMP,"Compass, Inc.",13.136406,0.84498,0.87267,185.00002,0.80723554,,12.752431411020098,11831496704,757522197,767644630,33.999,2.343,137.563,0.9715,0.88,1.063,3.8,0.0587,0.4508589155968983,0.036259998,0.0063899998,0.03762,0.14214,11.1,15.41667,18.0,12.0,0.38888918918918924,none,,12,48.361546566302756,25.367342738475628,0.04450083184717949,0.08271081326960777,0.914336189082914,0.01513,1793822400,0.22246695,2026-08-28T08:34:46,0.0636,4.22,-3.48,Real Estate Services,0.36324506427021946,Strong Buy
COKE,"Coca-Cola Consolidated, Inc.",4.997432,38.94,,25.774834,1.6840883,3.04,29.208445028269033,2891136000,56517334,66564294,2.372,0.547,197.906,1.022,0.833,1.211,6.02,0.0716,0.6705239033391066,0.97331,0.0715,0.07417,0.39111,194.6,,,,,none,,,48.66509191823701,36.39342915735531,,,0.24893516905570565,2.0000001e-05,1793217600,0.6598431,2026-08-28T08:34:46,0.4011,7.57,-4.81,Beverages - Non-Alcoholic,0.3633687422113177,Strong Buy
PAR,PAR Technology Corporation,13.461485,1.42852,0.76715,-11.180232558139535,1.6014853,0.77,81.33701778022062,1148998912,41362708,41362708,-40.201,1.311,53.029,1.8584999999999998,1.507,2.21,10.75,0.2725,0.4432010786140985,-0.08623999,-0.14524001,-0.055209998,0.4302,19.23,25.3125,33.0,18.0,0.3163026521060841,none,,8,64.27725177986974,54.95538718284984,0.23401483101967294,0.10909937888198756,0.6264593326067994,0.0215,1793908800,-0.6242673,2026-08-28T08:34:46,0.3014,11.47,-3.57,Software - Application,0.3635416151839609,Strong Buy
HALO,"Halozyme Therapeutics, Inc.",10.287634,10.39306,8.57694,31.354837,7.2939405,,35.97656403939134,14082736128,113498000,113498000,13.403,0.848,1517.687,2.3515,1.994,2.709,6.6,0.169,0.5221306278524729,1.73674,0.24858999,0.59803003,0.76271003,106.92,99.55556,115.0,70.0,-0.0688780396558174,buy,1.66667,9,61.68889795277044,43.694615539256255,0.05092816095474983,0.050581895484232205,0.3509075676266699,0.0110599995,1793649600,0.4616542,2026-08-28T08:34:46,0.125,8.35,5.46,Biotechnology,0.36392675764987087,Strong Buy
CWK,Cushman & Wakefield Ltd.,8.203237,1.72371,1.4726,50.5,0.30678695,0.33,10.971411887603306,5848551936,234713708,234713708,10.059,1.444,149.834,1.0375,0.997,1.078,7.17,0.0686,0.0969024139655279,0.0352,0.0063899998,0.04858,0.18128,14.14,17.63636,21.0,15.0,0.24726732673267326,buy,2.08333,11,57.317386553386235,10.957731501898422,0.008954937548388806,0.03712372368397308,0.8744606239032061,0.00836,1793277000,-0.10336083,2026-08-28T08:34:46,0.057,5.97,-7.78,Real Estate Services,0.3642279560090593,Strong Buy
LPG,Dorian LPG Ltd.,11.493877,4.2875,6.85,6.350515,3.642273,,-17.609650741417173,2412427008,42782681,42782681,6.53,0.76,52.263,2.8419999999999996,2.428,3.256,3.29,0.0634,1.2411423912400443,0.28342,0.55605,0.59928,0.72923,49.28,51.8,55.0,46.0,0.051136363636363535,none,,5,70.5238341444769,44.198686415956935,0.10069689378516002,0.2445573294629898,0.48395929579306024,0.1426,1793881800,0.54096305,2026-08-28T08:34:46,0.0634,3.69,1.79,Oil & Gas Midstream,0.3642813010607813,Strong Buy
PWP,Perella Weinberg Partners,11.589745,1.4625,1.0025,62.77778,2.4590058,,,1628551808,74019967,99991873,,1.63,67.818,1.6945000000000001,1.449,1.94,6.25,0.122,0.19162615633157487,0.12691,0.0322,0.14729,0.96626,16.95,22.25,30.0,17.0,0.3126843657817109,none,,4,50.45941280513391,62.8113956324642,0.09264305177111713,0.03723404255319149,0.9563743354291587,0.029070001,1793968200,-0.23407137,2026-08-28T08:34:46,0.1019,5.55,-10.49,Capital Markets,0.3651572184982658,Strong Buy
MCY,Mercury General Corporation,8.378776,12.25,13.5,6.2093163,,1.11,,4578029568,,,3.608,0.926,33.925,0.9335,0.915,0.952,4.66,0.0376,0.138,0.38991,0.14778,0.19934,0.26808,102.64,120.0,120.0,120.0,0.16913484021823844,strong_buy,1.0,1,43.44171868091654,62.78910550287104,0.14893617021276595,0.020833333333333332,1.1908027509129866,0.52031,1793736000,0.32729864,2026-08-28T08:34:46,0.055,5.61,0.89,Insurance - Property & Casualty,0.36528583098772627,Strong Buy
HMN,Horace Mann Educators Corporati,9.650944,5.3,4.82,12.007042,1.1864321,1.16,9.304419743992813,2436428800,40501054,40501054,8.661,0.098,39.537,1.5454999999999999,0.219,2.872,4.15,0.0356,0.08217600707379114,0.12385,0.10154,0.13213,0.39488,51.15,56.5,59.0,54.0,0.10459433040078214,buy,1.66667,2,56.64078196902584,22.825068969295586,0.06558663639398422,0.06459982557691119,0.7700816742315841,0.01589,1793736000,0.11244023,2026-08-28T08:34:46,0.0234,3.83,-11.03,Insurance - Property & Casualty,0.36657450780637146,Strong Buy
STGW,Stagwell Inc.,7.175758,1.2375,1.1075,148.0,0.7139162,0.38,10.910764028411243,3804493056,244475451,244475451,11.759,1.222,241.336,0.7355,0.664,0.807,5.91,0.096099995,0.2524697778019438,0.02411,0.00532,0.02592,0.35833,8.88,9.85714,11.0,7.0,0.11003828828828821,none,,7,56.88318844224638,40.22511160902007,0.04481132075471686,0.05640115073030405,1.1209749506631488,0.5971,1793881800,0.57446814,2026-08-28T08:34:46,0.0915,7.89,12.47,Advertising Agencies,0.3675928886165229,Strong Buy
ASO,"Academy Sports and Outdoors, In",6.105106,6.98268,6.42373,7.6949463,0.43031245,0.6,29.957885690975843,4256944128,62018371,62018371,6.804,1.034,91.982,0.98,0.283,1.677,6.58,0.1878,0.14368647154566494,0.18847999,0.0624,0.05177,0.34604,42.63,59.94737,78.0,50.0,0.4062249589490967,buy,2.05263,19,40.813764291948786,42.322187844778334,-0.006369771582280306,-0.0021022123963363483,0.14231757252163516,0.01544,1788957000,-0.20392156,2026-08-28T08:34:46,0.1279,6.65,0.8,Specialty Retail,0.368660861259502,Strong Buy
LAD,"Lithia Motors, Inc.",8.791086,42.20639,36.28828,12.286093,0.21500765,0.77,14.893848111570474,24626114560,21983116,21983116,12.809,1.241,257.698,0.577,0.151,1.003,5.76,0.1445,0.21016844017927205,0.10719,0.01883,0.04611,0.15438,371.04,447.3125,525.0,340.0,0.20556409012505394,buy,1.875,16,57.70662117024543,41.748418682061065,0.0509121417237687,0.03580800793966522,0.17767906422698032,0.01201,1792585800,0.10205531,2026-08-28T08:34:46,0.1126,4.78,-16.53,Auto & Truck Dealerships,0.36954385753871194,Strong Buy
SCSC,"ScanSource, Inc.",11.130268,5.22,4.72667,15.452127,0.36603606,0.76,12.425393660802396,1192820352,20324529,20324529,9.363,1.242,12.176,1.4315,1.108,1.755,4.74,0.0763,0.3541610484552926,0.08681,0.024449999,0.03548,0.13557,58.1,60.5,78.0,43.0,0.04130808950086062,buy,2.5,2,56.76696492398329,66.68363726334702,0.07107863131656472,0.0019193857965450647,0.09873193134965677,0.02078,1793881800,0.3310424,2026-08-28T08:34:46,0.0494,5.28,-1.54,Electronics & Computer Distribution,0.370493348061441,Strong Buy
NESR,National Energy Services Reunit,12.674119,2.7639,1.87998,36.489582,2.1822252,,25.673008810354485,3662704896,100851754,100851754,12.658,0.363,29.256,0.8905,0.764,1.017,2.36,0.054,0.5754585745727339,0.09438,0.05768,0.124510005,0.13281,35.03,43.0,50.0,40.0,0.2275192691978305,none,,7,61.11704955073026,73.57558094438106,0.11073823520723168,0.12307092181290687,1.1215509335444116,0.11768,1794486600,2.7425213,2026-08-28T08:34:46,0.0755,3.15,-2.99,Oil & Gas Equipment & Services,0.3705753922353375,Strong Buy
TDC,Teradata Corporation,9.803753,2.91215,2.70887,5.698602,1.5701654,6.0,7.618794329985652,2340150016,93000000,93000000,6.763,0.587,16.695,0.857,0.799,0.915,5.61,0.2824,0.08475161290322575,1.19116,0.27085,0.11951,0.61325,28.55,34.0,49.0,27.0,0.19089316987740812,none,,8,53.664042019225434,72.02639049580557,0.022118668050183903,0.014700553317816337,0.5613336508632378,0.01035,1793736000,0.36081982,2026-08-28T08:34:46,0.2489,7.06,16.23,Software - Infrastructure,0.37063394852155307,Strong Buy
CRMD,CorMedix Inc.,23.742859,0.35,,3.8472223,1.4012303,,3.6359473162901534,538480320,77944324,77944324,2.051,1.496,31.997,2.3975,2.231,2.564,14.32,0.22299999,1.456557131729053,0.54932,0.40492,0.42097,0.90212,8.31,15.4,19.0,13.0,0.8531889290012034,buy,1.6,5,62.33597873300153,28.071969072931253,-0.03174603174603177,-0.3181818181818182,1.3727717947748306,0.075780004,1794832200,-0.43964934,2026-08-28T08:34:46,0.2466,17.1,6.08,Biotechnology,0.3713924962660489,Strong Buy
FUL,H. B. Fuller Company,10.705371,5.32443,4.86898,17.220545,0.8739822,2.2,13.973422023818552,5164443648,53787411,53787411,8.524,0.974,106.252,1.371,0.946,1.796,4.35,0.0739,0.0834980438080577,0.09388,0.052950002,0.13299,0.32394,57.0,73.28571,80.0,67.0,0.28571421052631574,strong_buy,1.42857,7,41.24834717676185,42.005187834418365,0.0,0.0,0.14765797826591348,0.0028600001,1790193600,-0.066339076,2026-08-28T08:34:46,0.0519,4.39,16.37,Specialty Chemicals,0.37149981610225974,Strong Buy
JXN,Jackson Financial Inc.,4.332184,30.81125,26.87367,146.6813,1.3804294,,7.363414384186822,9819432960,67728744,67728744,,1.314,54.611,1.064,0.322,1.806,5.63,0.050300002,,0.0137600005,0.01573,-3.0,0.48801,133.48,146.0,170.0,130.0,0.09379682349415641,none,,4,66.86635144842843,52.10473023009894,0.1605238270032172,0.13540678231549474,1.3681355128688448,0.016970001,1793736000,0.3510121,2026-08-28T08:34:46,0.055,6.16,-10.72,Insurance - Life,0.37154573827702425,Strong Buy
TBBK,"The Bancorp, Inc.",8.202469,8.1,5.98667,12.465291,5.09469,1.07,,3588048640,40786809,40786809,,1.193,,,,,7.35,0.119899996,0.1387983698356985,0.29629,0.43607,0.59707,0.0,66.44,84.33333,88.0,79.0,0.26931562311860335,none,,3,27.51840762783432,47.655146879958345,0.012972927241962777,0.004131816474455929,0.30536905157405186,0.0622,1793304000,-0.12854147,2026-08-28T08:34:46,0.0816,6.72,-1.47,Banks - Regional,0.3715566563802982,Strong Buy
TGLS,Tecnoglass Holdings Inc.,11.74927,3.43,2.58,14.140351,1.7026281,0.72,-84.83885432286229,1928221056,44364616,44364616,8.617,1.412,28.575,1.445,1.03,1.86,5.54,0.0806,0.2243700249766616,0.17018,0.12355,0.12376001,0.39561,40.3,56.33333,58.0,55.0,0.3978493796526055,buy,1.66667,3,17.506717222327666,63.686443106620374,-0.06521739130434773,-0.03921568627450971,0.07049319024180213,0.4472,1793881800,-0.4447506,2026-08-28T08:34:46,0.0634,6.24,-11.1,Building Materials,0.37187839512339893,Strong Buy
TALO,"Talos Energy, Inc.",11.600493,1.44218,0.96195,-7.0889830508474585,1.4114203,,5.071065155898208,3560067328,166965468,166965468,3.143,0.345,66.094,1.4745,1.336,1.613,4.66,0.0865,0.6737625203314495,-0.17822,-0.20462999,0.34449002,0.71367997,16.73,19.11111,24.0,17.0,0.14232576210400483,buy,1.7,9,60.20520803883851,62.82248588520131,1.0,1.0,1.334377190898334,0.24891001,1793822400,0.6933198,2026-08-28T08:34:46,0.0727,4.55,0.24,Oil & Gas E&P,0.3725216747135357,Strong Buy
RIGL,"Rigel Pharmaceuticals, Inc.",9.487444,4.93916,3.54272,2.774423,3.1625214,,-27.562009184456024,819959424,18679864,18679864,9.141,1.171,9.391,1.7625000000000002,1.584,1.941,10.42,0.1761,-0.2594572637145538,1.26897,1.16303,0.29954,0.75608003,46.86,63.0,85.0,43.0,0.3444302176696543,buy,1.8,5,73.50912162539248,48.30094485547269,0.21507456338917025,0.033310041548638765,1.6650825708860415,0.03355,1793736000,0.20617759,2026-08-28T08:34:46,0.2083,10.55,-2.04,Biotechnology,0.37252608237320217,Strong Buy
HLNE,Hamilton Lane Incorporated,14.575267,7.33297,7.60268,16.023987,6.8714724,,25.489059283097895,5358491136,43349167,55185617,13.943,1.173,21.558,4.0465,3.982,4.111,4.7,0.1019,0.9925702955260938,0.32416,0.32141998,0.45933998,0.6066,106.88,133.57143,182.0,105.0,0.24973269086826355,none,,7,68.50941938697673,44.73937883480375,0.2411991634654472,0.0011397588595898447,0.306351268699704,0.11564,1793709000,-0.30750293,2026-08-28T08:34:46,0.0967,5.4,-11.19,Asset Management,0.37331617632160596,Strong Buy
SNDK,Sandisk Corporation,5.6094775,264.72162,214.09818,20.325075,10.738092,,28.160655879898943,212863893504,146419001,146419001,16.871,,1.277,1.9985,1.707,2.29,0.46,0.082399994,3.6799581701831174,0.9164,0.56465,0.78472,0.71474,1484.95,2125.087,3600.0,1000.0,0.43108320145459444,buy,1.54167,23,58.647841952515805,46.06999934570757,0.007044147901941393,0.0656140853418336,0.5037369108506784,0.01,1793995200,27.300934,2026-08-28T08:34:46,0.0473,1.0,-13.16,Computer Hardware,0.37332091931176004,Strong Buy
LRN,"Stride, Inc.",9.195109,9.27667,8.72667,11.847223,1.4078398,0.5,15.76510927875983,3098812672,41559845,41559845,6.073,0.101,33.448,5.7795000000000005,5.618,5.941,6.43,0.2597,0.02139393686381652,0.21735,0.13430999,0.15981,0.37750998,85.3,109.0,125.0,93.0,0.2778429073856976,none,,2,45.02404209061764,40.035799176019864,-0.0034259598683060296,-0.01625980911983037,0.34409278568983054,0.03757,1793131200,-0.4772964,2026-08-28T08:34:46,0.1675,7.0,-1.46,Education & Training Services,0.37344139377871916,Strong Buy
CROX,"Crocs, Inc.",8.139767,14.95006,13.95039,10.963063,1.4388729,1.39,10.928188243327163,7353362432,47945075,47945075,7.936,1.526,121.993,1.1764999999999999,0.863,1.49,4.3,0.1223,0.19996766299771163,0.42299998,0.14635,0.24221,0.5747,121.69,138.25,163.0,95.0,0.1360834908373736,buy,2.33333,12,34.27968069313742,44.44145359656503,0.019535806265840745,0.027934259226790336,0.7790654418110594,0.030940002,1793277000,0.39552748,2026-08-28T08:34:46,0.0957,4.08,-10.66,Footwear & Accessories,0.3752409278392841,Strong Buy
SKWD,Skyward Specialty Insurance Gro,10.431086,5.52675,5.02554,13.406977,1.3483084,0.85,-3.946852989354538,2384807936,40543065,40543065,8.054,0.333,34.492,1.437,0.899,1.975,3.39,0.0482,0.5247105022770231,0.17337999,0.108389996,0.14783,0.3046,57.65,70.54545,80.0,56.0,0.22368516912402425,buy,1.92308,11,30.606789167314375,69.88111696025588,0.029256413984914083,0.008608323995634609,0.4929118628541965,0.08181,1793304000,0.19358182,2026-08-28T08:34:46,0.0444,3.83,-12.44,Insurance - Property & Casualty,0.3754341179755572,Strong Buy
OUT,OUTFRONT Media Inc.,19.81836,1.51728,1.39525,21.948904,2.7401247,0.39,27.339720174049614,9424787456,176135251,176135251,19.098,1.478,573.64,0.6445000000000001,0.619,0.67,4.81,0.0779,0.07758307801769893,0.35024,0.1266,0.22278,0.51405,30.07,38.0,40.0,36.0,0.2637179913535084,none,,6,54.505040636752376,31.67358258426158,0.04698978711270204,0.09134065554668445,1.2986082943793216,0.05546,1793908800,0.609743,2026-08-28T08:34:46,0.0375,4.6,2.83,REIT - Specialty,0.3756290159439437,Strong Buy
ALGN,"Align Technology, Inc.",12.658036,12.54855,11.29194,27.624348,2.7259047,0.76,19.309918706737726,10302221312,71039852,71039852,11.32,1.653,2.855,1.2995,1.204,1.395,3.75,0.0551,0.08582046595479964,0.10155,0.09991,0.18247,0.70365,158.84,208.6,240.0,170.0,0.31327121631830757,buy,1.94118,15,42.19863984189132,40.85293973284725,-0.006791184917078156,0.013493540352203511,0.10106953839872947,0.06132,1793217600,0.11890674,2026-08-28T08:34:46,0.0628,3.97,-12.91,Medical Instruments & Supplies,0.3757694757187689,Strong Buy
REGN,"Regeneron Pharmaceuticals, Inc.",13.325874,60.61216,53.54745,20.162506,5.353034,1.38,27.128757152683335,75365875712,101137842,102954988,16.027,0.188,8.535,2.984,2.633,3.335,3.0,0.024600001,0.24577658083707177,0.14043,0.27865,0.33106,0.44458,807.71,840.4285,1030.0,730.0,0.04050773173540012,buy,1.89286,27,69.84725388171759,26.370197325641584,0.1636543136687758,0.06143034823774484,0.07175564832234738,0.02085,1793190600,0.3909247,2026-08-28T08:34:46,0.0353,3.94,-3.29,Biotechnology,0.37613122617019873,Strong Buy
RRR,"Red Rock Resorts, Inc.",14.910321,3.91675,3.156,21.083033,2.9707189,1.69,34.419325886288654,7002593792,59130385,101987726,8.868,1.336,1245.668,0.583,0.489,0.677,4.62,0.114700004,0.6815028347946661,1.08938,0.08425,0.26652,0.67221,58.4,73.41176,78.0,61.0,0.25705068493150685,strong_buy,1.41176,17,37.91099441029912,27.47256375399421,0.06784674691212343,0.04833728538717908,0.11721456933819671,0.09612001,1793131200,-0.056085348,2026-08-28T08:34:46,0.0659,5.32,-6.78,Resorts & Casinos,0.3764592866474749,Strong Buy
HRTG,"Heritage Insurance Holdings, In",6.588429,5.18333,5.175,4.9066095,1.1880721,,3.9456358874320934,490098848,29732416,29732416,1.594,0.914,16.176,0.598,0.379,0.817,1.97,0.024600001,0.0745217610301161,0.45275003,0.25191,0.39147,0.45389,34.15,39.0,42.0,36.0,0.14202049780380688,none,,2,56.78011096415173,44.94766208008499,0.18511359914992426,0.09507048948626025,1.272136134693651,0.2007,1793822400,0.49978042,2026-08-28T08:34:46,0.0337,2.62,-18.94,Insurance - Property & Casualty,0.37785422460669843,Strong Buy
MH,"McGraw Hill, Inc.",6.3815446,2.0763,1.97417,26.5,1.1973892,,5.8192731290478035,4995010560,191308814,191308814,8.484,,336.611,0.637,0.499,0.775,3.18,0.081,0.0243545391484159,0.17296,0.04378,0.21463,0.8165,13.25,17.91667,24.0,15.0,0.35220150943396233,strong_buy,1.38462,12,55.6718167198112,43.33467610983032,0.01008979508301566,0.01681717565476298,1.038920679749192,0.00438,1794400200,-0.087465584,2026-08-28T08:34:46,0.0832,3.9,-1.76,Education & Training Services,0.37842904298153074,Strong Buy
DVA,DaVita Inc.,10.512874,17.01533,14.84534,15.262798,0.8146205,0.55,10.94770462336536,25974675456,63800000,63800000,9.191,0.87,1241.986,1.4,1.333,1.467,4.14,0.1233,0.26319965191222594,0.88475,0.060489997,0.16061,0.32364,178.88,218.42857,270.0,165.0,0.2210899485688731,none,,7,52.60318272183276,54.413075090515626,-0.0022615782388454952,-0.011981990142657424,0.26387857512868235,0.46909,1793217600,0.29849017,2026-08-28T08:34:46,0.1262,7.51,-4.74,Medical Care Facilities,0.3786368465027294,Strong Buy
YELP,Yelp Inc.,6.0632997,3.7125,3.56,10.927185,0.8292407,0.57,4.3048356719619445,1250635136,54263621,54263621,6.06,0.455,19.131,1.625,1.501,1.749,8.16,0.2631,0.19299435620044592,0.18190001,0.085880004,0.12666,0.89647,22.51,26.0,30.0,21.0,0.15504220346512643,hold,2.9,7,36.29648600506797,23.114080011616053,-0.06965221333164666,-0.035193768257059395,0.5064834731904905,0.06345,1793908800,-0.28810877,2026-08-28T08:34:46,0.1627,9.88,-5.53,Internet Content & Information,0.3796459912158749,Buy
COLL,"Collegium Pharmaceutical, Inc.",3.9079187,6.76575,7.46575,20.8189,1.0141184,,2.5293865825127146,1949185408,30999193,30999193,4.81,0.763,390.461,0.867,0.703,1.031,10.68,0.2394,0.08024529219196119,0.17612,0.05929,0.05652,0.89449,26.44,49.6,60.0,43.0,0.8759455370650528,buy,1.8,5,50.53415893537274,43.982895569522356,-0.03850735696577486,-0.09844093543873682,0.8599345476733522,0.0115,1793881800,-0.31855673,2026-08-28T08:34:46,0.1674,17.35,-2.92,Drug Manufacturers - Specialty & Generic,0.3801818093675702,Buy
GMED,"Globus Medical, Inc.",15.29031,5.39819,4.98106,21.109974,3.5237558,1.49,19.996537824384088,10598748160,111831817,134261914,10.491,0.954,2.347,3.703,2.784,4.622,4.23,0.061300002,0.27893258255832487,0.118140005,0.17025,0.24755,0.68974996,82.54,103.23077,125.0,84.0,0.25067567240126,buy,1.86667,13,59.62768888984907,47.34350715178327,0.050344663254827386,0.04153398058252422,0.751136060138602,0.0061299996,1793908800,0.347152,2026-08-28T08:34:46,0.0625,4.89,-2.58,Medical Devices,0.3803039703647388,Buy
SON,Sonoco Products Company,8.939028,6.34409,5.8198,8.902669,0.7515337,0.21,10.638280924621066,10221645824,98875003,98875003,8.179,0.353,132.433,0.741,0.487,0.995,9.53,0.1392,-0.015434673129668619,0.18855,0.08412,0.10012999,0.20794001,56.71,63.88889,70.0,56.0,0.12658949038970202,buy,1.90909,9,54.1378262707498,36.652598854231165,-0.0038256463801854307,-0.014814837821007657,0.6583386829382342,0.0104600005,1793304000,0.20021164,2026-08-28T08:34:46,0.1181,8.5,9.25,Packaging & Containers,0.38053187094761254,Buy
MXL,"MaxLinear, Inc",24.55237,2.58305,1.75,-53.74576271186441,10.109789,0.39,399.2927338834943,5835145216,90693191,90693191,-260.138,3.975,30.566,1.2325,0.689,1.776,1.16,0.0664,0.4901772481684983,-0.21324,-0.18238,-0.02441,0.57477003,63.42,94.54545,125.0,40.0,0.4907828760643329,buy,1.81818,11,46.732696248412054,18.711797420839773,0.30842099754016844,0.3773695576825659,1.077100704858513,0.05885,1792699200,3.0343513,2026-08-28T08:34:46,0.0489,1.0,7.58,Semiconductors,0.38065788612739077,Buy
BLKB,"Blackbaud, Inc.",8.135678,5.97,5.245,14.718182,1.9201533,0.53,10.297626724039743,3294532352,45390097,45390097,12.314,0.981,1727.037,0.477,0.126,0.828,5.03,0.1233,0.10097211292586583,1.94448,0.13124,0.21754,0.59661996,48.57,50.5,55.0,45.0,0.03973646283714216,buy,2.25,4,61.24938937329617,55.521019725849015,0.009819021948402033,0.017729287419024905,1.5072846586419277,0.02014,1793190600,-0.27192324,2026-08-28T08:34:46,0.1233,4.86,-13.6,Software - Application,0.3807641884290746,Buy
PLAB,"Photronics, Inc.",14.571405,2.07667,1.91667,10.768683,2.0583663,2.64,60.58081837550612,1554647040,58963698,58963698,5.677,1.367,0.223,4.6515,4.362,4.941,5.21,0.10609999,0.04767111960989956,0.13769001,0.19045,0.21062,0.33655,30.26,42.33333,44.0,41.0,0.3989864507600791,strong_buy,1.0,3,64.95223653035299,49.089787164323816,0.030467741935483867,0.006599009900990021,0.06900477011960746,0.03178,1787747400,0.3348037,2026-08-28T08:34:46,0.0793,4.95,7.61,Semiconductor Equipment & Materials,0.3809696679068695,Buy
EPR,EPR Properties,19.167204,3.11,3.1,19.229033,6.179719,,13.521623049021315,8081457664,76608922,76608922,14.076,1.019,152.233,1.456,1.246,1.666,9.63,0.1288,0.09886638008037774,0.113170005,0.35626,0.54328996,0.91873,59.61,64.40909,70.5,58.0,0.08050813621875541,buy,2.5,11,31.08335553421972,36.89585349785566,0.024793388429752126,0.029801324503311213,0.32964028390174777,0.02268,1793217600,0.09880185,2026-08-28T08:34:46,0.0967,10.24,-6.33,REIT - Specialty,0.38120499145619535,Buy
CENX,Century Aluminum Company,3.8000867,12.07604,9.93154,7.925734,1.7032102,0.06,-98.14317973534972,4810802176,98993295,98993295,10.043,1.998,31.281,2.0965,1.442,2.751,4.56,0.1336,0.12819575798542715,0.51749,0.22559,0.28135002,0.18889,45.89,70.0,83.0,60.0,0.5253867945086075,strong_buy,1.0,4,28.711283691400226,59.859508705309985,0.015494887525562441,0.10738560293443389,1.5872733525898153,0.30885,1793908800,1.0550828,2026-08-28T08:34:46,0.1445,5.72,1.44,Aluminum,0.38226306999558846,Buy
FLYW,Flywire Corporation - Voting,13.89725,1.34559,1.05304,69.25926,3.188598,,13.545967367730464,1982474496,121667674,121667674,31.261,1.285,0.18,1.4615,1.399,1.524,5.15,0.096,0.2773666734189395,0.04231,0.0477,-0.01354,0.59622,18.7,20.76923,24.0,18.0,0.11065401069518721,buy,2.07143,13,65.81663631954132,30.438520510866255,0.025615053470206664,0.0730468345042625,1.4551106276759544,0.03323,1793736000,0.42205322,2026-08-28T08:34:46,0.1316,6.48,-3.23,Software - Infrastructure,0.38275819935986216,Buy
GNW,Genworth Financial Inc,9.027273,1.1,1.1,19.470589,0.5083404,0.31,5.569954788377933,4995060736,377851037,377851037,9.671,0.858,23.338,5.8895,1.104,10.675,2.95,0.0339,0.14380256458578922,0.033970002,0.028719999,0.07248,0.06625,9.93,12.0,12.0,12.0,0.2084592145015105,none,,1,72.7228007284854,71.91236710039725,1.0,1.0,0.6630636384584842,0.018550001,1794254400,0.15869308,2026-08-28T08:34:46,0.0209,2.59,-11.02,Insurance - Life,0.38334677984010473,Buy
SSNC,"SS&C Technologies Holdings, Inc",10.798468,7.7298,7.06482,23.848572,2.9838145,0.86,15.046400552531278,26998874112,234654996,234654996,12.795,1.087,115.897,0.6725,0.28,1.065,2.44,0.0341,0.1479651350615181,0.12624,0.13161999,0.24598,0.48104,83.47,92.33333,112.0,82.0,0.10618581526296889,none,,9,55.06210410060107,48.55720167191882,0.024745366408382718,0.03125462775814391,0.13660328239753441,0.14427,1792699200,-0.058538258,2026-08-28T08:34:46,0.0296,2.84,-4.07,Software - Application,0.38359012549792254,Buy
APA,APA Corporation,10.087257,4.20134,5.73988,8.702259,1.7321392,0.8,6.916454143235029,19207897088,350351510,350351510,3.358,0.348,48.854,0.819,0.692,0.946,4.72,0.09819999,0.11895621628689446,0.26659,0.19564,0.56331,0.78255,42.38,43.75,53.0,31.0,0.032326569136384986,hold,2.6,24,57.969980339868336,61.65673068100074,0.0327444407859817,0.0235088334746299,0.6284146449403466,0.0044299997,1793822400,0.8251507,2026-08-28T08:34:46,0.0864,5.84,-6.8,Oil & Gas E&P,0.38537736739639245,Buy
ABG,Asbury Automotive Group Inc,6.9568186,30.28252,26.39582,7.811272,0.21039945,0.61,10.487881264559068,9262130176,17951917,17951917,9.13,0.724,140.969,0.5275,0.145,0.91,3.99,0.102,0.09846663172518011,0.13233,0.02834,0.051020004,0.1711,210.67,254.2,315.0,190.0,0.20662647742915463,hold,2.63636,10,28.040897486425493,53.623624927753866,0.02492595290496041,0.03015994725802278,0.33944955156530954,0.00835,1793104200,-0.1624791,2026-08-28T08:34:46,0.071,3.42,-10.06,Auto & Truck Dealerships,0.3854803489895698,Buy
CTSH,Cognizant Technology Solutions ,10.096915,6.3148,5.73621,13.311065,1.3270642,1.01,12.963359126685853,29763321856,450444209,450444209,7.374,0.809,14.479,1.9325,1.683,2.182,3.69,0.0791,0.14359202855241948,0.14924,0.10258,0.17479,0.3344,63.76,63.942,84.0,42.0,0.0028544542032622466,buy,2.2069,25,63.07334985790071,62.555227461748075,0.004817200383273955,0.020948291332739476,0.03499938877144657,0.00126,1793190600,-0.11750865,2026-08-28T08:34:46,0.0998,4.78,-21.51,Information Technology Services,0.3854927406189883,Buy
GS,"Goldman Sachs Group, Inc. (The)",14.059648,74.03244,70.72416,16.077696,4.4852977,1.5,,69782331392,291171408,291171408,,1.288,725.381,1.4849999999999999,1.407,1.563,3.05,0.0214,0.48152394688423517,0.16902,0.31039,0.42176998,0.82075995,1040.87,1141.65,1325.0,730.0,0.09682285011576863,hold,2.6,20,48.71155274483388,47.72337668593281,0.16619582343403502,0.10692656275837539,0.3431432994384394,0.0055199997,1791894600,0.39667225,2026-08-28T08:34:46,0.0206,3.02,-1.6,Capital Markets,0.385771417463339,Buy
SPT,"Sprout Social, Inc",7.169762,1.5398,1.12822,-21.23076923076923,1.3883452,0.08,6.431710218024594,594891008,55022855,60592212,-42.173,0.905,20.075,0.9325,0.839,1.026,3.22,0.081099994,0.18436677994989537,-0.14305,-0.06132,-0.024419999,0.77445,11.04,10.44444,14.0,7.0,-0.053945652173913006,hold,2.6,9,69.40579795995481,44.3967527543914,0.22181069958847738,0.29897081154040833,0.20074842571863136,0.024920002,1793822400,-0.30082333,2026-08-28T08:34:46,0.0766,4.66,-7.45,Software - Application,0.3860920531456773,Buy
PHAT,"Phathom Pharmaceuticals, Inc.",8.055868,1.10975,-0.02975,-7.039370078740157,3.0178099,,-22.167272113840006,1092800128,80900934,80900934,-27.229,0.499,,1.8719999999999999,1.82,1.924,7.46,0.1532,0.6223607564283498,,-0.41338003,-0.053379998,0.82922995,8.94,21.5,29.0,13.0,1.404921700223714,strong_buy,1.36364,10,60.133525163731115,73.09499717010475,0.32386363636363635,-0.2288047255038221,0.24212777407261135,0.04662,1793277000,-0.26600987,2026-08-28T08:34:46,0.2041,8.7,9.95,Biotechnology,0.38678085368670045,Buy
AVNT,Avient Corporation,12.663769,3.49501,3.19982,23.924324,1.2185223,1.22,15.389308206199184,5522807296,91719550,91719550,9.412,1.28,76.563,1.5565,1.213,1.9,4.62,0.056599997,0.05593578250220377,0.071100004,0.051030003,0.1277,0.32994,44.26,50.85714,56.0,46.0,0.14905422503389065,none,,7,58.33157256796697,26.651047001281086,0.040764484516131114,0.03320128891122487,1.1634363714094742,0.00851,1794227400,0.18342245,2026-08-28T08:34:46,0.0447,5.89,-4.18,Specialty Chemicals,0.3874188537999047,Buy
EMN,Eastman Chemical Company,10.480396,6.93199,6.38878,18.919271,0.93692374,0.62,15.250546724786558,13157829632,114326623,114326623,9.446,1.084,88.518,1.1115,0.725,1.498,4.74,0.065799996,0.1038580926159256,0.07334,0.04986,0.12893,0.19662,72.65,81.6,100.0,74.0,0.12319339298004106,buy,2.0,15,46.06403977633747,63.79322884292499,0.012727292902104902,0.004454265531606559,0.25654130538893244,0.00931,1793649600,0.03284049,2026-08-28T08:34:46,0.0465,3.77,-1.81,Specialty Chemicals,0.38774427225017327,Buy
COF,Capital One Financial Corporati,9.02298,24.01313,20.39969,11.9641075,2.7629135,0.23,,136092762112,613484836,613484836,,1.016,,,,,2.7,0.0197,11.623531883875286,0.09031,0.21867001,0.33629,0.0,216.67,258.27274,300.0,214.0,0.19200969215858232,buy,1.54167,22,69.42359669591174,57.86212368997004,0.0060839412260501845,-0.0012198799252184755,0.5001916061869222,0.01228,1792526400,-0.046430767,2026-08-28T08:34:46,0.0178,2.25,-16.6,Credit Services,0.38844615320070897,Buy
LQDA,Liquidia Corporation,12.378761,5.65,3.22,51.051098,13.883687,,84.26080626974262,6158966784,89508891,89508891,36.279,0.572,93.738,2.1935000000000002,2.075,2.312,7.42,0.16430001,17.553545745438853,1.3181599,0.30739,0.49812,0.92542,69.94,107.75,130.0,90.0,0.5406062339147841,buy,1.625,8,25.218156528847132,48.16738318314776,-0.07471264367816086,0.013998564249820584,0.41207537154116414,0.12550001,1793709000,1.5267341,2026-08-28T08:34:46,0.1891,8.25,-3.0,Drug Manufacturers - Specialty & Generic,0.3884856255619157,Buy
SLM,SLM Corporation,7.9562984,3.36463,3.11966,7.456825,2.9850335,0.51,,6484340736,188000000,188000000,,0.972,236.158,1.324,1.314,1.334,6.65,0.1088,0.21751070399999994,0.30333,0.43625,0.29211,1.0,26.77,28.54545,35.0,23.0,0.06632237579379896,buy,2.09091,11,56.16465272364215,69.02423374418144,-0.0008746663932667096,-0.0006953937592868442,0.27302511982323724,0.01302,1792699200,-0.14418161,2026-08-28T08:34:46,0.1091,6.59,6.07,Credit Services,0.3891379906112927,Buy
FANG,"Diamondback Energy, Inc.",11.06804,18.11703,20.23237,38.049335,3.4557831,20.62,11.150742743158819,74387480576,280019792,280019792,6.315,0.419,28.678,0.444,0.421,0.467,4.19,0.0392,0.5856428719867057,0.034930002,0.09029,0.48466998,0.72353995,200.52,232.5357,283.0,205.0,0.15966337522441632,strong_buy,1.48276,28,59.82243358506759,54.17890240523916,0.02933751600043147,0.041774411965118906,0.49216483304431086,0.27114,1793649600,0.34794295,2026-08-28T08:34:46,0.0405,4.55,-9.89,Oil & Gas E&P,0.390277670102116,Buy
CNOB,"ConnectOne Bancorp, Inc.",8.709765,3.666,3.278,9.947041,3.6244435,,,2284468992,50319832,50319832,,1.029,,,,,3.3,0.0308,1.3396900132734944,0.102460004,0.36089,0.55182,0.0,31.93,36.75,38.0,35.0,0.15095521453178828,buy,1.8,4,42.525366741474365,77.58753045739266,0.0,0.0065897858319604674,0.2942007257297001,0.05356,1793277000,0.24726558,2026-08-28T08:34:46,0.0281,2.61,-13.67,Banks - Regional,0.39049259707796763,Buy
SNEX,StoneX Group Inc.,14.450316,4.73,4.63,18.674862,0.05292028,,,-6763945984,120616735,120616735,,0.655,823.47,1.0535,1.042,1.065,3.82,0.05,0.05361570597977128,0.2185,0.00338,0.00418,0.01731,68.35,75.0,75.0,75.0,0.09729334308705195,buy,2.0,1,49.37404499159135,51.45321210231185,0.08346418366941011,0.06691809542713957,0.11730655030394557,0.091359995,1795464000,0.50521195,2026-08-28T08:34:46,0.0403,4.15,11.06,Capital Markets,0.39115020378568055,Buy
ARLO,"Arlo Technologies, Inc.",12.742393,1.02571,0.94714,46.67857,2.3955,0.57,21.80316620649492,1271090944,107613304,107613304,87.831,1.565,3.606,1.2275,1.053,1.402,9.02,0.1297,0.16869430010252273,0.22068001,0.052020002,-0.035550002,0.4461,13.07,21.0,25.0,18.0,0.6067329762815608,none,,6,24.476530886582992,23.070299397976044,0.1297937566352152,0.04132994923857859,0.9671211832467415,0.03148,1793908800,-0.249282,2026-08-28T08:34:46,0.1121,10.84,-5.88,Building Products & Equipment,0.39137775329019997,Buy
DINO,HF Sinclair Corporation,10.3483,9.37352,13.48029,9.246902,0.5522299,1.16,8.471616744176687,18387034112,177783849,177783849,5.735,0.685,32.261,1.5205000000000002,1.07,1.971,2.75,0.053200003,0.6235677291473198,0.19504999,0.06132,0.11694,0.12892,97.0,90.8,114.0,67.0,-0.06391752577319587,hold,2.625,15,85.03351845812153,51.81540412623162,0.1918912466843501,0.11495946854128372,0.8977326980753201,0.05489,1793277000,0.9064466,2026-08-28T08:34:46,0.0527,2.79,7.79,Oil & Gas Refining & Marketing,0.39179264004503894,Buy
QNST,"QuinStreet, Inc.",10.106952,1.87,1.59,14.104477,0.83398247,1.13,8.877651175776672,1027424320,57086409,57086409,17.547,0.667,23.184,1.2045,1.191,1.218,4.41,0.1076,0.4417406199083218,0.28647,0.06279,0.051149998,0.11271,18.9,22.4,24.0,21.0,0.18518518518518512,none,,5,37.59086251456442,9.558586912678479,0.04376596010056915,0.07780979827089338,1.368785327570643,0.046240002,1793908800,0.2053572,2026-08-28T08:34:46,0.082,6.27,-2.5,Advertising Agencies,0.39214775981395744,Buy
PD,"PagerDuty, Inc.",8.985743,1.40556,1.31556,5.901869,1.9729437,,8.474132260550084,954806976,77122565,77122565,24.232,0.921,180.645,1.88,1.812,1.948,6.04,0.13350001,0.20702908467839465,0.94625,0.38605,0.078660004,0.85162,12.63,10.64286,13.5,8.0,-0.1573349168646081,hold,2.66667,7,74.69244432234339,39.483460066886074,0.0,0.0,1.2227303236791196,0.078779995,1787860800,-0.2455197,2026-08-28T08:34:46,0.1081,5.05,9.29,Software - Application,0.3925059556281399,Buy
MAT,"Mattel, Inc.",9.381406,1.59038,1.30798,11.134328,0.7764479,1.25,10.022301655368272,6485099008,285700000,285700000,9.925,0.729,137.445,1.472,1.042,1.902,5.83,0.14,0.24617080854042706,0.20497,0.07785,0.01323,0.47605,14.92,18.23077,28.0,12.0,0.22190147453083098,buy,2.0,13,61.44136066671861,51.24598138218975,-0.016371498401955304,-0.009726027397260391,0.35997870938281534,0.010319999,1793131200,-0.18469948,2026-08-28T08:34:46,0.1171,5.94,-1.42,Leisure,0.3929254624844528,Buy
DECK,Deckers Outdoor Corporation,10.322788,8.36305,7.53557,12.714286,2.1270065,1.09,13.491284445006857,10646385664,136181857,136181857,8.023,1.167,20.521,2.3064999999999998,1.866,2.747,3.32,0.0648,0.1598744170451427,0.42558,0.18361,0.15233,0.57804,86.33,122.80952,184.0,85.0,0.4225590177226921,buy,2.34615,21,40.98739992905586,30.317315075895706,0.0026650187323780574,0.0010789865871833353,0.31388826119639845,0.00704,1792699200,-0.27835828,2026-08-28T08:34:46,0.0471,2.35,8.86,Footwear & Accessories,0.3932880722686954,Buy
ZBH,"Zimmer Biomet Holdings, Inc.",10.971341,9.06726,8.53381,24.623764,2.2299957,0.67,17.393516762849515,26120484864,190737689,190737689,10.223,0.462,60.175,1.216,0.741,1.691,3.34,0.0608,0.08706729690952697,0.06413,0.09481,0.17959999,0.69877,99.48,107.57143,130.0,93.0,0.08133725371934064,buy,2.44444,21,70.42929238632256,40.8729880994208,0.006292118932368142,0.00892730968963033,0.48319685396136797,0.00158,1793881800,-0.062393963,2026-08-28T08:34:46,0.0588,4.87,-7.25,Medical Devices,0.3933129094828382,Buy
NSIT,"Insight Enterprises, Inc.",11.791142,13.25232,12.50413,22.483454,0.53452814,1.13,10.459695706071319,5964294144,29348850,29348850,9.519,1.072,108.517,1.1455000000000002,1.108,1.183,2.64,0.0685,0.22992919995161643,0.13112001,0.024530001,0.06179,0.22103001,156.26,163.75,180.0,140.0,0.04793293229233342,none,,4,59.14966490339736,40.01835820377145,0.0943681411251114,0.07788533958424498,0.1948422592965656,0.012569999,1793277000,0.20052242,2026-08-28T08:34:46,0.0486,3.79,-2.68,Electronics & Computer Distribution,0.3936790890204908,Buy
PRDO,Perdoceo Education Corporation,10.245455,3.3,3.13,12.161871,2.464137,0.71,11.457677180364142,1495499264,62577055,62577055,6.0,0.72,11.009,4.6274999999999995,4.563,4.692,4.71,0.075,0.05665824638120154,0.17554002,0.20628999,0.25722998,0.79890996,33.81,44.0,44.0,44.0,0.3013901212658976,none,,1,56.390889415212946,84.08857212837248,0.006430868167202578,-0.011976047904191628,0.2203023081307071,0.01194,1794254400,0.032681704,2026-08-28T08:34:46,0.0615,4.36,0.85,Education & Training Services,0.39382233259707927,Buy
LUV,Southwest Airlines Company,8.165545,4.86924,3.38384,25.487179,0.64679,0.31,-23.30148726106763,22548918272,489208201,489208201,9.645,1.143,97.275,0.4335,0.378,0.489,4.76,0.0678,0.35591350271742495,0.11099,0.02783,0.033800002,0.22399001,39.76,51.3087,67.0,35.0,0.2904602615694165,hold,2.52,23,46.65798007610407,21.491733639889674,0.002785647396308809,-0.011664985355338624,0.05753296125806543,0.01018,1792612800,0.20851064,2026-08-28T08:34:46,0.068,5.67,4.2,Airlines,0.39518466275064723,Buy
PEBO,Peoples Bancorp Inc.,10.2101555,3.88143,3.63857,12.045593,3.277905,1.45,,1971369600,35942315,35942315,,0.589,,,,,5.04,0.048699997,0.09963304255721983,0.09891,0.27198,0.35707,0.0,39.63,43.0,46.0,42.0,0.08503658844309858,none,,6,43.75728166843318,84.42175823702924,0.06235620437956212,0.035837999113990944,0.07759495806583298,0.03159,1792499400,0.28086615,2026-08-28T08:34:46,0.0546,4.94,7.85,Banks - Regional,0.3956059802285055,Buy
INDV,"Indivior Pharmaceuticals, Inc.",7.228674,4.88333,4.40867,12.652329,3.1298883,,48.16048092485549,4452881920,118013649,118013649,7.731,1.136,,0.7104999999999999,0.586,0.835,4.64,0.10520001,0.20103666991942615,,0.26747,0.46939,0.85725,35.3,49.0,53.0,43.0,0.38810198300283294,none,,4,28.718362600152346,30.037365848249323,0.1526537335285504,0.17892182897976922,1.6043320031142463,0.02016,1793881800,0.4538715,2026-08-28T08:34:46,0.0937,7.13,-3.54,Drug Manufacturers - Specialty & Generic,0.39574788807443984,Buy
SBH,"Sally Beauty Holdings, Inc. (Na",7.330357,2.24,2.066,8.552084,0.41223657,0.72,8.685124932000479,2879586048,93622292,93622292,7.388,1.041,173.89,1.4264999999999999,0.486,2.367,13.6,0.308,0.07982603117642095,0.23527999,0.05156,0.09267,0.52114,16.42,17.0,20.0,13.0,0.035322777101096214,none,,5,64.72862114186677,63.03311456393785,0.0029126213592231957,0.0,0.11297890323580544,0.01395,1794486600,0.18470418,2026-08-28T08:34:46,0.2153,15.88,-1.09,Specialty Retail,0.39608895181586246,Buy
IIPR,Innovative Industrial Propertie,12.851936,4.39,4.15,12.764706,5.9000864,,15.575632485202915,2088869504,27571349,27571349,10.31,1.401,32.892,3.8735,3.166,4.581,11.09,0.19510001,0.0234848828035219,0.073850006,0.52268004,0.48824,0.88355005,56.42,64.5,90.0,51.0,0.14321162708259472,hold,2.83333,4,25.446329736134544,18.169917812348984,-0.030373831775700907,-0.08350730688935289,0.16295584035979685,0.019709999,1793649600,-0.004235804,2026-08-28T08:34:46,0.1372,11.5,-4.84,REIT - Industrial,0.39634089034567677,Buy
MD,"Pediatrix Medical Group, Inc.",10.985137,2.43966,2.34837,12.884616,1.1163539,0.24,13.544150098292672,2341515264,81253271,81253271,8.878,0.652,70.371,1.299,1.282,1.316,6.06,0.0868,0.11463288659480542,0.20389,0.08962,0.13407,0.26236,26.8,26.33333,28.0,21.0,-0.01741305970149254,hold,2.71429,6,61.32422222685061,25.95811557091112,0.03167915791693387,0.033947007069114514,1.2339089568651498,0.02009,1793622600,0.55723417,2026-08-28T08:34:46,0.0531,6.63,-15.67,Medical Care Facilities,0.39651095663493896,Buy
KDP,Keurig Dr Pepper Inc.,12.580701,2.53404,2.29293,32.53061,2.159439,1.09,9.416274982538825,83999137792,1360826038,1360826038,17.474,0.411,99.649,0.3395,0.2,0.479,5.22,0.055,0.7529209913721537,0.051,0.07103,0.12888,0.50956,31.88,36.20588,42.0,29.0,0.13569259723964877,buy,1.83333,17,68.8775258424984,65.76946302058906,0.001966413654776493,0.002409066635020443,0.2295829758409908,0.049850002,1793017800,0.09590924,2026-08-28T08:34:46,0.0471,5.5,1.36,Beverages - Non-Alcoholic,0.39655716141306935,Buy
SYF,Synchrony Financial,7.6050296,10.51015,9.36541,8.181167,2.6248379,1.14,,27961890816,325370840,325370840,,1.311,,,,,5.25,0.0733,0.15034995731024936,0.20786,0.35507,0.50219,0.0,79.93,89.30435,104.0,78.0,0.11728199674715367,buy,1.875,23,57.10313383872873,24.784522462978927,-0.0005645255957397724,-0.0009034337159173489,0.2656315742762592,0.00349,1791981000,0.047026515,2026-08-28T08:34:46,0.0586,4.44,-2.18,Credit Services,0.3966401589137324,Buy
APLE,"Apple Hospitality REIT, Inc.",22.599726,0.727,0.74202,22.50685,2.6925013,,10.747522874250562,5473344512,236082698,236082698,12.085,0.881,51.367,0.278,0.265,0.291,5.82,0.1204,0.05509500742828677,0.05529,0.12166,0.22447,0.42902002,16.43,17.16667,18.5,16.0,0.04483688374923922,buy,2.45455,9,63.63281909316123,42.24759531982177,0.07520431229351426,0.021942956746650942,0.14110599555400627,0.07116,1793649600,0.25803983,2026-08-28T08:34:46,0.0804,6.01,24.96,REIT - Hotel & Motel,0.39668022969393063,Buy
GPN,Global Payments Inc.,5.7887535,16.02072,13.67866,43.952606,2.4043617,0.27,3.119146857902383,43546501120,264618390,264618390,9.715,0.775,98.273,0.6595,0.494,0.825,4.39,0.066700004,0.5457558164721659,0.02428,-0.091529995,0.16108,0.63959,92.74,103.0,194.0,60.0,0.11063187405650221,buy,2.32353,28,73.56039524127522,42.340157870666154,-0.008703680620577428,-0.006436784745707004,0.6544749876339507,0.00934,1793709000,0.04413426,2026-08-28T08:34:46,0.0799,5.38,-12.48,Specialty Business Services,0.3966811759186193,Buy
CNK,Cinemark Holdings Inc Cinemark ,13.977707,2.61774,2.36962,20.789772,1.2610277,1.86,18.635534225112817,6666706944,115911855,115911855,10.129,0.986,587.527,0.8,0.755,0.845,2.8,0.113000005,0.1460334234147147,0.45816,0.0644,0.21705,0.49416,36.59,39.27273,43.0,33.0,0.07331866630226846,buy,2.0,11,30.118591542777807,21.212203214831504,0.07457754343567506,0.08353440453763128,1.1452887602685253,0.11113,1793795400,0.41821706,2026-08-28T08:34:46,0.0779,2.6,-6.76,Entertainment,0.39744016210880995,Buy
ECVT,Ecovyst Inc.,11.637906,0.87215,0.68404,44.130432,1.2782273,,8.824670083614123,1567876224,109468398,109468398,8.921,1.1,93.099,1.51,1.319,1.701,3.56,0.0422,0.5374153917918849,0.0404,-0.07056,0.08823,0.21293,10.15,15.5,17.0,13.0,0.5270935960591132,none,,6,42.24769336635066,48.770562568549664,0.00774919708889468,-0.010584471570540523,1.2636090451282949,0.01846,1793881800,0.11661172,2026-08-28T08:34:46,0.0407,3.22,-10.97,Specialty Chemicals,0.39751868110401084,Buy
TREE,"LendingTree, Inc.",4.2712455,6.62102,5.3377,2.3029318,0.31308034,3.55,6.291479842229536,722334784,14039561,14039561,6.141,2.076,135.941,1.8054999999999999,1.765,1.846,1.96,0.062,0.2155729513194895,0.82782996,0.14325,0.07783,0.96408,28.28,56.0,70.0,45.0,0.9801980198019802,none,,6,32.00113162124167,22.44572354637576,-0.08663274001622187,-0.023694613895315585,1.1561010330912027,0.1899,1793304000,-0.58381164,2026-08-28T08:34:46,0.1226,4.79,-4.28,Financial Conglomerates,0.39799660650836205,Buy
ARHS,"Arhaus, Inc.",15.505105,0.5682,0.53307,17.979593,0.885261,,15.734117244711133,1627681792,54424464,141540064,13.756,2.304,146.823,0.9015,0.476,1.327,3.86,0.105900005,1.7811595167937715,0.17282,0.04911,0.07915,0.38002998,8.81,10.5,13.0,9.0,0.19182746878547108,buy,2.26667,13,49.773251325558654,48.24672309806094,0.11551258710527973,0.024836318381040095,0.3696121018922925,0.04717,1793881800,-0.24893433,2026-08-28T08:34:46,0.0892,4.73,1.94,Specialty Retail,0.3980712377765453,Buy
WAL,Western Alliance Bancorporation,6.9740963,11.28605,8.91029,8.98516,2.462599,1.47,,10126135296,109100864,109100864,,1.332,,,,,0.0,0.0,0.14956875135287673,0.13019,0.28198,0.39363998,0.0,78.71,93.06667,98.0,88.0,0.18239956803455737,none,,15,31.027856139869357,53.68259742806166,-0.02979763609340203,-0.015039647838525214,0.18197177786161128,0.026619999,1792612800,-0.1210497,2026-08-28T08:34:46,0.0603,5.88,13.13,Banks - Regional,0.3980898950004763,Buy
HLF,Herbalife Ltd.,4.011538,3.07862,2.36506,7.9677424,0.24618173,0.61,4.027421553947782,3135221760,103669416,103669416,5.016,0.877,,0.8520000000000001,0.503,1.201,5.96,0.103599995,0.03547161874626559,,0.031570002,0.09753,0.77696997,12.35,17.0,25.0,9.0,0.3765182186234819,none,,3,56.46590223183936,10.370065120152205,-0.1039606586195661,-0.023642873679503452,0.3204917723151529,0.05009,1793822400,0.26278114,2026-08-28T08:34:46,0.1072,7.9,-2.62,Packaged Foods,0.3985956094122979,Buy
BRC,Brady Corporation,14.604688,6.4,5.27,21.389017,,1.67,,4316650496,,,12.887,0.615,6.586,1.6589999999999998,1.308,2.01,4.15,0.0165,0.138,0.16695999,0.12927,0.17716,0.51409,93.47,107.0,111.0,103.0,0.14475232694982343,strong_buy,1.0,2,26.130954012588163,45.05152238870848,-0.0009478672985783472,0.050903119868637194,0.14630099307971925,0.034,1788438600,0.19710553,2026-08-28T08:34:46,0.0164,4.05,1.08,Security & Protection Services,0.39866172651339354,Buy
OVV,Ovintiv Inc. (DE),8.882626,7.33792,7.41999,18.005526,1.8931836,1.85,14.651595433442546,22286323712,276600000,276600000,4.565,0.538,43.734,0.966,0.924,1.008,3.42,0.0484,0.2182938010701374,0.08411,0.09661,0.36176997,0.53859,65.18,74.18182,85.0,55.0,0.1381070880638231,buy,1.54167,22,68.7248885900484,40.95580602168488,0.023703881526121136,0.04445626360931553,0.5845164665453548,0.00463,1793822400,0.5474833,2026-08-28T08:34:46,0.0504,3.54,-3.15,Oil & Gas E&P,0.3993036173211897,Buy
CLBK,"Columbia Financial, Inc.",18.52787,0.63364,0.50061,21.345453,4.5715404,,,3311122944,104058235,104058235,,0.234,,,,,2.03,0.6718,1.5161709652292297,0.05019,0.21759,0.32641998,0.0,11.74,14.16667,14.5,14.0,0.20670102214650754,buy,1.66667,3,75.94749794913864,68.22624880651763,0.48831608990367464,0.7872172392395779,0.8629525587364596,0.294,1792526400,0.7184298,2026-08-28T08:34:46,0.0769,1.42,353.77,Banks - Regional,0.3997498769871113,Buy
SANM,Sanmina Corporation,14.611259,13.91735,12.09831,35.5507,0.85392976,0.65,-49.04703263509538,11678716928,53597356,53597356,13.496,1.601,88.161,1.3860000000000001,0.992,1.78,1.89,0.0507,0.6927713486463773,0.12488,0.02414,0.0704,0.090150006,203.35,260.0,300.0,210.0,0.2785837226456849,none,,4,41.80192205918519,76.93650219732743,0.07835186990942357,0.06861967479212862,0.12900447288903474,0.052849997,1793649600,0.7303438,2026-08-28T08:34:46,0.0292,1.53,9.05,Electronic Components,0.3999874666790137,Buy
SLGN,Silgan Holdings Inc.,10.222876,4.09376,3.82112,16.875,0.6619093,0.79,14.11628849705193,8905019392,105682020,105682020,9.106,0.676,203.153,0.9844999999999999,0.697,1.272,5.39,0.0942,0.0812484848416033,0.11748,0.04045,0.10297,0.1707,41.85,55.30769,61.0,47.0,0.3215696535244923,strong_buy,1.38462,13,49.679660386596005,4.4053077820218505,0.0034559186546077323,0.0012693924770762898,0.08139837961013817,0.16307,1793190600,-0.10805625,2026-08-28T08:34:46,0.0936,3.85,-8.28,Packaging & Containers,0.40011500281254453,Buy
ARW,"Arrow Electronics, Inc.",8.733961,23.925,21.635,13.225317,0.2960966,0.95,14.514680063687548,12636846080,50905423,50905423,8.593,1.201,30.663,1.1,0.983,1.217,2.22,0.028399998,0.33343829791965374,0.12036,0.02259,0.0395,0.11271,208.96,235.0,250.0,200.0,0.12461715160796327,none,,4,58.8836346022111,89.3205536583167,0.09230880304463097,0.12192262602579139,0.4503688605344284,0.0051499996,1793277000,0.6540806,2026-08-28T08:34:46,0.0264,2.73,-9.91,Electronics & Computer Distribution,0.4008948586709366,Buy
EXEL,"Exelixis, Inc.",13.294295,4.15667,3.57833,17.654951,5.621045,2.56,18.51039046468829,13018959872,247781692,247781692,12.76,0.422,8.999,3.35,3.244,3.456,10.74,0.1546,0.20161632784394756,0.44393003,0.35331002,0.39513,0.96483004,55.26,53.0,66.0,41.0,-0.040897575099529515,buy,2.4,17,57.548615510043994,33.99236159198996,0.014737576424414934,0.049399141630901346,0.729216375117242,0.01845,1793131200,0.47675037,2026-08-28T08:34:46,0.1346,13.42,-7.0,Biotechnology,0.40090077259034396,Buy
BEN,"Franklin Templeton, Inc.",11.0007105,3.16525,2.88973,23.849314,1.8973668,0.44,-5.915094996112747,21255538688,508076910,508076910,11.815,1.574,24.805,3.3,1.114,5.486,3.38,0.0395,0.16801193375231316,0.07887,0.08717,0.12979001,0.37707,34.82,35.18182,41.0,26.0,0.010391154508903044,hold,2.72727,11,63.13442954400681,56.52805883417547,0.026007640743055255,0.021295474711623727,0.5268529039051751,0.48556,1793968200,0.3569758,2026-08-28T08:34:46,0.0704,4.17,0.08,Asset Management,0.40110694197818997,Buy
CART,Maplebear Inc.,10.308373,4.89699,4.15184,27.736263,2.9266527,2.34,12.731715558378076,11070123008,231500067,231500067,17.712,0.778,1.348,2.124,1.969,2.279,3.77,0.1079,0.2850909633991596,0.16001,0.120459996,0.14094,0.72577006,50.48,57.55556,77.0,45.0,0.14016561014263074,buy,2.0,27,57.358582719623385,46.01224588222109,-0.04521211126610317,-0.015373614587057523,1.7168385650787126,0.11293,1794254400,0.16393816,2026-08-28T08:34:46,0.0954,4.7,-7.02,Internet Retail,0.4011204919396983,Buy
LAMR,Lamar Advertising Company,23.239197,6.48,6.056,27.530165,6.5738955,2.2,27.37161107038123,20216258560,87129599,101549684,19.096,1.212,500.114,0.5965,0.566,0.627,4.75,0.0783,0.251530493099136,0.59433,0.23905,0.33283,0.67430997,150.59,162.2,170.0,151.0,0.07709675277242845,hold,2.66667,5,33.09247281623526,57.343549572675094,-0.008188666885031087,0.01408450704225364,0.20496215228868422,0.0081400005,1793881800,0.18341851,2026-08-28T08:34:46,0.0405,5.89,-6.97,REIT - Specialty,0.40151362205098473,Buy
TPC,Tutor Perini Corporation,15.15766,6.06624,5.37588,39.63362,0.8132013,0.62,8.440178730634658,4429240320,52614703,52614703,14.049,2.066,34.819,1.193,1.101,1.285,1.76,0.0476,0.19398906423552353,0.13736,0.02083,0.07218,0.11481,91.95,116.25,125.0,105.0,0.264274061990212,none,,4,35.403191527378155,83.06229793340765,0.06247937151045017,0.007175802172332122,0.845542498826319,0.14711,1793822400,0.5600611,2026-08-28T08:34:46,0.0555,1.71,12.55,Engineering & Construction,0.40184166243649855,Buy
URGN,UroGen Pharma Ltd.,16.283205,2.79429,-0.24286,-23.333333333333332,11.784127,,-20.79037066268999,2312218624,48880564,48880564,-34.851,1.575,,3.4895,3.177,3.802,5.93,0.1069,1.8318451317378415,,-0.51732,0.00153,0.90845,45.5,60.0,75.0,48.0,0.31868131868131866,strong_buy,1.375,8,61.561061881192046,62.11783634633832,0.6555177304964539,0.8706543933054396,0.22507305250797432,0.03479,1793881800,1.3393316,2026-08-28T08:34:46,0.1057,6.64,-19.34,Biotechnology,0.4021550040154738,Buy
ANIP,"ANI Pharmaceuticals, Inc.",7.0401363,10.44156,9.28421,16.015251,1.7258656,,12.772142137960836,1824347648,22959488,22970352,8.712,0.464,104.825,2.6035000000000004,2.297,2.91,9.78,0.1814,0.18725360513265787,0.20459,0.1107,0.14974,0.60403997,73.51,108.375,121.0,90.0,0.4742892123520608,buy,1.625,8,44.35522232360595,38.5456019717313,-0.014487261548782583,-0.02955240609952284,1.3151779228788263,0.0545,1793968200,-0.2137968,2026-08-28T08:34:46,0.1188,9.25,-30.76,Drug Manufacturers - Specialty & Generic,0.40270758165903453,Buy
RELY,"Remitly Global, Inc.",16.088587,1.61512,1.84936,18.560715,3.039634,,28.047023380342683,4862480384,211684054,211684054,24.409,0.343,3.396,2.8525,2.524,3.181,4.48,0.072,0.1708202469705158,0.32246,0.16855,0.14324,0.61548,25.985,32.33333,36.0,29.0,0.2443074850875504,strong_buy,1.2,9,51.101543143779054,35.047819133663666,0.33909706382824645,-0.02266758644059595,1.0182719581545163,0.053940002,1793822400,0.4023205,2026-08-28T08:34:46,0.0702,5.37,-7.54,Software - Infrastructure,0.4030180194366504,Buy
WPC,W. P. Carey Inc. REIT,22.353785,3.14846,3.28815,24.35294,8.807387,1.47,14.627223335101329,24734836736,227807251,227807251,16.219,0.782,101.882,1.1444999999999999,1.125,1.164,6.65,0.0513,0.13810066563684575,0.077800006,0.35761002,0.59301996,0.94371,70.38,80.0,88.0,75.0,0.13668655868144364,buy,2.42857,13,48.20360151542313,15.177002441371485,0.08993546205785535,-0.0907526186137447,0.2327517299430503,0.00984,1793131200,0.048882246,2026-08-28T08:34:46,0.0363,5.81,-5.45,REIT - Diversified,0.4033668176267277,Buy
CORT,Corcept Therapeutics Incorporat,26.559908,4.4025,2.15,265.75,15.213948,0.81,163.31707246481974,12341169152,108098397,108098397,1526.617,0.455,1.335,2.6814999999999998,2.504,2.859,7.68,0.115600005,0.2919827571541138,0.08226,0.066420004,0.16124001,0.98305,116.93,141.0,165.0,50.0,0.20584965363892915,buy,2.0,5,71.85420435007579,10.118111519441342,1.0,0.37291957076967697,0.19004552267328387,0.11449,1793822400,0.67713714,2026-08-28T08:34:46,0.1018,6.38,3.99,Biotechnology,0.4038312332439471,Buy
INCY,Incyte Corporation,14.288623,8.93998,3.47935,16.272612,4.449261,31.3,21.93053859185151,21395136512,202697746,202697746,11.015,0.769,0.603,4.4535,4.314,4.593,5.22,0.079,0.3149918795840976,0.30667,0.27706,0.41899,0.55659,127.74,127.125,155.0,86.0,-0.004814466885861846,buy,2.28571,24,60.14032783496838,45.14719966706369,0.29343866171003724,0.022296169239565587,1.0016860487810486,0.01833,1793104200,0.5097506,2026-08-28T08:34:46,0.06,4.8,-2.53,Biotechnology,0.4038864815435478,Buy
ADBE,Adobe Inc.,10.518221,27.49039,24.41188,15.646646,4.561359,0.67,12.468262899815036,116388126720,397500000,397500000,11.963,1.397,61.443,0.6910000000000001,0.631,0.751,3.41,0.0506,0.2083708176100627,0.62953997,0.28689,0.35327998,0.89404,289.15,270.60587,380.0,190.0,-0.06413325263703962,hold,2.725,34,67.84476185799657,65.56210579594145,4.7110430536042806e-05,0.00012806114337506394,0.2202625794496841,0.00223,1789070400,-0.1893748,2026-08-28T08:34:46,0.0488,3.27,-4.53,Software - Application,0.40392727213930113,Buy
CVX,Chevron Corporation,15.087218,13.24101,15.9365,19.264225,1.8715351,0.77,17.86584731727781,426089480192,1961603274,1961603274,8.41,0.488,18.959,1.0474999999999999,0.843,1.252,2.05,0.0081,0.5910495346777243,0.12231,0.09834,0.21866,0.44267,199.77,218.29167,241.0,175.0,0.0927149722180507,buy,1.72,24,70.73552983770568,50.129388205796516,0.0877021034663275,0.04471414177835604,0.42866704601431216,0.04768,1793363400,0.24389791,2026-08-28T08:34:46,0.0108,2.75,-0.57,Oil & Gas Integrated,0.4044371721420053,Buy
PCRX,"Pacira BioSciences, Inc.",7.4868693,3.45004,2.88337,73.8,1.3799012,11.21,10.469997045390354,1190718464,39861886,39861886,9.605,0.268,61.329,4.1274999999999995,3.213,5.042,10.46,0.26319999,0.2336493913007529,0.020480001,0.01962,0.06165,0.79206,25.83,30.0,38.0,23.0,0.16144018583042974,buy,2.14286,7,45.13321134019075,85.04456591174225,0.0022210790481686066,-0.054208313001332324,1.5175776454769587,0.01739,1793908800,-0.031496048,2026-08-28T08:34:46,0.1993,13.39,3.57,Drug Manufacturers - Specialty & Generic,0.40462277551871456,Buy
YOU,"Clear Secure, Inc.",17.102861,2.58027,2.08506,29.817568,5.9881124,,14.320625879169445,3728882688,102911049,135788082,13.583,1.052,45.141,1.008,0.976,1.04,7.65,0.15619999,0.6837345424396559,1.19174,0.14778,0.29865,0.66656,44.13,61.33333,75.0,45.0,0.3898329934285065,buy,2.33333,6,29.825851671709614,42.685354913656106,0.07109063169412382,-0.0037567567567566777,1.0924480231030045,0.07328,1793881800,0.21536767,2026-08-28T08:34:46,0.1295,10.49,-4.82,Software - Application,0.4054139455502204,Buy
AMRC,"Ameresco, Inc.",13.923582,1.64541,1.22418,43.226418,0.60068417,1.61,-3.2729231564438317,3760839936,35066211,53066211,14.842,2.623,190.148,1.522,1.371,1.673,6.83,0.16620001,0.6397476391161849,0.04315,0.0139999995,0.08489,0.16132,22.91,43.5,62.0,32.0,0.8987341772151898,buy,1.75,10,33.14943028005018,54.74272864332346,0.11101228831248977,0.010214781602545572,0.3334771362323028,0.08866999,1793649600,-0.09909558,2026-08-28T08:34:46,0.1395,8.21,6.27,Engineering & Construction,0.4055481597473824,Buy
PFE,"Pfizer, Inc.",9.67742,2.8954,2.97515,37.36,2.5072982,2.77,12.791098625251404,211782860800,5699673589,5699673589,8.343,0.28,74.253,1.0605,0.854,1.267,3.69,0.026199998,0.023457622790546084,0.05014,0.06804,0.27877,0.74716,28.02,28.60577,35.75,25.0,0.02090542469664536,buy,2.46429,26,59.645901338799206,35.767429739291615,0.00962403157333918,0.023608685507420603,1.051300345375564,0.00101,1793709000,0.13166392,2026-08-28T08:34:46,0.0284,4.18,-1.43,Drug Manufacturers - General,0.40587244911922493,Buy
MCHP,Microchip Technology Incorporat,16.53615,4.56515,3.6468,109.40579,8.002602,0.22,30.035795778491263,46118125568,543008691,543008691,30.621,1.742,83.688,1.4395,0.958,1.921,2.99,0.081199996,0.39142435935707676,0.0719,0.0934,0.23958,0.60194,75.49,108.64,135.0,80.0,0.439131010729898,buy,1.53846,25,28.750148241682837,55.335016191897594,0.1434986015126239,0.08965943592583402,1.0960101324689395,0.017860001,1793908800,0.16138458,2026-08-28T08:34:46,0.0681,3.21,2.93,Semiconductors,0.4059818395209143,Buy
RJF,"Raymond James Financial, Inc.",12.418396,14.18138,12.12372,15.407699,2.2198644,0.86,,24024821760,192100000,192100000,,0.92,47.594,2.1029999999999998,2.097,2.109,7.12,0.0484,0.22605167100468515,0.18416001,0.15131,0.19301,0.93156,176.11,185.91667,205.0,161.0,0.0556849128385668,buy,2.42857,12,38.25667969232128,49.9820433345729,0.022547335234417997,0.049394436974752605,0.17539349696332895,0.10554,1793217600,0.039364934,2026-08-28T08:34:46,0.0522,6.51,-6.32,Asset Management,0.4065716036048278,Buy
AMP,"Ameriprise Financial, Inc.",10.756466,51.66846,46.52667,13.532263,2.474568,1.8,16.910381812454872,43095953408,88333219,88333219,,1.137,67.578,1.748,1.314,2.182,4.79,0.0374,0.23229047953069615,0.63432,0.199,0.30719998,0.54932,555.77,579.4545,645.0,489.0,0.04261565035896164,buy,2.5,11,53.996964405114795,49.42183035976394,0.0247469995427623,0.03639859308759508,0.1849084108786834,0.0018099999,1793277000,0.07956338,2026-08-28T08:34:46,0.0328,4.87,-12.02,Asset Management,0.4070348106010478,Buy
Q,"Qnity Electronics, Inc.",23.493252,5.37814,4.58512,45.125,5.0736084,1.9,34.229199978850374,30286499840,209208543,209208543,19.847,,59.992,1.605,1.202,2.008,2.26,0.0228,0.222313601113316,0.06722,0.11248,0.22323,0.46219003,126.35,176.75,189.0,150.0,0.39889196675900274,strong_buy,1.375,8,46.3542433561792,56.669513435947636,0.10374710529736599,0.10005809006414455,,0.00074,1794832200,0.32581317,2026-08-28T08:34:46,0.0235,2.48,11.16,Semiconductor Equipment & Materials,0.4077505789513684,Buy
YETI,"YETI Holdings, Inc.",12.4289665,3.36633,2.971,18.350878,1.5776014,1.27,23.967377916604534,3247062272,72988796,72988796,11.231,1.723,41.515,1.246,0.741,1.751,4.87,0.1415,0.20742171168298196,0.25320998,0.09236,0.19327,0.59208,41.84,54.53333,80.0,43.0,0.3033778680688335,buy,1.875,15,14.143976429356599,52.35237103642972,0.03020930135789287,0.013954819277108496,0.27839506885381654,0.0066500003,1793881800,0.18998861,2026-08-28T08:34:46,0.1159,6.7,2.14,Leisure,0.40808812298356273,Buy
ORCL,Oracle Corporation,13.906113,10.92613,8.05748,25.493288,6.497599,0.82,-17.836868298411588,578698739712,2880471000,2880471000,18.977,1.718,388.87,1.0635,1.012,1.115,1.37,0.0278,0.17600521654687706,0.53376,0.25368,0.36202,0.65822,151.94,244.11761,400.0,110.0,0.6066711201790183,buy,1.59091,42,57.68976688508925,54.35836984916246,0.0007563911324628881,0.003303903068369154,0.27882166520355056,0.40498,1789070400,-0.3280856,2026-08-28T08:34:46,0.0293,1.4,0.15,Software - Infrastructure,0.40870722849684993,Buy
BPOP,"Popular, Inc.",9.803638,17.315,15.88167,11.485115,3.5352576,1.37,,7492045312,63778501,63778501,,0.624,,,,,3.65,0.0306,0.14616607724913466,0.15647,0.31645,0.40971002,0.0,169.75,197.3,214.0,181.0,0.16229749631811496,none,,10,52.423313862551545,51.17696729158141,0.07337591240875915,0.046223564954682814,0.30660525213841633,0.01872,1792672200,0.35108244,2026-08-28T08:34:46,0.0318,3.92,2.26,Banks - Regional,0.40938518675748975,Buy
MU,"Micron Technology, Inc.",6.033792,155.02524,73.40044,21.229914,,0.14,,1036777029632,,,15.197,2.213,6.33,3.176,2.927,3.425,0.7,0.026600001,3.457,0.66638,0.55906,0.80370003,0.72569,935.39,1513.409,2200.0,361.0,0.6179443868332997,strong_buy,1.3617,44,58.88317092909668,47.63793099945127,-0.00010380331533080763,0.011141091092762559,1.1736307090402234,0.00238,1790798400,6.85976,2026-08-28T08:34:46,0.0266,1.0,-17.45,Semiconductors,0.4095007234325871,Buy
GPI,"Group 1 Automotive, Inc.",5.923745,44.23553,39.06029,10.846027,0.14101233,0.35,23.132912550907072,8697598976,11922225,11922225,8.462,0.834,195.668,0.612,0.204,1.02,5.56,0.1416,0.024563518974016985,0.0949,0.0130900005,0.03827,0.15946001,262.04,371.08334,450.0,275.0,0.4161324225309113,buy,1.83333,12,35.58533941533862,62.99109254740203,-0.051481399727199645,-0.0444178882136781,0.25007854759022724,0.02394,1793104200,-0.4362064,2026-08-28T08:34:46,0.0932,4.15,-1.85,Auto & Truck Dealerships,0.4097363653720748,Buy
ALLY,Ally Financial Inc.,6.650018,6.42705,5.24651,10.009368,1.6461756,0.46,,30092275712,304199693,304199693,,1.08,,,,,4.05,0.042600002,0.12308982139571056,0.09681,0.1841,0.25270998,0.0,42.74,53.7,58.0,45.0,0.25643425362657934,buy,1.66667,17,42.15238520693402,37.88689661864936,-0.015968790149390902,-0.01254323066546406,0.46250263144898446,0.09646,1792153800,0.041169286,2026-08-28T08:34:46,0.0485,3.62,0.18,Credit Services,0.4098220436463504,Buy
AMTB,Amerant Bancorp Inc.,10.423146,2.765,2.185,20.585714,2.8863716,,,1747034496,39189858,39189858,,0.835,,,,,3.04,0.0437,-0.014072860381377117,0.06132,0.14406,0.31681,0.0,28.82,31.875,33.5,31.0,0.10600277585010409,buy,2.5,4,61.71559497564985,40.19217669222773,0.20718232044198895,0.2771362586605081,0.861585753995492,0.03358,1793131200,0.34046507,2026-08-28T08:34:46,0.0426,2.74,3.24,Banks - Regional,0.4101465249867307,Buy
NAVI,Navient Corporation,9.79464,0.95052,0.7461,-19.395833333333336,2.6141539,0.13,,44505128960,93783828,93783828,,1.185,1852.711,10.579999999999998,10.415,10.745,9.98,0.2613,0.10474379442050497,-0.01975,-0.14671,0.33870998,1.0,9.31,9.07143,13.0,8.0,-0.025625134264232075,hold,3.28571,7,47.57806862243524,37.44550102476821,0.0591241393995315,0.010825871493289745,1.0511372388102,0.022909999,1793217600,-0.32093364,2026-08-28T08:34:46,0.1642,13.77,0.07,Credit Services,0.4102452452361402,Buy
UPBD,"Upbound Group, Inc.",4.209162,4.58286,4.14429,12.607844,0.23704056,1.39,0.71714193012564,2727503616,58299405,58299405,5.71,1.779,232.932,1.7834999999999999,0.441,3.126,6.62,0.1462,-0.001961032020824316,0.12733,0.01904,0.06047,0.49133998,19.29,28.25,41.0,20.0,0.46448937273198565,none,,6,50.07125311835305,59.36035269633865,-0.012928211271933141,-0.036345782228100434,1.1148577494095109,0.03807,1793277000,-0.24085003,2026-08-28T08:34:46,0.1199,5.56,5.8,Software - Application,0.41058787768470967,Buy
IT,"Gartner, Inc.",11.951892,16.44928,14.49348,17.367493,1.9207622,0.87,11.79521445182794,14255879168,63148976,63148976,10.301,0.913,,0.815,0.75,0.88,4.83,0.16420001,0.1921236094152976,1.13581,0.11996,0.22623,0.69629997,196.6,185.15385,229.0,150.0,-0.05822049847405897,hold,2.8,13,49.323900647794794,48.49878995838889,0.05909175275962707,0.07465978505863535,0.2527016136113669,0.03758,1793709000,-0.21732551,2026-08-28T08:34:46,0.1707,7.31,-16.02,Information Technology Services,0.4111156432907923,Buy
AU,AngloGold Ashanti PLC,11.925843,9.92802,8.68658,15.828877,5.0641084,0.78,15.13680250696067,61228900352,505769256,505769256,8.542,0.702,16.676,2.3525,1.997,2.708,2.32,0.0139,0.26742555502424614,0.44731,0.32195,0.51192003,0.54833,118.4,113.125,134.0,76.0,-0.04455236486486491,buy,1.625,8,61.21332987510777,47.93526239313215,-0.028580374965752144,-0.008323552767608777,1.1292973143051912,0.0021,1793881800,1.0896575,2026-08-28T08:34:46,0.0108,2.11,-1.96,Gold,0.41122955677826717,Buy
CCL,Carnival Corporation Ltd.,9.458569,2.63782,2.24382,11.497696,1.2512449,0.91,17.991575232799107,58115743744,1369649119,1369649119,7.959,2.338,201.556,0.274,0.214,0.334,2.04,0.028900001,0.0007369828038417126,0.26689,0.11237001,0.12787,0.55676997,24.95,35.29615,43.0,28.7,0.4146753507014027,buy,1.63333,26,37.81742993382279,22.702619367980788,0.00020950810172285663,0.0013324172174117327,1.505269753899024,0.07107,1790598600,-0.21762305,2026-08-28T08:34:46,0.0276,1.9,11.74,Travel Services,0.41137443002114227,Buy
FSLR,"First Solar, Inc.",9.09015,23.11293,17.6185,12.687199,4.1984205,0.56,14.123737712399592,21046448128,107469788,107469788,8.821,1.746,1.88,2.1094999999999997,1.701,2.518,3.87,0.118599996,-0.0390232090157282,0.18509,0.32465,0.42641997,0.44015998,210.1,274.438,402.0,150.0,0.3062256068538791,buy,1.97143,30,24.36800463668699,62.54453598840811,0.007856455023192531,-0.007481150821825082,0.7507497996057525,0.053579997,1793304000,0.07638717,2026-08-28T08:34:46,0.1007,5.27,3.51,Solar,0.4113842259494203,Buy
FIS,Fidelity National Information S,6.0513625,6.70097,6.19216,6.2384615,1.7140881,0.23,7.881978083265067,41426874368,515705917,515705917,11.756,0.813,132.51,0.4575,0.38,0.535,2.54,0.036199998,0.3152553286062063,0.22348,0.27648002,0.20669001,0.35836,40.55,50.34783,77.0,37.0,0.24162342786683122,buy,2.25,23,40.34906982028878,77.63994793800852,-0.01309464611304492,-0.021669082940232603,1.3193970589693857,0.00131,1793795400,-0.41913766,2026-08-28T08:34:46,0.0367,3.25,5.47,Information Technology Services,0.41141392988489606,Buy
GEN,Gen Digital Inc.,9.239401,3.30108,2.92011,17.329546,3.5945864,1.48,11.800536017713041,25899905024,598587032,598587032,10.747,1.201,307.831,0.372,0.278,0.466,6.25,0.0543,0.10880617022120842,0.41944,0.20732,0.35554,0.78007007,30.5,32.107,46.0,24.07,0.05268852459016382,none,,10,72.91929540099893,91.10211467310442,0.00846108419296804,0.004359930022058182,0.3900652245761043,0.097849995,1793908800,0.009933829,2026-08-28T08:34:46,0.0663,7.61,5.63,Software - Infrastructure,0.41142396629294936,Buy
DOCS,"Doximity, Inc.",16.516497,1.54936,1.35204,29.413794,6.9578056,0.59,19.02895759647971,3883198720,127349369,178245980,18.633,1.212,1.056,5.937,5.796,6.078,2.6,0.1479,0.5736737258588223,0.17206,0.25481,0.21539,0.88068,25.59,29.77778,47.0,18.0,0.16364908167252823,hold,2.52381,18,44.64413155555846,68.79512926098272,-0.05645735341326238,-0.027761044176706724,0.31145400558546155,0.02791,1793908800,-0.6233441,2026-08-28T08:34:46,0.1987,7.99,18.52,Health Information Services,0.4120473062437214,Buy
FIVN,"Five9, Inc.",9.007037,3.83811,3.25913,46.716217,2.1457279,0.29,9.916989422788346,2772394496,74723531,74723531,18.296,1.454,107.449,3.822,3.495,4.149,3.3,0.153,0.14048093514210414,0.079169996,0.049390003,0.033210002,0.55063,34.57,34.73684,50.0,24.0,0.004826149840902572,buy,1.75,19,50.947872252872145,72.38766849805495,0.002395935214403896,0.01665324588635418,1.08489454995866,0.02981,1794254400,0.28417528,2026-08-28T08:34:46,0.1391,2.48,18.49,Software - Infrastructure,0.41209998445816526,Buy
ST,Sensata Technologies Holding pl,10.374396,4.09566,3.75888,68.53226,1.6379675,0.26,12.268276633399882,8225418752,145535862,145535862,10.648,1.265,82.598,1.8439999999999999,1.397,2.291,4.22,0.0533,0.05074416915880153,0.03079,0.023810001,0.16394,0.29497,42.49,52.90909,63.0,45.0,0.24521275594257474,none,,11,47.13774438559868,54.738690405496286,0.011975016153349147,0.010139226301315746,1.1730323727133531,0.00815,1793131200,0.30577755,2026-08-28T08:34:46,0.0526,3.66,-2.62,Scientific & Technical Instruments,0.4122227134740294,Buy
LIFE,Ethos Technologies Inc.,14.988617,2.63133,1.75345,-23.337278106508876,6.4444375,,18.722683606561926,2348126976,31554807,95838454,-23.956,,0.372,1.4024999999999999,1.288,1.517,0.96,0.0497,3.2567320323651483,-0.26112,-0.18145001,0.09558,0.98126,39.44,34.875,40.0,32.0,-0.1157454361054766,strong_buy,1.33333,8,87.82317886513056,71.02202643638776,0.30248917346961507,0.36669748405459884,0.8743813416778956,0.114429995,1793822400,1.3406527,2026-08-28T08:34:46,0.0615,3.22,-7.99,Insurance Brokers,0.4123783271131551,Buy
FCPT,"Four Corners Property Trust, In",21.38193,1.17763,1.14138,22.89091,9.019857,,14.56301238060261,2561842176,109756406,109756406,10.905,0.815,98.046,0.244,0.236,0.252,5.72,0.0434,0.01745328650794198,0.07646,0.38702,0.62556,0.85603994,25.18,28.22222,30.0,26.0,0.1208189038919778,buy,2.33333,9,44.33737800238726,33.28339203665652,0.00149164677804299,0.03280039991931442,0.05632796771170168,0.01291,1793217600,-0.02742374,2026-08-28T08:34:46,0.0601,5.68,10.07,REIT - Retail,0.41238739978601735,Buy
HLIT,Harmonic Inc.,15.203476,0.80771,0.71467,51.166668,3.0173106,1.84,18.863820532007157,1237596928,109066445,109066445,19.315,1.316,36.111,2.705,2.363,3.047,3.51,0.0756,0.6010570437131237,0.06546,-0.10619,0.18027,0.50009,12.28,16.14286,20.0,8.0,0.3145651465798045,buy,2.42857,7,68.05880354858014,31.83385573294909,0.2113902439024391,0.039082500353775196,1.0846625370823693,0.02083,1793044800,0.27650726,2026-08-28T08:34:46,0.0545,4.18,17.87,Communication Equipment,0.4126682545327576,Buy
ACI,"Albertsons Companies, Inc.",6.612276,1.84959,1.79259,76.4375,0.071312,1.29,3.3851803941207477,21328633856,485325683,485325683,6.097,0.188,973.585,0.503,0.164,0.842,5.24,0.1578,0.17405349426768324,0.02717,0.00079,0.01428,0.27040002,12.23,14.1875,24.0,10.0,0.16005723630417013,hold,2.63158,16,56.85549393063286,29.56961275479054,-0.2119132510628196,-0.24239048067667474,0.533490891259104,0.01197,1791894600,-0.37153137,2026-08-28T08:34:46,0.1488,3.83,-4.65,Grocery Stores,0.4126764807399387,Buy
ADEA,Adeia Inc.,16.278131,1.61075,1.42375,24.055044,6.140857,1.51,14.820791142113416,3149726464,110280150,110280150,11.198,0.969,82.832,3.1875,3.128,3.247,6.33,0.120900005,0.10290473852275328,0.27878,0.26053,0.31948,1.0,26.22,43.0,50.0,39.0,0.6399694889397407,strong_buy,1.5,4,35.314525272740454,34.360467726561225,0.002464354867100904,0.04036815759728726,1.4322011031974524,0.0185,1793649600,0.7367021,2026-08-28T08:34:46,0.071,5.98,-7.05,Software - Application,0.41283006072342726,Buy
BMRN,BioMarin Pharmaceutical Inc.,10.088103,6.47198,5.0248,176.45946,3.7099686,0.52,148.4126428695971,15966625792,193573759,193573759,24.742,0.227,66.473,1.775,1.163,2.387,4.8,0.052800003,0.18934506299482456,0.011820001,0.02142,0.21162,0.50968,65.29,91.03846,124.0,59.0,0.39437065400520743,buy,1.74074,26,59.47113037259146,42.242757124520445,0.01829972641605027,0.012081842520079046,0.5056024443173014,0.00345,1793044800,0.12047362,2026-08-28T08:34:46,0.065,7.42,-12.66,Biotechnology,0.4130124102738186,Buy
POR,Portland General Electric Co,13.892102,3.58765,3.39757,22.25,1.6586219,1.8,-14.098784900587953,11440569344,117607740,117607740,10.467,0.53,136.163,0.6965,0.416,0.977,6.22,0.0756,-0.060027358743565795,0.06445,0.07272,0.14987999,0.47537997,49.84,53.68182,62.0,48.0,0.07708306581059388,hold,2.53846,11,62.80982254643474,43.57221107723315,0.0006214180111089679,0.0006303358909351983,0.10692200144364222,0.00461,1793363400,0.16503036,2026-08-28T08:34:46,0.0534,5.62,-6.41,Utilities - Regulated Electric,0.4132345246610673,Buy
GCT,GigaCloud Technology Inc,10.67909,4.83,4.18,12.399039,1.2559932,0.27,21.012762892532916,1970995968,28839563,35710237,10.973,1.643,94.92,1.7175000000000002,1.344,2.091,5.45,0.1717,0.6660812786934391,0.32344002,0.10647,0.115439996,0.23961,51.58,57.0,73.0,40.0,0.10507948817371071,none,,3,41.78429102726572,40.699209613149286,-0.07828004410143338,-0.02028397565922914,0.5460240057346821,0.058709998,1793881800,0.94862103,2026-08-28T08:34:46,0.1654,7.33,-8.39,Software - Infrastructure,0.413451491522361,Buy
DRH,Diamondrock Hospitality Company,21.508474,0.59,,17.624998,2.2936165,2.52,34.23697055396478,3692281088,204605681,205389099,12.327,1.002,78.244,5.256,4.924,5.588,5.3,0.098500006,0.05545107518300041,0.09911,0.13524,0.23042999,0.29453,12.69,13.55769,16.0,11.0,0.06837588652482274,buy,2.0,13,44.99457209900113,14.004042724457875,0.41725952813067135,0.053571428571428416,0.35923907780446085,0.01323,1793908800,0.4824766,2026-08-28T08:34:46,0.0611,4.66,-5.13,REIT - Hotel & Motel,0.4134707664847421,Buy
ROCK,"Gibraltar Industries, Inc.",9.532225,4.81,3.855,22.925,0.9408756,0.79,4.420918804928007,2715137280,29661919,29661919,13.476,1.221,153.722,1.034,0.611,1.457,4.06,0.0797,0.688505838074738,0.06241,-0.104320005,0.122770004,0.25445,45.85,75.25,86.0,55.0,0.6412213740458015,none,,4,51.82788267375543,59.896375030349894,0.011811023622047225,0.00891452543261658,0.8687509935921839,0.01,1793277000,-0.26745486,2026-08-28T08:34:46,0.0481,4.04,2.74,Building Products & Equipment,0.41375643530059936,Buy
CF,"CF Industries Holdings, Inc.",12.01659,10.46137,14.48813,9.325668,2.4582913,0.43,14.90089406010802,23329716224,151338130,151338130,6.024,0.398,40.504,4.501,4.142,4.86,4.05,0.073,0.258927674076586,0.29867,0.27122,0.49325,0.42486,125.71,125.77474,195.72,98.0,0.0005149948293692308,hold,2.85714,19,57.55689809039839,33.61865604403032,-0.14168185231910269,-0.03700182293243592,0.4360559207876996,0.00445,1793822400,0.45111394,2026-08-28T08:34:46,0.0533,3.69,-13.45,Agricultural Inputs,0.4139564100471437,Buy
BGC,"BGC Group, Inc.",7.6825395,1.575,1.405,29.512196,1.8193905,3.6,,7039894016,366013569,475466522,,0.955,156.959,1.509,1.509,1.509,4.78,0.0382,0.38109928924520275,0.15882,0.0629,0.09044,0.91666,12.1,15.5,16.0,15.0,0.28099173553719003,none,,2,54.48487667142374,74.87716861122374,-0.010563380281690073,-0.02476780185758516,0.5765500605317537,0.00863,1793881800,0.23343527,2026-08-28T08:34:46,0.0301,4.51,-17.28,Capital Markets,0.4141118864632485,Buy
NTCT,"NetScout Systems, Inc.",14.109637,2.79667,2.74,23.488096,3.2486038,1.64,12.671639938932264,2279599616,72707312,72707312,12.141,0.696,2.404,1.751,1.677,1.825,5.21,0.059899997,0.1457275852530484,0.0754,0.13706,0.06892,0.79839,39.46,43.37667,50.0,37.13,0.09925671566142924,none,,3,43.81691815396899,50.729619568806,0.0,0.0011957054841354657,1.275390689182814,0.047459997,1793881800,0.58537567,2026-08-28T08:34:46,0.048,6.57,20.93,Software - Infrastructure,0.41487200933005064,Buy
DAVE,Dave Inc.,17.014307,21.98209,17.3259,23.975,7.4118934,,28.537877526237185,4785082368,11441425,12755507,20.595,3.861,129.139,3.2005,2.178,4.223,5.12,0.2168,0.5111018426463487,1.04779,0.34589002,0.32945,0.71748,374.01,436.58334,490.0,350.0,0.16730392235501723,buy,1.61538,12,58.23027628237661,83.8473163640048,0.0422879212173532,0.04354065600090379,1.2914210457868927,0.108009994,1793822400,0.7541038,2026-08-28T08:34:46,0.2465,5.3,-1.49,Software - Application,0.41517349843742457,Buy
PCG,Pacific Gas & Electric Co.,9.94179,1.80551,1.64702,12.91367,1.5300728,0.79,-6.427916569506583,105094488064,2202366906,2202366906,10.054,0.278,189.45,0.868,0.52,1.216,0.0,0.0,-0.0011301921878771326,0.09318,0.11828,0.24788,0.39823002,17.95,22.71875,28.0,19.0,0.2656685236768803,buy,1.52941,16,66.34103244171058,43.11826924778963,0.00010930023560263713,-0.0021543369183566947,0.1457169359570326,0.00204,1792672200,0.17473817,2026-08-28T08:34:46,0.0151,1.42,-14.04,Utilities - Regulated Electric,0.4152110018703029,Buy
LNC,Lincoln National Corporation,5.013666,8.67828,7.98707,3.6501677,0.42952988,1.01,4.025308604099019,-28992126976,191447336,191447336,,1.125,63.803,1.6655000000000002,1.147,2.184,0.06,0.0007,0.004174244555693374,0.22587,0.12169,0.046079997,0.27076998,43.51,47.91667,60.0,35.0,0.10127947598253284,hold,2.53846,12,30.98635618074104,72.25176936249935,0.04356625548922543,0.030327063080861097,1.034943929258086,0.00341,1793277000,0.013510346,2026-08-28T08:34:46,0.0614,4.61,-0.38,Insurance - Life,0.4152798719221515,Buy
LMB,"Limbach Holdings, Inc.",9.783993,4.26513,3.9555,16.625498,0.72777283,1.7,13.013846045216209,539686976,11924993,11924993,9.102,1.473,29.331,1.4435,1.402,1.485,2.89,0.0915,0.18829314197501001,0.16172001,0.04419,0.043130003,0.2358,41.73,76.2,90.0,50.0,0.826024442846873,buy,1.8,5,12.675006608690296,56.08626078391574,-0.16616600790513844,-0.16272482067349026,0.5442905757175951,0.069520004,1793736000,-0.6357367,2026-08-28T08:34:46,0.1039,6.69,-0.63,Building Products & Equipment,0.41543156795760566,Buy
TER,"Teradyne, Inc.",31.929712,11.65247,9.09129,50.008064,13.030406,0.93,132.99184645428602,57949589504,156340750,156340750,38.507,1.793,2.883,1.72,1.315,2.125,1.95,0.0506,1.0746471153554014,0.36465,0.25766,0.33161,0.59242,372.06,446.46667,550.0,350.0,0.19998567435359904,buy,1.64706,15,43.61995337355954,52.85549916322999,0.24400356317450944,0.13308550113576248,0.17848816367940995,0.00202,1792612800,2.1466508,2026-08-28T08:34:46,0.0514,1.9,9.97,Semiconductor Equipment & Materials,0.41562117715299585,Buy
BAH,Booz Allen Hamilton Holding Cor,11.127788,6.7291,6.41373,11.66355,0.811948,1.09,10.46253991845469,12626938880,120284973,120284973,10.061,0.354,346.09,1.548,1.501,1.595,3.43,0.073,-0.0183932451811748,0.68637,0.07013,0.09964,0.2242,74.88,85.58333,140.0,68.0,0.1429397702991455,hold,2.85714,12,53.00104856588754,50.04443157675219,0.01917509129104132,-0.0057094391924039645,0.4653144624110749,0.01211,1792758600,-0.31125826,2026-08-28T08:34:46,0.0702,3.02,-8.12,Consulting Services,0.4160189395214355,Buy
CBT,Cabot Corporation,12.105513,6.9869,6.36062,23.691877,1.2016927,1.0,16.909780878993224,5535950336,51631007,51631007,7.522,0.839,74.394,1.1655,0.864,1.467,8.97,0.1088,0.09639939426321864,0.13345,0.05228,0.14257,0.24215999,84.58,91.33333,100.0,78.0,0.07984547174272882,buy,2.5,6,38.62138935128542,71.72881049647975,0.004534176891332984,-0.006684750466311792,0.2903646261784805,0.01344,1793649600,0.037027955,2026-08-28T08:34:46,0.0739,10.16,8.23,Specialty Chemicals,0.41625756484592613,Buy
TRU,TransUnion,15.108958,5.60396,4.85504,22.281578,3.313407,1.35,20.062168147791578,21197971456,191600000,191600000,13.883,1.53,113.212,1.773,1.646,1.9,3.97,0.045,0.16818997912317335,0.15626,0.15077,0.19701,0.5873,84.67,96.57143,115.0,77.0,0.1405625369079957,buy,1.77273,21,59.12174775456333,39.787979723545384,0.016000569206751792,0.0030858893948506718,0.9353484515613762,0.00415,1792672200,-0.042194545,2026-08-28T08:34:46,0.0449,3.33,-21.01,Financial Data & Stock Exchanges,0.41674453635914055,Buy
PLMR,"Palomar Holdings, Inc.",11.398311,11.36572,10.10191,17.7223,3.1460786,,6.024514832366316,3642539776,26503871,26503871,12.582,0.386,30.152,0.4045,0.268,0.541,2.89,0.0352,0.5633216181892828,0.22226,0.18615,0.23774,0.27354,129.55,163.16667,168.0,152.0,0.2594879969123891,buy,1.625,6,45.95568417711859,55.2688948096574,0.021287286366370717,0.014371660438619921,0.5287751645105646,0.02737,1793908800,0.053080797,2026-08-28T08:34:46,0.0338,3.4,-23.98,Insurance - Property & Casualty,0.4173530140038637,Buy
WMG,Warner Music Group Corp.,14.305506,1.97057,1.78149,22.373016,2.0189574,0.5,38.57806376258736,19279464448,147729456,523109769,11.531,1.293,452.947,0.6174999999999999,0.501,0.734,4.42,0.0849,2.895491071408264,0.70074,0.092,0.16738,0.45769,28.19,36.88235,46.0,23.0,0.3083487052146152,none,,17,59.5004863917453,69.89275303785159,-0.0343180832610581,0.00529540503726671,0.18098793347787184,0.0105,1795118400,-0.15472263,2026-08-28T08:34:46,0.0658,4.75,-13.32,Entertainment,0.41785447030279105,Buy
SCHW,Charles Schwab Corporation (The,13.84447,7.80456,6.48819,19.935425,7.1798162,1.13,,172486721536,1729335714,1729335714,,0.75,151.106,0.655,0.655,0.655,0.01,0.0,0.2702662027229723,0.20273,0.38793,0.52277,0.97495,108.05,124.95,145.0,91.0,0.15640906987505798,buy,1.72727,20,52.9730196045826,58.90396224447889,0.0028362370630495896,0.005042882530198155,0.2657764457463705,0.062119998,1792067400,0.1273998,2026-08-28T08:34:46,0.0126,2.3,-9.67,Capital Markets,0.4181867662936254,Buy
ACIW,"ACI Worldwide, Inc.",13.939588,3.89,3.59,24.316143,3.0076396,1.78,21.011705055376073,6170493952,100955241,100955241,16.104,0.99,57.698,1.224,0.866,1.582,5.24,0.0863,0.11492676244515132,0.15617,0.124,0.10466,0.49082002,54.225,67.33333,70.0,66.0,0.241739603503919,strong_buy,1.5,3,38.26721140190564,89.39510879373505,0.02085211293638581,0.013020833333333403,0.315054471757048,0.01253,1793881800,0.098885536,2026-08-28T08:34:46,0.0576,6.39,21.05,Software - Infrastructure,0.4182086767891807,Buy
OSCR,"Oscar Health, Inc.",15.967905,1.8819,1.75056,24.039999,0.6054575,,13.392579460138032,1195027456,273469000,308645000,1.816,2.385,23.458,1.064,1.049,1.079,3.03,0.065,0.6110887596034651,0.34257,0.03595,0.079629995,0.20158,30.05,30.4,39.0,25.0,0.011647254575707144,hold,2.81818,10,64.89575546092087,28.56809905073527,0.5938524291645422,0.24237502970767633,0.8330348877533408,0.052389998,1794227400,0.80372155,2026-08-28T08:34:46,0.0677,4.08,-8.94,Healthcare Plans,0.41829175550217496,Buy
PAYC,"Paycom Software, Inc.",16.991993,13.9501,12.09355,25.057081,4.990786,1.44,25.213938761488016,11282183168,45071619,45071619,15.348,0.725,171.969,0.5765,0.079,1.074,2.77,0.0681,0.36910103007393635,0.41089,0.22778,0.31721002,0.88055,237.04,211.5625,270.0,160.0,-0.10748185960175494,buy,2.45,16,69.65765797759268,64.77200311616573,0.10800571706047812,0.1364513968883451,0.27319641730537064,0.1426,1793822400,0.043539524,2026-08-28T08:34:46,0.0873,4.09,-9.07,Software - Application,0.41829841235554027,Buy
BG,Bunge Limited,9.8375225,11.34127,9.63786,24.413567,0.23344548,1.37,-3.3101913250954738,39164731392,192119123,192119123,12.529,0.65,97.995,0.949,0.331,1.567,4.79,0.047399998,0.9604086779846481,0.071779996,0.01097,0.04617,0.049239997,111.57,141.22221,150.0,116.0,0.2657722506050013,buy,1.55556,9,49.69011786893738,35.95576491811741,0.019882602801913597,0.016908013306194944,0.47583176921445636,0.18369,1793795400,0.3247447,2026-08-28T08:34:46,0.0371,4.2,-7.09,Farm Products,0.41911629439166304,Buy
KMT,Kennametal Inc.,12.262194,2.46367,4.95555,6.788764,0.97703505,1.25,-13.396302606242031,3014084608,76219022,76219022,4.856,1.356,47.334,1.6815,0.745,2.618,3.94,0.1149,0.4223063843563881,0.23853001,0.14528,0.41251,0.41259,30.21,33.0,38.0,27.0,0.09235352532274077,none,,7,30.774976886408226,71.40756437184966,0.24622778163382308,0.07854097506997332,0.7299911212486598,0.01118,1793795400,0.409706,2026-08-28T08:34:46,0.0658,5.44,-15.1,Tools & Accessories,0.41922494520199255,Buy
KWR,Quaker Houghton,17.283127,9.50696,7.85528,29.446236,1.4313407,1.86,21.764006090786765,3606491648,17207702,17207702,12.568,1.391,66.913,1.9954999999999998,1.534,2.457,12.25,0.15640001,0.11396915172054944,0.07175,0.049450003,0.091280006,0.36061,164.31,192.57143,200.0,180.0,0.1720006694662528,strong_buy,1.28571,7,41.95093440083359,60.20578156226449,0.12037105709053347,0.08484958446445955,1.1584839214029983,0.2216,1793304000,0.13262558,2026-08-28T08:34:46,0.1328,12.57,-2.7,Specialty Chemicals,0.41964410969858795,Buy
PSIX,"Power Solutions International, ",11.58589,3.26,2.86,12.424342,1.2883725,0.82,20.6983843143695,937272064,23065450,23065450,9.965,2.082,67.047,1.991,1.409,2.573,3.07,0.1374,-0.20696290339013546,0.40065,0.10035,0.15681,0.23856,37.77,69.79,76.0,63.37,0.8477627746889065,none,,3,55.06805689585669,89.40262216410278,0.13944223107569725,-0.018072289156626523,0.835392789725345,0.63123,1793908800,-0.54433584,2026-08-28T08:34:46,0.2801,4.45,11.85,Specialty Industrial Machinery,0.42009224544084317,Buy
GDDY,GoDaddy Inc.,8.794378,11.0275,9.6225,14.410105,2.4063585,0.68,10.193198148395227,14921194496,126647704,126647704,10.82,0.918,57334.33,0.5235,0.415,0.632,2.55,0.0584,0.23850150493055922,4.42861,0.17834999,0.27056998,0.63802,96.98,104.53333,170.0,76.0,0.07788544029696842,none,,15,50.1238298823312,32.80956825760923,0.039129964775731316,0.024183897902836596,0.47998395812664196,0.00994,1793304000,-0.34609938,2026-08-28T08:34:46,0.041,2.46,-21.51,Software - Infrastructure,0.4206651514013875,Buy
PLUS,ePlus inc.,14.720404,5.955,5.475,18.811161,0.9339288,1.01,58.128831415043955,1939856384,26090418,26090418,10.296,0.983,11.43,1.9549999999999998,1.779,2.131,4.96,0.060399998,0.030717714066520463,0.11698,0.04914,0.05982,0.25062,87.66,111.0,111.0,111.0,0.26625598904859693,strong_buy,1.0,1,27.239637140591142,59.09533305256721,0.027204502814258832,0.025839793281653808,0.10248575036314189,0.02214,1794254400,0.21127534,2026-08-28T08:34:46,0.0514,4.83,-3.3,Software - Application,0.42103943814173556,Buy
CCS,"Century Communities, Inc.",14.899781,4.59,4.86,15.030768,0.4946948,,24.8824080638963,3547329024,28432900,28432900,15.683,1.295,66.068,2.4695,0.179,4.76,6.81,0.0896,-0.03234722451807592,0.052210003,0.03407,0.05158,0.17865999,68.39,78.0,92.0,64.0,0.14051761953501973,none,,2,40.11457550770369,14.835089380982055,0.2656250000000001,0.11951219512195128,0.47563307074235694,0.14056,1792612800,0.038099527,2026-08-28T08:34:46,0.0721,5.66,-8.03,Real Estate - Development,0.4214648531948107,Buy
VCTR,"Victory Capital Holdings, Inc. ",14.151561,8.55948,7.98446,21.904158,4.780145,,14.319320814105488,8392867328,61509572,61509572,10.432,1.086,42.615,1.9975,1.929,2.066,4.2,0.056700002,0.35544784736918666,0.19045,0.29569998,0.48994,0.57335997,121.13,104.4,118.0,91.0,-0.13811607363989098,hold,2.83333,5,76.29621204978523,83.02047687901484,0.06773951545284722,0.046532348002990095,0.13982646958223366,0.1122,1793908800,0.69935465,2026-08-28T08:34:46,0.059,6.86,7.21,Asset Management,0.4219791821545546,Buy
WRLD,World Acceptance Corporation,12.55284,15.14,13.18,24.148666,1.4989878,0.7,14.597663971533022,1497233152,4663180,4663180,13.299,1.143,178.936,10.278500000000001,10.175,10.382,3.72,2.2819,0.22388325563242262,0.099,0.066149995,0.15316,0.69242996,190.05,210.0,210.0,210.0,0.10497237569060758,none,,1,49.51486642473164,47.29480347722737,0.19927206551410367,0.07223796033994344,0.5839365951037905,0.1807,1792672200,0.108615756,2026-08-28T08:34:46,0.219,3.12,-13.65,Credit Services,0.4219909031082037,Buy
BELFA,Bel Fuse Inc.,26.620474,8.01,8.26,54.256996,4.1378155,1.67,55.60422020293099,2909680896,2115263,14439450,19.584,1.411,3.386,3.755,3.029,4.481,0.82,0.0908,7.206653451603891,0.1041,0.07211,0.18247999,0.39521998,213.23,313.0,326.0,300.0,0.4678985133424003,none,,2,54.27407872360008,27.72253365961987,0.0854139290407358,-0.13498920086393087,0.25403419091921514,0.22016001,1793217600,0.86341,2026-08-28T08:34:46,0.0114,1.0,5.39,Electronic Components,0.4221677532896446,Buy
CRI,"Carter's, Inc.",9.170552,3.63555,3.26081,6.3992324,0.41073695,2.01,4.959462899069645,1755139968,36711185,36711185,5.115,0.853,115.325,1.924,1.378,2.47,3.06,0.104499996,0.04400537329427001,0.20742,0.06547,0.23683001,0.48601002,33.34,42.66667,53.0,30.0,0.27974415116976603,none,,6,28.617910742486217,43.62753139253296,-0.0011548193029424394,-0.0050982710211320646,0.35065558667050495,0.048049998,1793622600,0.16736698,2026-08-28T08:34:46,0.0893,3.11,-16.59,Apparel Retail,0.4229488856938092,Buy
R,"Ryder System, Inc.",14.001369,17.71898,14.67291,20.285364,0.7421385,0.86,10.02209555791786,17747474432,38346868,38346868,6.377,1.014,293.609,0.6040000000000001,0.562,0.646,2.38,0.0307,0.1319787576915017,0.16697,0.03877,0.08455,0.1983,248.09,299.55557,320.0,283.0,0.2074471764279091,none,,9,39.201091536713875,44.486929024140636,0.00353870449492076,0.008073586780959473,0.2873875534408689,0.0305,1792672200,0.32300556,2026-08-28T08:34:46,0.0277,2.48,-6.48,Rental & Leasing Services,0.42300723916061655,Buy
ENOV,Enovis Corporation,6.184956,4.01458,3.64048,-1.2885313959522573,0.6235007,3.45,7.716500384894478,2790516480,57669494,57669494,7.359,1.45,92.555,1.3635000000000002,0.742,1.985,7.39,0.18010001,0.049998975194753825,-0.54142,-0.4797,0.04185,0.61316,24.83,40.83333,55.0,28.0,0.644515908175594,strong_buy,1.30769,12,30.90111584498672,27.403925553139985,-0.001760399243192813,-0.015744826909875602,1.130784459061673,0.01622,1793795400,-0.1964401,2026-08-28T08:34:46,0.1651,,,Medical Devices,0.42322161902197153,Buy
JEF,Jefferies Financial Group Inc.,11.635025,4.54146,3.55713,14.842697,1.9892718,1.16,,-11709368320,194145000,203392000,,,364.763,,,,2.78,0.0324,0.434381518967782,,0.23019,0.16941,0.02625,52.84,61.5,83.0,46.0,0.16389099167297494,none,,6,35.0768581410679,32.32130844211804,-0.02428902152684825,-0.02434067492201526,0.3747369960656179,0.25225002,1790625600,-0.18519658,2026-08-28T08:34:46,0.0263,2.57,9.13,Capital Markets,0.4234759463699472,Buy
FDS,FactSet Research Systems Inc.,15.447685,19.70975,17.82577,19.454952,4.4407725,1.3,17.432896275013533,12095046656,35565543,35565543,12.97,0.687,77.284,0.6205,0.558,0.683,4.06,0.1162,0.13524807986201703,0.27032,0.2321,0.30542,0.51382,304.47,255.0625,340.0,210.0,-0.16227378723683783,hold,3.33333,16,50.38661174307845,49.12963487659217,0.0,0.0,0.17751553667468348,0.0043200003,1789648200,-0.18442625,2026-08-28T08:34:46,0.1117,3.88,-21.21,Financial Data & Stock Exchanges,0.4234998507311777,Buy
WLDN,"Willdan Group, Inc.",16.197235,5.425,5.07,20.15367,1.8042339,0.48,26.52905541901213,1392764800,15232091,15232091,18.903,1.156,25.449,1.335,1.298,1.372,6.76,0.1306,0.2776874823029878,0.21190001,0.08804,0.08628,0.37785,87.87,137.5,145.0,130.0,0.564811653579151,none,,2,39.989577143319565,73.57989308808732,0.020120724346076566,0.02358490566037736,1.058283690464568,0.03227,1793908800,-0.20016384,2026-08-28T08:34:46,0.1435,8.99,0.93,Engineering & Construction,0.42380701746706956,Buy
LYFT,"Lyft, Inc.",8.143666,2.13049,1.50544,2.525473,0.9698365,0.15,5.695496534912341,6065403392,378540249,378540249,130.176,1.832,42.738,0.5115,0.437,0.586,5.12,0.1698,0.24657587844509488,1.52579,0.42317,0.025799999,0.3802,17.35,19.78333,30.0,14.5,0.14024956772334285,buy,2.43182,36,69.95315617311255,41.747184282744215,0.002113294052330818,0.0432791045257578,1.5417939324497754,0.012560001,1793822400,0.0696671,2026-08-28T08:34:46,0.2254,6.31,-14.39,Software - Application,0.42391396931445613,Buy
SRCE,1st Source Corporation,11.692424,7.39667,7.24,12.3550005,4.708088,1.37,,2292485632,24081826,24081826,,0.56,,,,,4.14,0.0398,0.18196385938508142,0.13094,0.38641,0.54064,0.0,86.485,89.66667,100.0,82.0,0.03678869168063814,none,,3,57.53527526977872,37.04335457083116,0.0641847448234909,0.05265652151018905,0.12946921262726405,0.26571,1792699200,0.34259546,2026-08-28T08:34:46,0.0306,3.61,19.33,Banks - Regional,0.42394271154996,Buy
PBF,PBF Energy Inc.,7.0726795,9.69788,17.97351,6.11319,0.23653431,,103.62201233057893,9889741824,118536838,118536849,10.207,0.081,38.424,0.9730000000000001,0.616,1.33,3.28,0.123,0.5239196274157405,0.23228,0.03937,0.08801,0.050430004,68.59,67.61538,84.0,38.0,-0.014209359965009494,hold,3.35714,13,66.55295189907622,33.71941599575524,0.6486206849107745,0.6497937757780277,1.1825752260125304,0.14287,1793277000,1.5106149,2026-08-28T08:34:46,0.1088,3.32,-12.31,Oil & Gas Refining & Marketing,0.42401008378222577,Buy
SONO,"Sonos, Inc.",11.570882,1.305,1.22,33.555557,1.1985375,,15.961407801449367,1582036096,118293979,118293979,11.755,1.93,14.081,1.323,1.031,1.615,3.7,0.1101,0.1044911761738947,0.14175999,0.03818,0.10587,0.46567002,15.1,18.625,21.0,15.5,0.23344370860927155,none,,4,53.727729795662114,51.40187074204334,0.07964601769911513,0.28571428571428575,1.2440566572068157,0.01874,1794427200,0.08477008,2026-08-28T08:34:46,0.0988,3.99,-12.83,Consumer Electronics,0.4242968522411329,Buy
RAMP,"LiveRamp Holdings, Inc.",11.772337,3.20667,2.95,15.729166,2.7580814,0.59,13.542512317433612,1957105536,60794982,60794982,16.192,1.258,3.388,2.5700000000000003,2.483,2.657,5.37,0.0959,0.39570035224288747,0.16055,0.18714,0.1249,0.70816004,37.75,38.7,40.0,38.0,0.02516556291390737,none,,5,41.013706519123886,70.88301677737434,0.0387323943661973,-0.019366972477064252,1.566752757360192,0.04364,1793822400,0.35207736,2026-08-28T08:34:46,0.0672,4.65,-8.41,Software - Infrastructure,0.4243773006542211,Buy
SEZL,Sezzle Inc.,18.926771,6.64667,5.26,27.11207,7.964694,0.09,42.13480121740168,4278674688,33675014,33675014,13.557,6.778,52.416,3.926,3.835,4.017,5.07,0.239,0.5323157697870593,0.88851,0.3035,0.57167,0.74967,125.8,168.0,196.0,150.0,0.33545310015898244,buy,2.0,6,53.38241119542606,50.06441161137095,0.026676009548477184,0.01605094723518619,1.181303983815674,0.52682,1793822400,0.32980967,2026-08-28T08:34:46,0.2343,7.8,-0.6,Credit Services,0.42481883049921637,Buy
PRU,"Prudential Financial, Inc.",8.103138,14.85474,14.51759,10.912965,0.6366928,0.88,5.516608755286551,62086651904,345000000,345000000,11.926,0.826,163.891,0.7290000000000001,0.681,0.777,6.65,0.042,0.20326883478260882,0.12011,0.06007,0.075219996,0.29015,120.37,113.4,131.0,92.0,-0.057904793553210876,hold,3.38889,15,62.99463224898191,38.25519873207205,0.051734817404609085,0.015040792421035268,0.8962519804982731,0.00177,1793217600,0.09766555,2026-08-28T08:34:46,0.0352,6.44,-1.46,Insurance - Life,0.4249930249064806,Buy
C,"Citigroup, Inc.",10.298611,12.88329,11.15454,14.390454,2.7237408,0.72,,30447312896,1677436783,1677436783,,1.102,,,,,0.05,0.0004,0.2675526640338375,0.08529,0.21832001,0.36229,0.0,132.68,154.5,176.0,129.0,0.16445583358456428,none,,20,60.70790720900756,37.38113677739714,0.020723695949971116,0.02072784346286986,0.23253165929647712,0.00271,1791894600,0.3739257,2026-08-28T08:34:46,0.0148,2.14,-14.18,Banks - Diversified,0.42538169240442847,Buy
RDN,Radian Group Inc.,6.9514236,5.2536,4.9176,9.084578,2.929091,0.76,15.649796843421164,5464374272,132301318,132301318,6.051,0.713,27.967,1.1455,0.703,1.588,4.09,0.0496,0.9810516929241777,0.12026,0.32512,0.31627,0.69302005,36.52,43.8,48.0,35.0,0.19934282584884966,none,,5,39.382986560632155,50.48292030142095,-0.07176563856695221,-0.04361756353309551,0.06275332958713115,0.01666,1793736000,0.04701829,2026-08-28T08:34:46,0.039,4.94,-15.52,Insurance - Specialty,0.42677133983785154,Buy
BDX,"Becton, Dickinson and Company",14.153105,13.29249,12.62289,32.889862,2.2791376,1.11,11.442573568972334,67343130624,272386800,272386800,11.002,0.258,68.84,0.596,0.327,0.865,5.07,0.0392,0.41067987267189165,0.06607,0.0419,0.15732999,0.46936,188.13,194.41667,225.0,170.0,0.03341662680061663,buy,2.07143,12,81.6761616032254,33.512530537762515,0.00523446384373539,-0.00920986430432202,0.08338277997284275,0.00435,1793881800,0.24003196,2026-08-28T08:34:46,0.0369,5.73,-3.53,Medical Instruments & Supplies,0.42685542558099304,Buy
NVDA,NVIDIA Corporation,15.692964,14.52753,9.05163,32.155148,21.716877,0.59,118.80714775881374,5033413836800,24147000000,24147000000,30.411,2.215,6.555,2.79,2.139,3.441,2.35,0.0123000005,0.8844581322122,1.14288,0.62966,0.65596,0.74144995,227.98,305.7931,500.0,180.0,0.341315466268971,strong_buy,1.27869,58,44.48452374386863,70.54441856098967,0.010915925927166845,0.024411560668381863,0.9019457778295015,0.03991,1794945600,0.30887592,2026-08-28T08:34:46,0.0126,2.3,-9.69,Semiconductors,0.4269955077317743,Buy
MORN,"Morningstar, Inc.",15.698832,13.93798,12.31584,20.204063,3.198264,2.31,16.489241815990358,9589344256,37513571,37513571,14.1,0.98,186.052,0.997,0.938,1.056,3.88,0.0684,0.2343565799161058,0.3196,0.16427,0.24215999,0.62240005,218.81,236.66667,260.0,220.0,0.08160810749051683,buy,1.66667,3,72.26657954756995,82.67566314440377,0.03322192244191189,0.03582281444268149,0.6574362128449406,0.4967,1793217600,-0.16618401,2026-08-28T08:34:46,0.0771,3.12,-0.31,Financial Data & Stock Exchanges,0.42715276231585475,Buy
AUB,Atlantic Union Bankshares Corpo,10.12315,4.03333,3.76667,11.869186,3.8674862,1.08,,6851731968,142814896,142814896,,0.774,,,,,6.72,0.0657,0.3680612359651896,0.09759,0.32319,0.56057,0.0,40.83,47.0,50.0,43.0,0.151114376683811,buy,1.77778,8,56.39096833581434,69.95951790192743,0.0,0.0,0.1666540072375084,0.009,1792672200,0.14273715,2026-08-28T08:34:46,0.0529,5.98,-0.71,Banks - Regional,0.4277137285879218,Buy
LEA,Lear Corporation,7.2522244,17.03891,15.02472,11.591932,0.34710696,0.36,9.577139672529817,8748060672,66574764,66574764,5.147,1.281,66.026,1.082,0.85,1.314,3.02,0.060900003,-0.1768309835841101,0.12094,0.023459999,0.04153,0.07696,123.57,150.5,179.0,130.0,0.21793315529659307,buy,2.4375,14,55.899875322118895,42.736960453687736,0.00711664337351824,-0.022748363400273135,0.228206658121165,0.00488,1792672200,0.123363614,2026-08-28T08:34:46,0.0405,2.71,-12.55,Auto Parts,0.4283532957026483,Buy
CMCSA,Comcast Corporation,7.2910886,3.62223,3.51572,8.716171,0.75033224,142.98,7.380868295093622,176631496704,3539192198,3548636573,5.184,0.647,100.474,0.7245,0.653,0.796,2.44,0.024,0.11213279364344264,0.114879996,0.08966,0.17233999,0.6939,26.41,30.08136,44.0,21.0,0.13901400984475587,hold,2.60714,22,65.3333969095143,38.50742233256847,0.008638373197230924,-0.015575316479777297,0.4852660424826425,0.0074299998,1793277000,-0.1704601,2026-08-28T08:34:46,0.0207,1.97,-14.69,Telecom Services,0.4286938768817453,Buy
VRTS,"Virtus Investment Partners, Inc",6.80897,24.56025,23.31033,9.534206,1.3539858,0.56,19.85084559230543,1540803456,6682122,6682122,7.599,1.33,44.522,2.655,2.651,2.659,3.06,0.1018,-0.011251946612168995,0.106709994,0.14517,0.117910005,0.41079,167.23,148.0,172.0,130.0,-0.11499132930694245,hold,3.5,4,35.838976472940544,37.676891749660975,-0.05564065427659896,-0.040305957974737995,0.10687840254831918,0.06418,1793363400,-0.16978604,2026-08-28T08:34:46,0.0715,2.97,4.04,Asset Management,0.4287681193969892,Buy
IQV,"IQVIA Holdings, Inc.",18.144966,14.46021,12.96532,32.55335,2.5429988,1.06,20.08966091060143,57492746240,164600000,164600000,18.862,1.175,257.975,0.663,0.62,0.706,2.99,0.03,0.12266099635479955,0.22818,0.08096,0.13027,0.32968,262.38,275.16666,300.0,240.0,0.04873336382346216,strong_buy,1.42857,18,70.7846225906886,48.485381661368464,0.012558065433143925,0.020522364359303304,0.13238655986379985,0.01086,1793709000,0.37508512,2026-08-28T08:34:46,0.0292,2.72,-13.32,Diagnostics & Research,0.4295246694058476,Buy
APO,"Apollo Global Management, Inc. ",12.432685,10.733,8.76735,47.487545,2.213666,0.61,,94944075776,590543159,590543159,,1.508,100.969,1.9224999999999999,1.897,1.948,5.09,0.0383,0.5866414246346385,0.11412,0.052670002,0.21952,0.36141998,133.44,152.84212,173.0,130.0,0.1453995803357313,buy,1.7619,19,59.627253574001415,41.29873829623692,-0.009681398296182206,0.007638260399337576,0.8733797762546675,0.26338,1793709000,-0.020480096,2026-08-28T08:34:46,0.0504,5.83,-19.7,Asset Management,0.4296442705486165,Buy
AOS,A.O. Smith Corporation,15.144515,4.09059,3.74322,17.401686,2.212814,1.64,17.37374949163508,8915436544,110047214,135908573,11.376,1.157,36.766,1.2850000000000001,0.976,1.594,6.26,0.1125,0.2644490027707562,0.27133,0.13149,0.18929,0.38592,61.95,69.90909,84.0,59.0,0.1284760290556901,hold,2.53846,11,40.03050241730938,37.68340270012056,-0.003293756773236752,-0.017030080788953926,0.3501613955122716,0.0046200003,1793104200,-0.13101417,2026-08-28T08:34:46,0.0993,,,Specialty Industrial Machinery,0.42994834931409903,Buy
PNFP,"Pinnacle Financial Partners, In",8.820277,11.44862,10.18295,13.909091,4.620398,1.41,,19418810368,151112640,151112640,,1.023,,,,,3.87,0.0359,0.2165394736006201,0.07648,0.24855,0.47018,0.0,100.98,119.25,131.0,110.0,0.18092691622103385,buy,1.7,20,50.664086969442394,77.95003359638653,-0.002240878243982285,-0.006063310546722326,0.12212766731286656,0.01265,1792008000,0.03867519,2026-08-28T08:34:46,0.0352,3.44,-11.87,Banks - Regional,0.4301696786029182,Buy
TRUP,"Trupanion, Inc.",6.9600935,4.26,4.04,57.019234,0.85046315,,112.01688411571106,1009240896,43620472,43620472,24.773,1.429,26.096,1.751,1.728,1.774,7.64,0.1091,0.08968767463130622,0.06068,0.01526,0.01623,0.22584,29.65,34.25,42.0,29.0,0.15514333895446897,buy,2.33333,4,74.29001099378746,26.847869457786103,0.03061224489795921,-0.0116009280742459,1.0439351714777094,0.15719,1793908800,-0.36044002,2026-08-28T08:34:46,0.1184,,,Insurance - Property & Casualty,0.43060118385706,Buy
CI,The Cigna Group,8.291258,33.48949,30.50562,11.613133,0.2598312,0.84,9.194298898857976,98282659840,264240486,264240486,7.704,0.321,74.29,0.7665,0.687,0.846,2.7,0.0221,0.07774309219216313,0.16758,0.022720002,0.03985,0.091359995,277.67,341.41666,400.0,290.0,0.22957705189613553,buy,1.66667,24,58.963056499140166,35.34947099598982,0.003299754746624669,0.00020428490576474546,0.25126171901355177,0.0144299995,1793881800,-0.077109694,2026-08-28T08:34:46,0.0181,2.55,-22.84,Healthcare Plans,0.430783166361781,Buy
AYI,Acuity Inc.,15.754711,21.69256,19.83232,22.67817,2.2209427,1.34,21.894542958308612,10554820608,29935547,29935547,14.15,1.295,28.206,1.6749999999999998,1.297,2.053,3.78,0.0404,0.04889943718082046,0.17378001,0.10253,0.16052,0.48669997,341.76,398.2857,465.0,358.0,0.16539589185393266,buy,2.125,7,41.26545489067737,82.64851486068879,0.005896205481112659,0.002541876255917937,0.10504783044387221,0.00422,1790771400,0.04683435,2026-08-28T08:34:46,0.0462,4.77,-6.38,Electrical Equipment & Parts,0.4308627430351876,Buy
WWW,"Wolverine World Wide, Inc.",10.734114,1.84086,1.64645,15.68254,0.8308386,2.36,12.348226521987435,2227730944,82066339,82066339,11.251,1.736,159.137,1.174,0.799,1.549,6.61,0.112399995,0.05743353800636841,0.27647,0.05549,0.09854,0.47120997,19.76,24.3,31.0,19.0,0.22975708502024283,buy,2.0,10,51.625432917203,18.276254464608783,0.060037342261138334,0.04765156818220613,1.346872633473531,0.0143099995,1794486600,-0.38134003,2026-08-28T08:34:46,0.0728,,,Footwear & Accessories,0.4315103759200556,Buy
PRAA,"PRA Group, Inc.",7.4192314,2.6,3.4,-2.9051204819277108,0.54553026,5.82,-5.613226123660727,4451172864,37648006,37648006,9.125,1.1,340.955,17.634,17.497,17.771,1.98,0.025999999,0.3430025430828927,-0.20246,-0.1991,0.41186002,1.0,19.29,26.0,26.0,26.0,0.34784862623120794,none,,1,34.71429701980634,32.80274179231547,0.3518886679920476,-0.07964601769911507,1.3220457421512526,0.023529999,1794254400,0.1287303,2026-08-28T08:34:46,0.0248,2.35,-14.72,Credit Services,0.43159408364554186,Buy
ABM,ABM Industries Incorporated,10.826661,4.35499,3.97749,18.41797,0.305109,2.25,9.724815878174551,4636590592,58580923,58580923,10.523,0.675,112.697,1.3735,1.285,1.462,4.63,0.046,0.26643371488018386,0.08866999,0.0175,0.039300002,0.12921,47.15,52.42857,68.0,45.0,0.1119527041357371,none,,7,28.59487410350941,68.12914580711893,0.004794733371900032,0.0023845528848255157,0.40141889440548423,0.0155299995,1788870600,-0.041081965,2026-08-28T08:34:46,0.0336,4.32,-26.92,Specialty Business Services,0.43161638856056844,Buy
MPC,Marathon Petroleum Corporation,11.28942,32.20183,50.23425,12.561852,0.66230094,1.76,11.037614558742987,135258038272,280824763,280824763,8.785,0.508,133.328,1.0535,0.857,1.25,2.85,0.027,0.6638418742295886,0.42099,0.05549,0.13561,0.12819,363.54,324.55557,413.0,186.0,-0.10723559993398257,buy,2.26316,18,74.83650636801248,40.999825898563174,0.4716126989167588,0.2741190481842857,0.45366884378208505,0.00331,1793709000,1.0229259,2026-08-28T08:34:46,0.0242,3.38,5.84,Oil & Gas Refining & Marketing,0.4318333937921165,Buy
ARCB,ArcBest Corporation,14.655395,9.49275,6.81226,198.74286,0.7396322,0.5,20.960846056844122,3400848384,22351354,22351354,11.763,1.561,36.27,0.9165,0.865,0.968,3.36,0.0795,0.1823935811673869,0.01269,0.0038800002,0.05429,0.080970004,139.12,170.76923,200.0,150.0,0.22749590281771126,buy,2.0,13,48.65754534227499,45.993107539066656,0.07866581162070795,0.048935401424768654,0.503889359142576,0.01427,1793795400,0.8861171,2026-08-28T08:34:46,0.0568,2.97,-1.38,Trucking,0.4318436028993816,Buy
PFS,"Provident Financial Services, I",9.061539,2.6,2.46333,9.816666,3.436031,1.61,,5719969792,130422618,130422618,,0.778,,,,,5.84,0.0637,0.03960274743143111,0.1114,0.34969002,0.5227,0.0,23.56,27.91667,30.0,26.0,0.18491808149405786,none,,6,34.42865508403676,31.76608535854504,0.04011265321977942,0.03379721669980118,0.3228777442643975,0.02779,1793304000,0.1875,2026-08-28T08:34:46,0.0472,5.07,0.04,Banks - Regional,0.43256536090799685,Buy
TPR,"Tapestry, Inc.",13.892614,8.8709,7.97863,17.91279,3.070017,1.86,17.553105016643634,27377129472,199391678,199391678,13.53,1.464,571.608,1.38,1.008,1.752,5.79,0.090900004,0.1366925554435625,1.97135,0.19086,0.19823,0.76595,123.24,167.4,232.0,96.0,0.3583252190847128,buy,1.77273,20,37.646901517761556,17.331600006416437,0.02223158930495533,0.00657555075201833,0.48520230880643195,0.00417,1793881800,0.21037126,2026-08-28T08:34:46,0.0833,7.71,-3.33,Luxury Goods,0.4336859006576132,Buy
ALB,Albemarle Corporation,12.017969,11.29725,11.56498,502.85184,2.7118835,0.79,12.007092883681215,18882586624,118005057,118005057,12.737,1.317,18.976,1.6669999999999998,1.248,2.086,0.03,0.0007,0.307422045480644,0.02648,0.03795,0.2771,0.23959999,135.77,172.564,225.0,83.28,0.2710024305811296,buy,1.95455,20,53.31811809583529,67.94542867734583,-0.08143146029219506,-0.09732415309593308,1.20252333925188,0.0019699999,1793822400,0.5987989,2026-08-28T08:34:46,0.0951,4.73,4.26,Specialty Chemicals,0.43384462150546915,Buy
ELV,"Elevance Health, Inc.",13.480959,29.60546,27.16015,17.79358,0.43037632,1.4,20.099200453126894,80223698944,216869290,216869290,9.638,0.692,68.953,1.4460000000000002,1.374,1.518,3.97,0.0279,0.056387919709609546,0.11133,0.02468,0.04559,0.2599,399.11,449.09525,492.0,393.0,0.1252417879782517,buy,1.77273,21,59.07468083163021,32.41830313658002,-0.00024184001601959914,-0.0008905957609801361,0.014095185162839623,0.0019,1792585800,0.2525028,2026-08-28T08:34:46,0.0258,3.93,-7.29,Healthcare Plans,0.43475565328486354,Buy
MLI,"Mueller Industries, Inc.",14.652967,4.38,4.2,16.713543,3.045485,3.41,27.042003144650447,12830382080,221181388,221181388,11.777,1.122,0.691,4.215,3.655,4.775,3.33,0.0208,0.2562517692492281,0.26325,0.18247,0.2181,0.28776,64.18,80.0,80.0,80.0,0.24649423496416323,none,,2,41.04146649267552,73.21373301346306,0.0,0.0011428571428571184,0.12589906272202667,0.02123,1792499400,0.33791947,2026-08-28T08:34:46,0.0213,2.96,13.84,Metal Fabrication,0.4350984558956739,Buy
OPCH,"Option Care Health, Inc.",11.518048,2.08195,1.88225,18.166666,0.6308668,1.26,14.02694610591367,4663148032,149785243,149785243,11.511,0.606,100.649,1.1875,0.91,1.465,4.71,0.111999996,0.11398291186802689,0.15999,0.03681,0.05903,0.19058001,23.98,28.58333,39.0,23.0,0.19196538782318595,none,,12,46.57191970896214,52.41989217162239,0.022256377391691614,0.01576374387697344,0.22574810034274634,0.0128,1793277000,-0.16387725,2026-08-28T08:34:46,0.0881,4.74,-3.36,Medical Care Facilities,0.43536897451670814,Buy
BYD,Boyd Gaming Corporation,10.26768,7.75443,7.08416,3.578427,1.4115639,3.03,20.3718611097369,8716317696,72655414,72655414,7.429,1.084,130.47,0.71,0.646,0.774,4.09,0.072399996,0.1036231931731888,0.93084997,0.44341,0.20891,0.59126,79.62,95.9375,111.0,87.0,0.20494222557146435,buy,2.33333,16,31.366009055760145,29.421514424922876,-0.010241063170454404,-0.009671577592284203,0.8101269862656356,0.31968,1792699200,-0.07267648,2026-08-28T08:34:46,0.0842,,,Resorts & Casinos,0.43575732211638496,Buy
PBH,Prestige Consumer Healthcare In,10.078228,5.08125,4.5675,14.344538,2.195748,1.57,16.404692474896326,4404360192,47374522,47374522,13.536,0.327,107.864,2.5140000000000002,1.798,3.23,7.68,0.1088,0.10635676704030894,0.0912,0.15568,0.20834999,0.54772997,51.21,67.8,75.0,55.0,0.3239601640304628,buy,1.71429,5,33.14871958756787,77.75680403067076,-0.0010934937124111304,0.014221556886227553,0.8248275552184147,0.014090001,1793881800,-0.2473545,2026-08-28T08:34:46,0.0818,8.1,23.71,Drug Manufacturers - Specialty & Generic,0.43605794597436587,Buy
VYX,NCR Voyix Corporation,8.947369,1.026,0.916,31.655174,0.49822396,2.68,5.86118718150289,2549481728,138069898,138069898,10.157,1.499,115.799,0.8665,0.661,1.072,14.15,0.36810002,-0.163790374756415,0.05272,0.02987,0.02486,0.25825,9.18,12.95833,15.0,9.75,0.41158278867102394,buy,1.66667,6,54.25683849174972,88.5476377759937,0.012154696132596695,0.05050836003972681,1.5676422679899449,0.00945,1793881800,-0.30349016,2026-08-28T08:34:46,0.2409,,,Information Technology Services,0.4364643463579962,Buy
ENR,"Energizer Holdings, Inc.",6.5424848,3.37945,3.29692,18.425,0.506565,1.35,6.45599653009013,4771773440,68483637,68483637,9.271,0.753,1688.484,1.4835,0.895,2.072,6.26,0.1019,0.008820807107543072,0.42183998,0.02727,0.14235,0.38998002,22.11,22.33333,28.0,18.0,0.010100859339665424,none,,6,48.407325653820486,70.31831024760288,-0.05864952760019761,-0.07435660052808615,1.2609900286558315,0.12946,1794918600,-0.19775039,2026-08-28T08:34:46,0.1241,7.04,7.94,Electrical Equipment & Parts,0.43655457432817074,Buy
SUPN,"Supernus Pharmaceuticals, Inc.",9.9080715,4.46,2.565,-23.38095238095238,3.0952868,,30.379546111025753,2236735744,58127013,58168001,20.254,0.56,3.895,1.8815,1.68,2.083,4.42,0.0876,0.2753146355550733,-0.104899995,-0.13232,-0.02485,0.72890997,44.19,61.75,67.0,55.0,0.39737497171305725,none,,4,36.290992350391136,53.395789842959736,0.031499957774855446,0.02686187786790321,1.2085436857771186,0.044899996,1793709000,-0.020611703,2026-08-28T08:34:46,0.0933,9.51,-0.7,Drug Manufacturers - Specialty & Generic,0.43669528998412244,Buy
TTMI,"TTM Technologies, Inc.",18.096483,6.8925,4.85,54.94714,3.8909771,0.36,-675.8517893080558,13735455744,105348864,105348864,28.115,2.161,57.03,1.6115,1.443,1.78,0.99,0.0388,0.3474474864769308,0.13260001,0.07011,0.108950004,0.21191,124.73,214.25,224.0,205.0,0.7177102541489617,strong_buy,1.25,4,39.12918889332264,62.3138588822652,0.20123839009287928,0.2763888888888888,0.9357759153455206,0.018070001,1793822400,1.7985191,2026-08-28T08:34:46,0.0233,1.0,0.34,Electronic Components,0.4372188919264432,Buy
FG,"F&G Annuities & Life, Inc.",4.749346,4.967,3.4525,7.7091503,0.50910854,,1.3615126967204014,2798761472,130935209,130935209,3.593,1.274,48.807,0.5205,0.1,0.941,4.58,0.0915,0.07159463884156625,0.09167,0.0689,-0.0373,0.32766998,23.59,27.0,27.0,27.0,0.14455277660025434,none,,1,22.91204203374096,68.08529031711844,-0.025955706023416583,-0.02435670791593018,0.8718911524525166,0.027309999,1793908800,-0.3176164,2026-08-28T08:34:46,0.097,4.62,-31.05,Insurance - Life,0.4372806198151821,Buy
AMKR,"Amkor Technology, Inc.",18.43676,2.80635,2.57368,21.648535,1.7237172,0.76,-33.93718880580333,13053223936,248452472,248452472,9.86,2.247,57.054,2.02,1.869,2.171,1.68,0.1565,0.2489404251127758,0.12514,0.07448,0.10532,0.15511,51.74,77.11111,92.0,65.0,0.490357750289911,none,,9,44.92554674948964,62.2248302989409,0.23303054693189232,0.150977793185016,0.4393773371994104,0.49912998,1793044800,1.1389003,2026-08-28T08:34:46,0.0886,,,Semiconductor Equipment & Materials,0.43744298348387695,Buy
EXPE,"Expedia Group, Inc.",13.184125,24.1897,20.87479,20.967785,2.4380538,1.05,11.145388772278569,38101569536,114498625,120022077,13.184,1.246,230.271,0.7190000000000001,0.637,0.801,3.49,0.0598,0.26567406377150826,0.89489,0.12968001,0.1898,0.90433,318.92,337.65714,417.0,245.0,0.058751849993728955,buy,2.13158,35,62.08280955598574,31.38289747016067,0.057727416215745085,0.052986465974272555,0.5361376781708149,0.0060799997,1793908800,0.48473,2026-08-28T08:34:46,0.069,5.31,-7.44,Travel Services,0.43763956830828477,Buy
UHS,"Universal Health Services, Inc.",7.1741953,24.05566,22.52656,7.2941675,0.5614989,1.28,20.411232535293518,15436064768,51687770,58936515,5.718,1.063,68.74,1.004,0.892,1.116,2.7,0.0621,0.3502024405386417,0.20948,0.08424,0.1114,0.44607,172.58,193.94118,290.0,166.0,0.12377552439448358,buy,2.4,17,63.58400559021809,47.286927500313055,-0.03709688036719869,-0.0437098666318959,0.43703034180410477,0.04978,1793044800,-0.049564958,2026-08-28T08:34:46,0.0526,,,Medical Care Facilities,0.4376855651699095,Buy
FRSH,Freshworks Inc.,16.430824,0.83319,0.66967,20.432835,3.95191,0.65,13.696194126049713,2942492416,236959436,260920772,51.184,0.865,3.861,1.6,1.507,1.693,2.15,0.106800005,0.4266476846273384,0.19695,0.20489,0.05531,0.84963995,13.69,14.38462,25.0,10.0,0.0507392257121988,none,,13,69.42915513460301,75.75042799715438,0.07327510217164834,0.04292151708599315,1.106806784630182,0.07819,1793736000,0.016332626,2026-08-28T08:34:46,0.1195,1.79,23.94,Software - Application,0.4378490384931531,Buy
DAR,Darling Ingredients Inc.,10.703009,5.73577,6.41998,16.819178,1.4793125,4.31,44.10575298622754,13755500544,157802916,157802916,12.207,1.019,78.609,1.168,0.771,1.565,2.88,0.0396,0.16682573850536464,0.12126,0.091309994,0.12892,0.26333,61.39,78.58333,90.0,65.0,0.28006727480045623,strong_buy,1.25,12,46.57717596224829,62.23590538458563,0.3756087944958334,0.11896939878344258,0.7270135572819924,0.012,1793277000,0.80771494,2026-08-28T08:34:46,0.0432,3.03,-17.4,Packaged Foods,0.43788516202942124,Buy
JLL,Jones Lang LaSalle Incorporated,13.406349,28.25154,25.18589,18.520782,0.63518757,1.12,11.615977061581724,20324716544,46007703,46007703,12.057,1.24,42.352,1.004,0.882,1.126,2.23,0.018099999,0.143312718741903,0.13520001,0.03642,0.045700002,0.51232,378.75,421.4,500.0,315.0,0.11260726072607263,buy,1.91667,10,56.90886584126178,38.837720426792394,0.09506059686411124,0.06839147965477518,0.4346904947474105,0.0093,1793795400,0.23948681,2026-08-28T08:34:46,0.0213,2.32,-10.78,Real Estate Services,0.43822451447789657,Buy
ARQT,"Arcutis Biotherapeutics, Inc.",19.081892,1.30333,0.41167,113.045456,6.737257,,144.15056340272818,3001544192,125691961,125691961,82.227,1.526,51.744,2.686,2.455,2.917,10.0,0.1249,0.5107472625079021,0.15864,0.06147,0.12651,0.91143,24.87,36.875,40.0,34.0,0.4827100924809007,strong_buy,1.5,8,29.382821137164285,43.23169503886585,1.0,0.15679835266759568,0.9357679535462206,0.01779,1793131200,0.60244846,2026-08-28T08:34:46,0.1352,10.74,-6.45,Biotechnology,0.43853333980786474,Buy
CBRE,CBRE Group Inc,16.218336,9.07738,7.80185,34.397194,0.9752985,1.0,26.03237953578822,52724277248,289575298,289575298,23.814,1.193,117.789,1.056,0.971,1.141,2.54,0.015,0.1890215364986001,0.15798001,0.029760001,0.03608,0.18574,147.22,182.5,200.0,144.0,0.2396413530770276,buy,1.53846,12,40.18369062076621,12.72913189218879,0.00875338595708647,0.021538399210442524,0.15619237388583004,0.00509,1792672200,-0.0919072,2026-08-28T08:34:46,0.0168,2.5,-10.33,Real Estate Services,0.43919737662217095,Buy
ATEC,"Alphatec Holdings, Inc.",15.966497,0.59938,0.32136,-13.291666666666668,1.8134999,0.48,30.59307368482405,1987061760,154451076,154451076,51.795,0.855,5236.9,1.44,0.993,1.887,5.85,0.1018,0.10280606915292712,-3.7344298,-0.13495,-0.00934,0.70838,9.57,15.78571,24.0,12.0,0.6494994775339602,strong_buy,1.21429,14,62.29503994689816,58.82203003739125,0.012827381890384073,0.03320002758050068,0.21645732648587884,0.20382,1793304000,-0.3981132,2026-08-28T08:34:46,0.1128,7.25,0.29,Medical Devices,0.43919784339489915,Buy
MTG,MGIC Investment Corporation,9.066511,3.428,3.2525,9.773584,5.3321867,0.4,12.287045480588468,6814877184,205124840,205124840,7.378,0.646,12.903,4.1035,3.243,4.964,4.4,0.0553,0.12395611975614473,0.13923,0.59204,0.80851996,0.92607003,31.08,31.0,35.0,28.0,-0.002574002574002532,none,,5,66.3822724135548,43.34076285820208,0.06152088772845949,0.03815869170199875,0.09509145773593679,0.01863,1793217600,0.1167804,2026-08-28T08:34:46,0.0449,4.63,-8.98,Insurance - Specialty,0.4395990237097608,Buy
RVLV,"Revolve Group, Inc.",20.157894,1.14,0.91,22.98,1.2467064,1.08,79.66413490784075,1354059008,41061483,71085420,15.524,1.637,5.723,1.8565,1.23,2.483,5.19,0.1294,0.9514383563788966,0.14308,0.05544,0.064,0.54318,22.98,30.84615,37.0,24.0,0.34230417754569187,buy,2.0,13,42.403386296877905,32.91082150269631,-0.013550135501354966,0.06293706293706283,0.3114963699081815,0.00728,1793736000,0.027268648,2026-08-28T08:34:46,0.1246,6.69,6.8,Internet Retail,0.44011871654990614,Buy
CVS,CVS Health Corporation,10.922603,8.50713,7.94776,24.84492,0.2880004,0.25,14.715443519668952,181386919936,1278970369,1278970369,10.875,0.596,95.503,0.7444999999999999,0.623,0.866,1.97,0.013200001,0.06208982302388266,0.06205,0.011849999,0.03861,0.13645001,92.92,116.08,148.0,103.0,0.24924666379681448,strong_buy,1.44444,25,49.88685668830889,43.418770771088504,0.0664154852283309,0.010297586106156232,0.5677790087774388,0.00063,1793190600,0.27026653,2026-08-28T08:34:46,0.0146,2.41,-4.35,Healthcare Plans,0.4401295553639252,Buy
BVS,Bioventus Inc.,14.98913,0.92,0.778,17.909092,1.6188557,1.79,13.900096759158474,1224388864,68305143,68305143,15.277,0.653,95.075,1.3980000000000001,1.107,1.689,2.94,0.0498,0.016529712850465783,0.25684,0.09361,0.122279994,0.68651,13.79,17.6,19.0,15.0,0.27628716461203795,strong_buy,1.4,5,34.038323139201495,34.25013537142051,-0.0025641025641025663,0.013215859030837015,0.9809247002629481,0.116510004,1793709000,0.86351347,2026-08-28T08:34:46,0.0681,,,Medical Devices,0.44031916967754425,Buy
BRO,"Brown & Brown, Inc.",14.803464,4.82252,4.48234,23.254072,3.5851467,1.51,14.54136891552927,31060834304,334610357,334610357,10.74,0.581,63.975,0.7615000000000001,0.396,1.127,5.15,0.056199998,0.3050334165478328,0.10023,0.18084998,0.41838002,0.56281,71.39,76.6875,90.0,60.0,0.07420507073819871,hold,2.78947,16,55.791148920380095,19.119593308289325,0.0009647120825721814,-0.0031110660931005546,0.15299234784454546,0.13281,1793044800,-0.26364106,2026-08-28T08:34:46,0.0576,4.86,-11.6,Insurance Brokers,0.44050097976157326,Buy
LOPE,"Grand Canyon Education, Inc.",13.263766,11.32333,10.22667,17.986826,3.427742,0.97,19.026040648061624,3694681088,26065037,26065037,10.298,0.579,15.565,2.755,2.692,2.818,4.8,0.066599995,0.16154032315396294,0.30979002,0.19632,0.22023001,0.53271,150.19,195.0,200.0,185.0,0.2983554164724682,strong_buy,1.33333,3,37.12461064212976,47.00353043887918,0.015222374329045114,0.014332640887620462,0.13541189030900538,0.02179,1793822400,-0.25489902,2026-08-28T08:34:46,0.0714,4.59,3.95,Education & Training Services,0.44104694854001897,Buy
CUBI,"Customers Bancorp, Inc",8.237792,9.59359,8.41838,9.510228,3.2281516,1.18,,865324608,33772598,33772598,,1.482,,,,,8.06,0.1001,0.03039739199217073,0.14325,0.3525,0.46019,0.0,79.03,94.0,110.0,76.0,0.18942173858028588,none,,11,40.30341704506472,55.12748677910611,0.007757153220535597,0.00960183533546974,0.14646108389042306,0.09167,1792699200,0.10238528,2026-08-28T08:34:46,0.0758,8.12,1.66,Banks - Regional,0.4414421193957765,Buy
HII,"Huntington Ingalls Industries, ",14.268943,20.83476,18.51263,17.664291,0.8884788,1.06,-39.016134608686606,14637592576,39404598,39404598,12.511,0.241,55.252,1.165,1.1,1.23,1.85,0.0297,0.10437319522965316,0.12968001,0.05013,0.0708,0.124,297.29,368.41666,439.0,304.0,0.23925009250227025,buy,2.08333,12,25.19098645237588,58.01815999461497,0.06717644820807854,0.03273564339651252,0.09017535185686662,0.00476,1793277000,0.09786177,2026-08-28T08:34:46,0.029,1.7,11.7,Aerospace & Defense,0.44315659871640156,Buy
NMIH,NMI Holdings Inc,8.202184,5.46196,5.25873,8.888888,4.6111755,,10.218836159731579,3634642688,75217851,75217851,6.661,0.536,15.753,1.3639999999999999,0.699,2.029,4.15,0.031400003,0.11486298346917678,0.15427,0.54097,0.76672995,0.76384,44.8,49.16667,53.0,43.0,0.09747031250000004,none,,6,46.80786657802775,44.74918373559851,0.024805902436742973,0.01445261775400919,0.1615324702259175,0.01731,1793736000,0.13850069,2026-08-28T08:34:46,0.0248,3.87,-12.05,Insurance - Specialty,0.4433698926095123,Buy
ON,ON Semiconductor Corporation,16.517866,4.52843,3.20248,47.948723,4.6986084,0.23,17.578266091964057,29984817152,389318613,389318613,14.347,2.016,65.055,2.8754999999999997,2.287,3.464,2.99,0.1029,0.14713145110275017,0.08312,0.10168,0.19532,0.42776,74.8,107.68,150.0,85.0,0.4395721925133691,buy,2.17241,25,43.71290024187036,69.11703125744913,0.027100879415518954,0.0432151380838732,0.6275439460444233,0.00332,1793622600,0.5083686,2026-08-28T08:34:46,0.0798,3.59,-1.21,Semiconductors,0.4444041469625631,Buy
BLBD,Blue Bird Corporation,12.4988785,4.79283,4.82483,7.157109,1.1758697,,-182.1560220994475,1896480128,31646589,31646589,9.141,1.386,17.675,1.0915,0.544,1.639,6.87,0.1397,0.29567153351029396,0.64286005,0.17479,0.12096,0.20572,59.905,89.125,95.0,82.0,0.4877723061514063,strong_buy,1.25,8,30.02715897039255,62.7520299201104,-0.021167863960869608,-0.1413514922525408,1.053839287810613,0.01274,1795636800,0.02594626,2026-08-28T08:34:46,0.1228,,,Farm & Heavy Construction Machinery,0.4445616744697053,Buy
ATRO,Astronics Corporation,24.778395,3.1475,2.72,42.617485,3.5604634,1.45,199.49162168662488,3698226944,36107984,43009064,24.861,1.201,178.068,2.2145,1.456,2.973,5.34,0.092700005,0.5549610576984856,0.33682,0.083979994,0.14797,0.32323003,77.99,89.54667,107.0,45.73333,0.14818143351711766,buy,1.6,5,59.934315381279184,77.16172825237766,0.11608974674610611,0.19399418081946504,1.0602413853250359,0.01916,1793908800,1.6868701,2026-08-28T08:34:46,0.0755,6.44,0.94,Aerospace & Defense,0.4445829716525029,Buy
ADUS,Addus HomeCare Corporation,15.695658,7.51864,7.0446,20.667252,1.4926468,1.11,18.402727033808276,2168046336,18674300,18674300,13.05,0.865,9.478,1.576,1.462,1.69,4.43,0.0654,0.06408422270178815,0.09706,0.071329996,0.10318,0.32359,118.01,134.6923,155.0,96.0,0.141363443775951,buy,1.57143,13,42.09159611759311,41.51890383225609,0.006357052042113714,0.004662101219308603,0.24149089187196798,0.02813,1793649600,0.024659157,2026-08-28T08:34:46,0.0679,5.14,-3.78,Medical Care Facilities,0.44464955752827084,Buy
FLOC,Flowco Holdings Inc.,13.053424,1.65244,1.43526,15.517985,2.8634543,,46.26011899021772,2265377792,43972689,108795731,6.887,,25.174,1.9289999999999998,1.187,2.671,7.03,0.092700005,1.5146092654010768,0.10146,0.06066,0.17554002,0.55056,21.57,31.0,34.0,28.0,0.4371812702828002,buy,1.55556,9,52.56237094015898,53.43318581918115,-0.05769041381891244,-0.06462660123060557,1.0073292780076775,0.033770002,1794400200,0.32169116,2026-08-28T08:34:46,0.3575,,,Oil & Gas Equipment & Services,0.4447133440646668,Buy
DKS,Dick's Sporting Goods Inc,9.491527,13.88291,12.10695,14.54415,0.55775213,0.86,-14.32653240829931,18754412544,65931904,89502537,9.001,1.186,139.077,0.891,0.297,1.485,4.87,0.1254,0.8419485049301778,0.18475,0.03967,0.08005,0.33093,131.77,174.27727,275.0,99.0,0.3225868558852545,buy,2.15385,22,9.975195849665269,75.919999681436,,,0.15218155581661272,0.044299997,1795523400,-0.3807801,2026-08-28T08:34:46,0.1235,6.85,3.45,Specialty Retail,0.44484993368112885,Buy
PHR,"Phreesia, Inc.",7.382968,1.6064,1.32927,74.125,1.4792247,,13.007544240866086,750940032,61811889,61811889,22.876,0.844,25.775,1.595,1.433,1.757,3.87,0.0539,0.08603704539752877,0.02864,0.01853,0.05154,0.67837995,11.86,13.94118,20.0,9.0,0.17547892074198979,none,,17,43.01333028917859,65.34271828657177,-0.00017299736743132943,4.3577596135298785e-05,0.8754362038734333,0.04378,1788379200,-0.6253948,2026-08-28T08:34:46,0.0542,,,Health Information Services,0.445134803840615,Buy
GATX,GATX Corporation,15.832329,11.27061,10.22798,17.667326,3.069945,0.64,-1.2761129488340932,18826733568,35305058,35305058,15.888,1.186,347.592,3.3015,3.301,3.302,8.47,0.0924,0.36082295063783754,0.117989995,0.17938,0.27771,0.73627,178.44,219.75,223.0,215.0,0.23150638870208473,none,,4,56.47691653317226,56.04888596668386,0.018608463390076588,0.00909298463163825,0.2832245828069017,0.01516,1792499400,0.060186505,2026-08-28T08:34:46,0.0483,6.88,5.24,Rental & Leasing Services,0.44537070671857654,Buy
AMAT,"Applied Materials, Inc.",26.132431,18.45829,12.79441,41.333332,12.413648,0.96,124.47250487464439,380912664576,793597443,793597443,37.51,1.618,28.666,2.0285,1.634,2.423,1.52,0.015,0.2619968636063261,0.41068,0.30052,0.33736,0.49398,482.36,640.3143,900.0,358.0,0.327461439588689,strong_buy,1.46154,35,20.90002258055155,51.0850911077974,0.04243420221793287,0.09191963768098799,0.06913404059963639,0.00331,1794513600,2.0004976,2026-08-28T08:34:46,0.018,1.78,-14.8,Semiconductor Equipment & Materials,0.44540883918996926,Buy
BLMN,"Bloomin' Brands, Inc.",10.057222,1.03806,0.95931,32.625,0.22462076,,3.2365011596164512,2752945408,85620917,85620917,8.693,1.2,441.871,0.193,0.132,0.254,3.71,0.1065,0.006380230662561104,0.08071999,0.00695,0.0444,0.13574,10.44,11.32273,15.0,6.0,0.08455268199233723,hold,2.83333,11,42.232095046776365,39.02771331238169,0.10353038616834037,0.09113269424823411,1.3100585805960179,0.01353,1793881800,0.42040813,2026-08-28T08:34:46,0.0935,,,Restaurants,0.44550402444782367,Buy
SPB,"Spectrum Brands Holdings, Inc.",15.790686,5.60457,6.2588,27.65625,0.7084312,1.36,7.474465934089698,2586210304,22995596,22995596,7.573,0.646,39.163,1.9775,1.543,2.412,9.54,0.17860001,0.14907933675648155,0.04463,0.0276,0.16792999,0.39646,88.5,99.71429,110.0,90.0,0.12671514124293792,none,,7,46.38199844421348,65.10640348314095,0.19048117214500787,0.028061538010011655,1.5341713850430425,0.04492,1794573000,0.552904,2026-08-28T08:34:46,0.1679,11.63,-5.27,Household & Personal Products,0.4457009282720186,Buy
UAL,"United Airlines Holdings, Inc.",7.3664784,15.25695,10.2022,10.755024,0.57992417,6.5,40.08063792626848,53510971392,324569728,324569728,7.546,1.292,201.641,0.734,0.688,0.78,5.28,0.0641,0.1672596611351258,0.23252001,0.05558,0.05534,0.31816,112.39,161.28261,203.0,95.0,0.4350263368627103,strong_buy,1.36,23,44.883183965121816,24.753713067829395,-0.01513849765711426,-0.013382781833819466,0.48448087094307873,0.0058600004,1792612800,0.070380926,2026-08-28T08:34:46,0.0641,,,Airlines,0.44608254734841213,Buy
CVI,CVR Energy Inc.,18.166367,2.18866,0.11654,58.470585,0.47174513,0.71,18.634482275058275,5278096384,100530599,100530599,6.846,0.821,241.801,1.1484999999999999,0.879,1.418,6.0,0.2013,0.606313317599948,0.24254999,0.0081400005,0.02849,0.10905,39.76,31.4,36.0,25.0,-0.21026156941649898,underperform,4.16667,5,80.33120580600774,37.61960326845974,1.0,0.25604591104734586,1.1638692635531103,0.0,1793217600,0.3040341,2026-08-28T08:34:46,0.1858,5.35,3.57,Oil & Gas Refining & Marketing,0.4464707265727994,Buy
ADI,"Analog Devices, Inc.",22.924957,16.33678,12.84498,44.585716,13.073246,0.56,43.758047369153,188318580736,484565465,484565465,27.203,1.212,27.314,1.042,0.834,1.25,2.27,0.0194,0.4172887685423474,0.12227,0.29787,0.39503,0.65800005,374.52,470.25,675.0,365.0,0.25560717718679915,strong_buy,1.38235,32,32.8100480647377,42.880193404354685,0.03301387192216479,0.0846088630142535,0.27787784137797117,0.00241,1795523400,0.49027097,2026-08-28T08:34:46,0.0202,2.3,-6.66,Semiconductors,0.44679000854567963,Buy
CDP,COPT Defense Properties,25.534245,1.46,,25.888887,5.4801493,1.02,16.785502945884797,6897596416,113410458,115844458,16.776,0.789,164.15,2.3434999999999997,2.093,2.594,8.33,0.0849,0.056594877696376056,0.10825,0.20839001,0.32167,0.58258,37.28,40.0,44.0,36.0,0.07296137339055786,buy,1.75,8,41.7128570195153,48.43017272379404,0.0831316363309378,0.0428571428571429,0.8602475303999989,0.0024899999,1793304000,0.295344,2026-08-28T08:34:46,0.063,7.59,2.81,REIT - Office,0.446990666494929,Buy
RPRX,Royalty Pharma plc,10.793435,5.73682,5.32994,33.29032,14.108675,2.2,-29.931742522763788,38649454592,445277344,577835444,24.817,0.425,91.581,2.7915,2.786,2.797,4.07,0.026400002,0.5026439633093034,0.13965,0.32019,0.19746,0.95821,61.92,64.75,70.0,61.0,0.04570413436692511,strong_buy,1.5,8,76.09069769467068,44.34604784720051,0.0232784058947643,0.03159064508356198,0.6940029673571059,0.06489,1793795400,0.7209561,2026-08-28T08:34:46,0.0257,4.07,-12.09,Biotechnology,0.4470122802091925,Buy
DD,"DuPont de Nemours, Inc.",17.426744,7.96477,7.26216,59.063835,2.6823075,1.72,10.213303476780512,20294965248,135042975,135042975,12.821,1.09,22.902,2.0315,1.636,2.427,2.33,0.0322,1.568967286932672,0.01792,0.00787,0.14239,0.35132,138.8,170.0001,186.0,156.0,0.2247845821325647,none,,16,38.2444212106476,53.509263022569456,0.014038723082207605,0.009014886724831844,1.4614286053059755,0.00158,1793881800,0.43756282,2026-08-28T08:34:46,0.0284,,,Specialty Chemicals,0.4470790589324538,Buy
LNG,"Cheniere Energy, Inc.",13.521563,20.76683,22.80495,21.500765,2.7722173,9.46,80.45054721053667,90146791424,206534158,206534158,11.516,-0.013,243.42,0.6950000000000001,0.519,0.871,2.63,0.0215,0.3383851537816811,0.39116,0.13944,0.74996,0.3685,280.8,308.90475,340.0,255.0,0.1000881410256409,strong_buy,1.40909,21,66.13175602298288,52.81572562696551,0.27406795341945966,0.06452454572669372,0.7114647057371204,0.00657,1793277000,0.16119432,2026-08-28T08:34:46,0.0184,2.24,-10.89,Oil & Gas Midstream,0.4475275325970443,Buy
PEGA,Pegasystems Inc.,13.575927,2.64365,2.45118,20.392046,3.3982048,2.99,11.628833741414775,5610602496,164404945,164404945,26.755,0.865,12.851,1.022,0.985,1.059,3.3,0.13270001,0.13897678686003023,0.54693,0.18662001,0.046040002,0.75573,35.89,43.35734,60.0,25.0,0.20806185567010305,buy,2.0,8,56.7427838396385,89.58811037947939,-0.0016576723347927983,0.0029630023066650837,,0.47845,1792526400,-0.33794504,2026-08-28T08:34:46,0.1326,,,Software - Application,0.44754271191499145,Buy
TOWN,Towne Bank,10.884476,3.43333,3.14,17.966347,3.0920928,,,3653823232,92437275,92437275,,0.699,,,,,3.7,,0.7771486535058503,0.122200005,0.28564,0.61035,0.0,37.37,40.0,42.0,38.0,0.07037730800107056,buy,2.25,4,46.48711759537951,26.04410211380194,-0.003965107057890479,0.0,0.10694063902726668,0.057189997,1792612800,0.018533707,2026-08-28T08:34:46,0.0279,3.29,-5.79,Banks - Regional,0.44796158816376097,Buy
VVX,"V2X, Inc.",11.31176,6.93526,6.22646,26.866436,0.5021986,,23.116196898171253,3355148288,31345358,31345358,10.716,0.198,97.529,1.2265000000000001,1.135,1.318,2.11,0.0809,0.17854506558834005,0.08349,0.018760001,0.04282,0.08473,78.45,89.18182,102.0,70.0,0.13679821542383674,none,,11,46.305158216721544,71.54130914496112,0.021600345211745812,0.024410635155096137,1.2404442511257436,0.00973,1793649600,0.36434782,2026-08-28T08:34:46,0.0559,,,Aerospace & Defense,0.4486055536049534,Buy
FA,First Advantage Corporation,13.900419,1.50571,1.27564,139.53333,2.161467,,16.714445724678736,5395914752,171753691,171753691,12.812,1.165,157.74,2.4735,2.42,2.527,4.08,0.1385,0.22262350793963437,0.01939,0.01512,0.12774,0.45219,20.93,26.25,30.0,22.0,0.254180602006689,buy,2.1,8,32.491963773617485,77.66081352985248,0.04092240654758516,0.053909525509382786,1.286472494670535,0.025510002,1793881800,0.2793399,2026-08-28T08:34:46,0.1151,,,Specialty Business Services,0.4488021079715144,Buy
LRCX,Lam Research Corporation,27.565641,11.55714,9.45969,54.365185,17.158833,1.46,128.99136818833014,397188235264,1251321000,1251321000,45.964,1.865,33.049,2.234,1.839,2.629,2.65,0.0254,0.3180966022307625,0.65066004,0.31272,0.37390998,0.50469,318.58,371.19354,500.0,290.0,0.16515016636323687,strong_buy,1.45714,31,54.71357629015246,46.785941655394296,0.1658005035535897,0.16002232290727778,0.31322975886589344,0.0028,1792612800,2.1810284,2026-08-28T08:34:46,0.0216,2.22,-8.66,Semiconductor Equipment & Materials,0.4489136131366556,Buy
WAY,Waystar Holding Corp.,13.445226,1.87799,1.66976,34.58904,4.015509,,15.431773617597475,6129859584,191748416,191748416,14.124,0.058,37.171,1.7215,1.596,1.847,4.67,0.08180001,0.06564347550073113,0.03765,0.11179,0.2441,0.69107,25.25,33.17391,44.0,27.0,0.3138182178217821,strong_buy,1.29167,23,59.94380668786957,60.734693014874594,0.017011505454279683,0.015904013329077888,1.2901768478734996,0.02384,1793217600,-0.33342135,2026-08-28T08:34:46,0.0978,,,Health Information Services,0.44897020064639315,Buy
VLO,Valero Energy Corporation,11.313216,30.63585,43.59597,14.51382,0.7535511,4.08,11.856978293042706,106534780928,287927461,287927461,7.963,0.554,40.148,1.3415,1.047,1.636,3.42,0.038900003,0.636728509199058,0.27637,0.05446,0.12269,0.16118999,346.59,317.89474,401.0,190.0,-0.08279309847370087,buy,2.35,19,76.98378262145147,55.77380623082347,0.237236484708926,0.23110990912503004,0.6305142723334983,0.00422,1792672200,1.2800474,2026-08-28T08:34:46,0.0318,3.57,-17.06,Oil & Gas Refining & Marketing,0.44970686999126575,Buy
HRI,Herc Holdings Inc.,15.321421,10.14462,7.47812,91.970406,1.0700678,0.06,10.333082784658886,14711248896,33431444,33431444,15.802,1.869,505.714,1.038,0.974,1.102,3.97,0.08189999,0.147171896015021,0.02578,0.010089999,0.12209,0.3194,155.43,186.58333,240.0,115.0,0.20043318535675203,buy,1.90909,12,37.02891990849433,17.19097741938782,0.1797467955038453,0.029626336686722047,0.7138263731371705,0.02185,1793104200,0.1883936,2026-08-28T08:34:46,0.0661,3.22,-9.39,Rental & Leasing Services,0.4497744005356957,Buy
AFRM,"Affirm Holdings, Inc.",15.852784,4.8881,4.63,69.1875,6.5343156,0.75,86.19246038704982,33273038848,294357801,334898565,52.684,3.616,240.279,11.556999999999999,9.572,13.542,4.44,0.0496,0.44194789453533145,0.114870004,0.09629,0.08513,0.48369,77.49,92.47,117.0,55.1,0.19331526648599828,buy,1.67647,30,58.077575200632836,50.612291889258,0.2450554089993572,0.030214272421202285,0.7786603733655827,0.043520004,1787860800,-0.12401086,2026-08-28T08:34:46,0.0547,4.37,-7.98,Credit Services,0.4503620337776647,Hold
COCO,"The Vita Coco Company, Inc.",26.337608,2.34,2.03,34.623596,5.0511007,,34.09427949767856,3272804096,57864153,57864153,23.958,0.767,3.508,2.9669999999999996,2.578,3.356,4.84,0.1182,0.2559717516300637,0.31370002,0.15503,0.29209998,0.41127998,61.63,83.88889,90.0,68.0,0.36116972253772506,buy,1.63636,9,49.13401312574847,38.95193774767493,0.1425869745084905,0.14332061348434266,0.5858095712308824,0.08605,1793190600,0.7243984,2026-08-28T08:34:46,0.103,4.14,-0.66,Beverages - Non-Alcoholic,0.45050214275087036,Hold
GM,General Motors Company,5.8041096,14.8481,13.38804,38.64574,0.4201287,0.34,3.5536847939544187,181312765952,904451541,904451541,11.014,1.329,202.341,1.014,0.892,1.136,3.25,0.025,0.08320040238839055,0.03164,0.01051,0.03202,0.10177,86.18,101.19231,132.0,61.0,0.1741971455093989,buy,1.7037,26,48.09181590433482,50.53010262903896,0.04638370309928113,0.04770896353859065,0.30241116480841557,0.0017200001,1792499400,0.47089946,2026-08-28T08:34:46,0.023,2.31,-17.85,Auto Manufacturers,0.4506414386931848,Hold
XYL,Xylem Inc.,18.036957,6.24551,5.66453,26.82143,2.882127,1.53,22.21946320125752,28326289408,233486812,233486812,14.321,1.01,28.642,1.387,1.161,1.613,4.1,0.0436,0.05788104691754503,0.09182999,0.111549996,0.16995001,0.39240003,112.65,153.875,180.0,129.0,0.3659565024411895,buy,1.90476,16,34.14286082137052,61.107722450879784,0.02209828114455633,0.023218361051084702,0.2885168530185727,0.00331,1793709000,-0.20422435,2026-08-28T08:34:46,0.0338,,,Specialty Industrial Machinery,0.45114749729275533,Hold
OSIS,"OSI Systems, Inc.",16.38915,12.86766,11.35666,23.56313,1.8824366,1.51,16.067326365335916,4052011520,15941968,15941968,15.114,1.213,126.037,2.6925,2.232,3.153,12.56,0.1587,0.009929727622085327,0.17344,0.08663,0.14169,0.33208,210.89,281.14285,300.0,265.0,0.3331255630897625,strong_buy,1.42857,7,36.63546448279225,62.01078280835258,-0.005379188094670911,-0.014695725283661469,0.21781931962454054,0.04858,1793304000,-0.083286226,2026-08-28T08:34:46,0.1357,,,Electronic Components,0.45166172164338403,Hold
CRUS,"Cirrus Logic, Inc.",12.458147,8.9002,8.4312,13.48905,2.7109735,9.35,12.321660570310176,4796237312,50117561,50117561,9.141,1.184,5.96,6.7385,5.894,7.583,4.82,0.0862,0.2473353880888176,0.20903999,0.21004999,0.18367,0.52785,110.88,165.0,200.0,130.0,0.48809523809523814,none,,4,21.011646776305653,47.51769486883871,-0.05318479920941507,-0.06092259643791685,0.36529471231708277,0.00563,1793736000,-0.028986752,2026-08-28T08:34:46,0.0753,,,Semiconductors,0.4525791827513168,Hold
CALX,"Calix, Inc",16.37087,2.30226,1.72167,50.25333,2.1356325,3.34,38.601554880804116,2192790784,62963989,62963989,27.711,1.24,1.969,2.2015000000000002,1.573,2.83,3.12,0.0881,0.2580802655308261,0.06905,0.04607,0.074489996,0.56581,37.69,62.33333,85.0,52.0,0.6538426638365615,none,,6,50.50762545105375,8.903252984606908,-0.030956789949737395,-0.08032101241146795,1.0539209453056229,0.097049996,1793044800,-0.36602187,2026-08-28T08:34:46,0.0695,,,Software - Infrastructure,0.4530602882389509,Hold
GEHC,GE HealthCare Technologies Inc.,13.396868,5.41022,4.92746,16.895105,1.539463,2.04,20.81094649089397,41443221504,451686252,451686252,11.534,0.817,93.965,1.0474999999999999,0.831,1.264,3.23,0.0437,0.0725195185617471,0.19376,0.093339995,0.14976,0.39528,72.48,82.5,96.0,70.0,0.13824503311258263,buy,1.73684,18,55.512800573072035,34.97099359017419,0.011242273245934487,0.008881902215160928,0.18088041624568676,0.0035299999,1793190600,-0.016953766,2026-08-28T08:34:46,0.0387,,,Medical Devices,0.453145496211327,Hold
PSX,Phillips 66,11.590808,20.68967,25.16354,13.829873,0.6318599,1.13,21.15297882804145,113352204288,400935020,400935020,11.421,0.687,62.884,1.091,0.862,1.32,1.9,0.0143,0.5431773557720152,0.23452999,0.046609998,0.08529,0.13098,239.81,222.0,260.0,160.0,-0.07426712814311331,buy,2.1,19,84.20118253789352,35.991111551694885,0.20308934359098435,0.09699696929207839,0.5667244877859599,0.00211,1793277000,0.79525375,2026-08-28T08:34:46,0.0185,3.1,-6.91,Oil & Gas Refining & Marketing,0.4540113690919946,Hold
DAN,Dana Incorporated,7.382412,4.07184,1.9212,-79.10526315789473,0.422051,4.21,5.122780137765516,4468754944,107576679,107576679,6.67,1.988,75.794,1.179,0.871,1.487,3.45,0.0653,0.4075804414077515,-0.01627,0.14552,0.05075,0.09462,30.06,37.42857,43.0,28.0,0.2451287425149702,buy,2.125,7,63.82668339084037,47.37234778375858,-0.204472049689441,0.1929230399639061,1.3726541411873239,0.01555,1793190600,0.49107146,2026-08-28T08:34:46,0.0449,,,Auto Parts,0.45458353760872416,Hold
DVN,Devon Energy Corporation,8.621478,5.46542,5.53388,10.177105,2.7598104,2.92,66.22839664273245,62775001088,1100000000,1100000000,7.034,0.419,28.488,0.6505,0.584,0.717,2.43,0.0233,-0.03974492962909093,0.11522,0.17464,0.41077,0.50349,47.12,59.46154,68.0,44.0,0.2619172325976231,strong_buy,1.33333,26,66.76505676791055,37.58092534954367,0.0991108012719296,-0.03462137188911873,0.379608292523402,0.0070499997,1793822400,0.30526316,2026-08-28T08:34:46,0.0224,,,Oil & Gas E&P,0.4546341644370103,Hold
IART,Integra LifeSciences Holdings C,6.4680324,2.60512,2.45695,-187.22222222222226,0.7953473,0.67,13.88176826762145,3086500608,77772506,77772506,9.739,1.212,196.489,2.6185,1.636,3.601,7.31,0.1195,0.007219729193244762,-0.00696,-0.0044,0.09621,0.56872004,16.85,19.55556,27.0,14.0,0.16056735905044506,none,,9,32.52353256353135,37.523866275496175,0.002934981385931695,-0.005155387188671922,1.6130177189784252,0.14297,1793277000,0.113681436,2026-08-28T08:34:46,0.1149,,,Medical Devices,0.4548991038869226,Hold
NSSC,"NAPCO Security Technologies, In",19.545706,1.805,1.61667,29.647057,6.2373238,,24.853844292175282,1238839424,35768437,35768437,19.539,1.434,12.493,4.4935,4.088,4.899,10.81,0.0804,0.07262965949560507,0.2393,0.21267,0.17812,0.5899,35.28,50.66667,55.0,48.0,0.43613010204081637,strong_buy,1.16667,6,52.12948522504904,40.82459130732621,-0.0020555555555555895,,0.40164517114697684,0.04919,1793622600,-0.07279897,2026-08-28T08:34:46,0.0798,,,Security & Protection Services,0.4549480912837577,Hold
TROW,"T. Rowe Price Group, Inc.",10.913972,10.29506,10.2122,11.303823,3.1570299,2.71,11.842493487149104,22354769920,213315850,213315850,7.543,1.483,3.702,4.039,4.039,4.039,12.88,0.1358,0.1402083523376252,0.19399999,0.29262,0.28688,0.51614,112.36,109.58333,124.0,90.0,-0.024712264150943408,hold,3.38462,12,41.33332556019594,29.28365921352858,0.004444767930787896,-0.00782842422484334,0.14791847810471828,0.01699,1793363400,0.0440439,2026-08-28T08:34:46,0.1219,12.38,-4.66,Asset Management,0.45531085929414744,Hold
THRM,Gentherm Inc,12.326271,3.27593,2.91978,46.953487,0.7849654,1.02,14.70238912984766,1351466240,30705208,30705208,9.337,1.345,44.955,1.7335,1.403,2.064,4.37,0.0884,0.10329746015724761,0.03735,0.01682,0.07101,0.24033001,40.38,47.71429,59.0,34.0,0.18163174839029206,none,,7,63.34593270820447,67.9469168973062,0.07439257288573406,0.06134621490452205,0.5774593988133563,0.01963,1792672200,0.09817791,2026-08-28T08:34:46,0.0571,2.66,7.45,Auto Parts,0.45545762892797204,Hold
CNMD,CONMED Corporation,10.523785,4.78155,4.53604,27.199999,1.0987774,1.84,11.473439905704968,2304067840,29951248,29951248,10.13,0.898,80.109,1.046,0.608,1.484,3.91,0.092,0.03610773414182922,0.05527,0.04119,0.14642,0.55576,50.32,45.5,49.0,43.0,-0.09578696343402227,none,,6,74.21034204989195,52.2671398977014,0.03987528942481832,0.0031911277835825,1.1047404270440304,0.0043,1793822400,-0.07431936,2026-08-28T08:34:46,0.0782,,,Medical Devices,0.45564651223563396,Hold
OMF,"OneMain Holdings, Inc.",7.4344296,8.5938,7.09182,9.521609,2.4337747,0.75,,29551998976,115041469,115041469,,1.193,673.042,,,,4.63,0.040900003,0.0053810248198413735,0.23281999,0.25861,0.28592,0.93675005,63.89,69.57143,85.0,60.0,0.08892518390984505,buy,1.9375,14,63.01216952833038,73.07829412304633,-0.008328462478570485,0.001532517932790587,0.2189369339044901,0.00224,1793363400,0.032816052,2026-08-28T08:34:46,0.0485,4.96,-10.8,Credit Services,0.4557413841511617,Hold
KD,"Kyndryl Holdings, Inc.",5.319085,2.49103,1.85452,33.97436,0.19283034,,1.088013529674721,5809092096,217818263,217818263,4.434,1.716,422.451,0.709,0.57,0.848,6.52,0.1364,0.02615935377282841,0.069299996,0.0058099995,0.02902,0.21841,13.25,14.2,16.0,13.0,0.07169811320754715,none,,5,40.32580660969102,,-0.01342199760606468,-0.03128548540140322,1.4007981541731978,0.02179,1793709000,-0.58320224,2026-08-28T08:34:46,0.1472,,,Information Technology Services,0.45602738410139365,Hold
FELE,"Franklin Electric Co., Inc.",19.784988,5.1625,4.65,29.435158,2.0415876,1.78,30.223057959191717,4730675712,44211464,44211464,13.391,1.031,21.845,1.6965000000000001,0.987,2.406,2.15,0.017,0.093192797234672,0.11767,0.07056,0.15447,0.35525,102.14,118.5,125.0,105.0,0.16017231251223807,none,,4,35.310341665298395,28.00409115307525,0.014176663031624948,0.016240157480314876,0.10383404321014393,0.07501,1793104200,0.04373598,2026-08-28T08:34:46,0.0167,,,Specialty Industrial Machinery,0.4566487456821472,Hold
THC,Tenet Healthcare Corporation,12.845244,20.84429,21.20789,10.591376,0.9883991,1.97,9.590818655601872,36678963200,80519000,80519000,7.572,1.23,152.276,1.2755,1.145,1.406,1.9,0.0368,0.1718832573678264,0.37337002,0.102740005,0.18159,0.41661,267.75,282.4762,309.0,260.0,0.0549998132586369,strong_buy,1.5,21,59.57471558260943,41.47969224718795,0.0730744846478411,0.13048380606105323,0.9165001363462553,0.01,1793131200,0.45255792,2026-08-28T08:34:46,0.0317,,,Medical Care Facilities,0.45677911037532315,Hold
UFPI,"UFP Industries, Inc.",15.43038,5.53,4.5325,19.706697,0.7550837,2.67,39.92594899798716,4494145024,55161491,55161491,9.389,1.235,13.347,3.242,2.503,3.981,4.23,0.0499,0.12752975803355282,0.0802,0.03994,0.05508,0.16128,85.33,102.6,115.0,90.0,0.20239071838743694,buy,1.8,5,36.922044345373884,10.941488267485397,0.006104328523862344,0.04143126177024494,0.32659478750646426,0.01985,1793044800,-0.15489751,2026-08-28T08:34:46,0.0364,,,Lumber & Wood Production,0.4569634683281645,Hold
APEI,"American Public Education, Inc.",12.260638,3.76,3.025,18.588709,1.2629992,1.43,16.531368136326922,775564160,18301543,18301543,9.2,1.404,48.866,3.1265,3.004,3.249,4.66,0.1076,0.041485436501173645,0.1558,0.06837,0.07879,0.55851,46.1,62.83333,70.0,55.0,0.36297895878524944,none,,6,33.89264830753039,36.31750188314809,0.0033167495854062308,-0.0026525198938992657,1.2529995425391325,0.04953,1794254400,0.5275017,2026-08-28T08:34:46,0.1213,5.75,-5.07,Education & Training Services,0.4576089807201493,Hold
NTAP,"NetApp, Inc.",18.98143,10.0435,9.01774,30.5024,5.4021807,2.11,28.882533804005696,36499173376,196234265,196234265,19.373,1.433,202.295,1.3235000000000001,1.211,1.436,4.35,0.0547,0.14715635416679151,1.06734,0.18426001,0.27259,0.70744,190.64,187.5625,210.0,150.0,-0.016142992026856873,buy,2.3,16,43.101377220506706,59.610114471936924,0.012675086778358262,0.020855186657884717,0.12787927322461895,0.0041,1788379200,0.6902207,2026-08-28T08:34:46,0.0677,6.33,2.48,Software - Infrastructure,0.45762918886412013,Hold
QSR,Restaurant Brands International,17.65343,4.42237,4.04805,19.915815,3.687465,1.24,20.87384502106794,43321540608,348758065,458110986,14.816,0.53,290.102,0.9095,0.806,1.013,7.6,0.060300004,0.36473825200286036,0.34792998,0.13125,0.27738002,0.34085998,78.07,85.86957,104.0,78.0,0.09990482899961584,buy,1.88889,23,69.0955480884698,5.143518121942677,-0.0010537173767125982,0.0018190714806742931,0.18618664303046234,0.01279,1793277000,0.2327491,2026-08-28T08:34:46,0.0569,,,Restaurants,0.4581364458592607,Hold
CMC,Commercial Metals Company,9.31643,7.38051,6.36408,12.924812,,13.13,,10671909888,,,8.86,1.529,79.981,1.8185,1.311,2.326,4.48,0.0586,0.229,0.13791999,0.06724,0.09476,0.18565,68.76,81.54545,88.0,75.0,0.18594313554392072,none,,11,32.89945287237143,,0.0005644219234681576,0.03970467665728467,0.7198710983472422,0.00659,1792067400,0.19230103,2026-08-28T08:34:46,0.0446,,,Metal Fabrication,0.4581457961507062,Hold
BFH,"Bread Financial Holdings, Inc.",8.08038,13.36942,12.22145,8.348532,1.5556347,3.91,,3752433408,38419268,38419268,,1.138,,,,,0.03,0.00059999997,0.26017005841964513,0.17424999,0.21364,0.28971002,0.0,108.03,115.4375,132.0,79.0,0.06856891604184012,buy,2.05882,16,44.181313242083256,56.10733766116331,0.0029839746772490124,0.01330849343973658,0.5286434699922254,0.0141199995,1792672200,0.63211966,2026-08-28T08:34:46,0.073,3.73,-4.79,Credit Services,0.4581588024295162,Hold
KMPR,Kemper Corporation,6.5373387,4.22955,2.04936,-3.327316486161251,0.35443237,0.75,7.3809680888687375,2644625152,58874232,58874232,23.301,1.032,63.974,0.798,0.779,0.817,6.18,0.0995,-0.03127050217827032,-0.19700001,-0.107880004,0.030079998,0.254,27.65,36.33333,43.0,24.0,0.3140444846292947,hold,2.66667,3,54.62877837150565,75.47841773570542,0.028330573536053078,-0.04194159978798169,1.1855778453037942,0.011829999,1793822400,-0.48462254,2026-08-28T08:34:46,0.0953,,,Insurance - Property & Casualty,0.4585211934978148,Hold
RGA,"Reinsurance Group of America, I",8.288668,29.68149,29.78367,10.857017,0.61861825,1.14,1.6332552810719432,16198515712,65301665,65301665,7.002,0.461,41.418,0.9075,0.649,1.166,2.29,0.0143,0.1993745182454385,0.11687,0.05807,0.10637,0.1407,246.02,272.33334,302.0,235.0,0.10695610112998954,buy,2.2,9,70.29323706726827,53.23919201850082,0.10486380651759653,0.01492181596233213,0.3444538640259445,0.00234,1793304000,0.2630012,2026-08-28T08:34:46,0.0128,,,Insurance - Reinsurance,0.4592860439164303,Hold
LOB,"Live Oak Bancshares, Inc.",9.451536,4.23,3.122,13.979021,3.5153809,,,1122625152,46283620,46283620,,1.882,,,,,8.34,0.0648,0.1075150171918271,0.1168,0.26513,0.38834,0.0,39.98,46.25,49.0,45.0,0.1568284142071037,buy,2.4,4,33.31969266365313,41.55358888671646,0.012814274128142698,0.021245774987928553,0.45033835197727645,0.22868,1792612800,0.033342004,2026-08-28T08:34:46,0.0531,,,Banks - Regional,0.4593905390325518,Hold
CNC,Centene Corporation,12.297366,5.31252,4.88635,-6.318181818181818,0.17899045,0.88,3.3479203067530543,21415694336,493995000,493995000,4.65,1.105,71.082,1.1255000000000002,1.106,1.145,2.67,0.0308,0.03993989743216031,-0.20358999,-0.02829,0.0376,0.11415,65.33,71.66667,85.0,56.0,0.09699479565283942,buy,2.33333,18,56.35336155538038,35.83101721438547,0.3874226622637278,0.18712082107111974,1.3639411107145614,0.00382,1793104200,1.2496557,2026-08-28T08:34:46,0.0286,,,Healthcare Plans,0.46027241804712077,Hold
NGVT,Ingevity Corporation,11.597568,6.01333,5.24333,98.22535,2.0662897,2.41,26.957311866993702,3536416256,34377922,34377922,9.491,1.18,2636.034,1.1935,0.776,1.611,5.04,0.0514,0.005550166761097541,0.30072,0.04654,0.29895002,0.41127,69.74,89.0,92.0,85.0,0.2761686263263552,none,,3,31.36580073728517,35.811144882171405,0.063555780933063,0.04488792354474369,1.325695143339617,0.00765,1793822400,0.19458723,2026-08-28T08:34:46,0.0367,,,Specialty Chemicals,0.46028821481588694,Hold
TNC,Tennant Company,12.455516,5.62,3.85,67.30769,0.98081136,2.57,23.545277711467325,1509151232,17049303,17049303,14.264,1.134,73.113,1.6284999999999998,1.212,2.045,5.45,0.1016,0.10546156051071409,0.03078,0.015039999,0.05309,0.38766,70.0,87.75,93.0,77.0,0.25357142857142856,buy,1.66667,4,61.938536382026975,53.45192905276236,-0.247557493447887,-0.12324492979719189,0.3619144483254927,0.02207,1793649600,-0.14675766,2026-08-28T08:34:46,0.0708,,,Specialty Industrial Machinery,0.4603296884082615,Hold
GNTX,Gentex Corporation,10.386404,2.22021,2.10061,12.201058,1.8498299,0.72,13.200775542062567,4629577728,210683331,210683331,7.506,0.798,0.441,2.2954999999999997,1.553,3.038,6.52,0.0752,0.05634829705630584,0.16354999,0.15499,0.21757,0.35018003,23.06,27.77778,42.0,23.0,0.20458716392020815,buy,2.33333,9,50.54380279001311,48.244549542870544,0.05154056015818595,0.0018952983064155766,0.1279990346737194,0.00472,1792758600,-0.17672259,2026-08-28T08:34:46,0.0753,,,Auto Parts,0.46038478337621414,Hold
BHE,"Benchmark Electronics, Inc.",22.285261,3.30667,2.94333,49.45638,0.93920773,1.33,19.403264197207672,2623922944,35919933,35919933,17.74,1.29,26.142,1.602,1.211,1.993,3.23,0.0427,0.18275613710081262,0.047810003,0.018860001,0.04147,0.10281,73.69,86.0,92.0,76.0,0.16705116026597921,none,,3,34.13361046700716,59.12233856257104,0.07030181818181819,0.06552316382724359,0.3729643305064885,0.018070001,1793736000,0.81547177,2026-08-28T08:34:46,0.0364,,,Electronic Components,0.4615363249007216,Hold
OGS,"ONE Gas, Inc.",15.729751,5.06111,4.91333,17.496702,2.164498,,-22.752832998242045,8386177536,62856270,62856270,10.682,0.66,95.903,0.3355,0.19,0.481,7.35,0.0759,-0.0731512989873564,0.085760005,0.124689996,0.19847,0.38094002,79.61,89.5625,103.0,82.0,0.12501570154503194,buy,1.66667,8,58.720667790273595,73.91729401062543,0.00819966470840502,0.0048743586892642035,0.046103117012027184,0.0108,1793649600,0.040653586,2026-08-28T08:34:46,0.0585,,,Utilities - Regulated Gas,0.461622221726114,Hold
NRG,"NRG Energy, Inc.",10.218417,11.19645,8.8307,30.187336,0.7260432,0.55,31.137961341720114,48005181440,210210483,210210483,14.757,1.203,483.357,0.6695,0.371,0.968,2.02,0.038900003,0.03237525028663768,0.23772,0.02563,0.12765999,0.18795,114.41,188.75,270.0,104.0,0.6497683768901321,buy,1.5625,16,38.5047074867617,52.86505367148661,-0.03154309127119913,-0.0443494181059315,0.7758791612359843,0.04457,1793881800,-0.21400112,2026-08-28T08:34:46,0.0292,,,Utilities - Independent Power Producers,0.4617646874790362,Hold
ACT,"Enact Holdings, Inc.",9.792137,5.0081,4.84291,10.389832,5.3785353,,12.92731112493665,6989862400,137483671,137483671,,0.46,13.812,0.876,0.83,0.922,6.03,0.1071,0.11688715382061621,0.12869,0.54507,0.73258,0.73177004,49.04,50.2,53.0,48.0,0.023654159869494373,none,,5,59.70688963496355,42.87004600853914,0.016009314815591705,0.01091230591597964,0.03923264435898236,0.81367993,1794254400,0.30252326,2026-08-28T08:34:46,0.094,,,Insurance - Specialty,0.46261423673846525,Hold
BKKT,"Bakkt, Inc.",8.770834,0.96,2.55,-2.063725490196078,0.34030667,,-11.181379298152567,327695840,45069458,45069458,-2.778,5.946,0.018,2.5625,1.985,3.14,6.37,0.2608,-0.904643261962458,-0.1017,-0.0278,-0.10795,-0.09854999,8.42,12.0,12.0,12.0,0.42517814726840863,none,,1,69.80960367024764,36.650461653053455,1.0,,1.5841469881408854,0.39534,1794254400,-0.039908767,2026-08-28T08:34:46,0.1709,,,Software - Infrastructure,0.4627980840443076,Hold
URBN,"Urban Outfitters, Inc.",11.447459,6.88275,6.21981,15.151924,1.0680629,1.4,1458.181532593133,7894693376,85635083,85635083,10.439,1.251,46.143,0.992,0.508,1.476,7.1,0.1197,0.16612733124810553,0.18732001,0.07476,0.08964,0.36061,78.79,87.69231,110.0,73.0,0.11298781571265382,buy,2.21429,13,39.92642725553841,70.8045278607737,0.001249491533114676,0.006150441416370865,0.4169350747816283,0.33796,1795636800,0.1745677,2026-08-28T08:34:46,0.113,,,Apparel Retail,0.4628219506691244,Hold
ZBRA,Zebra Technologies Corporation,16.237207,22.23966,21.12142,33.00823,2.9219003,0.67,29.621761619508998,19889352704,47310660,47310660,16.798,1.583,86.23,0.4085,0.301,0.516,2.26,0.0469,0.2941814212695406,0.15286,0.092180006,0.21259001,0.49581,361.11,412.86667,455.0,350.0,0.1433266040818586,buy,1.8125,15,22.312137836799977,34.239194096815126,0.1381982649032247,0.07349291165269281,0.2268304641003077,0.00852,1793709000,0.13882494,2026-08-28T08:34:46,0.0571,3.6,-14.83,Communication Equipment,0.4629070149224707,Hold
MMS,"Maximus, Inc.",7.1220098,8.36,8.01,8.730206,0.5939681,2.06,8.804327595470504,4793075200,52357763,52357763,6.928,0.59,99.546,2.2945,2.168,2.421,4.51,0.105100006,0.021349605788161696,0.21112,0.07067,0.12622,0.25594,59.54,92.5,110.0,75.0,0.5535774269398723,none,,2,42.46981178622695,62.81993429518144,-0.05430932703659986,-0.07828004410143338,0.3327420931887613,0.01824,1795091400,-0.32279342,2026-08-28T08:34:46,0.0597,,,Specialty Business Services,0.4632196485666972,Hold
ANF,Abercrombie & Fitch Company,11.441828,12.73835,12.487,12.751531,1.2125081,3.62,15.670793145669242,7043622400,44431710,44431710,8.029,0.915,93.997,1.0805,0.754,1.407,4.11,0.1241,0.13575901535187374,0.40609002,0.10035,0.19941,0.63675,145.75,147.88889,175.0,87.0,0.014675060034305298,buy,2.07143,9,86.12904077874498,62.55286785890155,0.161504734754725,0.024687572652625247,0.7265419538873913,0.02214,1795609800,0.5583235,2026-08-28T08:34:46,0.1,,,Apparel Retail,0.4634636650485682,Hold
EHC,Encompass Health Corporation,17.905062,6.678,6.11315,20.163576,1.9007082,0.41,51.30362430544306,15393985536,98653384,98653384,10.519,0.6,82.121,1.051,0.91,1.192,3.47,0.0374,0.11900372317689589,0.24968,0.10005999,0.18054001,0.43865,119.57,148.16667,155.0,140.0,0.2391625825876058,none,,12,56.703903972197594,28.32707399717266,0.017886251962708995,0.02147108355780304,0.30454105756945277,0.008719999,1793217600,-0.017986178,2026-08-28T08:34:46,0.0374,4.89,-6.73,Medical Care Facilities,0.4636133700321441,Hold
ANDE,"The Andersons, Inc.",10.158878,6.27333,6.11,12.6198015,0.19794178,0.89,-19.84497509973341,3018222336,33975570,33975570,9.977,0.654,66.35,1.053,0.596,1.51,2.94,0.041199997,-0.005828411414436796,0.12159,0.016210001,0.01613,0.07179,63.73,88.33333,90.0,85.0,0.38605570375019616,none,,3,35.95317507856373,56.00239160859086,0.11700182815356501,0.0519843778559965,0.14154973876183832,0.04006,1793736000,0.5581907,2026-08-28T08:34:46,0.0298,,,Food Distribution,0.4636517233151613,Hold
LVS,Las Vegas Sands Corp.,12.555947,3.52343,3.09675,17.147287,2.088658,1.13,12.948901804398705,40876830720,647701184,647701184,8.812,0.835,1703.902,0.962,0.927,0.997,3.01,0.129,0.052412524056772325,1.22869,0.12588,0.19658001,0.79335,44.24,59.06842,71.5,47.0,0.33518128390596735,buy,1.75,19,60.700560200561306,12.910789600875034,-0.07548110509377291,-0.0375429884153221,0.17562058289532842,0.61711,1792612800,-0.23234427,2026-08-28T08:34:46,0.0582,,,Resorts & Casinos,0.46416063417508185,Hold
TILE,"Interface, Inc.",15.657024,2.42,2.3775,15.657024,1.5201843,1.27,21.139188681841578,2398932480,57800460,57800460,10.413,1.912,42.809,1.8525,1.178,2.527,9.41,0.0967,0.06423064799138278,0.23225,0.10103,0.18611,0.40485,37.89,45.25,50.0,41.0,0.1942465030351015,strong_buy,1.33333,4,54.65023956957971,51.157629831631894,0.11228070175438584,0.03198294243070351,0.6424865078482067,0.023459999,1793968200,0.41803896,2026-08-28T08:34:46,0.0713,,,"Furnishings, Fixtures & Appliances",0.4643769996504286,Hold
NWBI,"Northwest Bancshares, Inc.",10.581535,1.44875,1.40857,14.883495,3.4294329,2.29,,2852585216,146396520,146396520,,0.67,,,,,6.83,0.0633,0.2304471718316803,0.085710004,0.23374,0.41568002,0.0,15.33,16.57143,18.0,15.0,0.08098043052837567,hold,2.75,7,36.29623302749739,73.15199521395564,0.022822661457803903,0.006076388888888914,0.13313948427756128,0.010039999,1793044800,0.21185768,2026-08-28T08:34:46,0.0511,5.86,1.04,Banks - Regional,0.4645476796884491,Hold
AN,"AutoNation, Inc.",8.019341,24.78383,21.85162,9.116973,0.23938777,0.61,18.45092338815693,17848836096,33060806,33060806,11.778,0.727,501.585,0.4645,0.147,0.782,4.6,0.090900004,0.13366153263172098,0.32766998,0.02822,0.04449,0.17834999,198.75,246.6923,300.0,210.0,0.24121911949685537,buy,1.71429,13,32.08257141875096,58.27917873694678,0.00921667499535849,0.016188438973127623,0.18901380351510644,0.01525,1793277000,-0.09279716,2026-08-28T08:34:46,0.0614,,,Auto & Truck Dealerships,0.46461309590533534,Hold
STRL,"Sterling Infrastructure, Inc.",19.93877,25.39625,20.03,36.481987,4.50463,0.83,44.33257087987081,15394705408,30588518,30588518,21.561,1.889,24.222,1.095,1.083,1.107,1.3,0.040999997,0.8900484913979814,0.40005,0.12549,0.20055,0.23807,506.37,876.0,1000.0,700.0,0.7299603057053143,strong_buy,1.0,7,29.739340138148734,86.37484854107237,0.04869109947643977,0.005393903404592117,0.4492757968816109,0.022939999,1793649600,0.8180088,2026-08-28T08:34:46,0.0361,,,Engineering & Construction,0.4648303745102475,Hold
CXW,"CoreCivic, Inc.",14.841853,2.27667,1.68667,27.032001,1.3452345,1.06,136.14084224035201,4606241792,98893489,98893489,11.955,0.59,95.487,1.225,1.131,1.319,11.9,0.1906,0.40512924971228403,0.08772001,0.05149,0.101789996,0.2258,33.79,41.8,45.0,40.0,0.2370523823616455,none,,5,76.43283998057625,73.8110203709196,0.022224242424242414,0.0663559718969557,0.31433240047147787,0.02162,1793822400,0.6661736,2026-08-28T08:34:46,0.1601,,,Security & Protection Services,0.464976162687453,Hold
REZI,"Resideo Technologies, Inc.",9.722628,2.055,2.33,7.774319,0.39648595,,-1.5944872445331166,6869910528,151847378,151847378,8.208,1.629,129.907,1.6244999999999998,1.026,2.223,2.97,0.0679,0.4359674445344721,0.15196,0.0558,0.07925,0.29208001,19.98,34.25,45.0,27.0,0.7142142142142143,buy,1.75,4,37.26559125061317,53.24292952329301,-0.1824561403508772,-0.32234130255564714,1.348149534790751,0.015759999,1793908800,-0.15679115,2026-08-28T08:34:46,0.0493,,,Industrial Distribution,0.4652602364029524,Hold
DK,"Delek US Holdings, Inc.",15.651349,4.48907,11.93916,19.302198,0.3568343,0.38,8.660857369046168,7343472640,61232174,61232174,6.908,0.562,812.326,0.601,0.439,0.763,4.67,0.11350001,0.541151927743085,0.78763,0.01862,0.07556,0.10446999,70.26,64.33333,85.0,45.0,-0.08435340165101057,buy,2.16667,12,60.92717078633055,55.18325240597136,0.6643098900976352,0.47118469650939093,1.61462109088817,0.02576,1793968200,1.5355468,2026-08-28T08:34:46,0.0997,,,Oil & Gas Refining & Marketing,0.46526702250914254,Hold
COP,ConocoPhillips,13.592564,9.52874,10.43893,17.269335,2.4138947,1.03,20.230094133242783,171195236352,1201337479,1201337479,6.393,0.123,35.639,1.359,1.176,1.542,2.62,0.014099999,0.4252602743945524,0.1418,0.144,0.3151,0.47574002,129.52,145.33333,189.0,126.0,0.12209180049413204,buy,1.64,24,65.44154857236506,29.711814164117413,0.09948285305021892,0.06282185843303958,0.38000342988965213,0.00096000003,1793881800,0.30867934,2026-08-28T08:34:46,0.0141,,,Oil & Gas E&P,0.46528715622676414,Hold
DXC,DXC Technology Company,3.7192945,2.95755,2.59189,14.285715,0.14078546,0.49,2.0040656419612315,4245565696,159778689,159778689,3.106,0.802,125.421,1.323,1.238,1.408,7.13,0.2047,0.0631584202821942,0.04025,0.00993,0.02034,0.22997,11.0,11.21429,14.0,9.0,0.01948090909090916,hold,3.125,7,41.172519826070925,,0.011240382664606648,-0.03975649350649356,1.474764636558492,0.01698,1793304000,-0.23875433,2026-08-28T08:34:46,0.176,,,Information Technology Services,0.4653271061763576,Hold
THG,Hanover Insurance Group Inc,11.657684,19.52875,20.38375,10.892823,1.1718957,0.34,7.331657959505486,8505071616,34820221,34820221,,0.281,22.982,0.26949999999999996,0.179,0.36,2.13,0.0223,0.07583179612788782,0.21885,0.1117,0.14755,0.25191,227.66,236.5,260.0,222.0,0.03882983396292716,hold,2.625,8,52.0543412518362,29.01775655056042,0.10256930358350227,0.048523489932885834,0.9301746399434667,0.00952,1793217600,0.3123126,2026-08-28T08:34:46,0.02,,,Insurance - Property & Casualty,0.46577479725074084,Hold
AM,Antero Midstream Corporation,13.9774685,1.61188,1.38526,27.144579,8.147324,,24.720281494488976,,474674000,474674000,,0.631,185.545,0.835,0.828,0.842,4.78,0.0318,0.09336973515296809,0.19822,0.3045,0.52005,0.79644996,22.53,24.28571,26.0,23.0,0.07792765201952956,hold,3.14286,7,37.845052203863446,64.89416558799351,0.0650930339843149,0.08219086111745194,0.10111151507253206,0.30628002,1793217600,0.26644182,2026-08-28T08:34:46,0.0318,,,Oil & Gas Midstream,0.4658151350991205,Hold
VSEC,VSE Corporation,27.585966,8.01132,6.80762,72.459015,4.56792,3.0,-23.789803400961098,7152667648,28064972,28064972,32.235,1.236,34.965,2.4659999999999997,1.164,3.768,4.93,0.0766,0.21560409894583188,0.042659998,0.05528,0.12682,0.15621,221.0,270.0,290.0,245.0,0.22171945701357476,strong_buy,1.3,9,54.40138244676344,73.0513007386603,0.5574585104484576,0.41003405700808726,0.5155306483884905,0.01719,1793649600,0.36083746,2026-08-28T08:34:46,0.0766,,,Aerospace & Defense,0.4659558306326868,Hold
HELE,Helen of Troy Limited,7.227795,4.00122,3.59244,-1.626546681664792,0.37077552,1.19,7.93049561170854,1419280384,23292061,23292061,6.436,1.302,91.444,1.265,0.747,1.783,7.29,0.1223,0.06635624043746069,-0.39832002,-0.22705,0.15132,0.45439997,28.92,31.0,40.0,25.0,0.07192254495159056,none,,3,49.026721153286836,,0.007007826340456998,-0.015164306653244154,1.574703097676189,0.020450002,1791462600,0.17800403,2026-08-28T08:34:46,0.13,,,Household & Personal Products,0.4659674387947347,Hold
OSK,Oshkosh Corporation (Holding Co,11.195387,13.99773,10.74299,18.054148,0.9118721,6.3,13.18084743528309,10374435840,61739749,61739749,9.953,1.255,24.359,1.323,0.928,1.718,2.48,0.0422,0.11251015451974045,0.12387,0.05243,0.08405,0.15898,156.71,167.32176,197.0,138.0,0.06771590836577124,buy,2.0,17,47.442359987102904,,-0.01654292959345272,-0.00025950777879936774,0.4530413262898103,0.00728,1793190600,0.12441707,2026-08-28T08:34:46,0.0389,,,Farm & Heavy Construction Machinery,0.4662031006738208,Hold
AVGO,Broadcom Inc.,19.053364,19.49997,11.62853,59.16242,23.423195,0.4,64.95719446737999,1812910309376,4757580198,4757580198,43.078,1.473,74.018,2.0835,1.929,2.238,3.03,0.012,0.47756370832279993,0.37280998,0.38848,0.48988,0.76284,371.54,525.97394,675.0,215.88,0.4156589869193086,strong_buy,1.32653,46,15.33750577303256,61.90774324551189,0.000129009729913835,-0.0011658428044183159,0.49169445302161957,0.01948,1788379200,0.24933589,2026-08-28T08:34:46,0.013,3.22,-10.84,Semiconductors,0.466278397348158,Hold
BIRK,Birkenstock Holding plc,12.569475,2.8091867,1.95418,16.975964,2.572971,1.0,37.702926994555305,7521555968,165126204,165126204,11.615,1.296,69.021,2.875,1.967,3.783,3.01,0.11229999,0.2618560407287023,0.12361,0.14821,0.28972998,0.57484,35.31,54.27412,76.770744,38.90028,0.5370750495610308,buy,1.59091,20,26.32317431542768,,-0.019049961598891604,-0.00572689408964705,0.5645600214014073,0.17471,1786624200,-0.3226549,2026-08-28T08:34:46,0.089,,,Footwear & Accessories,0.4667317720623573,Hold
HSIC,"Henry Schein, Inc.",15.050805,5.99835,5.37635,26.3207,0.7396996,2.04,22.559179192825113,15283393536,111446542,111446542,14.151,0.808,80.733,0.9345,0.55,1.319,5.02,0.0752,0.19680999164603952,0.088549994,0.02963,0.057550002,0.31319,90.28,98.1875,112.0,64.0,0.0875886132033672,buy,2.29412,16,53.1935679186411,42.37295829877751,0.005859649057161515,0.015371880681298862,0.11519210883651715,0.00837,1793709000,0.2974993,2026-08-28T08:34:46,0.0689,4.71,-3.58,Medical Distribution,0.4668191956234031,Hold
REG,Regency Centers Corporation,29.93399,2.52088,2.47931,25.493242,8.370002,2.61,18.97846365348717,19235145728,183120547,186958735,17.956,0.819,71.972,0.9259999999999999,0.888,0.964,4.13,0.042600002,0.08604118418235163,0.081870005,0.32996,0.39643002,0.71539,75.46,87.05556,102.0,82.0,0.15366498807315154,buy,2.1,18,47.74285821374078,8.600426794867502,0.018222214921106802,-0.0017017866776681662,0.17405101031969286,0.0064600003,1793217600,0.040827632,2026-08-28T08:34:46,0.0352,,,REIT - Retail,0.4668621432429222,Hold
EXE,Expand Energy Corporation,11.064245,8.85736,8.87112,8.326253,1.7923346,1.07,15.473058149407626,25752371200,231503789,231503789,3.832,0.319,19.207,0.7765,0.594,0.959,2.48,0.0364,-0.08099459593726122,0.14893,0.2197,0.26323998,0.47069,98.0,125.52,160.0,93.0,0.2808163265306123,buy,1.57692,25,57.260067804300796,58.79319401877087,0.05147549494300572,0.05946494231013059,1.0249469473075623,0.0036000002,1793131200,0.0126059055,2026-08-28T08:34:46,0.0365,,,Oil & Gas E&P,0.466961691645502,Hold
AVT,"Avnet, Inc.",8.284397,11.04667,10.5725,22.54064,0.2718125,2.65,-58.07238776220262,10831327232,82072979,82072979,11.472,1.119,69.205,1.3575,0.938,1.777,6.83,0.112799995,0.5091108876649888,0.06665,0.0121,0.03852,0.10429,91.515,106.25,120.0,80.0,0.1610118559798941,none,,4,50.908576613419704,,0.339562876148242,0.24399436936936933,0.40465339187052485,0.01393,1793190600,0.677112,2026-08-28T08:34:46,0.0981,,,Electronics & Computer Distribution,0.4672060180147433,Hold
MQ,"Marqeta, Inc.",32.42,0.5,0.27,180.1111,2.4917483,1.5,11.04898214124452,993291072,95911790,104098834,58.046,1.294,0.943,1.4495,1.235,1.664,4.21,0.0622,0.4280692724012345,0.01332,0.01533,0.02468,0.69991994,16.21,20.5,28.0,17.0,0.2646514497223935,hold,2.85714,10,38.91017944772678,41.97584463148928,1.0,0.18979630687226345,1.0945477465434486,0.0326,1793822400,-0.363315,2026-08-28T08:34:46,0.0453,4.35,-3.83,Software - Infrastructure,0.4673919028868922,Hold
DBX,"Dropbox, Inc.",10.937791,3.28037,3.04535,19.187166,3.081783,29.92,9.963083464923963,10663441408,142295014,217442619,12.846,0.64,,1.042,1.01,1.074,5.62,0.2967,0.9367806098954385,,0.17491,0.26097,0.79732,35.88,30.66667,42.0,21.0,-0.14529905239687857,hold,3.5,6,59.69814362630046,,-0.006890636821371694,-0.03675198867723971,0.1582159536347574,0.08071,1793908800,0.23468685,2026-08-28T08:34:46,0.1913,,,Software - Infrastructure,0.4674596032124396,Hold
CARE,"Carter Bankshares, Inc.",12.326923,2.6,5.76333,5.5258617,2.5938954,,,502280000,23163931,23163931,,0.517,,,,,4.94,0.0916,0.6470983875750622,0.27216,0.44919997,0.55035,0.0,32.05,35.08333,35.75,34.5,0.09464368174726978,buy,2.5,3,42.16561659463299,57.81806842006766,0.055554945054945036,0.0129856974211723,0.345238786029784,0.02283,1792672200,0.6469681,2026-08-28T08:34:46,0.0976,,,Banks - Regional,0.467464049683999,Hold
GFF,Griffon Corporation,16.117449,6.15482,5.39836,21.061571,1.7790089,0.54,10.226058979012015,5719877632,45866631,45866631,11.288,1.389,1035.176,1.7385000000000002,1.066,2.411,4.59,0.0533,0.0970440144164939,2.27544,0.06998,0.23589,0.41297,99.2,125.57143,135.0,115.0,0.2658410282258066,strong_buy,1.14286,7,38.61924477869113,34.422256732346725,0.038018397735663366,0.06972629500629168,1.2611510809358908,0.18261999,1795005000,0.302521,2026-08-28T08:34:46,0.0383,6.04,-0.52,Building Products & Equipment,0.4675284379176482,Hold
IMKTA,"Ingles Markets, Incorporated",17.502129,4.7,,15.233334,0.2884083,0.85,11.605003558572536,2201420288,14552886,18994376,8.465,0.586,76.569,2.452,1.694,3.21,8.81,0.10609999,0.3495748953162967,0.063439995,0.019199999,0.062179998,0.24299999,82.26,,,,,none,,,46.31716425756263,2.359748904219188,,,0.529888213211354,0.00090000004,1795609800,0.21524596,2026-08-28T08:34:46,0.0793,9.2,5.91,Grocery Stores,0.4677639061945102,Hold
PPL,PPL Corporation,16.268074,2.11703,1.94774,20.746988,2.757783,1.38,-13.370809166011547,45961646080,752544841,752544841,12.227,0.589,135.434,0.738,0.571,0.905,4.73,0.0558,0.02395843590136315,0.086330004,0.13471,0.23591,0.44094002,34.44,40.92857,45.0,36.0,0.1884021486643439,buy,1.6,14,51.76089444989733,27.968458302723235,-0.0007900352950832487,7.08590000378361e-05,0.2274774115025352,0.00171,1793795400,-0.055662215,2026-08-28T08:34:46,0.0489,,,Utilities - Regulated Electric,0.46792256568330337,Hold
CHRD,Chord Energy Corporation,10.536762,13.8553,19.17443,9.467575,1.3400524,,8.307438191731803,8876574720,54697872,54697872,3.331,0.381,17.982,1.163,1.105,1.221,4.25,0.077800006,0.927171172216718,0.10312,0.14236,0.34717,0.4811,145.99,167.46667,217.0,130.0,0.14711055551750118,strong_buy,1.4,15,60.077238064243645,,-0.017458752537773126,-0.05638802282326955,0.9818834114130928,0.00611,1793736000,0.32851028,2026-08-28T08:34:46,0.0603,,,Oil & Gas E&P,0.4683769170937859,Hold
VTRS,Viatris Inc.,6.3294935,2.66846,2.50058,-45.64864864864865,1.3163671,1.05,7.24589175156693,31512899584,1148590864,1148590864,7.341,0.893,95.535,1.2005,0.816,1.585,3.41,0.0323,0.07191373237320109,-0.02754,-0.02787,0.12550999,0.40307,16.89,18.5,23.0,12.0,0.09532267613972767,buy,2.2,8,44.63877121171387,36.0347647154254,0.017074757992353244,0.0022422619427678717,1.4755638820235637,0.00318,1793881800,0.60094786,2026-08-28T08:34:46,0.0324,,,Drug Manufacturers - Specialty & Generic,0.4684016574216532,Hold
RL,Ralph Lauren Corporation,16.825663,20.91448,18.89766,22.835821,2.509454,1.95,23.82375628546602,22029289472,37700963,59582239,13.827,1.371,110.373,1.685,1.325,2.045,4.76,0.0877,0.831642921163579,0.37537,0.117639996,0.18395,0.70268995,351.9,446.70587,520.0,250.0,0.2694113952827508,buy,1.52632,17,16.827113802495376,29.66600686015356,0.026452623888890286,0.024719805781004002,0.2903913927517595,0.025409998,1793881800,0.18512785,2026-08-28T08:34:46,0.077,,,Apparel Manufacturing,0.4689112103566799,Hold
HGV,Hilton Grand Vacations Inc.,7.8415313,5.58947,4.77092,25.63158,0.7242027,,-26.824010582677165,11123649536,77724145,77724145,11.948,1.523,624.086,3.846,2.878,4.814,5.28,0.1262,0.2524974317826205,0.11456,0.0321,0.12666,0.24617,43.83,55.63636,74.0,46.0,0.269367100159708,buy,2.36364,11,43.05617989424823,,-0.08839871903637285,0.011716388463529495,0.7247813300176741,0.020599999,1793277000,-0.0776515,2026-08-28T08:34:46,0.1291,,,Resorts & Casinos,0.46896561286482075,Hold
DEC,Diversified Energy Company,4.592762,3.28125,2.69867,2.4745483,0.53573555,,-12.731544779025693,4031217408,69088589,69088589,4.007,0.305,308.044,0.499,0.429,0.569,5.41,0.066199996,0.39285651354089723,0.53721,0.23305,0.8365,0.57092,15.07,20.375,32.0,15.0,0.3520238885202389,strong_buy,1.2,8,70.80598298969879,84.17314714838781,-0.15109468386284994,0.22115742463714186,1.3706713110381028,0.06742,1793908800,-0.08500302,2026-08-28T08:34:46,0.0678,,,Oil & Gas Integrated,0.4691678217208528,Hold
EQH,"Equitable Holdings, Inc.",5.5652843,9.01122,7.16645,-15.151057401812688,1.2880608,,-1.550183279659184,4803713024,272765787,272765787,9.844,1.092,586.1,1.8715,1.713,2.03,0.01,0.0001,-0.22353385177298657,-0.25131,-0.08719,-0.26357,0.12768,50.15,62.0,68.0,52.0,0.2362911266201395,strong_buy,1.33333,11,41.81403642756127,52.71812883786222,0.002522235682850257,0.00955869996302887,1.052523298453863,0.00611,1793736000,-0.058392763,2026-08-28T08:34:46,0.0001,,,Asset Management,0.46955454634272104,Hold
AEO,"American Eagle Outfitters, Inc.",8.578198,1.94563,1.75846,10.496856,,3.34,,4567078912,,,7.089,1.317,114.064,0.962,0.379,1.545,3.9,0.1283,0.097,0.17569,0.0496,0.023610001,0.38194,16.69,19.7,31.0,16.0,0.18034751348112632,hold,2.92308,10,49.9812000702207,,0.017543859649122823,0.001829670329670238,0.419450077866568,0.089420006,1788984000,0.2897991,2026-08-28T08:34:46,0.1092,,,Apparel Retail,0.469587622760439,Hold
PIPR,Piper Sandler Companies,13.492408,5.532,4.632,17.277777,2.4937148,1.26,,4783824384,70670291,70670291,,1.415,11.269,2.4105,2.392,2.429,4.98,0.0471,0.18059794037072807,0.24528,0.14529,0.21613,0.91817003,74.64,87.125,93.0,81.0,0.167269560557342,none,,4,48.1122268181282,29.59741582385233,-0.01656050955414019,-0.01530793876824498,0.5144392129186,0.026180001,1793363400,-0.1055454,2026-08-28T08:34:46,0.0405,,,Capital Markets,0.46964559255021754,Hold
AXTA,Axalta Coating Systems Ltd.,12.850958,2.85504,2.65038,22.509201,1.5247365,2.04,14.554945331310009,10333393920,214019997,214019997,10.427,1.241,119.424,1.2694999999999999,1.006,1.533,6.28,0.0559,0.0528658088337417,0.14344,0.06777,0.15156001,0.34039003,36.69,38.57143,44.0,33.0,0.05127909512128648,buy,2.26667,14,37.53922868184023,57.95196473614646,0.01704163900582127,0.01078032564018128,0.3167059073230917,0.0044400003,1793190600,0.17370439,2026-08-28T08:34:46,0.0484,,,Specialty Chemicals,0.4698083895195686,Hold
INGR,Ingredion Incorporated,9.119907,11.3488,10.56652,11.386138,0.90466,1.32,14.274734058820655,7358121984,63063979,63063979,6.376,0.606,39.412,2.3275,1.857,2.798,6.11,0.0734,0.028951868070360653,0.13693,0.082049996,0.12595001,0.23728001,103.5,121.5,150.0,108.0,0.17391304347826098,none,,6,47.85014932992798,31.660026430144185,-0.02372383997841687,-0.018577227546391146,0.16757184395976704,0.008880001,1793709000,-0.20101899,2026-08-28T08:34:46,0.066,,,Packaged Foods,0.46981245553082884,Hold
XRAY,DENTSPLY SIRONA Inc.,7.2733502,1.51787,1.50262,-4.0,0.6041358,0.73,15.540101961665071,4288866816,199353876,199353876,8.154,0.871,172.243,1.176,0.725,1.627,3.79,0.1101,-0.04037403315900423,-0.33031,-0.14987999,0.09243,0.4952,11.04,13.71875,17.0,10.5,0.24264039855072483,hold,2.83333,16,36.229011794934095,76.15741838594965,0.058608032801899426,-0.021051138012653903,0.5772504694151196,0.0064600003,1793908800,-0.22797203,2026-08-28T08:34:46,0.1047,,,Medical Instruments & Supplies,0.47022964446954163,Hold
APOG,"Apogee Enterprises, Inc.",10.415384,3.9,2.865,12.7335415,0.605135,1.29,8.266967826248086,1102963072,20868294,20868294,6.774,1.128,56.254,1.4609999999999999,1.162,1.76,3.13,0.0318,0.022402497300449964,0.13756,0.048800003,0.054970004,0.23378,40.62,44.0,48.0,40.0,0.08321024126046295,none,,2,29.604021193966062,51.465637748403616,0.021390374331550818,0.05405405405405398,0.24940590874716115,0.028080001,1791462600,-0.07639837,2026-08-28T08:34:46,0.0269,,,Building Products & Equipment,0.47039604654447126,Hold
AKAM,"Akamai Technologies, Inc.",15.525059,7.16519,6.69605,40.304348,3.6982765,1.26,22.515045171613192,21970634752,143716609,143716609,20.345,0.645,196.672,1.577,1.517,1.637,5.46,0.1612,0.04874447740413923,0.08918,0.09507,0.076290004,0.57452,111.24,157.43086,195.0,93.0,0.4152360661632506,buy,2.12,23,44.84327828356722,61.36846447696353,-0.003289596094162829,-0.009446300003317948,0.05627182195084201,0.02128,1793908800,0.40578794,2026-08-28T08:34:46,0.1403,,,Software - Infrastructure,0.4705892484739285,Hold
PHIN,PHINIA Inc.,9.8616295,6.90251,5.96515,20.079645,0.6898906,,9.262598730553686,3185954560,36638088,36638088,6.555,1.107,68.916,1.5035,1.201,1.806,9.28,0.14220001,0.12132357998594268,0.08523,0.03734,0.077659994,0.21798,68.07,94.0,105.0,80.0,0.38093139415307786,none,,5,35.67124679581714,48.73027705744669,-0.021230478428232464,0.023370319412650803,0.5417025251167573,0.02313,1793709000,0.16398764,2026-08-28T08:34:46,0.0946,,,Auto Parts,0.47077975236087216,Hold
WD,"Walker & Dunlop, Inc",7.1040564,5.67,4.88333,35.964283,1.1539307,1.09,,3548738048,34325745,34325745,,1.469,136.457,1.0625,0.551,1.574,3.89,0.0535,-0.10902589295585574,0.023599999,0.03276,0.00767,1.0,40.28,57.0,59.0,55.0,0.4150943396226414,buy,2.0,3,38.47188408796874,50.08499358730399,0.06159347826086964,-0.026609442060085878,0.5521378732656808,0.04028,1793881800,-0.5263963,2026-08-28T08:34:46,0.0454,,,Mortgage Finance,0.47092913171361755,Hold
CACC,Credit Acceptance Corporation,10.829215,55.45,47.71667,13.105194,4.7823625,1.77,,12518130688,10380580,10380580,,1.346,395.632,4.6925,4.552,4.833,7.49,0.2756,0.18541367630710415,0.31932,0.38507,0.52556,0.94652003,600.48,636.6667,660.0,600.0,0.06026295630162526,none,,3,54.21473297973881,40.36621795341041,-0.0003839949722425651,0.01306293961816029,0.33603792583965614,0.46081,1793304000,0.16659224,2026-08-28T08:34:46,0.1844,,,Credit Services,0.4709672455309665,Hold
UCTT,"Ultra Clean Holdings, Inc.",12.734242,5.87,3.16458,-146.5686274509804,1.5417536,0.75,-41.533456810752234,3981757952,45277029,45277029,28.625,1.91,108.2,1.9125,1.092,2.733,2.25,0.0936,0.24483856924446168,-0.0155299995,-0.01066,0.045739997,0.1583,74.75,137.0,150.0,120.0,0.8327759197324414,none,,5,44.77724519676884,60.265061325445686,0.3562505089292984,0.49079365079365084,1.457071215151638,0.01953,1793736000,2.11199,2026-08-28T08:34:46,0.071,,,Semiconductor Equipment & Materials,0.47116552052081,Hold
TMUS,"T-Mobile US, Inc.",12.3108015,14.43854,12.17617,18.78964,2.0682225,0.84,16.81963507442247,308269383680,1072671613,1072671613,8.969,0.327,214.035,0.7545,0.585,0.924,3.59,0.0355,0.14214874141169243,0.17994,0.11455,0.2522,0.63054,177.75,243.375,300.0,169.0,0.36919831223628696,buy,1.7037,24,47.53492272604517,26.856887742782547,0.048279818380846704,0.025954742925998035,0.5073713007067887,0.55553,1792672200,-0.29461485,2026-08-28T08:34:46,0.0348,,,Telecom Services,0.47163462456775346,Hold
NNN,"NNN REIT, Inc.",21.548159,2.10366,2.06991,22.330051,9.046921,4.79,-6.286519338099142,13697300480,190248177,190248177,15.915,0.783,112.118,0.147,0.115,0.179,4.25,0.0432,0.0686999329302378,0.08719,0.40353,0.61697,0.96094,45.33,47.8,50.5,45.0,0.05448930068387381,hold,2.94118,15,39.91311256962897,40.74275046902309,0.015672458377699417,0.0020291511860531246,0.06045949214026605,0.008590001,1793709000,0.05639708,2026-08-28T08:34:46,0.0341,,,REIT - Retail,0.4721809196065217,Hold
TPG,TPG Inc.,14.807738,3.64269,2.87189,78.17391,4.538055,,,13627661312,160109058,390567348,,1.421,82.131,3.6265,3.609,3.644,3.55,0.0673,3.8386849566499865,0.18572001,0.050890002,0.1982,1.0,53.94,60.4375,68.0,46.0,0.12045791620318869,buy,1.75,16,74.54620904970541,,-0.15040064862813426,0.022174369318414138,1.3387218936507852,0.053829998,1793795400,-0.10621375,2026-08-28T08:34:46,0.0781,,,Asset Management,0.4722609992528766,Hold
CG,The Carlyle Group Inc.,9.638969,5.10843,3.66224,50.762886,6.2737617,1.15,,31729627136,356332798,356332798,,1.825,197.617,1.7405,1.673,1.808,5.14,0.0752,-0.3188837766429796,0.077659994,0.13012,0.26855,0.98319,49.24,58.17647,73.0,49.0,0.18148801787164914,buy,2.27778,17,56.24706360079353,27.422341405552217,-0.01638886352282667,0.0026418212472301603,0.9114484609132232,0.26544002,1793304000,-0.23729861,2026-08-28T08:34:46,0.0772,,,Asset Management,0.4726630116810215,Hold
ESI,Element Solutions Inc.,17.543102,2.08173,1.81026,49.351353,2.825088,,175.14572579581795,10840892416,243690914,243690914,19.221,1.269,74.976,2.3165,1.726,2.907,1.43,0.0367,0.5563824263058081,0.06539,0.05669,0.118310004,0.38591,36.52,46.75,50.0,42.0,0.2801204819277108,buy,1.625,8,49.65499086874705,73.95655668145687,0.022797769378103905,0.013643601092656563,0.27951660965176545,0.06526,1793131200,0.41990674,2026-08-28T08:34:46,0.0283,,,Specialty Chemicals,0.4730126826791678,Hold
SIRI,SiriusXM Holdings Inc.,8.545548,3.33507,3.05058,11.445783,1.1166345,1.24,8.099836546374368,19090405376,337066891,337066891,7.552,0.964,81.105,0.404,0.35,0.458,8.61,0.1742,0.01257124634053719,0.07574,0.102290004,0.22129999,0.47355998,28.5,32.0,46.0,24.0,0.12280701754385959,none,,13,38.82258724003019,,-0.041110061332009486,-0.032098919257274934,1.230467702334286,0.46353,1793881800,0.20558381,2026-08-28T08:34:46,0.1139,,,Entertainment,0.47325006928135605,Hold
INOD,Innodata Inc.,28.371342,2.08767,1.645,43.233578,6.4209194,0.87,11.995320252104737,1789862400,34382651,34382651,30.209,2.915,2.402,1.6665,1.605,1.728,3.27,0.13939999,0.4615614369002552,0.37765998,0.14656,0.17212999,0.43198,59.23,122.75,140.0,111.0,1.0724295120715857,none,,4,30.50221383514102,46.45475767522534,0.19549418604651173,0.04383500000000007,1.1916487212573679,0.048520003,1793908800,0.559505,2026-08-28T08:34:46,0.1332,4.72,-3.59,Information Technology Services,0.47360321414563267,Hold
CTS,CTS Corporation,19.352348,2.98,2.72,23.830578,2.9186277,1.42,22.83466045479756,1628687744,28556195,28556195,12.848,1.052,15.692,2.2435,1.878,2.609,4.01,0.0355,0.10448755515221819,0.12429,0.12368,0.17448,0.39713,57.67,65.0,65.0,65.0,0.12710247962545518,none,,1,43.00496842125591,85.24621272049768,0.11934156378600824,0.031141868512110676,0.07865146007864016,0.02076,1793104200,0.35726058,2026-08-28T08:34:46,0.0299,,,Electronic Components,0.47369990434460424,Hold
MS,Morgan Stanley,15.758669,13.6344,12.96643,17.369442,4.3358674,2.05,,216732876800,1570566292,1570566292,,1.209,517.282,1.8010000000000002,1.603,1.999,0.0,0.0,0.30100535676083395,0.17969999,0.25897,0.41567,0.87641,214.86,236.61905,262.0,184.0,0.10127082751559136,none,,21,50.476619596086245,48.55447965824225,0.06876617162884856,0.0447642608485324,0.3001120107261078,0.24410999,1791981000,0.42783093,2026-08-28T08:34:46,0.0,,,Capital Markets,0.4737384713823452,Hold
COLM,Columbia Sportswear Company,13.577848,4.18623,4.67302,15.197861,0.8540643,2.19,11.405812389666472,2746464256,51193194,51193194,8.021,0.937,28.799,1.845,1.197,2.493,5.03,0.1373,0.10392554330561965,0.12658,0.06047,0.05027,0.52155,56.84,69.83333,92.0,47.0,0.22859482758620686,hold,2.625,6,38.209465852374414,,0.212423591436014,-0.010279664563291512,0.17673545327457674,0.58046,1793304000,0.020100474,2026-08-28T08:34:46,0.1376,,,Apparel Manufacturing,0.47379243612257177,Hold
VCYT,"Veracyte, Inc.",23.226807,1.94818,1.90636,31.643358,6.4738927,,34.24315658446257,3192555520,80390731,80390731,28.125,1.94,2.889,8.88,8.598,9.162,5.17,0.0998,0.12517154496331173,0.087740004,0.20374,0.15287,0.73756,45.25,57.81818,70.0,44.0,0.27774983425414357,buy,1.66667,11,57.7861923707314,,0.05695149808165718,0.03227413141733828,1.2366840252141957,0.00537,1793736000,0.4914304,2026-08-28T08:34:46,0.085,,,Diagnostics & Research,0.4742975932720676,Hold
GTY,Getty Realty Corporation,22.687838,1.45232,1.50785,20.214724,8.756978,1.27,18.78910690549382,2560477440,61932699,61932699,12.135,0.757,81.057,1.518,1.317,1.719,18.07,0.2047,-0.03688033360212506,0.094639994,0.42743,0.47073,0.96416,32.95,36.42857,39.0,33.0,0.10557116843702574,buy,2.375,7,55.1173415799348,52.76874596946905,-0.17713989467652597,-0.26140952225962955,0.23119715651698056,0.060650002,1792612800,0.15250087,2026-08-28T08:34:46,0.1379,,,REIT - Retail,0.47430687937012883,Hold
PRCH,"Porch Group, Inc.",47.135136,0.37,,-134.15384615384616,3.8547463,,-10.224444988154476,2198412032,113519836,113519836,31.818,3.147,2091.675,2.5695,2.398,2.741,9.54,0.23,0.03893351290606151,-1.03316,-0.026180001,-0.029189998,0.72102,17.44,19.75,23.0,16.5,0.13245412844036686,strong_buy,1.28571,6,59.66131281503345,51.85745834369451,1.0,0.5897692307692307,0.9285618064145787,0.22575001,1793822400,0.027695894,2026-08-28T08:34:46,0.196,,,Insurance - Property & Casualty,0.4747005047481993,Hold
NOG,"Northern Oil and Gas, Inc.",5.9427104,4.38857,4.06015,-5.3884297520661155,1.3809911,7.35,-6.045748202062937,5443936256,106549128,106549128,4.532,0.727,136.559,0.7495,0.703,0.796,7.84,0.22729999,0.07032572467416154,-0.22049999,-0.24154,0.57063997,0.75398004,26.08,29.77778,35.0,25.0,0.14178604294478525,buy,2.44444,9,77.49394421038596,,0.04086927318732656,0.028801770396956028,0.7117471504343943,0.02894,1794254400,-0.003058076,2026-08-28T08:34:46,0.1978,,,Oil & Gas E&P,0.47505365992145643,Hold
CASH,"Pathward Financial, Inc.",8.49774,9.59667,7.88,10.257862,2.2526507,0.2,,1768673664,20773362,20773362,,0.617,,,,,11.53,0.1287,-0.02465693805364777,0.21176,0.23382999,0.20522,0.0,81.55,101.0,105.0,97.0,0.2385039852851012,none,,2,17.49228821602074,45.95469182512362,-0.09059434506635884,-0.007583247156153086,0.17192857799342814,0.014630001,1792612800,0.026173353,2026-08-28T08:34:46,0.1078,,,Banks - Regional,0.4751075464606929,Hold
FET,"Forum Energy Technologies, Inc.",16.084677,4.96,4.01,-1139.7142857142856,1.0766563,3.0,14.071068803517162,1091024384,11246295,11246295,16.76,0.558,78.511,1.6035,1.015,2.192,3.65,0.0729,0.24506668196059245,-0.0050700004,-0.0019,0.09324,0.28039,79.78,91.0,91.0,91.0,0.14063675106542983,strong_buy,0.0,1,48.5344082138002,,0.8564814814814813,0.8003629764065336,1.4729437362427173,0.07113,1793304000,2.016257,2026-08-28T08:34:46,0.0763,,,Oil & Gas Equipment & Services,0.4754843857418694,Hold
FLR,Fluor Corporation,16.072107,3.36608,2.70598,-4.449013157894737,0.46574777,1.1,336.5298366511628,5363391488,133741067,133741067,-23.019,1.257,38.492,1.767,1.738,1.796,3.63,0.100600004,0.31515648817128117,-0.45167,-0.12848,0.03257,-0.00798,54.1,60.6875,71.0,47.5,0.1217652495378927,none,,8,26.401767819447628,78.10020862017359,0.05438746882793019,0.028825375866885543,1.7311363367332266,0.02387,1793968200,0.31886888,2026-08-28T08:34:46,0.0723,,,Engineering & Construction,0.47556145367067487,Hold
MATX,"Matson, Inc.",13.297892,16.69964,16.05338,14.944146,1.91971,2.01,45.136185917345706,7237761024,29903458,29903458,10.729,1.256,25.834,0.8205,0.753,0.888,3.36,0.052800003,0.24058438325092713,0.17206,0.13408,0.16072,0.23023,222.07,261.66666,270.0,255.0,0.17830711037060376,strong_buy,1.33333,3,72.40810614607763,,0.07022533333333338,0.08217445287449872,0.5047993653369646,0.01919,1793822400,1.1342623,2026-08-28T08:34:46,0.0366,,,Marine Shipping,0.47578093650951364,Hold
BWMN,Bowman Consulting Group Ltd.,17.15028,2.47926,1.9456,101.2381,1.3969506,,24.06769915015552,1011200960,17333752,17333752,21.691,1.366,110.951,0.868,0.834,0.902,1.49,0.0547,0.1912647590665888,0.02915,0.01398,0.05237,0.53357,42.52,43.0,43.0,43.0,0.011288805268109048,hold,3.2,5,65.77731148418255,,0.14397262368145636,0.04346398764304572,1.1777777777777778,0.17323999,1793795400,-0.004914582,2026-08-28T08:34:46,0.0448,,,Engineering & Construction,0.475783497113053,Hold
FTAI,FTAI Aviation Ltd.,16.599894,12.01333,5.69,43.828568,6.5797224,,-39.04737678979472,23640999936,102707091,102707091,23.741,1.579,865.454,3.202,1.123,5.281,3.97,0.1039,0.4071330186929354,1.7445799,0.15943,0.21037,0.32213002,199.42,368.1,600.0,290.0,0.8458529736235083,strong_buy,1.4,10,37.83615505386893,,-0.22816060770482902,0.040655751905751845,1.2802647644359526,0.011390001,1793044800,0.29619765,2026-08-28T08:34:46,0.0659,,,Aerospace & Defense,0.4759777829596204,Hold
SAIC,Science Applications Internatio,11.722592,11.00098,10.17841,14.5061865,0.7477739,,13.039209098508037,8018018816,42276819,42276819,10.879,0.286,187.983,1.0945,1.033,1.156,6.61,0.0721,0.13241276501905208,0.27664,0.055549998,0.08762,0.12605,128.96,121.5,137.0,93.0,-0.05784739454094301,hold,2.81818,10,68.08669766548434,42.15833487563406,0.0,0.0,0.19991038860382576,0.0072000003,1788179400,0.095667005,2026-08-28T08:34:46,0.0649,,,Information Technology Services,0.4766178333019126,Hold
TXT,Textron Inc.,11.338243,7.26303,6.45697,15.685714,0.9257547,1.1,31.282433297583804,16938122240,171986917,171986917,10.082,0.908,52.285,1.2570000000000001,0.653,1.861,4.2,0.0495,0.06723897934631862,0.12126,0.06125,0.08701,0.17628999,82.35,102.06667,115.0,92.0,0.2394252580449303,buy,2.1875,15,26.75825020994526,,-0.0074033877877921275,-0.0029719905335581207,0.10291921970630856,0.00732,1792672200,0.027320385,2026-08-28T08:34:46,0.043,,,Aerospace & Defense,0.47677048154845947,Hold
NBIX,"Neurocrine Biosciences, Inc.",13.043638,11.95372,10.18869,22.895742,4.6975727,0.45,24.832668285190586,15920940032,101649181,101649181,17.432,0.394,12.497,1.666,1.46,1.872,3.29,0.0581,0.3611344107140422,0.22089,0.20910999,0.2219,0.6448,155.92,211.57185,249.0,165.0,0.35692566700872264,strong_buy,1.44444,27,37.886392049785115,60.231504764310806,0.0048503330042575805,-0.05103448713857245,0.4403785560518949,0.01061,1793217600,0.11690545,2026-08-28T08:34:46,0.0453,,,Drug Manufacturers - Specialty & Generic,0.4768934398971295,Hold
KFY,Korn Ferry,13.392801,6.32056,5.78005,16.062618,1.4952168,1.2,17.803054246802105,3786604032,51356133,51356133,9.193,1.203,30.126,1.8715000000000002,1.802,1.941,5.92,0.06,0.07873595155616564,0.14583999,0.095419995,0.14693,0.24304001,84.65,81.0,85.0,75.0,-0.04311872415829898,none,,4,58.72776440221528,57.23801829182475,0.0,0.0,0.2012097209077482,0.01154,1788957000,0.1417588,2026-08-28T08:34:46,0.044,,,Staffing & Employment Services,0.47723297334836645,Hold
AR,Antero Resources Corporation,8.913798,4.32139,4.29443,11.03725,2.0484471,0.5,30.270764543523583,,307439000,307439000,,0.344,55.493,0.3405,0.28,0.401,2.9,0.0444,0.14106755809119842,0.14216,0.18746,0.26017,0.67154,38.52,49.4,60.0,37.0,0.2824506749740394,buy,1.7,20,76.36700907319398,52.89304252461579,0.03379352679914792,0.028787254759586406,1.1763653777166438,0.04407,1793217600,0.20676696,2026-08-28T08:34:46,0.0441,,,Oil & Gas E&P,0.4773021093679808,Hold
WHD,"Cactus, Inc. Class A Common Sto",18.91328,3.62338,2.95973,55.715446,3.5060124,,36.94836664078505,4931529216,69733168,69733168,12.876,1.373,3.301,2.1765,1.766,2.587,3.86,0.056399997,0.6157096738814447,0.13114001,0.119849995,0.18593,0.33233002,68.53,67.55556,75.0,57.0,-0.01421917408434259,buy,2.22222,9,50.822660586336234,68.71755871555193,0.009746994364005977,0.005664771008362556,0.17526264357940533,0.00972,1793822400,0.63361144,2026-08-28T08:34:46,0.0564,,,Oil & Gas Equipment & Services,0.4773427312622429,Hold
ACMR,"ACM Research, Inc.",27.824734,2.89275,2.15375,37.263885,5.402019,,-30.041564960931193,5060976640,64657388,69649196,31.707,1.973,14.524,3.128,2.6,3.656,3.36,0.060700003,0.34997968058963336,0.11627,0.14476,0.16982001,0.43835,80.49,117.75,166.0,75.0,0.4629146477823334,strong_buy,1.44444,8,30.162897967768657,,0.28454018978093476,0.283766691962562,0.3532384901406824,0.12675999,1793795400,1.8522325,2026-08-28T08:34:46,0.0534,,,Semiconductor Equipment & Materials,0.4774884426659151,Hold
DRS,"Leonardo DRS, Inc.",26.472048,1.47023,1.39039,32.43333,2.7487211,,31.681027326120567,10384417792,266891515,266891515,20.894,0.179,9.526,1.7045,1.494,1.915,3.63,0.0117999995,0.09783379213085897,0.11919,0.085209996,0.111719996,0.24874,38.92,54.1,59.0,47.0,0.39003083247687553,none,,10,44.88795142221524,62.93958880476344,0.06948963501403799,0.021510904833700332,0.5076314600295146,0.71416,1793277000,-0.06577051,2026-08-28T08:34:46,0.0413,,,Aerospace & Defense,0.4776514588689948,Hold
BFAM,Bright Horizons Family Solution,12.623788,5.88809,5.111,23.671974,1.1939135,,15.053264870737197,5505073152,48635306,48635306,11.575,1.151,217.779,0.4315,0.384,0.479,2.82,0.0466,0.2679212196176992,0.14942999,0.05781,0.127,0.25485,74.33,89.44444,99.0,68.0,0.2033423920355173,none,,9,47.09136781487099,67.44911337199495,0.019213703847726197,0.025376281918441313,0.46624724021680813,0.01113,1793304000,-0.3702982,2026-08-28T08:34:46,0.0498,,,Personal Services,0.47765444901248255,Hold
FR,"First Industrial Realty Trust, ",33.49421,1.86271,2.51,22.687273,11.2427025,,29.412991962695827,10903444480,132572946,137018972,20.946,1.056,90.051,1.31,1.122,1.498,3.53,0.0385,0.13558680366052966,0.1363,0.47917998,0.45097,0.73745,62.39,71.9375,86.0,61.0,0.15302933162365773,buy,2.0,16,53.9338123582047,35.73039744416914,0.20833413568003675,-0.014585140825697713,0.16476521587614346,0.0035299999,1792612800,0.1861217,2026-08-28T08:34:46,0.0286,,,REIT - Industrial,0.4780342155737906,Hold
HOV,"Hovnanian Enterprises, Inc.",9.876851,12.83,,123.02913,0.26300502,2.0,,1578496000,5071686,5859597,18.728,1.831,113.88,2.532,0.598,4.466,2.47,0.0799,-0.019070758718106817,0.02099,0.00641,0.0080699995,0.14609,126.72,74.0,74.0,74.0,-0.4160353535353535,underperform,4.0,1,47.707698610073805,,1.0,1.0,0.4660621341141413,0.10176,1787229000,-0.0971787,2026-08-28T08:34:46,0.0819,,,Residential Construction,0.4780835986560634,Hold
FNF,"Fidelity National Financial, In",8.171148,5.78866,5.15731,16.538462,0.82641834,0.85,3.5344326184984043,14807520256,268192827,268192827,6.147,0.993,54.297,0.5425,0.145,0.94,3.46,0.0279,0.16096810830097263,0.102110006,0.05029,0.10666,0.54046,47.3,61.4,70.0,54.0,0.2980972515856237,buy,1.6,5,30.906639587723404,66.20702924799954,-0.004829864501364269,-0.017100301050876458,0.42294258549912234,0.057389997,1793908800,-0.18072325,2026-08-28T08:34:46,0.0238,,,Insurance - Specialty,0.4781570517256025,Hold
PACS,"PACS Group, Inc.",16.301384,2.71388,2.51881,25.871346,1.2618843,1.18,18.515585559569963,10250237952,158335612,158335612,21.431,-0.084,305.265,0.877,0.842,0.912,3.83,0.074099995,0.11354131582224225,0.27917,0.04849,0.07656,0.17316,44.24,59.2,62.0,57.0,0.3381555153707052,none,,5,36.232618919090854,54.793570495624564,0.08413785385631845,0.10921374766519389,0.42742340741266094,0.69234,1794254400,2.8006873,2026-08-28T08:34:46,0.0742,,,Medical Care Facilities,0.4782710319454521,Hold
TRMB,Trimble Inc.,14.924576,4.1234,3.66919,-125.59183673469389,3.7933564,1.65,20.91286915132271,15594787840,233179848,233179848,17.719,1.356,28.553,0.7649999999999999,0.576,0.954,3.82,0.0517,0.13279763832764835,-0.01939,-0.027679998,0.15134,0.71773005,61.54,80.18182,94.0,61.0,0.3029220019499512,strong_buy,1.38462,11,61.04766296699276,,0.0227051645469419,0.011460305935221932,0.8283531573131403,0.00402,1793795400,-0.23855484,2026-08-28T08:34:46,0.045,,,Scientific & Technical Instruments,0.4785596512467724,Hold
BKE,"Buckle, Inc. (The)",10.34935,4.14712,4.29943,10.170616,1.6642979,3.32,,2306689792,51515996,51515996,7.609,1.028,86.18,1.683,1.283,2.083,8.66,0.1157,0.03871081129830056,0.45764,0.16623,0.17448,0.58674,42.92,46.0,46.0,46.0,0.07176141658900281,hold,3.0,1,40.07576451463104,,0.010313614723395904,-0.013515892234427725,0.12197605173919857,0.38286,1795177800,-0.24156213,2026-08-28T08:34:46,0.1176,,,Apparel Retail,0.47864672766407257,Hold
BKH,Black Hills Corporation,15.91934,4.612,4.338,18.493702,2.4348738,2.69,-72.00650124758842,10101206016,76253141,76253141,12.037,0.695,111.686,0.394,0.265,0.523,12.67,0.1657,-0.0149901028208137,0.07958,0.13008,0.21422,0.39716,73.42,84.8,87.0,80.0,0.15499863797330415,none,,5,40.45881484221484,,0.0,0.0,0.009574932701675006,0.00482,1793822400,0.22755396,2026-08-28T08:34:46,0.1251,,,Utilities - Regulated Gas,0.47889149071720755,Hold
SR,Spire Inc.,15.012732,5.498,4.017,18.22075,1.8285005,2.5,-14.943289744437113,12118071296,59112807,59112807,12.582,0.556,202.612,0.2545,0.139,0.37,6.12,0.060300004,0.19023140281597528,0.081099994,0.20559,0.07068,0.43965998,82.54,92.66667,100.0,85.0,0.12268803004603823,buy,1.9,9,58.56920307788885,43.39299974184395,-0.0010717900385693643,-0.0035486572011641858,0.05744420598763195,0.02331,1794573000,0.07754564,2026-08-28T08:34:46,0.0455,,,Utilities - Regulated Gas,0.4799108768867555,Hold
NBN,Northeast Bank,8.267302,15.75,14.6,10.204546,,5.27,,1537363456,,,,0.587,,,,,3.42,0.052800003,0.113,0.19002001,0.42713,0.65229,0.0,130.21,143.5,151.0,136.0,0.10206589355656237,none,,2,65.85600899215785,,0.006896551724137907,,0.2922350783622771,0.13461,1793104200,0.17773151,2026-08-28T08:34:46,0.0552,,,Banks - Regional,0.4799538424237967,Hold
FBP,First BanCorp. New,10.874683,2.54812,2.39709,11.841881,4.433436,4.15,,3840988160,152668268,152668268,,0.802,,,,,4.3,0.0637,0.14990614814599224,0.19494,0.39044,0.49097002,0.0,27.71,31.71429,33.0,30.0,0.14450703717069646,none,,7,60.42798726619605,26.672496302687392,0.06875058518251001,0.060585375599360745,0.1326516127070292,0.01822,1792672200,0.24651372,2026-08-28T08:34:46,0.0443,,,Banks - Regional,0.4801064674697537,Hold
LDOS,"Leidos Holdings, Inc.",10.941385,12.78266,12.39938,12.831193,0.9953124,2.46,15.306956635894945,23433340928,125492209,125492209,9.838,0.546,123.276,1.3915,1.154,1.629,2.59,0.0383,0.09595954279520269,0.27781,0.07803,0.11715999,0.17795,139.86,156.6,225.0,125.0,0.11969111969111945,buy,2.35294,15,63.75369524979324,,0.003930909906459772,-0.02520145838560283,0.6501743877270996,0.00555,1793709000,-0.22695112,2026-08-28T08:34:46,0.0337,,,Information Technology Services,0.4801494804465012,Hold
FCFS,"FirstCash Holdings, Inc.",17.0629,13.132,11.322,25.007812,2.3586226,1.17,44.21190738336264,12249036800,43371800,43371800,15.541,0.527,116.419,4.042999999999999,3.199,4.887,5.24,0.062800005,0.32362024172388537,0.17398001,0.0942,0.15508,0.57869,224.07,249.25,255.0,240.0,0.11237559691167931,none,,4,53.31945332104089,18.328749610124987,0.03700311412346583,0.050391937290033516,0.19363402192856344,0.08437,1792672200,0.52149117,2026-08-28T08:34:46,0.0592,,,Credit Services,0.4801712455025984,Hold
KFRC,"Kforce, Inc.",18.758663,3.08764,2.53858,26.939533,0.771587,0.56,28.29745630694196,1092764800,17909000,17909000,19.218,0.881,98.737,1.889,1.847,1.931,4.24,0.08229999,0.08707074655201286,0.28273,0.02713,0.05368,0.2767,57.92,60.66667,63.0,59.0,0.04742178867403313,none,,3,30.345804237274436,38.13984014248872,0.05462174400731182,0.052659570841203,0.2676179559878126,0.075040005,1793649600,0.77668715,2026-08-28T08:34:46,0.078,,,Staffing & Employment Services,0.48050197766918,Hold
CHDN,"Churchill Downs, Incorporated",11.7871475,7.33935,6.88917,14.864261,2.0153642,1.69,43.469534857191235,10740767744,69700243,69700243,10.842,0.663,349.173,0.2975,0.239,0.356,3.58,0.0551,0.055382187060667665,0.33848,0.13804,0.36530998,0.34179002,86.51,131.63635,157.0,100.0,0.5216316032828574,none,,11,46.44983298727351,,-0.004481097312497681,0.007419049318490558,0.03509003218543385,0.059070002,1793217600,-0.16600788,2026-08-28T08:34:46,0.055,,,Gambling,0.48084387976781084,Hold
INTU,Intuit Inc.,12.5900345,27.64091,24.76867,21.014494,4.438217,0.93,14.784349079185228,95791996928,273537000,273537000,13.986,0.959,43.892,1.1444999999999999,0.782,1.507,2.43,0.038399998,0.16595531900985971,0.23596,0.21289,0.17638999,0.80982,348.0,428.6125,921.0,290.0,0.2316451149425287,buy,2.0,32,52.23225071151929,39.78420447613356,-0.09234003054034867,-0.08715534222993376,0.2815182838248229,0.02355,1795118400,-0.47826087,2026-08-28T08:34:46,0.0345,,,Software - Application,0.4811297765901893,Hold
MWA,MUELLER WATER PRODUCTS,15.416276,1.6035,1.569,17.408451,2.608955,1.01,29.526073895796465,3817026816,156125679,156125679,10.582,1.015,40.423,3.7505,2.865,4.636,4.53,0.0448,0.04212231480511286,0.21684,0.15021,0.23945,0.38072,24.72,31.0,35.0,25.0,0.25404530744336573,none,,6,38.10659037889061,,0.0626481544192347,0.022966507177033513,0.44629305248151224,0.0111,1793908800,-0.062215507,2026-08-28T08:34:46,0.0317,,,Specialty Industrial Machinery,0.4813390589770363,Hold
CRSR,"Corsair Gaming, Inc.",14.45254,0.82892,0.89898,38.64516,0.8928634,,16.76286211747156,1304086912,108176959,108176959,15.998,1.86,27.173,1.353,0.954,1.752,5.18,0.2134,-0.039386732991819384,0.05845,0.02535,-0.02543,0.30526,11.98,13.22222,16.0,11.0,0.10369115191986644,buy,2.44444,9,38.26955288609939,,0.2609476253261144,0.08025125759115903,1.0489697161189284,0.03777,1793736000,0.34154534,2026-08-28T08:34:46,0.2292,,,Computer Hardware,0.48189685327208515,Hold
OHI,"Omega Healthcare Investors, Inc",22.647102,2.04397,1.97894,16.47331,11.71768,11.99,22.20922773268616,18271772672,303013000,319297278,16.042,0.582,71.471,0.373,0.302,0.444,6.29,0.0403,0.11272289376363398,0.16529,0.68055,0.61487,0.97924006,46.29,51.94444,61.0,45.0,0.122152516742277,buy,2.4,18,56.93637530333133,48.63341077932994,0.0,0.004916493360275612,0.26350202319960697,0.0019699999,1793304000,0.087385535,2026-08-28T08:34:46,0.0403,,,REIT - Healthcare Facilities,0.48216775287933383,Hold
KBR,"KBR, Inc.",9.395134,4.06487,3.99462,11.503012,0.6234012,0.54,17.10311718650089,7295527424,126067755,126067755,10.824,0.445,170.402,1.0939999999999999,1.04,1.148,5.09,0.0804,0.04556296731071319,0.27531,0.054899998,0.07611,0.14476,38.19,45.71429,60.0,35.0,0.19702251898402734,none,,7,64.6011418204811,,0.008401197574558098,-0.02013547391765492,1.017469252311523,0.0121,1792672200,-0.24316293,2026-08-28T08:34:46,0.0679,,,Engineering & Construction,0.4821910539649782,Hold
NWN,Northwest Natural Holding Compa,15.334158,3.232,3.078,16.857143,1.6136225,2.51,-7.763302524178613,4761186816,42093538,42093538,9.729,0.427,173.275,0.4885,0.205,0.772,8.51,0.058000002,0.002707123359409591,0.08347999,0.097449996,0.13614,0.44977,49.56,57.4,61.0,50.0,0.1581920903954801,buy,2.0,5,49.925284107499344,48.56621043585504,0.007198952879581086,0.0006191950464396978,0.13359409613403914,0.00621,1793881800,0.19335425,2026-08-28T08:34:46,0.0429,,,Utilities - Regulated Gas,0.4822385256870489,Hold
APAM,Artisan Partners Asset Manageme,10.8266,4.0225,3.8625,10.443645,2.4780495,,10.617090643213807,3187503616,70996433,70996433,7.57,1.653,57.111,2.944,2.881,3.007,3.64,0.0638,0.0809374211800189,0.64552003,0.24084,0.27482998,0.45593,43.55,39.25,45.0,35.0,-0.09873708381171065,none,,4,59.08583430804829,70.67243401617235,0.013779527559055057,0.008777429467084676,0.1427055132442602,0.02226,1793131200,-0.06924558,2026-08-28T08:34:46,0.0539,,,Asset Management,0.48228678942045833,Hold
NOC,Northrop Grumman Corporation,17.908361,30.43997,28.99309,17.483322,1.8055305,3.75,31.25214449060755,92187820032,142063026,142063026,12.707,-0.108,95.348,1.091,1.014,1.168,2.94,0.0173,0.05997373306689946,0.26958,0.104820006,0.11604,0.2006,545.13,647.1429,815.0,538.0,0.18713499532221678,buy,2.08696,21,25.722054116224,,0.03741747434552873,0.006376146349188388,0.31869006958840723,0.00266,1792499400,-0.07611346,2026-08-28T08:34:46,0.0173,,,Aerospace & Defense,0.4823851194907123,Hold
FTDR,"frontdoor, inc.",15.94445,5.19397,4.71161,21.850924,2.6586206,2.38,17.10123625270855,6262400000,68893316,68893316,12.136,1.497,416.901,1.5390000000000001,1.487,1.591,6.04,0.0653,0.10500738562214051,1.01859,0.12768,0.28217,0.55544996,82.815,97.4,105.0,91.0,0.17611543802451246,buy,1.85714,5,43.159833951463796,,0.035518681318681425,0.028508910891089183,0.4793915412024826,0.00728,1793795400,0.36329222,2026-08-28T08:34:46,0.0461,,,Personal Services,0.4825065040788038,Hold
UPWK,Upwork Inc.,6.5368576,1.36457,1.38967,11.15,1.4151703,0.85,7.124476831515576,878357440,124903365,124903365,5.891,1.01,62.069,1.2530000000000001,1.082,1.424,4.56,0.2351,0.07611602668991346,0.16695,0.12935,0.21806999,0.77242,8.92,9.875,14.0,8.0,0.10706278026905824,buy,2.5,8,40.80664906304862,,-0.09898595640390581,-0.21688503233877957,1.230852039527843,0.051859997,1793649600,-0.42040288,2026-08-28T08:34:46,0.1776,,,Internet Content & Information,0.482613775992802,Hold
NFG,National Fuel Gas Company,11.015845,7.5228,7.37553,11.622721,3.1334388,1.55,-318.0386960893178,10208610304,95045099,95045099,6.698,0.386,90.92,3.068,2.935,3.201,7.54,0.0636,-0.038920754872379115,0.19576,0.26864,0.40073,0.63229,82.87,92.0,95.0,89.0,0.11017255943043325,none,,2,51.53135657612326,52.598722371354484,-0.006234336683823305,-0.034093316538975627,0.548495450126447,0.0129700005,1793822400,-0.044616103,2026-08-28T08:34:46,0.055,,,Oil & Gas Integrated,0.4826476352283761,Hold
CNA,CNA Financial Corporation,10.191666,4.8,4.3,10.895323,0.87372434,0.92,6.224059624664131,14150797312,270600928,270600928,7.968,0.292,26.578,0.26949999999999996,0.173,0.366,6.47,0.142,0.030243849570242398,0.11324,0.08164,0.11439,0.31087,48.92,49.0,49.0,49.0,0.0016353229762877675,none,,1,40.36836625409497,,0.0617283950617284,0.0,0.17214264455236827,0.00483,1793622600,-0.012714446,2026-08-28T08:34:46,0.1488,,,Insurance - Property & Casualty,0.4830146317206203,Hold
BXP,"BXP, Inc.",31.945105,2.19032,2.09673,37.82162,3.9671226,3.3,14.371410479586737,29609054208,159661556,180877428,18.309,1.039,211.631,0.477,0.448,0.506,7.21,0.0871,0.14833353682210149,0.05308,0.09304,0.28755,0.56452,69.97,76.35,91.0,60.0,0.09118193511504935,buy,2.13636,20,53.02973356806772,18.164642554091984,0.042293639549623466,0.04701810742079199,1.0896681777303003,0.00375,1793131200,-0.03502965,2026-08-28T08:34:46,0.0661,,,REIT - Office,0.483136393675638,Hold
AEIS,"Advanced Energy Industries, Inc",18.90027,15.18973,11.2445,52.388687,5.642399,2.77,336.3241025521024,11478381568,40050442,40050442,32.517,1.317,94.568,3.31,2.83,3.79,2.49,0.0592,0.22225917007357876,0.16267,0.10767,0.17018,0.3996,287.09,429.08334,535.0,370.0,0.49459521404437656,strong_buy,1.33333,12,37.85102838999853,68.19663054423528,0.19352527530847816,0.2360166519383592,0.7266044665212746,0.01061,1793736000,0.91802514,2026-08-28T08:34:46,0.0436,,,Electrical Equipment & Parts,0.48341502897192373,Hold
KEX,Kirby Corporation,16.776342,8.33674,7.08929,21.48387,2.1162767,2.63,21.26786081283262,8575158784,52800000,52800000,11.017,0.859,35.618,1.3605,1.037,1.684,2.48,0.0361,0.16059766666666686,0.10414,0.1018,0.13833,0.33196998,139.86,166.16667,175.0,158.0,0.1880928785928786,none,,6,65.29881875028394,,0.010780360666583047,0.006957244351466549,0.4292213657007803,0.007929999,1793277000,0.4388889,2026-08-28T08:34:46,0.0285,,,Marine Shipping,0.48343436123136024,Hold
GRND,Grindr Inc.,19.935066,0.77,0.6,33.369564,5.2335176,,20.96861871364251,3051237632,173820627,173820627,19.309,0.207,,1.0015,0.902,1.101,4.77,0.1774,0.4955630093314529,1.0865101,0.18749,0.23528999,0.74938005,15.35,20.8,22.0,19.0,0.3550488599348536,buy,1.6,5,34.6383716841237,,0.0,0.0,1.323429887325606,0.83449,1793908800,-0.01854217,2026-08-28T08:34:46,0.191,,,Software - Application,0.48356698970425266,Hold
AVA,Avista Corporation,13.534498,2.78843,2.61357,13.773724,1.6471245,2.39,-13.443198756174759,6512832000,83752830,83752830,10.129,0.241,119.709,0.6990000000000001,0.298,1.1,7.41,0.073699996,-0.03326946683473275,0.08306,0.11829001,0.13317001,0.66753995,37.74,41.33333,50.0,37.0,0.09521277159512431,none,,6,45.10389184210005,,0.0044465795541892015,-0.0006665973787671513,0.04803359864042261,0.00884,1793795400,0.03284073,2026-08-28T08:34:46,0.0534,,,Utilities - Diversified,0.48404201131896724,Hold
HURN,Huron Consulting Group Inc.,15.09254,10.59,9.198,23.608568,1.4334401,1.47,16.835635280839007,3214139136,15910072,15910072,13.211,0.067,224.857,1.6440000000000001,1.579,1.709,1.81,0.041300002,0.254295769371754,0.26881,0.06514,0.117060006,0.32652,159.83,190.75,215.0,160.0,0.19345554651817554,none,,4,68.53909700483995,,0.03961571065272679,0.03640634174985319,0.3263442456037467,0.02642,1793736000,0.16698301,2026-08-28T08:34:46,0.0442,,,Consulting Services,0.48408189118411166,Hold
UPS,"United Parcel Service, Inc.",13.087469,8.0749,7.20885,19.643122,0.9997843,1.64,16.177518521452825,113962598400,749349405,850781582,9.476,1.038,189.9,1.1155,1.052,1.179,4.72,0.0348,0.2159276555587577,0.29602,0.050819997,0.09052,0.22413,105.68,116.07692,135.0,76.0,0.09838115064345176,buy,2.17241,26,54.857514666390934,46.95170706881679,0.011041889898066258,0.006334690499958186,0.3648546430924309,0.00017000001,1793104200,0.20860016,2026-08-28T08:34:46,0.0349,,,Integrated Freight & Logistics,0.48411259325828926,Hold
IR,Ingersoll Rand Inc.,20.159449,3.91727,3.55555,32.632233,3.8579128,0.71,27.668071159641773,34431012864,387999429,387999429,17.09,1.161,47.903,1.316,1.016,1.616,3.61,0.0464,0.11143590451005525,0.0947,0.12076,0.16882999,0.42821,78.97,96.25,109.0,82.0,0.21881727238191728,buy,2.0,13,24.654484089841304,39.34853008454812,0.014682800148397589,0.01679398427543166,0.17869436135244982,0.00215,1793304000,-0.005791247,2026-08-28T08:34:46,0.041,,,Specialty Industrial Machinery,0.4841648645272127,Hold
BSX,Boston Scientific Corporation,13.593335,3.4333,3.30364,19.527195,3.2213535,0.72,27.59085700823043,79962537984,1449229526,1449229526,14.001,0.566,50.151,0.899,0.558,1.24,1.4,0.0191,0.0991228363918939,0.15338999,0.17499,0.22895999,0.69189,46.67,62.68966,94.0,44.0,0.343253910434969,buy,1.58065,29,46.10970806816294,18.04879197075168,-0.016765030640154523,-0.07521784218394359,0.5206332698910494,0.00254,1793190600,-0.5576303,2026-08-28T08:34:46,0.0191,,,Medical Devices,0.48471633886860976,Hold
JBL,Jabil Inc.,18.544632,16.83614,12.76506,38.930172,0.97399896,0.82,27.002269639608613,35303624704,104787089,104787089,14.728,1.304,297.136,0.7145,0.448,0.981,2.87,0.035,0.1450135999101949,0.65876,0.02566,0.05211,0.092259996,312.22,441.44443,482.0,365.0,0.41388902056242394,none,,9,44.170058601295324,,0.0002562336474742611,0.005345556297330462,0.3311335179814389,0.01192,1790253000,0.5242884,2026-08-28T08:34:46,0.0301,,,Electronic Components,0.4851200299784859,Hold
ICFI,"ICF International, Inc.",11.647212,7.71,7.108,18.439426,0.88434833,1.81,19.463933713437296,2170295808,17933884,17933884,11.013,0.516,53.793,1.2415,1.098,1.385,2.71,0.038,0.02449723105156698,0.08637,0.04862,0.08406,0.3716,89.8,107.25,124.0,80.0,0.1943207126948776,buy,1.6,4,20.186172963162463,,0.012247223013386415,0.003906250000000033,0.22188250959523714,0.01911,1793304000,-0.0857259,2026-08-28T08:34:46,0.038,,,Consulting Services,0.4852715660942296,Hold
VC,Visteon Corporation,9.640869,10.47416,8.53763,19.956522,0.713338,1.01,13.271160251910311,2559704320,26695429,26695429,6.464,1.313,25.696,1.5899999999999999,1.405,1.775,6.96,0.1388,0.012563360566335113,0.09538999,0.037839998,0.07813,0.12808,100.98,131.72726,170.0,110.0,0.3044886116062586,none,,11,34.8652446867609,,-0.005301096453158759,0.030324969407468896,0.6543829214096603,0.01828,1792672200,-0.18538237,2026-08-28T08:34:46,0.1214,,,Auto Parts,0.4853920267331274,Hold
RPD,"Rapid7, Inc.",6.6502466,2.03,1.83,37.5,1.0630742,0.63,6.829825272819627,1168976640,67400640,67400640,20.097,0.958,488.88,0.766,0.73,0.802,3.07,0.1339,-0.053796647925004826,0.14028,0.023529999,0.02273,0.69297,13.5,11.71,15.0,8.76,-0.13259259259259248,hold,3.12,21,64.2782359075205,,,,1.159149802431613,0.04027,1793736000,-0.348141,2026-08-28T08:34:46,0.1344,,,Software - Infrastructure,0.48543581471113867,Hold
TRV,"The Travelers Companies, Inc.",12.225972,30.20864,34.05444,9.971111,1.5727763,2.36,5.213696215071586,81040015360,208575022,208575022,7.059,0.457,27.378,0.2565,0.19,0.323,2.74,0.031400003,0.08262916544244692,0.26511,0.16951999,0.23698,0.34730998,369.33,360.33334,430.0,262.0,-0.02435940757588051,hold,2.96552,24,33.00447297635516,37.52177778149418,0.20612824518647568,0.057785490633572335,0.40551966582211446,0.0028400002,1792067400,0.36028135,2026-08-28T08:34:46,0.0281,,,Insurance - Property & Casualty,0.48556124016204083,Hold
WGO,"Winnebago Industries, Inc.",12.704244,2.39054,1.80459,22.330883,0.30271366,0.24,5.227744337475748,1284326272,28268893,28268893,9.872,1.119,39.12,1.6070000000000002,0.841,2.373,5.98,0.1285,-0.009023738566628636,0.03142,0.0135699995,0.03292,0.13,30.37,38.0,73.0,30.0,0.25123477115574566,none,,11,35.63288171898553,,-0.021769887518633946,-0.0469709292127127,1.101113280090261,0.03469,1792585800,-0.15591997,2026-08-28T08:34:46,0.116,,,Recreational Vehicles,0.4857281649834375,Hold
FORM,"FormFactor, Inc.",31.720865,3.475,3.05714,74.47973,9.544457,1.39,74.97821617762298,8295519744,78120725,78120725,44.416,1.254,2.691,3.582,3.086,4.078,2.02,0.0493,0.3013708641336854,0.10989001,0.12798001,0.24122,0.46182,110.23,138.625,175.0,64.0,0.25759775015875896,buy,2.0,8,39.95182827260361,,0.25439654677203616,0.24496193461710716,0.2266237376384773,0.0076099997,1793217600,2.7762933,2026-08-28T08:34:46,0.0351,,,Semiconductor Equipment & Materials,0.48573636966496053,Hold
DRVN,Driven Brands Holdings Inc.,8.754325,1.445,1.207,13.177083,1.0805213,0.93,8.200016873140513,4123490560,164979816,164979816,10.743,0.965,266.467,1.2494999999999998,1.029,1.47,11.64,0.1358,0.06346972771505577,0.20706,0.08557,0.14396,0.4486,12.65,16.61,22.0,13.0,0.31304347826086953,none,,10,51.84132560409709,,-0.010655737704917952,-0.027590847913862668,1.305175707276095,0.02326,1793277000,-0.3132465,2026-08-28T08:34:46,0.0503,,,Auto & Truck Dealerships,0.4858924900825621,Hold
BL,"BlackLine, Inc.",12.127839,2.78038,2.48472,60.214287,2.6759365,4.53,14.139132956009746,2147257088,58125270,58125270,33.306,0.645,202.88,1.6865,1.652,1.721,4.37,0.1277,0.17080831108397443,0.070300005,0.047480002,0.06446,0.75563,33.72,38.8,70.0,26.0,0.15065243179122167,none,,10,51.47369939094679,,0.003781268179173953,-0.006911380740285584,1.0360586120637247,0.09415,1793736000,-0.37980503,2026-08-28T08:34:46,0.1124,,,Software - Application,0.4862016712645793,Hold
SMG,Scotts Miracle-Gro Company (The,12.803607,4.73226,4.4161,23.393824,1.01265,0.88,14.195437971830986,5989966336,58220274,58220274,11.2,1.829,,0.9410000000000001,0.667,1.215,3.89,0.0942,0.016638894554154682,,0.02121,0.16825001,0.32157,60.59,77.16667,82.0,70.0,0.2735875557022609,buy,2.0,6,52.00174684403324,,0.018355816903032427,0.006204444746846791,1.116554528779324,0.23698,1793795400,-0.010290742,2026-08-28T08:34:46,0.0945,,,Agricultural Inputs,0.4862858319391983,Hold
FE,FirstEnergy Corp.,15.681156,2.9494,2.73338,25.0,1.7115693,1.66,-13.28390957184894,57173098496,578639932,578639932,10.545,0.45,200.908,0.4455,0.35,0.541,5.47,0.0589,0.08520974522719271,0.09491,0.06939,0.19304001,0.68605006,46.25,53.16667,56.0,48.0,0.14954962162162166,buy,2.1875,12,50.88693825857487,47.2532623949941,-0.00018289025121811015,0.00014581362306151247,0.36096421160562137,0.0013799999,1792612800,0.060293436,2026-08-28T08:34:46,0.0466,,,Utilities - Regulated Electric,0.4862863546046997,Hold
OMER,Omeros Corporation,16.812227,1.145,0.66,11.063218,36.26764,0.81,7.601720743802908,1558392064,72388316,72388316,-21.671,2.538,,1.7825000000000002,1.614,1.951,6.79,0.20969999,,,3.2488198,0.00259,0.38342997,19.25,33.0,33.0,33.0,0.7142857142857142,buy,2.33333,1,81.86546665313588,,0.736842105263158,1.0,1.1858582497284522,0.04082,1794513600,3.6274037,2026-08-28T08:34:46,0.2113,,,Biotechnology,0.48644718331616427,Hold
BIIB,Biogen Inc.,13.394418,16.53674,12.41218,39.20354,3.2636456,1.56,25.83096559625149,39797612544,147753998,147753998,11.847,0.162,44.329,1.4024999999999999,0.94,1.865,4.35,0.0392,0.025420320606146962,0.04575,0.083229996,0.25058,0.78322,221.5,236.22,300.0,165.0,0.0664559819413093,buy,1.82857,31,60.44475454117994,68.27716339948597,0.03599383687757379,0.007361769602501039,0.486508281320062,0.0018799999,1793277000,0.67523825,2026-08-28T08:34:46,0.0353,,,Drug Manufacturers - General,0.4865443439753142,Hold
FDX,FedEx Corporation,15.90205,20.84071,17.704,18.119738,0.8280717,1.41,13.866033025056987,107798372352,236670435,236670435,9.102,1.36,135.697,1.431,1.387,1.475,3.24,0.021300001,0.3915743322312313,0.14846,0.0468,0.11129,0.27318,331.41,356.37125,479.0,160.0,0.0753183368033552,buy,1.82143,26,68.56459518773741,53.233802382094375,-0.0012788639941962012,0.007846328981945474,0.07429355881595519,0.06243,1793217600,0.7798927,2026-08-28T08:34:46,0.023,,,Integrated Freight & Logistics,0.48654454527043517,Hold
OXY,Occidental Petroleum Corporatio,15.432967,3.834,5.83379,17.301168,2.472145,0.81,15.61420044909353,78546542592,999637371,999637371,5.726,0.16,34.511,1.2245,1.038,1.411,0.01,0.0001,0.5102076548196597,0.10629,0.30318,0.45443,0.73318,59.17,66.82609,79.0,55.0,0.12939141456819314,buy,2.33333,23,59.144917144574876,,0.0616832124625786,-0.031651899821181384,0.9761285372228031,0.26812,1794254400,0.24280608,2026-08-28T08:34:46,0.0001,,,Oil & Gas E&P,0.486548884076358,Hold
RHP,"Ryman Hospitality Properties, I",26.717682,4.835,4.38,31.817732,3.2596793,1.08,15.689536610336715,12307922944,68984288,68984288,14.734,1.201,334.57,1.068,0.823,1.313,2.5,0.045,0.03745033651720808,0.22583,0.09947,0.23305,0.35156,129.18,138.07143,152.0,125.0,0.06882977241058974,strong_buy,1.21429,14,80.16704386909592,25.03898034118565,0.026963657678780825,0.0,0.32039872236278494,0.02861,1793649600,0.3076222,2026-08-28T08:34:46,0.0354,,,REIT - Hotel & Motel,0.48655008679773637,Hold
HNI,HNI Corporation,10.332989,4.835,4.255,-1665.3333333333335,0.8210657,0.63,34.60432061813393,5142102528,72181800,72181800,11.463,0.901,91.076,1.0395,0.717,1.362,6.55,0.054899998,0.40159350556511453,0.00329,0.00098,0.08164,0.4188,49.96,69.75,73.0,65.0,0.39611689351481183,none,,4,68.11731217454411,68.8884123738295,0.054959549553346636,0.0,0.521358063149509,0.02081,1793795400,0.11170447,2026-08-28T08:34:46,0.055,,,"Furnishings, Fixtures & Appliances",0.48668185600190367,Hold
MTX,Minerals Technologies Inc.,10.323456,7.0025,6.02667,-32.417040358744394,1.0480151,2.22,5.72831791538926,2900898304,31128762,31128762,7.612,1.149,61.194,1.1725,0.916,1.429,3.79,0.0496,0.04523963079546811,-0.03835,-0.0313,0.13603,0.24516001,72.29,93.0,100.0,90.0,0.28648499100843816,none,,4,53.31976868979877,,-0.030692400482509055,-0.018570427470217154,0.8134568726597629,0.01248,1793304000,0.10450721,2026-08-28T08:34:46,0.0307,,,Specialty Chemicals,0.4869862461477922,Hold
KIM,Kimco Realty Corporation (HC),26.63311,0.894,0.85,28.011763,7.302477,3.37,18.326792063525634,24285399040,670789373,670789373,18.231,0.968,84.993,0.9704999999999999,0.97,0.971,6.49,0.052399997,0.059025125611225304,0.05806,0.27759,0.36565,0.68933,23.81,27.01136,31.0,24.0,0.13445443091138176,buy,2.33333,22,29.633316928254118,40.30654593491631,0.049382716049382616,0.03233256351039264,0.5836158485422945,0.022079999,1793277000,0.058692694,2026-08-28T08:34:46,0.0442,,,REIT - Retail,0.4871433445825671,Hold
RSI,"Rush Street Interactive, Inc.",31.161911,0.84077,0.62,84.51613,4.6814547,,50.34357454842973,2863768064,115626347,244247026,15.942,1.525,1.519,2.019,1.922,2.116,2.57,0.065799996,1.8902090282243376,0.30279,0.02335,0.1174,0.34967998,26.2,36.0,40.0,30.0,0.3740458015267176,strong_buy,1.36364,11,53.76374261474427,,0.05156037991858884,0.025679500317181494,1.2964991899732763,0.03082,1793217600,0.1748879,2026-08-28T08:34:46,0.0646,,,Gambling,0.48721760015824245,Hold
VAC,Marriott Vacations Worldwide Co,11.629957,9.58215,8.62888,-11.644723092998955,1.1224054,,13.925575843085245,9146014720,34395320,34395320,15.796,1.238,268.546,2.5995000000000004,0.65,4.549,4.7,0.1033,0.10360777280164868,-0.1471,-0.097799994,0.18478,0.53148,111.44,115.09091,147.0,65.0,0.03276121679827715,buy,2.33333,11,56.13443379489375,,0.14296159521456833,0.12233519839675613,1.0864096169992687,0.19996999,1793795400,0.42597568,2026-08-28T08:34:46,0.0793,,,Resorts & Casinos,0.48724192992366955,Hold
LMT,Lockheed Martin Corporation,17.296745,32.71656,30.482,20.873848,1.6958239,1.15,23.47851599640738,147349176320,230790753,230790753,15.222,0.11,234.238,1.0835,0.974,1.193,2.01,0.0124,0.1178039536098745,0.89165,0.08163,0.119569995,0.11798,565.89,632.9474,756.0,503.0,0.11849900157274385,hold,2.52381,19,38.60524093745384,71.0062743829962,0.0038616158221132877,0.007896265567834416,0.12414619880658594,0.0011100001,1792499400,0.24199462,2026-08-28T08:34:46,0.0121,,,Aerospace & Defense,0.4876892371255342,Hold
ITRI,"Itron, Inc.",14.352572,6.91653,6.42152,16.51747,1.8872763,0.85,14.72152527190744,5224743936,43786753,43786753,14.456,1.332,97.754,2.3445,1.943,2.746,5.64,0.195,-0.03382292813536547,0.16885,0.11895,0.13455,0.39869,99.27,129.6,150.0,115.0,0.3055303717135085,buy,1.58333,10,36.116216834071835,72.44433139817957,0.07495446753803295,0.05482182563526946,0.8651587834336623,0.018070001,1793277000,-0.19253296,2026-08-28T08:34:46,0.1388,,,Scientific & Technical Instruments,0.48790706853999627,Hold
LFST,"LifeStance Health Group, Inc.",23.174753,0.53075,0.39551,94.61539,2.9651585,,27.264965989488925,4890182656,382055609,382055609,36.222,1.201,32.099,1.301,1.226,1.376,2.82,0.0619,0.28351115504758906,0.03429,0.03193,0.0725,0.33558998,12.3,13.8,18.0,12.0,0.12195121951219501,buy,1.54545,10,70.42490758389413,,0.2698988601701717,0.35391954286880445,0.9206657064473855,0.03192,1793881800,1.2445254,2026-08-28T08:34:46,0.0458,,,Medical Care Facilities,0.48804893251796305,Hold
GPOR,Gulfport Energy Corporation,6.39503,27.5417,23.45182,6.6189404,2.2869065,,30.534378981422478,4036015360,17683866,17683866,4.004,0.413,50.48,0.4565,0.337,0.576,3.56,0.077199996,-0.1581220644852206,0.27411,0.36472,0.49495,0.68134004,176.13,225.33333,261.0,186.0,0.2793580309998296,buy,1.84615,12,65.44787994503207,,-0.01209531171344974,-0.031121114345980288,1.0820931532340505,0.02155,1793736000,0.012066841,2026-08-28T08:34:46,0.079,,,Oil & Gas E&P,0.48826066757322933,Hold
URI,"United Rentals, Inc.",18.14287,57.18555,49.23641,25.447878,3.8365734,1.6,37.84744605395407,79850201088,62242489,62242489,17.022,1.799,166.793,0.6915,0.619,0.764,2.48,0.0232,0.16751246885387228,0.28895,0.15673,0.25986,0.3848,1037.51,1272.4286,1610.0,950.0,0.22642538385172184,buy,1.72727,21,21.968456976974295,33.35226005529094,0.03706885784148839,0.05721574000415224,0.11943465691499425,0.00434,1792612800,0.0848757,2026-08-28T08:34:46,0.0204,,,Rental & Leasing Services,0.4882985806817205,Hold
ALG,"Alamo Group, Inc.",13.478975,12.176,10.554,19.773493,1.2021726,0.98,21.867690351822294,2081361792,12170965,12170965,10.149,1.091,23.471,3.4050000000000002,2.419,4.391,3.93,0.056799997,0.06884211728486611,0.08771,0.0608,0.10153,0.24215001,164.12,204.8,216.0,188.0,0.2478674140872532,none,,5,57.37977988936053,,-0.0028344671201813456,0.011463698288752275,0.13844900987233805,0.012180001,1793908800,-0.22387213,2026-08-28T08:34:46,0.0415,,,Farm & Heavy Construction Machinery,0.4883326630597171,Hold
AMT,American Tower Corporation (REI,24.844368,7.01004,6.98352,24.15534,7.416863,1.67,27.791526769550753,130901803008,465960048,465960048,18.582,0.894,438.721,0.3255,0.299,0.352,2.43,0.0174,0.051893765037984485,0.33914003,0.31083,0.45411,0.73774004,174.16,215.69565,260.0,188.0,0.23849132981166754,buy,1.52,23,63.73449284159613,33.83485230564318,0.057876678608487615,0.019692610252725166,0.23093294248711635,0.00075999997,1793104200,-0.14564633,2026-08-28T08:34:46,0.0151,,,REIT - Specialty,0.48855864055524145,Hold
OTIS,Otis Worldwide Corporation,15.65395,4.56626,4.05661,18.375322,1.8248439,1.41,18.94534130348161,35537244160,380669339,380669339,13.461,0.879,,0.7575000000000001,0.684,0.831,3.93,0.045100003,0.11248364138935796,,0.10167,0.15133001,0.30313,71.48,88.83333,105.0,75.0,0.24277182428651378,buy,2.14286,12,40.21955218666628,,-0.025960866610800593,-0.032453140428273096,0.13136930403060304,0.0014300001,1793190600,-0.17249364,2026-08-28T08:34:46,0.0394,,,Specialty Industrial Machinery,0.48882519688889847,Hold
GHC,Graham Holdings Company,17.058508,67.0,69.0,9.243187,0.95497775,4.04,18.081633824099,5112771072,3270927,4234928,7.748,0.724,30.218,1.6515,1.443,1.86,6.71,0.0912,0.42755273046448306,0.118710004,0.10691,0.1974,0.29947,1142.92,990.0,990.0,990.0,-0.1337976411297379,none,,1,40.23764810567921,,0.04150943396226415,0.015151515151515152,0.9005490223339963,0.07151,1793190600,0.05236411,2026-08-28T08:34:46,0.0537,,,Conglomerates,0.4889027467376223,Hold
UPST,"Upstart Holdings, Inc.",8.950452,3.40318,2.28554,58.576923,2.305139,,-22.390797496036342,4563915264,97313046,97313046,39.667,2.165,258.011,6.4215,2.388,10.455,5.83,0.2913,0.3912953357559068,0.07941,0.046919998,0.07202,0.83043,30.46,40.6,61.0,20.0,0.3328956007879187,buy,2.13333,15,47.64931223424361,,-0.020695506118671284,0.010370370370370276,0.8960554020911983,0.12747,1793736000,-0.5843341,2026-08-28T08:34:46,0.2957,,,Credit Services,0.48897843134387514,Hold
BANR,Banner Corporation,10.403261,6.745,6.192,11.579207,3.5510645,1.83,,2505883136,33984909,33984909,,0.819,,,,,4.4,0.0733,0.10204963032268233,0.10782,0.31026,0.37702,0.0,70.17,76.5,81.0,73.0,0.09020949123557065,none,,6,44.57593855828196,61.12601364815963,0.04300895956824277,0.005590756615728742,0.06822683915749558,0.01767,1792008000,0.04684472,2026-08-28T08:34:46,0.0547,,,Banks - Regional,0.4892102186228315,Hold
CBZ,"CBIZ, Inc.",12.8711,4.2475,3.9725,26.283653,1.0720351,1.34,12.333892089409575,4851943424,54263879,54263879,12.671,0.927,102.081,1.27,1.072,1.468,1.19,0.051,-0.0073092710530332505,0.064959995,0.04413,0.04978,0.15204,54.67,51.66667,55.0,45.0,-0.05493561368209254,none,,3,58.344370276111505,,-0.023754288354353226,-0.05471208499690659,0.3931957018916152,0.04991,1793190600,-0.15292841,2026-08-28T08:34:46,0.0473,,,Specialty Business Services,0.4893457334451053,Hold
WFC,Wells Fargo & Company,10.755124,7.90042,7.19996,12.35029,3.0948043,1.6,,256488226816,3023999336,3023999336,,0.92,,,,,0.0,0.0,0.16610642747839544,0.12575,0.27232,0.37387002,0.0,84.97,100.23913,115.0,90.0,0.1797002471460516,buy,1.88462,23,43.23615304413135,53.2813746735276,0.01843497850367744,0.007165521523754594,0.267987496626075,0.00090000004,1791894600,0.033949852,2026-08-28T08:34:46,0.0,,,Banks - Diversified,0.4894462405222671,Hold
ADC,Agree Realty Corporation,37.966805,1.928,1.91571,39.782608,11.710877,0.13,20.389500701237214,13079496704,124379310,124726929,19.346,0.468,58.984,0.2575,0.244,0.271,0.01,0.0001,0.04249132753671003,0.037049998,0.28842,0.48116,0.87656,73.2,84.86111,93.0,80.0,0.15930478142076487,buy,1.85,18,30.894552604775086,17.390616992339304,-0.002961382325387724,-0.0015484285263000059,0.030249300196250516,0.01745,1792526400,0.0063239336,2026-08-28T08:34:46,0.0001,,,REIT - Retail,0.4896340332590709,Hold
STT,State Street Corporation,12.636109,15.30297,13.69424,17.067078,3.5358503,0.82,,,274701765,274701765,,1.418,,,,,0.01,0.0001,0.010427612097796413,0.12437,0.23005,0.27818,0.0,193.37,199.5,215.0,150.0,0.0317008843150437,none,,14,76.87988503677835,47.17532180785739,0.07369677183128198,0.0781598748731823,0.2131261209098618,0.00352,1791981000,0.6819171,2026-08-28T08:34:46,0.0,,,Asset Management,0.48964994740594847,Hold
LKQ,LKQ Corporation,8.200989,3.09231,2.6848,14.08889,0.46874145,0.92,8.860532630256186,11452133376,253002086,253002086,8.163,0.827,82.105,1.0395,0.501,1.578,4.34,0.077199996,-0.013548835957028493,0.07131,0.03368,0.07013,0.3834,25.36,32.5,42.5,25.0,0.28154574132492116,buy,1.77778,8,44.73351922456879,,-0.09578642130398315,-0.06975533889458795,0.25962774960455104,0.00375,1793277000,-0.22256285,2026-08-28T08:34:46,0.0592,,,Auto Parts,0.48986071933466535,Hold
PENG,"Penguin Solutions, Inc.",15.684152,3.34414,2.61471,37.19858,1.7885611,,-24.985867023650155,2973418496,51242699,51242699,17.096,2.874,77.496,1.283,1.022,1.544,2.12,0.1762,0.5208710610656944,0.16194999,0.06445,0.108260006,0.27924,52.45,74.28571,85.0,40.0,0.41631477597712085,none,,7,63.534910378343916,,0.14513013887611526,0.1902675498385874,1.3840672976191524,0.03272,1791921600,1.1736429,2026-08-28T08:34:46,0.1279,,,Information Technology Services,0.49017600226479024,Hold
TEX,Terex Corporation,10.816917,5.96658,5.0234,31.178745,1.1048259,1.47,31.76285085898816,9656922112,114300000,114300000,15.113,1.506,54.558,1.33,0.842,1.818,4.45,0.060500003,-0.11488882764654418,0.042090002,0.02232,0.084,0.17163,64.54,79.94,100.0,66.5,0.23861171366594336,buy,2.0,13,41.284747419991845,60.396909203388574,0.03028252063785051,0.02693064330967926,0.3599040005354935,0.01747,1793277000,0.29235077,2026-08-28T08:34:46,0.0531,,,Farm & Heavy Construction Machinery,0.49020691605468486,Hold
ICE,Intercontinental Exchange Inc.,18.315922,8.80327,8.14719,22.74189,8.573523,2.97,24.91155435791619,110080245760,561394487,561394487,16.396,0.93,69.226,0.518,0.024,1.012,1.92,0.0153,0.0708335139600329,0.14094,0.38246,0.52626,1.0,161.24,185.35715,232.0,163.0,0.1495729967749937,strong_buy,1.46667,14,69.47660383274845,28.08832569487322,0.01512876646103745,0.009406929985793198,0.3086462013712615,0.00813,1793277000,-0.08697623,2026-08-28T08:34:46,0.0137,,,Financial Data & Stock Exchanges,0.4903325758702197,Hold
SWKS,"Skyworks Solutions, Inc.",13.544871,4.9731,5.04049,34.901554,2.525061,9.3,22.583699520391267,10017746944,150472782,150472782,11.381,1.51,11.869,2.2065,1.312,3.101,5.3,0.3136,-0.033213905435735214,0.05094,0.072270006,0.08825,0.40734002,67.36,68.35294,85.0,52.0,0.014740795724465627,hold,3.0,17,38.05177474713973,,0.007292166266986527,-0.03150043331353409,0.4238823164736882,0.00399,1793736000,-0.10114759,2026-08-28T08:34:46,0.199,,,Semiconductors,0.490424247096581,Hold
CMCO,Columbus McKinnon Corporation,6.9571595,2.64332,2.01308,-1.9156250000000001,0.3564918,0.46,-2.0636422989494134,3700547072,28864244,28864244,14.942,1.37,180.952,1.44,0.882,1.998,2.76,0.3051,1.2421547191743532,-0.27747,-0.21247,0.10429,0.35138,18.39,26.0,30.0,18.0,0.4138118542686242,none,,4,30.68780503305517,75.07742468213618,0.14269820456493482,0.05430005025566579,1.5842735056951254,0.02861,1793277000,0.22763681,2026-08-28T08:34:46,0.0752,,,Farm & Heavy Construction Machinery,0.49057947436523447,Hold
GIII,"G-III Apparel Group, LTD.",13.502024,2.47,2.22333,11.826241,0.48362976,1.29,10.958173297353937,1306400640,42190573,42190573,4.968,1.288,16.093,2.4975,1.818,3.177,18.17,0.283,-0.057734428020212114,0.0719,0.04335,0.15903,0.43488,33.35,39.33333,40.0,38.0,0.17941019490254861,none,,3,43.61257938692272,,0.06634532374100711,0.08651185705550893,1.0436127299893154,0.16136,1788352200,0.23518515,2026-08-28T08:34:46,0.2098,,,Apparel Manufacturing,0.49089504022165564,Hold
TRS,TriMas Corporation,18.722801,2.114,1.652,19.213594,2.1371944,1.94,4.8369126951977846,615177920,35873873,35873873,8.872,0.598,30.346,5.1785,4.913,5.444,7.3,0.14819999,0.15102892849065963,0.077360004,1.3624899,0.07389,0.21297,39.58,45.0,45.0,45.0,0.13693784739767567,none,,2,45.45308574992065,,-0.012552301255230203,-0.02580645161290325,0.6820640564204935,0.25087,1793104200,0.02353251,2026-08-28T08:34:46,0.1082,,,Packaging & Containers,0.49103299034456543,Hold
VLY,Valley National Bancorp,9.042471,1.54272,1.27735,11.923078,3.83866,1.16,,10522814464,552605226,552605226,,1.059,,,,,5.99,0.1024,0.16597572966130425,0.08953,0.34535998,0.46787998,0.0,13.95,16.69231,18.0,15.0,0.19658136200716836,buy,1.69231,13,41.93417627827135,59.31878519579458,-0.0027948443708867127,-0.0008891946622358983,0.1995765062160709,0.01021,1793277000,0.33365202,2026-08-28T08:34:46,0.077,,,Banks - Regional,0.4910888878403481,Hold
ALAB,"Astera Labs, Inc.",47.56252,6.39348,4.0322,142.76524,43.89238,,573.9667924695153,51546542080,173485104,173485104,180.614,3.843,2.574,9.609,9.164,10.054,1.91,0.066199996,0.9593490364452268,0.25826,0.30742002,0.22744,0.75128996,304.09,389.9527,500.0,190.0,0.2823594988325826,buy,1.80769,23,36.159982671997696,,0.337530600465724,0.4109624411591401,1.3585056192040383,0.103240006,1793736000,0.66899014,2026-08-28T08:34:46,0.0562,,,Semiconductors,0.4911306265966169,Hold
VECO,Veeco Instruments Inc.,16.157341,2.9058,1.51372,120.38462,4.197214,0.81,39.91144721924314,2701825536,61033485,61033485,54.839,1.386,28.931,3.2315,2.537,3.926,6.48,0.15810001,0.11267467358287031,0.02643,0.03404,0.06676,0.3786,46.95,61.33333,66.0,55.0,0.3063542066027687,buy,2.5,3,38.99317967513838,,-0.06566838054206195,-0.045720553559582496,1.071616340213464,0.021540001,1793822400,0.91476345,2026-08-28T08:34:46,0.0983,,,Semiconductor Equipment & Materials,0.4917406830497416,Hold
HPE,Hewlett Packard Enterprise Comp,13.324387,4.08349,3.44257,51.330193,1.8572438,0.85,18.782562502606883,88122916864,1324203521,1324203521,15.65,1.436,84.03,0.827,0.566,1.088,3.53,0.0512,0.3887684299549601,0.06315,0.040110003,0.087,0.33776,54.41,65.34684,80.0,28.0,0.20100790295901505,buy,1.95455,19,54.14311009739375,62.77883290246653,0.008120439024961647,0.019173028974185685,0.8492820793471904,0.00377,1788379200,1.4107223,2026-08-28T08:34:46,0.0452,,,Communication Equipment,0.49198636768257903,Hold
MMSI,"Merit Medical Systems, Inc.",19.416677,4.6115,4.3022,37.30833,3.3863864,1.84,30.74413736903783,5717893120,59710420,59710420,16.87,0.484,48.822,3.4195,2.641,4.198,3.18,0.078200005,0.08598992437165909,0.0919,0.0922,0.14456001,0.49514,89.54,100.27273,114.0,83.0,0.11986519991065436,buy,1.81818,11,54.46870139529188,49.071867980041965,0.05606040522163462,0.04798958259948687,0.21914037235490022,0.024260001,1793304000,-0.01104486,2026-08-28T08:34:46,0.0593,,,Medical Instruments & Supplies,0.49206764772734063,Hold
IVZ,Invesco Ltd,10.213625,3.26133,2.80685,-48.98529411764706,2.1305845,0.9,12.891409521249154,18923757568,441499780,441499780,13.098,1.596,12.056,0.708,0.708,0.708,2.16,0.036199998,0.21718434378381812,-0.0057300003,-0.00934,0.19950001,0.2952,33.31,33.375,39.0,29.0,0.001951365956169182,buy,2.46154,12,68.413868464151,50.34290882495286,0.012243499585271711,0.02005498544043086,1.1934487839869794,0.00606,1793104200,0.5216994,2026-08-28T08:34:46,0.0311,,,Asset Management,0.492077790606957,Hold
DGX,Quest Diagnostics Incorporated,20.286606,12.05771,11.19176,25.994686,2.3355043,2.04,29.68083214034358,33159428096,110373360,110373360,14.633,0.548,81.074,1.4365,1.282,1.591,3.15,0.030199999,0.11647363095587582,0.14602,0.09187,0.15248,0.33192003,244.61,245.86667,265.0,204.0,0.005137443277053233,none,,15,62.66642676084497,,0.03890500480383191,0.033160821544551744,0.06932933390234022,0.0044299997,1792499400,0.3466748,2026-08-28T08:34:46,0.0302,,,Diagnostics & Research,0.4921617169200486,Hold
ABT,Abbott Laboratories,18.399405,6.06487,5.51886,36.95033,4.144971,2.34,26.784592000097724,220862464000,1730383296,1730383296,18.908,0.581,63.212,1.0865,0.797,1.376,1.85,0.013200001,0.13617555402014214,0.10576,0.116450004,0.14706999,0.56847,111.59,120.2,135.0,103.0,0.07715745138453256,buy,1.59259,25,63.300714784758505,13.064712462127332,0.000939481435266498,4.781864531421457e-05,0.43680194927318866,0.00495,1791981000,-0.15882707,2026-08-28T08:34:46,0.0118,,,Medical Devices,0.4923079916361285,Hold
NEM,Newmont Corporation,13.117994,10.08462,9.40872,16.577694,5.4097466,2.78,15.811583188460137,136152948736,1053692271,1053692271,7.982,0.5,15.807,2.2475,1.949,2.546,2.48,0.020599999,0.2157846855232366,0.25905,0.33363998,0.51569,0.68041,132.29,132.86714,170.0,67.0,0.004362688033865192,buy,1.56522,21,82.5172486128981,,0.03503196274698115,0.005943838613471838,1.2741721841242066,0.00306,1792699200,0.77809143,2026-08-28T08:34:46,0.018,,,Gold,0.4925955926593576,Hold
SPSC,"SPS Commerce, Inc.",15.811879,5.32511,4.90345,40.48077,3.9239428,4.55,17.167272494636897,2864353536,36000174,36000174,15.635,0.487,0.672,1.939,1.619,2.259,4.95,0.1042,0.11198609206722177,0.08262,0.10098,0.16108999,0.69821,84.2,75.45455,103.0,59.0,-0.10386520190023762,hold,2.75,11,81.79714092092888,59.059806778489516,0.034005385697325585,0.020505508699509845,0.21390315851092614,0.010290001,1793304000,-0.2366274,2026-08-28T08:34:46,0.0887,,,Software - Application,0.4932287344923753,Hold
M,Macy's Inc,9.510852,2.36677,2.24971,9.418409,0.2606067,2.95,7.906505775660763,9735984128,263037954,263037954,6.915,1.45,105.623,0.908,0.341,1.475,6.43,0.1286,0.08508488474632814,0.14363,0.029360002,0.01758,0.40308,22.51,23.22727,30.0,10.0,0.03186450466459356,hold,2.92308,11,26.501634062046136,,0.017181276026242052,0.0162870785455419,0.696266388319443,0.03159,1789043400,0.70143616,2026-08-28T08:34:46,0.1193,,,Department Stores,0.49348255722009304,Hold
HCSG,"Healthcare Services Group, Inc.",18.63783,1.23083,1.20204,13.415205,0.84437823,1.36,22.402064602845453,1427429760,68632202,68632202,10.526,0.817,3.417,2.8105,2.599,3.022,3.19,0.046,0.09114089330836261,0.24691999,0.06594,0.04717,0.17114,22.94,27.0,30.0,24.0,0.1769834350479511,buy,1.85714,6,51.853481053361314,,0.11045007759958603,0.06469499325282874,0.2642420178461543,0.01386,1792585800,0.46957076,2026-08-28T08:34:46,0.0383,,,Medical Care Facilities,0.4936134060628389,Hold
OCFC,OceanFirst Financial Corp.,8.157325,2.31571,1.80167,23.6125,4.269067,1.15,,3932590848,96645219,96645219,,0.96,,,,,4.51,0.0436,-0.21503102186565481,0.02365,0.11201,0.36817002,0.0,18.89,22.08333,24.0,21.0,0.16904870301746944,none,,6,46.40493242110369,50.26428624036386,-0.03284734225867744,0.0006135791106559579,0.29705837905454474,0.024330001,1793217600,0.027188659,2026-08-28T08:34:46,0.0488,,,Banks - Regional,0.4936183069324721,Hold
VFC,V.F. Corporation,10.178041,1.34014,1.08483,20.058825,0.41943055,0.35,6.858566613838657,9660029952,393134570,393134570,4.893,0.974,280.723,1.0375,0.632,1.443,3.92,0.0834,-0.060147043288510615,0.22092,0.05546,-0.05529,0.50798,13.64,18.77143,40.0,13.0,0.3762045454545453,hold,2.52174,21,38.324574581714494,,-0.015232250978113867,-0.021174030223572525,1.4292525205257334,0.01,1793017800,-0.09847987,2026-08-28T08:34:46,0.083,,,Apparel Manufacturing,0.49381036747790047,Hold
PCTY,Paylocity Holding Corporation,16.327723,9.68598,8.72032,30.888672,4.9432645,1.23,24.331707568657947,8252013568,55366000,55366000,19.281,0.433,10.887,0.5915,0.094,1.089,3.71,0.0714,0.1100000000000001,0.21972999,0.15228,0.19062,0.69281995,158.15,172.0,250.0,128.0,0.08757508694277583,strong_buy,1.45,19,56.4881920915626,,0.003584922380388283,0.004742610676475644,0.3930601316933374,0.2019,1793736000,-0.11761421,2026-08-28T08:34:46,0.0715,,,Software - Application,0.4938500307656117,Hold
NJR,NewJersey Resources Corporation,15.549779,3.45857,3.56,15.064425,2.4475954,2.08,-21.03385005759871,9302999040,101467946,101467946,12.369,0.527,146.778,0.4565,0.252,0.661,5.55,0.048600003,0.1557068475595238,0.14453,0.16423,0.09133001,0.39178002,53.78,60.0,64.0,53.0,0.11565637783562654,none,,7,53.26900006095593,,0.01146708186064489,0.0012158512261280586,0.09022186428734158,0.0047999998,1794859200,0.13723826,2026-08-28T08:34:46,0.0358,,,Utilities - Regulated Gas,0.49398572884076997,Hold
GOLF,Acushnet Holdings Corp.,19.630272,4.3275,4.58,23.597221,1.832297,3.61,109.65022822856007,5982436352,58405044,58405044,16.007,0.827,117.199,1.8335,1.117,2.55,7.57,0.1306,0.14503893533579038,0.25239,0.081190005,0.16048001,0.47506002,84.95,102.0,118.0,95.0,0.20070629782224825,none,,5,29.117923535497255,,0.15583596214511045,0.04592145015105728,0.08651868637241349,0.53095,1793795400,0.108284354,2026-08-28T08:34:46,0.1015,,,Leisure,0.4940733112008401,Hold
DV,"DoubleVerify Holdings, Inc.",11.509725,1.15902,1.02932,38.11429,2.6892202,0.54,12.750996725931453,1969180544,154987592,154987592,13.716,0.972,10.218,4.277,4.056,4.498,1.72,0.0657,0.08214275630529166,0.05389,0.07656,0.11942001,0.82434,13.34,13.48,14.0,12.0,0.010494752623688264,hold,3.0,10,57.87663832140056,,-0.03983134643010388,-0.05641852286049249,0.2088535172475356,0.0118700005,1793908800,-0.18008608,2026-08-28T08:34:46,0.058,,,Advertising Agencies,0.4942755742065124,Hold
HAL,Halliburton Company,12.229202,2.90207,2.35076,18.015228,1.321584,0.83,14.4075027304276,35760795648,833130367,833130367,8.64,0.753,74.186,1.6349999999999998,1.252,2.018,2.59,0.0504,0.061236383198597366,0.14917,0.0716,0.12793,0.15076,35.49,43.2,53.0,29.0,0.21724429416737112,buy,1.75,25,62.53520034241289,,-0.013856086316328063,-0.013904243846524254,0.3257360409303918,0.00404,1792499400,0.56137264,2026-08-28T08:34:46,0.0373,,,Oil & Gas Equipment & Services,0.49492038868254074,Hold
HCC,"Warrior Met Coal, Inc.",15.840339,6.83445,6.33334,25.294392,3.3976266,,-106.60961120487882,5629687808,52802087,52802087,12.662,0.645,10.297,3.217,2.507,3.927,6.48,0.112399995,0.7051235285453774,0.10037,0.13036,0.18545,0.30597,108.26,105.16667,125.0,90.0,-0.028573157214114242,buy,1.85714,6,87.11064858994524,,0.03602585263474728,-0.05270095513724114,0.7225138302368026,0.01905,1793822400,0.7706902,2026-08-28T08:34:46,0.0838,,,Coking Coal,0.49501852575936944,Hold
SRE,DBA Sempra,15.299132,5.53953,5.10335,24.708454,4.0892897,0.75,-2.0037080256362922,102655057920,653900348,653900348,17.476,0.576,84.663,0.8654999999999999,0.089,1.642,3.19,0.019299999,0.011336059151324962,0.06679,0.16824,0.28328,0.43994,84.75,104.38235,118.0,93.0,0.23165014749262536,buy,1.57895,17,69.72167771351428,,-0.0008105742742522211,0.00048222277608611603,0.24877927164152988,0.00099,1793795400,0.026526213,2026-08-28T08:34:46,0.0171,,,Utilities - Diversified,0.49517052819576834,Hold
CDNL,Cardinal Infrastructure Group I,18.052402,2.29,1.64,45.933334,1.2745984,,-18.87355636696764,1081478272,20428610,20428610,11.438,,38.353,3.582,3.571,3.593,3.21,0.1378,2.8329303000546786,0.11915,0.02737,0.07,0.19207,41.34,61.0,70.0,52.0,0.47556845670053205,strong_buy,1.0,2,31.37270310037212,,0.0,-0.01716738197424894,0.8182579012221721,0.09193,1794486600,0.75914896,2026-08-28T08:34:46,0.139,,,Engineering & Construction,0.4952044420070931,Hold
GNRC,Generac Holdlings Inc.,16.690876,11.82023,9.74759,47.42548,2.622678,0.83,40.273662750071516,12780790784,59006361,59006361,20.088,1.925,49.003,1.4625,0.88,2.045,1.95,0.039300002,0.09973094934629168,0.09491,0.05817,0.17932,0.39539,197.29,283.875,340.0,214.0,0.4388717116934462,none,,16,38.349551949168344,,0.08073357266875258,0.049645862415594856,0.3387021592819598,0.01705,1793190600,0.06499326,2026-08-28T08:34:46,0.0394,,,Specialty Industrial Machinery,0.4953184549211935,Hold
SKT,Tanger Inc.,31.871769,1.18161,1.09445,34.550457,7.171585,4.14,19.7609002773546,6124608512,114878989,119541893,18.174,1.093,278.311,0.632,0.521,0.743,6.91,0.097200006,0.09845160632463434,0.19399999,0.2023,0.32639998,0.73124003,37.66,41.36364,46.0,38.0,0.09834413170472645,hold,2.66667,11,42.384039056518596,,-0.0030424762477341935,-0.02206460476549108,0.10338706922728284,0.0242,1793822400,0.10181391,2026-08-28T08:34:46,0.0598,,,REIT - Retail,0.4953277883585847,Hold
GAP,"Gap, Inc. (The)",8.1081085,2.5641,2.34305,8.383065,,1.14,,10564962304,,,5.899,2.051,154.364,1.3445,0.883,1.806,5.04,0.1517,0.01,0.2758,0.062470004,0.12725,0.405,20.79,25.57778,40.0,20.0,0.23029244829244844,buy,2.25,18,37.63455969887179,45.11256438215766,0.017186038681680563,-0.0066969759852102,0.8236701204173897,0.39839,1787860800,-0.05542934,2026-08-28T08:34:46,0.1622,,,Apparel Retail,0.49535462708709865,Hold
CDW,CDW Corporation,12.479236,11.93743,10.92964,17.005707,0.7924906,1.33,27.51801097041506,24691546112,125017426,125017426,12.279,0.94,263.278,1.089,1.011,1.167,4.17,0.0766,0.1586664726243845,0.44009998,0.04597,0.07345,0.21360001,148.97,155.88889,171.0,123.0,0.04644485466872528,buy,1.8,9,52.21958447249226,71.05861022697988,0.016083089143077975,0.013278159748748007,0.008644547516091053,0.00454,1793709000,-0.09583634,2026-08-28T08:34:46,0.0664,,,Information Technology Services,0.4954232855401633,Hold
OMC,Omnicom Group Inc.,7.2970643,12.04457,10.59339,237.54054,1.0778214,15.97,5.65932599197768,33116467200,274345967,274345967,9.008,0.66,107.744,0.796,0.668,0.924,8.35,0.0933,0.15381100197474362,0.060510002,0.017439999,0.15384,0.18959999,87.89,102.08333,139.0,77.0,0.16148970303788834,buy,2.07692,12,66.2798197034394,,-0.02708861038505411,-0.016128874156389215,0.6891387155806654,0.00935,1792526400,0.12204778,2026-08-28T08:34:46,0.0934,,,Advertising Agencies,0.495428690013335,Hold
HBAN,Huntington Bancshares Incorpora,8.982324,1.87702,1.59378,13.069768,3.7119098,2.0,,42989195264,2020414826,2020414826,,0.946,,,,,1.92,0.0252,0.07089577991841556,0.09002,0.26131,0.41932,0.0,16.86,20.3,23.0,18.0,0.2040332147093713,buy,1.8,19,56.65405205318193,51.23362787023961,-0.010375724158485929,-0.014749727051314361,0.08505228429875202,0.008090001,1792672200,-0.053340793,2026-08-28T08:34:46,0.0253,,,Banks - Regional,0.4954351778890036,Hold
XPRO,Expro Ltd,15.323948,1.1792,0.983,100.388885,1.3062023,0.74,11.720891186019951,2001923072,112349149,112349149,7.35,0.983,11.378,1.7675,1.488,2.047,7.47,0.0846,-0.04482026828703445,0.0137,0.01334,0.0433,0.22375,18.07,17.75,20.0,16.0,-0.017708909795240757,none,,4,57.81711494925411,,0.04175498092412038,0.0156761412575366,1.1553248696162066,0.015800001,1792672200,0.44907784,2026-08-28T08:34:46,0.0741,,,Oil & Gas Equipment & Services,0.4956106142935504,Hold
FAF,First American Corporation (New,10.090223,7.38834,7.14233,10.212329,0.95336306,2.98,3.2559146331781443,7695654912,102100000,102100000,5.616,1.235,49.421,0.396,0.396,0.396,7.45,0.0633,0.1593937316356513,0.13846,0.09333,0.15567,0.63984,74.55,87.66667,99.0,83.0,0.17594460093896713,none,,6,65.09077762983625,,0.047383787858124374,0.021503399093851575,0.7118025710821653,0.035269998,1792612800,0.12954545,2026-08-28T08:34:46,0.0564,,,Insurance - Specialty,0.4956332233819262,Hold
CE,Celanese Corporation,7.263421,6.17753,5.97253,-4.22107243650047,0.5070464,1.74,5.184297292302273,16378434560,109748926,109748926,9.767,0.752,270.205,1.127,0.807,1.447,3.41,0.09819999,0.11828881131829938,-0.2225,-0.12037,0.11047,0.21375999,44.87,63.625,86.0,45.0,0.4179852908402051,buy,1.875,16,72.4996738541224,,-0.016150048512742647,-0.04912216431212351,1.158295047371873,0.00365,1793908800,-0.057946682,2026-08-28T08:34:46,0.0684,,,Chemicals,0.49597415946343565,Hold
EFC,Ellington Financial Inc.,6.862685,1.97736,2.09025,8.428571,4.1313486,,,19573510144,128887386,131323605,,0.934,928.78,7.6145,7.604,7.625,5.61,0.0657,0.016223772278227466,0.12247,0.51501,0.55869997,1.0,13.57,14.85714,16.0,14.0,0.09485187914517312,buy,2.0,7,45.29661773436445,33.52944322333606,0.07961882134187295,0.0247777979321603,1.070146865023367,0.02576,1793822400,-0.00513196,2026-08-28T08:34:46,0.054,,,REIT - Mortgage,0.4961300395134777,Hold
RMBS,"Rambus, Inc.",24.646505,3.69667,3.0325,41.413635,13.065624,3.8,48.84736147033138,9078791168,108461603,108461603,28.685,1.887,1.487,9.325,8.896,9.754,2.06,0.0679,0.192348669233664,0.17789,0.3169,0.36671,0.80357003,91.11,147.5,180.0,100.0,0.618922181977829,none,,8,31.89637938030198,,0.027530707327403734,0.007610221465076646,0.7653637687549101,0.00759,1793044800,0.23505485,2026-08-28T08:34:46,0.0505,,,Semiconductors,0.4963624707365811,Hold
AAMI,Acadian Asset Management Inc.,14.94013,6.51333,5.375,33.788193,5.1661096,,14.94474660992487,3687644416,35490128,35490128,21.242,1.303,193.318,1.012,0.976,1.048,2.2,0.0381,0.46549403541176293,1.0676999,0.15168001,0.17612,0.40853,97.31,85.66667,96.0,80.0,-0.11965193710821098,none,,3,79.86432423684454,82.80321903861339,0.0671733506463596,0.03059018987341765,0.1712847494455652,0.00522,1793277000,0.9091623,2026-08-28T08:34:46,0.0301,,,Asset Management,0.49642160515211115,Hold
APH,Amphenol Corporation,24.914358,6.47739,5.31661,40.345,6.858597,1.1,52.11087640416594,212501577728,1232983457,1232983457,22.454,1.251,120.415,1.591,1.294,1.888,2.24,0.0136,0.5348349472623948,0.38115,0.17729001,0.29779,0.38952,161.38,192.11765,230.0,105.0,0.1904675300532903,strong_buy,1.47059,17,43.646776604003,49.45839562576248,0.08691678967015971,0.10894084292919437,0.4096480913234128,0.00533,1793190600,0.48245454,2026-08-28T08:34:46,0.0121,,,Electronic Components,0.49649349412415333,Hold
DOCU,"DocuSign, Inc.",12.515767,5.09757,4.52359,41.428574,3.7072322,0.71,9.742938377680272,11551420416,190944608,190944608,29.814,0.871,10.075,0.63,0.595,0.665,4.91,0.1067,0.152799086612595,0.16440001,0.09592,0.13407,0.79541,63.8,57.52294,86.0,46.89,-0.09838652037617557,hold,2.7619,17,62.428236202540994,,-0.0003646215449345686,0.00015696215446251485,1.3233731876715742,0.00526,1788465600,-0.1677537,2026-08-28T08:34:46,0.0813,,,Software - Application,0.4965083134673007,Hold
FLEX,Flex Ltd.,16.214066,7.11111,4.72433,43.18352,1.4552966,0.94,68.06578473663195,45682163712,369402978,369402978,21.518,1.668,107.818,1.0405,0.701,1.38,2.04,0.028499998,0.22533376098554347,0.18378,0.03325,0.0497,0.0953,115.3,160.5,180.0,142.0,0.39202081526452726,none,,10,49.602874670238286,72.27872486048707,0.04032634545935,0.022861926563936198,0.13105500885912252,0.00614,1793190600,1.150317,2026-08-28T08:34:46,0.0256,,,Electronic Components,0.49677161009660786,Hold
FIVE,"Five Below, Inc.",24.787209,9.96401,9.23028,31.184343,2.6887672,0.98,31.96004982688348,14542292992,55295351,55295351,19.198,0.975,86.432,1.6155,1.133,2.098,1.71,0.031600002,0.3192646159348911,0.21127,0.086739995,0.11998,0.36805,246.98,272.4762,350.0,235.0,0.10323184063486934,buy,1.72,21,54.99662812260107,20.142690154219693,0.013938763471629942,0.02051578807214478,0.1633732847679068,0.01663,1788379200,0.7021365,2026-08-28T08:34:46,0.0321,,,Specialty Retail,0.49683752646633556,Hold
SAH,"Sonic Automotive, Inc.",10.370386,7.64581,6.9241,12.427899,0.16206378,0.8,-21.59584461770407,6884137472,19585427,31614802,10.489,0.888,455.519,0.6234999999999999,0.235,1.012,6.88,0.2166,0.8761657634525917,0.20631,0.013710001,0.03376,0.15704,79.29,98.54545,139.0,72.0,0.24284840459074286,buy,2.41667,11,46.20934603323619,,0.00040021209796382184,0.005514290072962724,0.41245261300457386,0.38944998,1793277000,-0.035284102,2026-08-28T08:34:46,0.1735,,,Auto & Truck Dealerships,0.497313828832803,Hold
SWK,"Stanley Black & Decker, Inc.",15.556322,6.3794,5.6046,24.383291,0.9828952,1.39,10.561214497712859,19605991424,151016641,151016641,10.947,1.172,58.172,0.949,0.466,1.432,3.29,0.0505,0.0290996208821781,0.06886,0.040689997,0.08443,0.32213002,99.24,99.36364,110.0,90.0,0.0012458686013705478,buy,2.46667,11,41.03299527378588,,0.04165234021436701,0.024664944810660182,1.077061915517735,0.00318,1793709000,0.33584607,2026-08-28T08:34:46,0.0442,,,Tools & Accessories,0.4978057582612862,Hold
OLED,Universal Display Corporation,17.821136,4.7612,4.19378,20.495169,6.426486,1.0,34.874696996868515,3450665984,45966835,45966835,13.399,1.561,1.288,7.063,5.628,8.498,5.13,0.0858,-0.08394553159903217,0.115159996,0.32243,0.35257998,0.73767996,84.85,115.37333,158.0,80.36,0.3597328226281673,buy,1.77778,9,34.11485082960111,,-0.025928583203887818,-0.046885671975581,0.07973550137705365,0.08344,1793908800,-0.3877625,2026-08-28T08:34:46,0.0915,,,Electronic Components,0.49785489314550085,Hold
BMY,Bristol-Myers Squibb Company,10.208967,6.55796,6.94908,14.877777,2.7804606,2.4,16.85400730635776,170745741312,2042714656,2042714656,9.02,0.225,201.859,1.411,1.29,1.532,3.74,0.0225,0.05304942422266534,0.46598998,0.18871,0.34418,0.71661,66.95,66.20833,80.0,40.0,-0.011077968633308455,buy,2.46429,24,68.13389703098112,,0.09803859603105251,0.05699217969298997,1.0720250120371446,0.00099,1793277000,0.41903353,2026-08-28T08:34:46,0.0225,,,Drug Manufacturers - General,0.4979432550987734,Hold
EXC,Exelon Corporation,14.4686165,3.0383,2.85674,16.342007,1.7882794,2.55,-16.866984403318977,96237887488,1030253967,1030253967,11.519,0.396,177.362,0.902,0.716,1.088,4.05,0.0355,0.07690381242861055,0.09711,0.10989001,0.16590999,0.42363998,43.96,48.88235,58.0,41.0,0.11197338489535946,hold,2.80952,17,40.499942102092916,,-0.00022048247164355,-4.278525422667742e-05,0.11256072562783065,0.0007,1793709000,0.006410241,2026-08-28T08:34:46,0.0312,,,Utilities - Regulated Electric,0.4979969089186617,Hold
PJT,PJT Partners Inc.,19.70112,9.06852,7.99383,24.3406,4.0359645,,,5422330368,25564818,42597204,,0.828,42.653,1.706,1.706,1.706,4.42,0.0919,0.8574727971855698,0.37633,0.10582,0.20994,0.95252,178.66,187.8,203.0,171.0,0.051158625321840345,none,,5,55.347261942941394,,0.07095746490911936,0.05561201149605919,0.35380346721052913,0.07119,1793709000,-0.0018994212,2026-08-28T08:34:46,0.083,,,Capital Markets,0.4980801447733685,Hold
MPWR,"Monolithic Power Systems, Inc.",37.680096,34.79503,27.4317,79.36319,19.684477,1.31,145.01027427030513,63035576320,49143000,49143000,63.018,1.686,0.486,4.252,3.529,4.975,2.14,0.0504,0.4384264696904949,0.21979,0.24500999,0.30989,0.55195,1311.08,1842.6428,2100.0,1575.0,0.4054388748207587,strong_buy,1.3125,14,46.05771429800875,57.621992366216766,0.13475579235628216,0.13744115026109296,0.7918549133478927,0.03592,1793304000,0.56872785,2026-08-28T08:34:46,0.0388,,,Semiconductors,0.4983145353002685,Hold
PINS,"Pinterest, Inc.",9.524127,2.40232,2.02941,69.33333,2.8441696,0.37,10.829820924887091,12878976000,492198008,566313027,40.685,0.908,41.35,3.7145,3.619,3.81,3.77,0.1181,0.6248987198014015,0.06461,0.054640003,-0.03464,0.79473,22.88,28.99333,42.36,22.0,0.26719099650349665,buy,2.07692,36,51.36049642502831,19.805406058669902,0.06710520088968805,0.07587442339558428,1.5082924865389877,0.013250001,1794254400,-0.3753754,2026-08-28T08:34:46,0.0906,,,Internet Content & Information,0.4988615882241861,Hold
AA,Alcoa Corporation,8.827125,5.79917,6.49824,10.341414,0.99312824,8.36,14.061434536577723,14449524736,263909445,263909445,6.252,1.623,29.918,1.1675,0.8,1.535,1.96,0.041500002,0.2890680286186802,0.18226999,0.09388,0.18356001,0.19790001,51.19,62.975,80.0,49.7,0.23022074623950006,buy,1.84615,12,51.59332613402585,,-0.15294191257557155,-0.2053656457807783,1.495094308014776,0.00541,1792094400,0.59024537,2026-08-28T08:34:46,0.0416,,,Aluminum,0.4988751947039357,Hold
FCF,First,10.576253,1.96667,1.72667,12.682926,4.1452794,1.46,,2219439104,101055925,101055925,,0.737,,,,,3.39,0.0417,0.13797282049518622,0.109069996,0.33199,0.45363998,0.0,20.8,24.08333,25.0,23.5,0.15785240384615373,none,,6,43.96627660870483,,0.002904157010344545,0.0008498727735368134,0.053578374678116575,0.01627,1793131200,0.17183101,2026-08-28T08:34:46,0.0307,,,Banks - Regional,0.4991300648332475,Hold
CLB,Core Laboratories Inc.,17.474016,0.70333,0.45667,23.18868,1.0861721,1.44,15.66121013677706,712401024,45884542,45884542,12.47,1.058,59.23,1.7475,1.374,2.121,5.98,0.2223,-0.021950211467731462,0.090459995,0.04691,0.07361,0.19516,12.29,15.16667,21.0,11.0,0.23406590724166,buy,2.33333,3,61.407630821435426,,0.06202325581395355,0.04197037037037032,0.282399154024792,0.01432,1793217600,0.06776714,2026-08-28T08:34:46,0.0941,,,Oil & Gas Equipment & Services,0.4994716792371047,Hold
EIX,Edison International,11.321033,6.50824,6.12399,7.691023,1.459769,3.37,344.1953703429439,73298092032,384813979,384813979,8.208,0.651,228.042,0.47100000000000003,0.28,0.662,4.33,0.045,-0.04112455332606313,0.19734,0.19281,0.26899,0.61005,73.68,76.25,86.0,62.0,0.0348805646036916,hold,2.82353,14,69.40802891024597,57.73642160731307,0.0011623572801820452,-0.00017205992601426745,0.9204900796606658,0.00262,1793131200,0.312667,2026-08-28T08:34:46,0.0345,,,Utilities - Regulated Electric,0.4996135749932409,Hold
WT,"WisdomTree, Inc.",19.135393,1.30857,1.18667,44.714287,6.2227125,1.54,24.227174013107515,4443322880,151512111,151512111,17.892,1.175,257.672,2.94,2.885,2.995,5.48,0.1579,0.5267884454200495,0.18731001,0.13266,0.41166002,0.53330004,25.04,22.61429,27.0,18.3,-0.09687340255591048,buy,1.71429,7,82.65121408934615,,0.03445961260177471,0.016649315536771493,0.4359907404713219,0.09486,1793363400,0.8398236,2026-08-28T08:34:46,0.1023,,,Asset Management,0.4996418743797736,Hold
NUE,Nucor Corporation,13.250794,19.04565,18.72638,20.125198,1.5860119,5.21,83.78506375978274,62820614144,226875676,226875676,11.058,1.892,30.512,1.896,1.284,2.508,2.63,0.020599999,0.25101000179499167,0.14548999,0.07989,0.15668,0.15554,252.37,282.8125,305.0,231.0,0.12062646114831388,buy,1.52941,16,29.64364773702249,,0.10209243829031416,0.09554216701141459,0.6329501723966766,0.0117999995,1793044800,0.69683313,2026-08-28T08:34:46,0.0158,,,Steel,0.5000074537896889,Hold
WDAY,"Workday, Inc.",15.165643,12.76372,10.76116,59.56,4.8514977,0.75,15.328787895080342,47263789056,201000000,246973479,31.259,1.054,56.936,0.9604999999999999,0.912,1.009,3.97,0.1149,0.5034176119402987,0.10858,0.08595,0.13297,0.75766,193.57,188.2071,275.0,92.0,-0.02770522291677424,buy,2.19512,38,59.54919214730912,,0.0009310631885890725,-0.0005550885888177872,0.978172571781436,0.02145,1787860800,-0.16138119,2026-08-28T08:34:46,0.101,,,Software - Application,0.5000075205718715,Hold
PVH,PVH Corp.,6.038885,12.6116,12.08065,23.800001,,0.06,,7145092096,,,7.286,1.745,86.338,1.214,0.751,1.677,5.19,0.1377,0.021,0.033239998,0.01758,0.05822,0.57532,76.16,91.83333,128.0,70.0,0.20579477415966396,buy,2.38462,12,44.35607786994983,,-0.0004699524173177389,0.01105769192226498,0.8414537798152983,0.00968,1788379200,-0.09677422,2026-08-28T08:34:46,0.0984,,,Apparel Manufacturing,0.5000865745326262,Hold
CSL,Carlisle Companies Incorporated,14.980747,24.08024,21.22494,20.461714,2.8107662,1.21,21.391181432954074,16517527552,39714133,39714133,13.603,0.843,178.698,2.2175000000000002,1.835,2.6,4.62,0.0728,0.17952087233026082,0.39183,0.14214,0.22849001,0.35264,360.74,411.875,475.0,340.0,0.14175029106835946,buy,2.2,8,27.300309201311336,,0.02887499169868824,0.03415290279274328,0.29323648106720995,0.01166,1793217600,-0.06517398,2026-08-28T08:34:46,0.0547,,,Building Products & Equipment,0.5001692129646098,Hold
T,AT&T Inc.,9.91918,2.56372,2.33771,8.392739,1.3695186,1.71,17.181638232375303,340437172224,6852385650,6852385650,7.576,0.417,129.054,0.7865,0.602,0.971,1.72,0.0172,0.06907335761640887,0.18339,0.16943,0.24786,0.59721,25.43,28.70652,36.0,20.0,0.12884467164766034,buy,2.08,23,78.22466919325828,,0.00834206791840825,0.00414391690232421,0.9284873338410655,0.00091,1792585800,-0.13178557,2026-08-28T08:34:46,0.0172,,,Telecom Services,0.5002463393526828,Hold
MUSA,Murphy USA Inc.,16.595924,30.675,34.94429,16.259342,0.49003223,1.39,24.190970175801446,11944067072,18380347,18380347,9.701,0.276,352.932,0.7170000000000001,0.509,0.925,2.46,0.0398,0.47786650600230773,0.86394,0.03232,0.049050003,0.08061,509.08,622.7,710.0,550.0,0.22318692543411656,buy,2.0,10,45.80927169320368,,0.07104535783051373,0.04038279303521806,0.07400606182330037,0.09842,1793822400,0.35213816,2026-08-28T08:34:46,0.0427,,,Specialty Retail,0.5002597321252356,Hold
ALSN,"Allison Transmission Holdings, ",11.432466,11.29765,9.97304,20.37224,2.4229398,0.69,50.54872144075829,14460779520,82578038,82578038,12.203,0.966,211.925,1.399,0.991,1.807,3.78,0.052600004,0.9482000589067032,0.28349,0.120170005,0.19093001,0.37846002,129.16,139.4,185.0,105.0,0.07928151130380923,buy,2.5,10,56.40815121138757,,0.0007897507016938708,0.0005597214854229349,0.16296788779853438,0.00733,1793304000,0.4793265,2026-08-28T08:34:46,0.0383,,,Auto Parts,0.5005496473451474,Hold
WDC,Western Digital Corporation,14.551396,31.74953,20.09143,17.420815,12.893405,0.86,73.41923799733816,166181912576,360540944,360540944,33.223,2.217,13.436,1.0895,0.85,1.329,2.44,0.0631,0.38368144116247715,1.30853,0.72947,0.43608,0.48851,462.0,664.9167,1050.0,420.0,0.4392136363636363,buy,1.53846,24,61.715219506830245,55.15549376832461,0.10227131829727933,0.16950913777721466,1.4764090353064003,0.00535,1793908800,4.7505603,2026-08-28T08:34:46,0.0566,,,Computer Hardware,0.5005949436273965,Hold
CVBF,CVB Financial Corporation,11.187309,1.99333,1.74,15.48611,6.855721,1.47,,3994602752,175997435,175997435,,0.654,,,,,6.02,0.064,0.11201330087566319,0.07649,0.3614,0.55747,0.0,22.3,26.16667,28.0,25.0,0.17339327354260092,buy,2.16667,6,39.24341023648786,70.85955614499487,0.0419161676646707,0.05355708245243137,0.06311867894677581,0.051020004,1792612800,0.10779929,2026-08-28T08:34:46,0.0507,,,Banks - Regional,0.5006975947846243,Hold
KKR,KKR & Co. Inc.,14.79789,7.38754,6.31447,34.70476,3.9084294,0.55,,158683185152,897635601,923590503,,1.786,69.812,0.8365,0.817,0.856,2.58,0.018099999,0.11147168574032529,0.0728,0.12201,0.2065,0.54767,109.32,126.626,147.0,105.0,0.1583058909623125,buy,1.59091,20,61.97492179266608,68.67002017951685,0.033111423424720475,0.0016392220135721346,0.8139256606739662,0.23056999,1793881800,-0.21628791,2026-08-28T08:34:46,0.0181,,,Asset Management,0.5007222027050449,Hold
CSCO,"Cisco Systems, Inc.",20.035015,5.5977,5.1456,33.78012,6.9803696,1.02,38.21160949377593,456495366144,3941434665,3941434665,24.509,1.002,58.731,0.788,0.645,0.931,2.58,0.015,0.1869964476298125,0.27319,0.20951,0.27701,0.64564,112.15,137.73914,170.0,115.0,0.2281688809629958,buy,1.85185,23,36.45039526980216,55.42143700403504,0.07397118461175609,0.06065256934970443,0.08640120590589333,0.0005,1794513600,0.623245,2026-08-28T08:34:46,0.015,,,Communication Equipment,0.5010948976128001,Hold
CVSA,Covista Inc.,14.060968,10.005,9.045,18.389542,2.450549,1.0,14.782182451793211,5287760384,34038820,34038820,11.889,0.623,62.613,1.029,0.965,1.093,4.44,0.0692,0.17079311383297058,0.18569,0.12874,0.19256,0.57338,140.68,159.5,175.0,140.0,0.1337787887404036,strong_buy,1.25,4,59.766845373000585,65.98844269740788,0.017721518987341846,0.004518072289156619,0.5011937843149318,0.02733,1793304000,0.07430315,2026-08-28T08:34:46,0.049,,,Education & Training Services,0.5012843238407565,Hold
AES,The AES Corporation,6.2034216,2.37772,,5.5243444,0.80612993,0.81,-3.406537307236037,49480949760,713438630,713438630,12.157,0.952,256.886,0.598,0.45,0.746,2.6,0.024300002,0.1966662511896784,0.095740005,0.1434,0.18673,0.2027,14.75,15.0,15.0,15.0,0.016949152542372836,none,,8,49.742671512139495,,0.0,-0.0007648537112214683,1.1277583729253935,0.0057599996,1793822400,0.08936489,2026-08-28T08:34:46,0.0243,,,Utilities - Diversified,0.5014368572226857,Hold
MSTR,Strategy Inc,2.7763183,49.49,-17.44,-1.2424269825481509,109.53512,2.85,-2.4166660017568127,71556308992,377641410,397281660,-1.968,3.555,14.938,5.3055,5.221,5.39,2.04,0.0853,-0.19733869109322522,-0.63562,0.0,-3.0,0.67600995,137.4,225.14285,435.0,125.0,0.638594250363901,strong_buy,1.26667,14,79.45313738309987,,-1.0,0.8007770847802459,0.8715501451490653,0.00224,1793304000,-0.5891271,2026-08-28T08:34:46,0.0877,,,Software - Application,0.5014833304413353,Hold
ITT,ITT Inc.,21.650656,9.60479,8.25401,40.854614,,2.05,,21843730432,,,23.31,1.277,79.73,1.0165,0.77,1.263,6.8,0.082600005,0.515,0.11569,0.08896,0.123959996,0.3498,207.95,256.15384,285.0,175.0,0.2318049531137294,strong_buy,1.35714,13,50.42310330999891,,0.04278522112098632,0.03802799548683009,0.1693044792495787,0.00521,1793104200,0.221439,2026-08-28T08:34:46,0.0746,,,Specialty Industrial Machinery,0.5015832621533768,Hold
CNR,"Core Natural Resources, Inc.",15.298721,6.645,4.0,49.349518,1.1816552,,18.40836308913362,5019650048,49636257,49636257,9.105,0.135,12.037,1.5194999999999999,1.214,1.825,2.89,0.0552,0.07326792388878145,0.02675,0.02345,0.02162,0.16860001,101.66,107.0,118.0,100.0,0.052528034625221265,strong_buy,1.5,4,85.49063475441275,,0.809889469358792,-0.0006846100841135483,0.840835664474863,0.02537,1793881800,0.36897385,2026-08-28T08:34:46,0.0325,,,Thermal Coal,0.5016462193943013,Hold
RNG,"Ringcentral, Inc.",12.282572,5.57945,5.06997,52.715385,2.2147458,0.36,8.948583452700378,6975316480,73736624,83506162,16.826,1.117,,0.9305000000000001,0.755,1.106,2.91,0.16360001,0.30036769158295074,,0.04267,0.08796,0.71861,68.53,50.53846,80.0,38.0,-0.26253524004085804,buy,2.42857,13,57.917352240527855,,-0.0002819734195685693,0.014663145911304482,1.4551237756298958,0.012359999,1793908800,1.2461488,2026-08-28T08:34:46,0.0974,,,Software - Application,0.501674094233519,Hold
MET,"MetLife, Inc.",8.81722,10.91614,9.82559,18.474089,0.7703551,0.53,-2.9189966813094337,84678656000,635476927,635476927,14.02,0.763,179.933,1.866,1.705,2.027,2.9,0.0178,0.15946617208967528,0.13094,0.04567,0.055180002,0.23951,96.25,105.0625,119.0,84.0,0.09155844155844162,buy,1.94444,16,38.624459697303784,,-0.002646254539844118,-0.006510024418279691,0.49277310719283746,0.16352,1794254400,0.1830138,2026-08-28T08:34:46,0.0213,,,Insurance - Life,0.5016834971553292,Hold
LH,Labcorp Holdings Inc.,16.998499,19.79822,18.34577,27.767328,1.9022439,1.41,30.596261906328333,33990993920,81100000,81100000,14.653,0.843,79.124,1.521,1.246,1.796,2.57,0.024,0.08409124537607915,0.11728,0.069860004,0.1224,0.28882998,336.54,341.5,385.0,293.0,0.014738218339573228,buy,1.72222,16,72.18212641488519,,0.01866728707721124,0.019920634797978395,0.40137677548206235,0.0034999999,1793709000,0.21061909,2026-08-28T08:34:46,0.024,,,Diagnostics & Research,0.501685634782933,Hold
OC,Owens Corning Inc,11.961371,12.012,10.04323,-30.184873949579835,1.1534187,1.51,12.831762192519811,16854714368,79048683,79048683,8.604,1.325,150.328,0.8795,0.599,1.16,2.29,0.0298,0.06109905461676046,-0.094510004,-0.06814,0.17816,0.26485002,143.68,176.53333,198.0,140.0,0.22865625,buy,1.70588,15,21.284684256724987,,0.05783573639712109,0.019224584932412362,0.9164603102883923,0.01112,1793795400,-0.04321766,2026-08-28T08:34:46,0.0262,,,Building Products & Equipment,0.5017526734106604,Hold
MLKN,"MillerKnoll, Inc.",9.932346,2.365,2.015,17.661654,0.4165382,0.96,19.4525450820262,3297814784,68123238,68123238,9.279,1.357,128.174,1.1655,0.754,1.577,5.95,0.0796,0.0391474697664842,0.06983,0.02382,0.060739998,0.38794997,23.49,35.0,35.0,35.0,0.48999574286930625,buy,2.0,1,40.25370645219452,,0.0,-0.005257623554153411,0.9462573077984567,0.01713,1790080200,0.11274278,2026-08-28T08:34:46,0.058,,,"Furnishings, Fixtures & Appliances",0.5018010879523548,Hold
WMS,"Advanced Drainage Systems, Inc.",18.711304,7.41851,6.32406,23.64736,3.2490036,1.33,31.98365724649401,12098676736,75405342,75405342,12.768,1.286,97.185,1.5895000000000001,1.06,2.119,3.41,0.0324,0.2417514003716077,0.26354,0.14001,0.26325,0.38645,138.81,183.91667,207.0,165.0,0.3249525970751388,strong_buy,1.16667,12,57.49441289135039,,-0.016247933035804553,0.006864886067050049,0.07294935902569902,0.07172,1793881800,-0.03584081,2026-08-28T08:34:46,0.0346,,,Building Products & Equipment,0.5018657701943814,Hold
VOYA,"Voya Financial, Inc.",8.904632,11.36038,9.12932,17.116753,1.1223031,,6.3932522437502115,14331726848,90596349,90596349,13.064,0.891,68.91,3.1839999999999997,0.699,5.669,0.02,0.0002,0.017185208291340626,0.096099995,0.07446,0.0538,0.55609,101.16,108.08333,125.0,90.0,0.06843940292605777,buy,2.08333,12,57.32251293059279,,-0.020262649265464224,0.004253791903651352,0.16500120675190474,0.0028400002,1793736000,0.34718335,2026-08-28T08:34:46,0.0002,,,Financial Conglomerates,0.5018947376875226,Hold
CRC,California Resources Corporatio,12.955896,4.08617,3.5281,-42.01587301587301,1.2589357,0.36,14.03095909958276,5993125376,88819893,88819893,9.989,0.901,39.594,0.579,0.497,0.661,4.33,0.059,0.25303461016328854,-0.03554,-0.0324,0.46795,0.5676,52.94,76.72727,87.0,58.0,0.44932508500188906,strong_buy,1.27273,11,55.046107119732795,,-0.3099273370952442,0.06307691507185754,0.2962770502473894,0.049489997,1793709000,0.065619946,2026-08-28T08:34:46,0.0411,,,Oil & Gas E&P,0.5023893195608735,Hold
MUR,Murphy Oil Corporation,12.131172,2.96344,2.89218,17.200958,1.7219752,0.33,14.949644969310135,7078584320,143349576,143349576,3.99,0.502,41.896,0.8125,0.771,0.854,6.44,0.1071,0.35000675551352844,0.06461,0.09826,0.3793,0.82672995,35.95,39.92857,52.0,32.0,0.11066954102920712,hold,2.86667,14,59.372314025776134,,-0.16090866891029357,-0.07176395044713485,0.6664430156740668,0.05688,1793822400,0.4460982,2026-08-28T08:34:46,0.0807,,,Oil & Gas E&P,0.5026765503139068,Hold
RLJ,RLJ Lodging Trust,853.7134,0.01333,,1138.0,1.2614018,2.06,7.964567560435472,3955957248,152375872,153146802,12.139,1.109,130.001,1.4289999999999998,1.376,1.482,6.15,0.1009,0.045543223851083114,0.0125899995,0.01997,0.14519,0.2684,11.38,11.45455,13.0,9.5,0.0065509666080842965,hold,2.91667,11,51.05861885963239,,1.0,1.0,0.8274212049132751,0.13167,1793908800,0.47792208,2026-08-28T08:34:46,0.0922,,,REIT - Hotel & Motel,0.5028801628980795,Hold
HAE,Haemonetics Corporation,18.29348,5.73975,5.29736,51.47059,3.5333908,1.72,15.270395090141925,5726831104,45497051,45497051,15.962,0.518,140.265,2.377,1.674,3.08,3.74,0.071,0.11505045019291482,0.111999996,0.07122,0.17932,0.59331,105.0,106.4,120.0,86.0,0.01333333333333342,buy,1.90909,10,70.27888672613558,,0.015356778679915044,0.0201787345677915,0.22965613626791953,0.01263,1793881800,0.9251925,2026-08-28T08:34:46,0.0615,,,Medical Devices,0.5029014826136915,Hold
BCC,"Boise Cascade, L.L.C.",14.895061,5.28833,3.93,27.068727,0.4255836,2.94,63.42436093601385,2992824832,34891351,34891351,9.301,1.051,27.115,1.984,1.258,2.71,3.53,0.0614,0.12575319883715608,0.0506,0.01637,0.045840003,0.16511999,78.77,96.5,105.0,89.0,0.22508569252253396,none,,6,34.24402512294212,,0.07573090851360272,-0.020982399887442216,0.6411699075343744,0.01219,1793649600,-0.0945977,2026-08-28T08:34:46,0.0426,,,Lumber & Wood Production,0.5031670187702553,Hold
CBOE,"Cboe Global Markets, Inc.",20.595854,15.24336,14.16696,24.469994,6.4778056,2.62,48.33928408319726,32011919360,104431019,104431019,16.58,0.415,28.09,1.179,0.793,1.565,2.87,0.0298,0.23087097330727002,0.26297,0.26734,0.34634,0.54078996,313.95,315.14285,356.0,258.0,0.003799490364707836,hold,3.05882,14,68.21293544689044,,0.013690984729121163,0.01482219227839933,0.5041860173357156,0.0025499999,1793363400,0.33057857,2026-08-28T08:34:46,0.0245,,,Financial Data & Stock Exchanges,0.5033461335318347,Hold
CON,Concentra Group Holdings Parent,18.959263,1.83024,1.64019,22.532469,1.9343972,,21.6064618259224,6439975424,127517736,127517736,13.951,0.617,423.325,1.3105,1.244,1.377,2.29,0.0313,0.10564384549612793,0.4706,0.08688,0.1929,0.29314,34.7,39.875,42.0,34.0,0.14913544668587897,strong_buy,1.22222,8,60.71236721775747,,0.07691146055612096,0.08283488046005585,0.05692351945161346,0.09652001,1793908800,0.45798314,2026-08-28T08:34:46,0.0193,,,Medical Care Facilities,0.5033742981170394,Hold
COO,"The Cooper Companies, Inc.",14.204556,4.99558,4.6265,61.70435,,0.69,,16427373568,,,18.533,0.823,33.093,0.8995,0.525,1.274,3.96,0.044699997,0.079,0.02853,0.05573,-0.02866,0.65550005,70.96,81.5,92.0,66.0,0.14853438556933485,buy,2.0,14,44.26147210509247,43.29951257960197,-0.0006199547670632735,-0.0016906339677539484,0.12486048046590409,0.00614,1788984000,0.052819014,2026-08-28T08:34:46,0.0394,,,Medical Instruments & Supplies,0.5033776113097772,Hold
VTOL,"Bristow Group, Inc.",8.718631,5.26,,12.9548025,0.8691629,,-39.745547498745985,2016735104,29642000,29642000,8.579,1.198,89.036,1.9665,1.673,2.26,6.16,0.0477,0.06344092841238802,0.10082,0.06664,0.08455,0.27201,45.86,64.33333,70.0,56.0,0.40282010466637597,none,,3,53.67682612896504,,-0.11006816547084862,-0.042182408301742094,1.1766477021983928,0.03208,1793736000,0.19085956,2026-08-28T08:34:46,0.0461,,,Oil & Gas Equipment & Services,0.5035968147030851,Hold
DAL,"Delta Air Lines, Inc.",9.286356,8.73755,6.48786,13.775891,,0.21,,69490221056,,,9.257,1.311,96.649,0.34550000000000003,0.267,0.424,4.23,0.0345,0.187,0.20125,0.05784,0.07921,0.187,81.14,104.77083,125.0,50.0,0.29123527236874547,strong_buy,1.32,24,42.73551133405917,,-0.021571732344025575,-0.015252440458722122,0.45665591514796094,0.091759995,1791462600,0.31337,2026-08-28T08:34:46,0.0347,,,Airlines,0.5037346274921872,Hold
CRM,"Salesforce, Inc.",15.976091,15.7767,14.67067,18.837818,4.8433805,0.85,12.531695345739655,199113785344,823000000,823000000,15.441,1.152,124.282,0.7005,0.615,0.786,2.12,0.0374,0.36139103758930746,0.16908,0.18733,0.218,0.77643996,252.05,244.02213,475.0,160.0,-0.0318503074786749,buy,1.69811,52,82.36959120790856,,0.038020083037814185,0.0028196997348553738,0.7118292200738154,0.029930001,1787774400,-0.016390264,2026-08-28T08:34:46,0.0334,,,Software - Application,0.5037899554287887,Hold
TFX,Teleflex Incorporated,12.57404,10.95193,7.07617,-264.8269230769231,2.588175,0.16,32.499931603747314,8447742976,42372397,42372397,20.915,0.809,101.103,1.78,0.956,2.604,8.55,0.17899999,0.34437802043627586,-0.00701,-0.45761,0.14442,0.55108,137.71,153.54546,170.0,138.0,0.1149913586522402,hold,2.53846,11,59.80018524486294,,0.05643174713131037,0.0350728629039499,1.4328444027445206,0.00495,1793277000,0.08939171,2026-08-28T08:34:46,0.1146,,,Medical Instruments & Supplies,0.5039995685043356,Hold
UMBF,UMB Financial Corporation,10.374223,13.93261,13.20506,11.915911,3.901285,2.54,,12872335360,75950030,75950030,,0.788,,,,,5.57,0.053000003,0.12165978077954653,0.12309,0.33501,0.51058,0.0,144.54,168.2143,181.0,159.0,0.16379064618790662,buy,1.71429,14,67.8518333280592,62.03848536378171,0.0194021335939532,0.011956326720065788,0.11078597949449302,0.0529,1793131200,0.18572605,2026-08-28T08:34:46,0.0465,,,Banks - Regional,0.5043409438001486,Hold
LCII,LCI Industries,10.766359,9.50182,8.53727,11.936991,0.6173882,1.04,9.399729621666259,3416736256,24311507,24311507,7.8,1.185,80.054,1.7655,1.045,2.486,7.6,0.1367,-0.09166521433656916,0.15,0.05244,0.00543,0.25651,102.3,129.4,175.0,114.0,0.2649071358748778,none,,10,30.652777478286268,,-0.023754145225843314,-0.03338555442522886,0.7096983938770624,0.03523,1793277000,-0.029595912,2026-08-28T08:34:46,0.0992,,,Recreational Vehicles,0.5044619781378367,Hold
PTGX,"Protagonist Therapeutics, Inc.",2521.9297,0.05928,4.74981,145.14563,34.305542,,100.61691303844604,8900528128,64708285,64708285,148.632,1.794,1.095,21.6425,21.576,21.709,14.77,0.1399,35.89417085308318,0.10985,0.29400998,0.74372,1.0,149.5,170.38461,225.0,149.0,0.13969638795986627,strong_buy,1.23077,13,53.004146302097396,,0.1273345659350962,1.0,1.2310090399447693,0.0070999996,1793908800,1.5317528,2026-08-28T08:34:46,0.1473,,,Biotechnology,0.5044894295891815,Hold
FHB,"First Hawaiian, Inc.",10.225094,2.52516,2.34768,11.275109,3.5658965,,,2122785920,121680634,121680634,,0.716,,,,,4.62,0.1382,0.08465125189929568,0.10321999,0.32339,0.43712002,0.0,25.82,30.77778,34.0,28.0,0.1920131680867545,none,,9,25.243359611812025,,0.004776334035231813,0.012506164869665654,0.09860935524652342,0.00733,1792758600,-0.005009651,2026-08-28T08:34:46,0.09,,,Banks - Regional,0.5045351134768258,Hold
STEP,StepStone Group Inc.,14.489658,3.46454,2.47887,-6.460746460746462,3.226769,,2.295788120953243,6775245312,82288907,129083932,-6.031,1.263,126.487,0.637,0.635,0.639,4.49,0.08979999,0.5643304145478565,-0.61397,-0.30535,-0.54055,-0.48369,50.2,70.375,92.0,56.0,0.40189243027888444,strong_buy,1.5,8,67.28390058049115,,0.016417708491366884,0.06316014148066848,1.2879820057767646,0.05515,1793908800,-0.19110537,2026-08-28T08:34:46,0.0853,,,Asset Management,0.5046889607178223,Hold
ALGT,Allegiant Travel Company,6.816503,11.7817,6.47621,71.70535,0.75862586,0.85,11.283099810597681,3980426752,27337755,27337755,10.429,1.527,160.47,0.7715,0.711,0.832,3.38,0.07,-0.08107217289788438,0.018339999,0.00898,0.09228,0.22812,80.31,132.7857,165.0,105.0,0.6534142697048935,buy,1.71429,14,40.205112375741,,-0.14350687909899207,-0.027564325839450707,1.4760031323132887,0.101,1793822400,0.28167892,2026-08-28T08:34:46,0.0663,,,Airlines,0.5048154096428883,Hold
BWA,BorgWarner Inc.,10.908743,5.94019,5.21906,31.921185,0.9200767,0.47,12.377566692652819,14969176064,203666354,203666354,7.352,1.106,70.11,1.8944999999999999,1.662,2.127,2.91,0.0377,0.06567514325905788,0.08056,0.02893,0.106359996,0.19325,64.8,79.66667,95.0,62.0,0.2294239197530865,buy,1.86667,15,40.23960714252898,,0.007546375751210885,0.02039873295954272,0.528048392531335,0.00616,1793277000,0.515435,2026-08-28T08:34:46,0.0332,,,Auto Parts,0.5050510455600735,Hold
SFBS,"ServisFirst Bancshares, Inc.",11.887166,3.63333,3.215,14.740614,8.06986,,,5988128256,109345020,109345020,,0.857,,,,,10.12,0.059,0.2997575984713341,0.17334999,0.54804003,0.70001,0.0,43.19,49.0,50.0,47.0,0.1345218800648298,none,,3,30.687172544456743,,0.0046874999999999,0.01300928158988704,0.12498188066743063,0.0654,1792440000,-0.020079434,2026-08-28T08:34:46,0.0506,,,Banks - Regional,0.5051511787693727,Hold
HST,"Host Hotels & Resorts, Inc.",21.261814,1.05071,1.3695,15.094595,2.4896038,3.59,9.17065607396337,19227678720,685124399,694726443,11.344,1.122,85.298,1.67,1.669,1.671,4.39,0.089899994,0.05309560954053838,0.15558,0.16474001,0.18215,0.29195,22.34,25.06533,29.0,21.0,0.12199328558639211,buy,1.90476,20,47.75241721425625,,0.010701107011070079,0.04652390438247015,0.09299661693065338,0.01469,1793822400,0.29808247,2026-08-28T08:34:46,0.0651,,,REIT - Hotel & Motel,0.5053034213935859,Hold
BAC,Bank of America Corporation,11.551687,5.29533,4.67517,14.127021,3.754434,1.06,,373585412096,6992748365,6992748365,,1.168,,,,,0.0,0.0,0.23718415387080793,0.111990005,0.29524,0.38305,0.0,61.17,68.77273,75.0,62.0,0.12428854013405255,buy,1.54167,22,42.766154313398935,21.02550193214833,0.00612741145890446,0.019757216722329253,0.09931899879482778,0.07029,1791981000,0.2055577,2026-08-28T08:34:46,0.0,,,Banks - Diversified,0.5053248690924853,Hold
KEYS,Keysight Technologies Inc.,23.869755,13.64991,11.49984,43.50067,8.430135,0.63,28.84884576557993,55628144640,170300000,170300000,31.112,1.21,41.79,1.7149999999999999,1.406,2.024,2.62,0.0198,0.37949955419847337,0.20897,0.19143,0.24972999,0.64692,325.82,415.08334,452.0,350.0,0.2739651955067215,buy,1.58333,12,34.15382251845669,,0.12292816870326362,0.148664216727859,0.23622287004199533,0.0058099995,1795550400,0.99363637,2026-08-28T08:34:46,0.0174,,,Scientific & Technical Instruments,0.5054521764331479,Hold
ASML,ASML Holding N.V. - New York Re,28.801256,60.240776,38.18989,58.45721,18.863983,2.08,78.98116061120518,37017589121024,384100000,384100000,2744.402,1.365,9.092,1.0275,0.721,1.334,0.75,0.0034999999,0.24173808903931282,0.53942,0.30114,0.37057,0.52733004,1735.01,2154.3726,2892.972,901.25824,0.24170615731321443,strong_buy,1.40909,16,55.27267645418242,,0.007942685136431522,0.025897260426226476,0.17767426997697713,0.00016000001,1791981000,1.3363361,2026-08-28T08:34:46,0.0001,,,Semiconductor Equipment & Materials,0.5056262189031452,Hold
ONB,Old National Bancorp,8.946712,2.88933,2.60633,11.387666,3.7168546,1.59,,17107724288,382570000,382570000,,0.839,,,,,3.93,0.0594,0.31913522595080646,0.106079996,0.33310002,0.52542,0.0,25.85,29.81818,32.0,27.0,0.15350793036750487,buy,1.83333,11,45.307747281957006,54.69040653159128,-0.001509422396916815,-0.005777462733816863,0.1072995716761176,0.00675,1792585800,0.12931406,2026-08-28T08:34:46,0.047,,,Banks - Regional,0.5057263846961628,Hold
HTGC,"Hercules Capital, Inc.",8.907825,1.96681,1.93309,8.716418,5.7917166,0.52,12.716266274163482,5535930880,187164000,187164000,11.673,0.739,103.331,0.11649999999999999,0.115,0.118,6.71,0.0585,0.0169541685366843,0.17318001,0.67682,0.83192,1.0,17.52,19.16667,25.0,15.5,0.09398801369863019,none,,9,49.34649929233792,,-0.0020958624783831673,-0.011578762218257634,0.38826990577473197,0.01966,1793304000,-0.10245901,2026-08-28T08:34:46,0.0626,,,Asset Management,0.5057932695725176,Hold
ALRM,"Alarm.com Holdings, Inc.",18.762215,3.07,2.89294,25.486725,2.6650703,1.41,28.234571901295446,2959609088,49090228,49090228,17.647,0.759,62.337,4.47,3.98,4.96,6.63,0.083900005,0.11012440194818418,0.13311,0.11112001,0.15068,0.65809,57.6,63.0,85.0,40.0,0.09375,buy,2.33333,5,58.12879673959893,,0.04243703989305149,0.033148241628807015,0.3549082450479435,0.055960003,1793908800,-0.017567813,2026-08-28T08:34:46,0.0586,,,Software - Application,0.5058182630797808,Hold
ONON,On Holding AG,13.879251,2.0858476,1.41226,19.693878,3.0044453,0.55,33.53877137298932,8998616064,301715535,334214703,18.35,2.119,29.429,2.4745,2.118,2.831,2.48,0.0689,0.22682402124239331,0.23951,0.12303001,0.14019,0.64824,28.95,44.92032,73.766205,19.953033,0.5516518134715025,buy,1.67857,27,35.31987630688066,,-0.001287055894998821,-0.03324890628597745,0.6119900613621044,0.24214001,1794400200,-0.35780835,2026-08-28T08:34:46,0.0701,,,Footwear & Accessories,0.5060065438559085,Hold
DRI,"Darden Restaurants, Inc.",17.044992,12.38663,11.27317,20.966238,1.8145676,1.97,30.30699093064608,31912282112,113541756,113541756,15.089,0.585,364.507,0.2145,0.115,0.314,5.25,0.077,0.16757499329145498,0.53718,0.09134,0.14142,0.21667999,211.13,230.16667,276.0,156.0,0.09016563254866683,buy,1.92857,24,66.12763295504749,,0.0,0.0,0.11499776932569085,0.00299,1790253000,0.02024746,2026-08-28T08:34:46,0.0573,,,Restaurants,0.5060641557471087,Hold
RBCAA,"Republic Bancorp, Inc.",13.614493,6.9,6.97,14.407976,4.8226757,1.27,,1746650112,17497409,19634151,,0.564,,,,,3.63,0.0467,0.16530636050171776,0.115480006,0.33468,0.45019,0.0,93.94,98.0,98.0,98.0,0.0432190760059612,none,,1,33.100702531205926,65.40655805870391,0.048120300751879605,0.042296072507552906,0.18890229640478604,0.51509,1792153800,0.22413349,2026-08-28T08:34:46,0.0443,,,Banks - Regional,0.50645812205227,Hold
SOLV,Solventum Corporation,12.587836,7.22364,7.1848,11.184502,1.8626286,1.22,31.653259779141106,20370444288,170223729,170223729,17.884,0.671,110.313,0.7609999999999999,0.501,1.021,2.84,0.024,0.047698161987745014,0.33960998,0.17256,0.09778,0.54777,90.93,93.92308,113.0,70.0,0.03291630924887268,buy,2.2,13,77.12874994076004,58.62106359269057,0.09685239634952483,0.01934797425538308,0.40338968452547663,0.15318,1793908800,0.24408269,2026-08-28T08:34:46,0.0241,,,Medical Instruments & Supplies,0.5064766980697029,Hold
STZ,"Constellation Brands, Inc.",10.606087,12.39194,11.80013,12.80994,2.4786968,1.72,10.155593981829398,33173401600,170752511,170804357,9.599,0.4,123.205,0.5800000000000001,0.247,0.913,4.08,0.0494,0.008004053679772749,0.2369,0.20143999,0.35931,0.5272,131.43,170.8261,209.0,115.0,0.2997496766339496,none,,23,48.343474130317595,,0.004175793502883877,0.001532371344655844,1.1551953985087908,0.12562999,1791230400,-0.18840313,2026-08-28T08:34:46,0.0468,,,Beverages - Brewers,0.5065679588553303,Hold
ALHC,"Alignment Healthcare, Inc.",18.019934,0.7525,0.495,75.333336,0.6145114,,14.915647544319636,2441609728,207435149,207435149,27.931,1.131,124.655,1.5795,1.461,1.698,4.26,0.1166,0.2563387052982038,0.20044,0.00889,0.031519998,0.12549,13.56,24.07692,30.0,16.0,0.7755840707964603,strong_buy,1.5,13,47.59697670589387,,0.04210526315789478,0.04152249134948085,0.6771610337217967,0.02775,1793304000,-0.17114913,2026-08-28T08:34:46,0.1253,,,Healthcare Plans,0.5065846162816791,Hold
CHH,"Choice Hotels International, In",14.390836,7.5423,7.0229,15.550143,4.9078093,2.16,23.262383789852738,6906558976,45495493,45495493,14.566,0.68,1481.726,0.819,0.712,0.926,10.86,0.2988,0.09228339607178238,5.66362,0.32631,0.37729,0.90328,108.54,115.26667,131.0,91.0,0.06197411092684724,hold,3.0625,15,49.75004635312939,,-0.011879285188671446,-0.02159492674894537,0.187630798656198,0.39189,1793795400,-0.092323124,2026-08-28T08:34:46,0.1754,,,Lodging,0.5066456631280801,Hold
ATKR,Atkore Inc.,14.646917,6.39452,5.70686,-19.391304347826086,1.0781946,,10.172319525220598,3730441984,33772550,33772550,12.741,1.651,71.58,2.324,1.914,2.734,0.98,0.040799998,0.07712860296305712,-0.11868,-0.05546,0.09663,0.2059,93.66,93.5,95.0,92.0,-0.0017083066410420455,none,,2,58.70857715095246,,0.06522542567131184,0.039184840900965245,0.7219737664713144,0.01016,1795091400,0.6095549,2026-08-28T08:34:46,0.0378,,,Electrical Equipment & Parts,0.5066491254103694,Hold
SPG,"Simon Property Group, Inc.",32.109604,6.69239,6.22,15.154443,11.753426,4.58,31.433049727464933,99400523776,323551515,379623473,19.395,1.326,503.504,0.265,0.264,0.266,0.0,0.0,0.3931703412360781,1.20508,0.66571,0.46023998,0.81426,214.89,236.05263,285.0,207.0,0.09848122295127748,buy,2.38095,19,29.961149933607885,,-0.03419598368381253,-0.007121249660627952,0.4165833533417285,0.01801,1793649600,0.18947196,2026-08-28T08:34:46,0.0,,,REIT - Retail,0.5066696134783374,Hold
BELFB,Bel Fuse Inc.,24.12764,10.67821,9.8298,65.22532,4.9996104,2.02,67.18507355795128,3550936832,12324187,14439450,23.899,1.411,3.386,3.755,3.029,4.481,2.79,0.073,0.26449674935961287,0.1041,0.07211,0.18247999,0.39521998,257.64,329.66666,380.0,300.0,0.2795631889458159,none,,9,43.09858938636211,79.45410258891303,0.13775573982249267,0.054274625339019014,0.25403419091921514,0.013250001,1793217600,0.9146849,2026-08-28T08:34:46,0.0548,,,Electronic Components,0.506746144461706,Hold
MKSI,MKS Inc.,15.391999,17.6059,13.13414,43.289135,4.2152476,1.32,38.14453494633093,21898682368,67617558,67617558,20.718,1.999,140.094,0.869,0.594,1.144,3.71,0.0922,0.2726521800742936,0.15845999,0.10099,0.20593001,0.46952,270.99,411.30768,600.0,270.0,0.5177965238569688,buy,1.69231,13,32.33788247928902,,0.12094734146965945,0.14631222763861326,1.5822418107329834,0.00484,1793822400,1.6223147,2026-08-28T08:34:46,0.0816,,,Scientific & Technical Instruments,0.506840875774739,Hold
HLIO,"Helios Technologies, Inc.",20.759653,3.58532,3.19731,34.94366,2.7516117,1.03,20.70285171097526,2735111424,32950577,32950577,15.54,1.271,36.971,2.0545,1.365,2.744,3.24,0.030299999,0.09772875297449257,0.07677,0.08011,0.14015001,0.33580002,74.43,94.66667,110.0,88.0,0.2718886201800348,strong_buy,1.33333,6,27.75507682646399,,0.08908365068227185,0.06821357597642684,0.5276086986364532,0.01392,1793908800,0.37223446,2026-08-28T08:34:46,0.0303,,,Specialty Industrial Machinery,0.506918451089542,Hold
GPGI,"GPGI, Inc.",10.540625,1.25799,0.99255,-7.366666666666666,160164.27,,-41.83740443645086,3836242432,289890082,289890082,-47.188,0.885,,1.059,0.979,1.139,23.66,0.2005,,-0.20621,0.0,-3.0,1.9583299,13.26,15.0,15.0,15.0,0.13122171945701355,hold,3.0,1,43.00883118444748,,0.042725973862251646,-0.016396134359166942,1.15632403153357,0.19816,1793709000,-0.30648535,2026-08-28T08:34:46,0.2167,,,Metal Fabrication,0.5070116302510478,Hold
GEO,Geo Group Inc (The) REIT,19.064325,1.71,1.3075,15.450237,1.5176197,1.89,-1181.2245935306262,5761108992,131619584,131619584,11.749,0.779,106.105,1.5905,1.528,1.653,6.25,0.111499995,0.2377093837950437,0.20127001,0.10312,0.13892001,0.26042998,32.6,37.75,40.0,31.0,0.15797546012269925,none,,4,60.89487523998872,,0.07172131147540994,0.02805817246126745,0.6773054143770764,0.0519,1793881800,0.57184184,2026-08-28T08:34:46,0.0909,,,Security & Protection Services,0.5071653281516013,Hold
LHX,"L3Harris Technologies, Inc.",19.461456,13.46148,11.99713,26.596954,3.794688,1.5,,64991518720,186214616,186214616,30.285,0.746,34.574,,,,2.28,0.0215,1.913710721826476,,0.103690006,0.097270004,0.30414,261.98,339.5,393.0,269.0,0.2959004504160623,buy,1.72222,12,32.40051286747618,,0.015348119210073318,-0.009647153857868403,0.19401037473752114,0.00454,1793277000,-0.056335986,2026-08-28T08:34:46,0.0159,,,Aerospace & Defense,0.5071800386387733,Hold
FTV,Fortive Corporation,18.442995,3.24893,3.01762,31.87234,4.193165,0.98,19.270173650928847,21329561600,302017052,302017052,17.276,0.976,59.283,1.0215,0.802,1.241,4.88,0.0622,0.21427799625035737,0.07318,0.12382,0.19137,0.6323,59.92,64.30769,72.0,51.0,0.07322580106809062,hold,2.73333,13,49.54047688822355,,0.006252355053736848,0.008549104579079255,0.14705901880444644,0.0041,1793190600,0.25198495,2026-08-28T08:34:46,0.0485,,,Scientific & Technical Instruments,0.507367043975766,Hold
FULT,Fulton Financial Corporation,10.06356,2.36,2.21714,11.41827,3.4001997,1.54,,5272796672,190914563,190914563,,0.802,,,,,4.8,0.0512,0.08452830808931,0.11101,0.29740998,0.42348,0.0,23.75,26.5,28.5,25.0,0.11578947368421044,none,,7,46.195152125466706,,0.01371654306537316,0.0012133348040422227,0.13247510819632546,0.00846,1792526400,0.20803666,2026-08-28T08:34:46,0.0451,,,Banks - Regional,0.5074108209025155,Hold
MHK,"Mohawk Industries, Inc.",12.903842,10.05902,9.83665,17.51687,0.78660995,0.64,9.093403068558175,10305511424,67738145,67738145,6.851,1.181,27.604,1.4364999999999999,0.957,1.916,3.65,0.0923,-0.02039140280561269,0.055120002,0.04152,0.097849995,0.25641,129.8,135.7857,155.0,115.0,0.04611479198767321,none,,14,38.959241327694386,,0.14737605809753002,0.016435319213004475,1.255744234864444,0.16166,1793304000,-0.021780074,2026-08-28T08:34:46,0.0665,,,"Furnishings, Fixtures & Appliances",0.5075775110447144,Hold
OKE,"ONEOK, Inc.",15.05119,6.29319,5.93794,16.387543,1.5167559,1.97,66.35212243165219,92713615360,630369667,630369667,12.088,0.715,143.07,0.626,0.515,0.737,6.72,0.0448,0.526495499625619,0.16277,0.09287,0.13254,0.27214,94.72,96.61905,111.0,88.0,0.020049092060810736,buy,2.21739,21,68.14675736849284,,0.019122597858227054,0.01039780948487854,0.15472113487044412,0.0015199999,1793131200,0.24011517,2026-08-28T08:34:46,0.0399,,,Oil & Gas Midstream,0.5081733257645009,Hold
FNB,F.N.B. Corporation,9.867912,1.87375,1.6875,11.005953,3.772006,1.05,,9231987712,355963949,355963949,,0.871,,,,,4.0,0.082200006,0.07820416234341754,0.0904,0.34615,0.44671002,0.0,18.49,21.0625,22.0,19.0,0.1391292590589508,none,,8,56.27959708632113,,-0.01960784313725487,-0.035392535392535326,0.1128487186289926,0.01509,1792094400,0.107849,2026-08-28T08:34:46,0.064,,,Banks - Regional,0.5082658403007049,Hold
ALL,Allstate Corporation (The),9.359298,27.52557,35.24733,5.243639,0.9287717,3.09,4.297306858686331,68904263680,252857950,252857950,4.026,0.156,22.261,0.303,0.243,0.363,0.01,0.0,0.18786805002571594,0.46113998,0.18971,0.22827,0.36800998,257.62,274.0909,334.0,176.0,0.06393486530548853,hold,2.52,22,28.78556757661549,,0.12595557744813263,0.0384131338715993,1.2876514408289854,0.00497,1793822400,0.26625705,2026-08-28T08:34:46,0.0,,,Insurance - Property & Casualty,0.5082833990413494,Hold
SNX,TD SYNNEX Corporation,12.147904,21.41357,18.97409,18.633955,,0.74,,24425457664,,,11.002,1.436,52.735,0.902,0.605,1.199,2.71,0.025,0.31,0.13141,0.01629,0.02661,0.07047,260.13,333.54544,374.0,278.0,0.28222596394110644,buy,1.54545,11,45.480391412458765,,0.0,0.0,0.19350056023156065,0.0494,1790253000,0.7568042,2026-08-28T08:34:46,0.0241,,,Electronics & Computer Distribution,0.5083717603211947,Hold
XOM,ExxonMobil Holdings Corporation,14.698947,10.64294,11.61792,20.133848,1.7816082,1.26,31.119320592292166,681778479104,4111911960,4111911960,10.035,0.173,15.921,0.968,0.801,1.135,2.6,0.01,0.5019312169047512,0.12584,0.09072,0.15859,0.29767,156.44,169.68182,200.0,142.0,0.08464472002045498,buy,2.32,22,51.4094707247021,,0.05080968437504518,0.006558794127633096,0.3126737720727732,0.00082,1793363400,0.3687986,2026-08-28T08:34:46,0.009,,,Oil & Gas Integrated,0.5084449365628907,Hold
GPK,Graphic Packaging Holding Compa,10.136345,1.11776,0.71307,17.703125,0.38838616,3.33,14.101906560944814,8850491392,296071573,296071573,7.743,0.658,176.151,0.94,0.501,1.379,3.98,0.0758,-0.006404951089309718,0.060100004,0.02246,0.045250002,0.15491,11.33,12.58182,18.0,10.0,0.11048720211827012,none,,11,27.712738832640923,,-0.14765718383934978,-0.03741786584683217,0.2087081448381329,0.015470001,1794227400,-0.49124384,2026-08-28T08:34:46,0.0724,,,Packaging & Containers,0.5085153001872584,Hold
HOPE,"Hope Bancorp, Inc.",8.830428,1.5775,1.1325,13.79208,3.3321233,1.24,,1778734720,127741836,127741836,,0.81,,,,,5.63,0.0638,0.7151157902568426,0.056550004,0.23934,0.34244,0.0,13.93,15.5,16.0,15.0,0.11270638908829866,none,,4,46.15956526962177,68.8088354072969,-0.013071895424836517,-0.014062500000000117,0.5314260953486358,0.04765,1793104200,0.25157237,2026-08-28T08:34:46,0.0479,,,Banks - Regional,0.5085621660751426,Hold
NHI,"National Health Investors, Inc.",22.349258,3.24664,14.55137,21.216373,8.177127,4.76,20.71976759038764,4985333248,49110434,49110434,17.21,0.559,97.569,1.506,1.195,1.817,5.56,0.045300003,-0.05847102063891352,0.10717,0.38275,0.61341,0.73925,72.56,82.125,90.0,73.0,0.13182194046306495,buy,1.75,8,48.12140741051525,,1.0,-0.058934016626279645,0.30049502420760177,0.023929998,1793908800,-0.07318944,2026-08-28T08:34:46,0.0453,,,REIT - Healthcare Facilities,0.5087358420289623,Hold
FLS,Flowserve Corporation,17.59683,4.65993,4.11295,28.77193,2.2492647,2.0,24.33426478845629,12078431232,127112780,127112780,16.848,1.262,99.608,1.811,1.469,2.153,4.11,0.0608,0.012404008471846861,0.16936001,0.08012,0.13919,0.35146,82.0,89.1,100.0,70.0,0.08658536585365839,none,,10,66.66703769982593,,0.012762489165550346,0.009549703738206423,0.3092700484471702,0.0060900003,1793131200,0.5281402,2026-08-28T08:34:46,0.0608,,,Specialty Industrial Machinery,0.5087992555880512,Hold
MITK,"Mitek Systems, Inc.",16.11577,1.192,1.146,40.872337,4.37995,1.38,17.092070406958097,823264832,45122374,45122374,16.614,0.979,22.423,2.686,2.628,2.744,5.0,0.082200006,0.19357382215749563,0.09233,0.11387,0.21363,0.83611,19.21,22.625,26.0,18.0,0.17777199375325337,none,,4,30.045287157576993,81.34367209293065,0.028725314183123702,-0.018121911037891285,0.5122499389946279,0.03185,1786046400,0.88888884,2026-08-28T08:34:46,0.0834,,,Software - Application,0.5088420646103237,Hold
QLYS,"Qualys, Inc.",22.41093,8.41509,7.78229,30.66504,9.280916,3.41,26.696951678528503,6151376384,34595001,34595001,24.157,0.581,9.498,1.325,1.266,1.384,5.07,0.1617,0.1655432818169309,0.38592,0.29381,0.33979,0.83417,188.59,171.74167,220.0,95.35,-0.08933840606606924,none,,18,43.886476564049666,,0.027040973211092396,0.017407578910206622,0.2704938484827557,0.00452,1793736000,0.38863122,2026-08-28T08:34:46,0.1183,,,Software - Infrastructure,0.5089930552330396,Hold
CENTA,Central Garden & Pet Company,12.083702,3.12156,2.97309,14.180451,0.7655458,1.87,6.89647349115113,2774106880,51340003,62592598,8.196,0.545,80.634,3.186,2.585,3.787,4.04,0.0324,0.300327076334608,0.099709995,0.05393,0.14262,0.32571998,37.72,46.25,50.0,39.0,0.22613997879109227,none,,4,61.09618782576596,,0.0023938044295496222,0.011729549454360399,0.1925541510370119,0.035550002,1795636800,0.14199209,2026-08-28T08:34:46,0.0205,,,Packaged Foods,0.5090183498960306,Hold
TAP,Molson Coors Beverage Company,8.480907,4.91221,4.75383,-3.680212014134275,0.70083195,3.92,8.306447999979195,13842470912,174117990,186453933,6.116,0.427,76.03,0.7565,0.634,0.879,9.39,0.2498,0.09921156337722481,-0.19466,-0.20808001,0.11297,0.37013,41.66,45.47619,61.0,34.0,0.09160321651464254,hold,2.7619,21,44.62170981417914,31.636530483404414,0.0025327827711722666,-0.013410377225857504,1.3859371527311064,0.1278,1793709000,-0.1748861,2026-08-28T08:34:46,0.173,,,Beverages - Brewers,0.509051445180896,Hold
SKYW,"SkyWest, Inc.",8.089921,12.22138,10.85096,9.818273,0.91612077,1.66,26.45100416562212,5622068736,38828325,38828325,5.884,1.443,86.333,0.5045,0.44,0.569,3.64,0.057800002,0.10751338101759478,0.15341,0.09782,0.14130999,0.30895,98.87,126.5,160.0,105.0,0.2794578739759279,buy,1.66667,6,23.784747907164984,,-0.005097849367719986,0.010206730093652677,0.9286731848161341,0.01342,1793304000,-0.18558484,2026-08-28T08:34:46,0.0416,,,Airlines,0.5091623303216591,Hold
TIC,"TIC Solutions, Inc.",17.322363,0.56632,0.44834,-15.328125,1.0419608,,-221.28817035352492,3492315648,218220356,218220356,14.22,1.743,81.295,2.817,2.721,2.913,6.09,0.0947,0.7488356952364243,-0.07082,-0.05645,0.018550001,0.33927,9.81,12.14286,16.0,10.0,0.23780428134556586,buy,1.83333,7,57.01441706101773,,0.5383084577114429,0.12830729996812243,1.5341291627722853,0.11415,1794227400,-0.12954748,2026-08-28T08:34:46,0.1567,,,Specialty Business Services,0.5092132885794864,Hold
WSFS,WSFS Financial Corporation,11.385764,6.88667,6.57833,13.200337,3.7384589,0.98,,1842860288,51388000,51388000,,0.762,,,,,5.47,0.0655,0.18499223164941236,0.11901,0.29723,0.41717,0.0,78.41,88.91667,92.5,83.0,0.13399655656166298,buy,2.33333,6,40.93162124621787,,0.048339442231075676,0.03923539273873602,0.15102374072943062,0.00968,1792699200,0.34517074,2026-08-28T08:34:46,0.0452,,,Banks - Regional,0.50921613231927,Hold
PFBC,Preferred Bank,9.42066,10.978,10.738,9.68352,4.276616,0.94,,818149248,11853116,11853116,,0.542,,,,,11.73,0.1216,0.09319580606483546,0.17577,0.47252998,0.67442,0.0,103.42,111.5,115.0,110.0,0.07812802165925348,none,,4,32.504520652423565,35.3378162835252,0.003926701570680611,-0.023657061543934543,0.08572453857678264,0.07964,1792413000,0.095550895,2026-08-28T08:34:46,0.1145,,,Banks - Regional,0.5092629250930439,Hold
AMPX,"Amprius Technologies, Inc.",105.1,0.1,-0.06667,-35.03333333333333,14.055987,,-42.76934871228471,1467167232,146080618,146080618,-99.767,2.346,5.076,6.723,6.276,7.17,3.53,0.1538,0.8641310375617386,-0.3607,-0.33401,-0.12629,0.22252001,10.51,23.0,30.0,18.0,1.1883920076117982,strong_buy,1.1,9,51.98362185960443,,-0.014609648455333869,0.6666666666666669,0.25945641252404184,0.04364,1793908800,0.48236954,2026-08-28T08:34:46,0.1557,,,Electrical Equipment & Parts,0.509386030966378,Hold
QCRH,"QCR Holdings, Inc.",11.261734,8.948,8.532,11.911347,4.3513026,1.02,,1923511680,16375614,16375614,,0.745,,,,,4.13,0.028900001,0.1954674310227389,0.12908,0.37447,0.45281,0.0,100.77,111.2,123.0,105.0,0.10350302669445277,none,,5,32.031873231477874,70.17759667074418,0.04507594316511518,0.02992633517495393,0.09877846034492119,0.0306,1792612800,0.28565955,2026-08-28T08:34:46,0.0291,,,Banks - Regional,0.5094242738212676,Hold
QRVO,"Qorvo, Inc.",12.077832,7.96335,7.55875,22.059633,2.328187,0.87,17.820641881769998,8705351680,88221633,88221633,9.831,1.449,44.619,3.0255,2.508,3.543,4.11,0.0645,0.008280180349869548,0.115559995,0.10953,0.1578,0.48535,96.18,90.76923,105.0,66.0,-0.05625670617592027,hold,2.85,13,29.853420467079815,,0.09718835278406783,0.01715276163421918,1.2302858744512473,0.00543,1794254400,0.060418963,2026-08-28T08:34:46,0.0616,,,Semiconductors,0.5095311268014956,Hold
ED,"Consolidated Edison, Inc.",16.439415,6.48989,6.10888,17.547697,2.2305963,2.25,-46.70160376669587,66307018752,369828633,369828633,10.761,0.263,110.113,1.1175,0.967,1.268,4.47,0.0341,0.10282178178453805,0.08962,0.12533,0.16540001,0.53372,106.69,110.28125,130.0,94.0,0.03366060549254857,hold,3.33333,16,65.23053183662628,,-0.00036327338776985036,-0.0003373715215302464,0.19197002275070765,0.00202,1793908800,0.08612442,2026-08-28T08:34:46,0.0269,,,Utilities - Regulated Electric,0.509575970854953,Hold
MIDD,The Middleby Corporation,14.623372,7.76907,6.87336,17.265957,1.5158902,1.51,8.504755514887583,6976960000,45222349,45222349,9.932,1.354,90.515,1.4855,0.984,1.987,2.72,0.045900002,0.5309918398268076,0.10974,-0.13906,0.17361,0.38401002,113.61,154.88889,169.0,141.0,0.3633385265381568,buy,1.63636,9,14.303186320185475,,-0.13169982364563382,-0.09874087032379615,0.9177632082457305,0.01589,1793881800,0.031912565,2026-08-28T08:34:46,0.0426,,,Specialty Industrial Machinery,0.5095812117292884,Hold
EPC,Edgewell Personal Care Company,14.245821,2.01252,1.92539,-68.26190476190477,0.58889794,2.87,5.463307614256987,2203469312,46088915,46088915,8.369,0.395,87.622,1.4065,0.971,1.842,7.36,0.108,0.02528105510837042,-0.012949999,-0.041539997,0.08805,0.40952998,28.67,32.16667,35.0,29.0,0.12196267875828393,none,,6,62.32850729843007,,0.01859013358021423,-0.018278137942136466,0.4580320602436832,0.014099999,1794486600,0.19358873,2026-08-28T08:34:46,0.1155,,,Household & Personal Products,0.5097796370684649,Hold
BILL,"BILL Holdings, Inc.",11.22692,4.35293,3.73256,-444.27272727272725,2.9442356,0.47,21.842399516632973,4127412224,99596727,99596727,41.231,1.088,53.743,1.04,0.57,1.51,4.36,0.1377,0.17719456784960408,-0.00302,-0.0068,0.09702,0.83938,48.87,56.9,75.0,43.0,0.1643134847554737,buy,1.95455,20,46.72626265530167,,0.10254297116154323,0.06598799550382385,1.545424283761478,0.042680003,1793908800,0.05277896,2026-08-28T08:34:46,0.1572,,,Software - Application,0.509827551576029,Hold
PRKS,United Parks & Resorts Inc.,9.322807,4.55764,3.21,17.202429,1.1697257,,19.85350818319548,4314135040,45341309,45341309,8.413,1.157,,0.356,0.234,0.478,8.95,0.3438,0.19548287412699095,,0.081099994,0.24239999,0.46013,42.49,47.8,55.0,40.0,0.12497058131325,none,,10,33.086238595539854,,-0.2536636743462582,-0.03238722854067452,0.12317979955666676,0.02263,1793881800,-0.19189805,2026-08-28T08:34:46,0.3469,,,Leisure,0.510041131675133,Hold
KAI,Kadant Inc,22.635338,13.5125,12.0375,32.88817,3.1349504,2.64,34.16071557331658,3998830592,11809117,11809117,16.627,1.179,49.396,1.992,1.393,2.591,8.92,0.1409,0.2227175833722368,0.11291,0.09523,0.16839,0.44798002,305.86,361.66666,380.0,335.0,0.1824581834826391,buy,2.25,3,27.50972465958415,,0.062444836716681336,0.032473734479465055,0.0753784809108639,0.0070599997,1793736000,-0.053885162,2026-08-28T08:34:46,0.0906,,,Specialty Industrial Machinery,0.5106364234718834,Hold
TXN,Texas Instruments Incorporated,25.03934,10.64485,8.48588,39.841557,12.513085,1.15,68.66004810727529,250468040704,913247686,913247686,26.31,1.325,78.036,4.051,3.245,4.857,2.6,0.024,0.22228834204787673,0.35176,0.31111,0.42576998,0.58325,266.54,324.7097,400.0,225.0,0.21824003901853373,buy,2.08333,31,28.67765280083978,71.64420964660948,0.0007518168908196511,0.00677897510986814,0.28571940963504816,0.00279,1793131200,0.31637692,2026-08-28T08:34:46,0.0216,,,Semiconductors,0.5107697158943152,Hold
CFG,"Citizens Financial Group, Inc.",10.756017,6.52472,5.30312,15.356673,3.6218832,1.65,,34151186432,421176788,421176788,,1.006,,,,,0.01,0.0001,0.17470218663617332,0.08270001,0.26051,0.35132998,0.0,70.18,80.82353,90.0,70.0,0.15166044457110295,buy,1.61111,17,57.03852837685217,62.341438975994336,0.0006094466111559673,0.006439949591005419,0.15023960315613358,0.00715,1792153800,0.3423872,2026-08-28T08:34:46,0.0001,,,Banks - Regional,0.5109518798300441,Hold
GME,GameStop Corporation,13.321168,1.37,1.3,13.419118,2.1936927,0.31,-6.492460153309742,4159615488,448691257,448691257,10.089,1.738,74.273,11.097999999999999,9.795,12.401,8.95,0.132,0.13755364749618915,0.14095001,0.20446,0.16605,0.34387,18.25,,,,,none,,,22.345315794698692,,0.19266055045871555,0.1322314049586778,1.425442915995029,0.08826999,1788897600,-0.1856314,2026-08-28T08:34:46,0.1322,,,Specialty Retail,0.511120702556011,Hold
RDDT,"Reddit, Inc.",15.891628,9.68749,7.67514,36.138496,10.658946,1.05,43.6820636189898,26853953536,146103200,192396510,33.504,2.034,0.635,10.3305,10.175,10.486,2.63,0.1164,1.0636667506255852,0.30712,0.31348,0.28788,0.91442,153.95,214.84375,300.0,130.0,0.3955423838908738,buy,1.90909,32,45.333243562895824,40.15546300065424,0.08129676611323414,0.07817144607373942,1.2918340279216356,0.0065499996,1793304000,-0.31602097,2026-08-28T08:34:46,0.1173,,,Internet Content & Information,0.5114084263887552,Hold
DPZ,Domino's Pizza Inc,15.911597,20.86874,19.01864,19.532646,2.1848369,1.75,20.66797364796253,15942972416,33081735,33081735,15.577,0.951,,1.1665,0.795,1.538,3.06,0.099700004,0.07033995345165533,,0.118640006,0.19084999,0.28709,332.055,380.2857,450.0,270.0,0.1452491304151422,buy,2.16667,28,38.34552012245137,,-0.002019920011377438,-0.0005221787418310239,0.14628866146765895,0.00476,1791894600,-0.27545273,2026-08-28T08:34:46,0.0959,,,Restaurants,0.5121193638965988,Hold
ACLS,"Axcelis Technologies, Inc.",23.234623,5.268,4.106,40.39604,4.3644114,1.45,89.92843475799819,3447487232,30881489,30881489,34.688,1.88,6.55,3.838,2.78,4.896,4.04,0.0785,0.12652200805472824,0.088870004,0.10714,0.09425,0.43011,122.4,161.0,198.0,140.0,0.315359477124183,none,,3,43.10238393561042,,0.07094418362023991,0.08663366336633663,0.264879048309169,0.0068,1793709000,0.52923536,2026-08-28T08:34:46,0.0549,,,Semiconductor Equipment & Materials,0.5122021942120271,Hold
HON,Honeywell International Inc.,22.033272,10.0026,8.3123,8.483064,1.8354155,4.04,26.75876426443375,95929409536,316940010,316940010,11.27,0.918,185.369,0.9835,0.756,1.211,1.57,0.0166,1.1137158975079204,0.46577,0.21581,0.20249,0.36511,220.39,264.0909,303.0,186.0,0.19828894232950667,buy,1.91667,22,28.60982171074845,,0.007622354056406368,0.006925849121182179,0.09349538181497946,0.00081,1792672200,0.015765429,2026-08-28T08:34:46,0.0177,,,Conglomerates,0.5127478798074806,Hold
AIR,AAR Corp.,20.779816,6.54,5.70857,27.962961,1.6539227,2.4,-108.63591346736163,6280621568,40258840,40258840,18.295,1.125,59.397,1.9255,1.01,2.841,3.15,0.0347,0.09522648938717548,0.12876001,0.056739997,0.08384,0.18802999,135.9,145.2,155.0,128.0,0.06843267108167761,none,,5,44.46030764497102,,0.010622157466402932,-0.005171889260724035,0.86433144879794,0.02468,1790107200,0.7961935,2026-08-28T08:34:46,0.0352,,,Aerospace & Defense,0.5127692509056224,Hold
RBA,"RB Global, Inc.",17.626019,4.87291,4.35536,36.862663,3.281247,1.01,26.353805804334723,20559927296,185200000,185200000,15.54,0.552,77.606,1.017,0.722,1.312,8.46,0.097600006,0.11191183585313169,0.08066,0.09988,0.17721,0.45761,85.89,128.90909,152.0,104.0,0.5008626149726394,buy,1.58333,11,36.9753459020353,,-0.016793272758056362,-0.0036008440820199787,0.3745274657757602,0.00238,1793908800,-0.25013095,2026-08-28T08:34:46,0.078,,,Specialty Business Services,0.5129294604979016,Hold
CUZ,Cousins Properties Incorporated,73.725,0.4,,737.25,4.734358,1.31,-193.3693712065788,8637576192,164602058,164627058,13.296,1.168,84.208,0.4085,0.293,0.524,6.46,0.088,0.13899049228169447,0.0015199999,0.00627,0.24225001,0.67779,29.49,33.63636,36.0,30.0,0.14060223804679572,strong_buy,1.36364,11,50.78470116819648,,0.9216634429400384,0.3333333333333335,0.7213394336319044,0.00993,1793304000,0.0,2026-08-28T08:34:46,0.0655,,,REIT - Office,0.5130077485589537,Hold
MYE,"Myers Industries, Inc.",16.645,2.0,1.86,24.843283,1.4826765,4.62,17.42695995148806,1545886592,37618070,37618070,10.793,0.901,111.375,1.223,0.838,1.608,2.25,0.031,0.09111832159385114,0.17146999,0.04336,0.17437,0.34943,33.29,37.0,37.0,37.0,0.11144487834184447,none,,1,59.270934658755095,,0.14814814814814814,0.06951871657754005,0.6126209024462507,0.0135699995,1793881800,0.98864996,2026-08-28T08:34:46,0.0268,,,Packaging & Containers,0.5131128099319369,Hold
WCC,"WESCO International, Inc.",17.49824,20.03973,16.87218,24.03427,0.6831968,1.86,96.51885654899746,22978562048,48732854,48732854,14.475,1.541,128.65,1.625,1.159,2.091,2.05,0.0328,0.13164275172556072,0.14308,0.02839,0.06082,0.21395001,350.66,397.0909,440.0,275.0,0.13241002680659308,strong_buy,1.45455,11,36.450814822041394,,0.04965071117556256,0.06650526953303573,0.07882462670487643,0.01847,1793277000,0.59506917,2026-08-28T08:34:46,0.0295,,,Industrial Distribution,0.513279505771829,Hold
TKR,Timken Company (The),17.118572,7.27514,6.26691,33.65946,1.8129591,1.75,24.36455150404173,10603328512,69296839,69296839,12.638,1.227,65.523,2.3075,1.52,3.095,3.76,0.0535,0.08036998628465586,0.08538,0.05435,0.13649,0.30859,124.54,147.20091,160.0,129.0,0.18195688132326948,buy,2.16667,11,50.3291755150078,,0.021812679659488677,0.00574403581071086,0.12840996074908337,0.07908,1793190600,0.6125858,2026-08-28T08:34:46,0.0541,,,Tools & Accessories,0.5133724282271421,Hold
AMD,"Advanced Micro Devices, Inc.",30.85097,15.45073,7.56794,121.910484,18.839167,1.03,88.01129729796716,769316880384,1632475042,1632475042,80.456,2.489,6.361,2.1485,1.688,2.609,1.42,0.024600001,0.4921409965813124,0.10196,0.15577,0.1725,0.55724,476.67,613.8449,1250.0,365.0,0.2877774980594543,strong_buy,1.48148,49,54.74068885676337,,0.01554733711930099,0.12693420546869136,0.7571677946554851,0.00425,1793736000,1.931009,2026-08-28T08:34:46,0.0247,,,Semiconductors,0.5136503998289021,Hold
WABC,Westamerica Bancorporation,12.455614,4.675,4.635,12.854304,5.336071,4.62,,1197583488,23111153,23111153,,0.554,,,,,4.72,0.0535,0.08837524462756141,0.12486,0.43937,0.60288,0.0,58.23,64.0,64.0,64.0,0.0990898162459215,none,,1,44.133072104475836,,0.04274465691788515,0.08847497089639113,0.14285788095195037,0.036140002,1792090800,0.16436708,2026-08-28T08:34:46,0.0373,,,Banks - Regional,0.5138059449459615,Hold
BBT,Beacon Financial Corporation,9.4877405,3.32429,3.04286,10.30719,3.480676,2.6,,2439536640,83816086,83816086,,,,,,,4.96,0.0462,1.4583053066925604,0.084230006,0.21039,0.46051997,0.0,31.54,34.83333,38.0,33.0,0.1044175649968293,none,,6,54.78090094898746,,-0.018432258064516118,-0.02960554162494784,0.4722241052669611,0.013250001,1793217600,0.20704174,2026-08-28T08:34:46,0.0491,,,Banks - Regional,0.514336887469733,Hold
SBCF,Seacoast Banking Corporation of,12.377345,2.772,2.53167,22.279222,4.86964,1.58,,4494081536,96822799,96822799,,0.862,,,,,4.84,0.059499998,0.2542670908739171,0.06067,0.2377,0.48815,0.0,34.31,37.04167,38.75,35.5,0.07961731273681139,hold,2.66667,6,49.557413949502894,,0.007962829511838744,0.020994475138121527,0.1279924334845359,0.01317,1793044800,0.10286081,2026-08-28T08:34:46,0.0519,,,Banks - Regional,0.5144181804870867,Hold
ASAN,"Asana, Inc.",21.624954,0.47029,0.37288,-13.743243243243244,2.899068,,12.394991272533407,2167885056,160969547,230509827,-17.784,0.92,181.221,1.0935,1.039,1.148,4.89,0.2856,0.6015193855270027,-0.87553,-0.20208,-0.074310005,0.88505995,10.17,9.26923,15.0,5.75,-0.08857128810226156,hold,2.66667,13,55.483684078211326,56.69876510684029,0.0,0.0,0.41560737744594956,0.44357,1788465600,-0.30342466,2026-08-28T08:34:46,0.2849,,,Software - Application,0.5144340662714,Hold
RGLD,"Royal Gold, Inc.",20.827864,12.91347,10.50933,29.491228,14.839263,1.06,-120.25193315757204,23048468480,84727857,84727857,18.089,0.458,5.186,2.7800000000000002,2.636,2.924,3.7,0.0357,0.6743728157788769,0.136,0.48054,0.62036,0.86802,268.96,302.66666,350.0,218.0,0.1253222040452111,buy,1.83333,12,85.35165900787385,,-0.03471393655158721,-0.018868971008568745,0.30660735656134297,0.00265,1793822400,0.4977169,2026-08-28T08:34:46,0.0316,,,Gold,0.514448737616616,Hold
VICI,VICI Properties Inc.,8.61873,2.99,2.75,10.066406,6.9247217,,106.26099961460365,46349459456,1101077562,1101077562,12.736,0.687,60.277,11.2355,11.235,11.236,2.81,0.0278,0.01440854437464223,0.09849,0.67496,0.70182997,0.99271005,25.77,32.5,38.0,27.0,0.2611563833915407,buy,1.84,24,48.95768242075286,,-0.05008635578583766,0.018739352640545198,0.2877469435529764,0.00282,1793304000,-0.23712254,2026-08-28T08:34:46,0.0241,,,REIT - Diversified,0.5149147967616622,Hold
SFM,"Sprouts Farmers Market, Inc.",13.592435,5.96214,5.55819,15.49522,0.8392604,1.95,18.953574462145802,9439152128,93247625,93247625,11.206,0.679,140.338,0.6819999999999999,0.372,0.992,5.0,0.13939999,0.09877280198825433,0.35197,0.05585,0.074889995,0.38939,81.04,94.64286,114.0,70.0,0.16785365251727535,buy,2.1875,14,41.160639628038815,,-0.0021015352532987733,0.00997678475668104,0.3907110354223963,0.0057800002,1793217600,-0.42336702,2026-08-28T08:34:46,0.1084,,,Grocery Stores,0.5149636851134177,Hold
HUBS,"HubSpot, Inc.",15.406527,16.6053,13.27859,90.719864,3.7970796,0.37,19.644640357312714,11656241152,51190708,51190708,74.403,1.169,14.3,1.245,1.112,1.378,1.79,0.103199996,0.23420142577438074,0.07892,0.042579997,0.04869,0.83248,255.83,240.69434,320.0,190.0,-0.059162959777977586,buy,2.32353,30,61.588998480953755,82.12153010422367,0.012421782493765072,0.06254335200935766,1.1936829955938901,0.03708,1793822400,-0.47051764,2026-08-28T08:34:46,0.0804,,,Software - Application,0.514983175388403,Hold
EAT,"Brinker International, Inc.",16.10195,14.48396,10.76466,21.455381,1.7223355,1.76,27.211563545691334,11386435584,42887790,42887790,13.456,1.254,395.763,0.37,0.285,0.455,5.08,0.19510001,0.08931262720695088,1.19568,0.083859995,0.11258,0.18646999,233.22,266.66666,325.0,139.0,0.14341248606465995,buy,1.73913,21,51.88296741299158,,0.059656715999214564,0.0672390455537847,0.6811343424583699,0.01211,1793190600,0.4951917,2026-08-28T08:34:46,0.1456,,,Restaurants,0.5151056276405799,Hold
FIZZ,National Beverage Corp.,15.813493,2.05331,1.9467,16.823835,2.5747151,4.03,28.6332578944945,2744027904,93612102,93612102,10.855,0.756,9.271,3.871,3.356,4.386,10.89,0.1817,-0.0529180789039434,0.34018,0.15556,0.16876,0.37039003,32.47,33.0,33.0,33.0,0.01632275947028039,none,,1,51.79479535619398,,-0.0325514362389424,-0.028841833428715935,0.11815705695014729,0.74697,1789070400,-0.22782403,2026-08-28T08:34:46,0.1817,,,Beverages - Non-Alcoholic,0.515229289380103,Hold
GVA,Granite Construction Incorporat,15.610234,7.98899,7.0789,-28.735023041474655,1.1154115,0.14,5.7770588130484315,6191800832,44426893,44426893,12.784,1.335,215.12,0.9655,0.918,1.013,3.83,0.1361,0.2743532751660125,-0.14548,-0.0332,0.08996,0.15641,124.71,171.66667,200.0,119.0,0.37652690241359976,none,,6,36.33959611032918,,0.048550390823462165,0.04065041709435559,0.5450926723775414,0.00928,1793881800,0.15740144,2026-08-28T08:34:46,0.0877,,,Engineering & Construction,0.5152341967271606,Hold
INVX,"Innovex International, Inc.",15.945025,1.87143,1.53893,31.74468,2.0920544,,11.990844212985861,1931579136,69935827,69935827,11.052,,7.043,4.11,3.214,5.006,3.07,0.0525,0.07705518042991044,0.05994,0.06171,0.11575,0.32401,29.84,33.4,36.0,27.0,0.11930294906166217,buy,1.6,5,67.12393350665948,,0.08385274708247935,-0.04147203441917639,0.4877284005733835,0.01605,1793736000,0.72885287,2026-08-28T08:34:46,0.0398,,,Oil & Gas Equipment & Services,0.5158334740081091,Hold
AEHR,Aehr Test Systems,65.39293,1.38333,0.75,-393.30434782608694,59.01574,0.9,-1509.0946503867544,2844369920,32620450,32620450,-250.738,3.087,4.502,8.966000000000001,7.602,10.33,1.27,0.14029999,0.273161384959435,-0.04163,-0.14252,-0.06403,0.35301,90.46,130.0,175.0,110.0,0.437099270395755,strong_buy,1.0,4,54.09698453988216,,1.0,1.0,1.0140276729534545,0.04502,1791489600,2.6256514,2026-08-28T08:34:46,0.1389,,,Semiconductor Equipment & Materials,0.5159003152442198,Hold
RTX,RTX Corporation,26.996407,7.85586,7.24276,37.338028,3.0570326,2.61,28.930417959881176,318150541312,1347758144,1347758144,20.016,0.294,57.02,0.8314999999999999,0.652,1.011,2.6,0.0095999995,0.13716867040500702,0.12274,0.08276,0.12696,0.20347,212.08,234.81818,265.0,200.0,0.10721510750660124,buy,1.86957,22,42.20531796641898,,0.046782298777147804,0.03528273764418905,0.3133250376522685,0.00091,1792499400,0.33720052,2026-08-28T08:34:46,0.0104,,,Aerospace & Defense,0.515917991220309,Hold
COR,"Cencora, Inc.",16.233528,19.78806,17.87269,24.335608,0.18420883,0.69,29.999995865540097,73135300608,190827165,190827165,13.186,0.573,446.516,0.706,0.477,0.935,3.03,0.0277,0.08813129719765,0.96871,0.00789,0.014149999,0.03961,321.23,369.30768,430.0,330.0,0.14966746567879707,buy,1.66667,13,54.69365800693203,,0.0051696298866696,-0.0016145258894271776,0.051143941500266236,0.04303,1793795400,0.10157406,2026-08-28T08:34:46,0.0258,,,Medical Distribution,0.5160096095711059,Hold
BLK,"BlackRock, Inc.",18.155933,64.3079,56.28456,28.08684,6.9490576,1.13,25.032884681973037,188872704000,154869259,162476186,16.991,1.425,23.192,2.1465,1.846,2.447,2.49,0.0119,0.31445603417008683,0.122779995,0.24089001,0.35079,0.47152,1167.57,1320.8125,1488.0,1190.0,0.1312490899903218,buy,1.52941,16,55.297237890282865,,0.000607284570420832,0.006440742477349292,0.09551469828555598,0.01909,1791981000,0.0358696,2026-08-28T08:34:46,0.0126,,,Asset Management,0.5161691876691973,Hold
CLH,"Clean Harbors, Inc.",31.37622,9.93778,9.79275,37.79515,2.6362448,0.27,42.890548193786785,19191977984,52787248,52787248,16.037,0.856,110.951,1.919,1.707,2.131,2.24,0.0222,0.1369200265943018,0.15562001,0.07032,0.15498,0.32257,311.81,359.93332,390.0,325.0,0.1543353965555947,buy,1.625,15,77.20955828365572,,0.10444507351688974,0.02363434287874433,0.035785928533267196,0.04927,1793795400,0.287354,2026-08-28T08:34:46,0.0223,,,Waste Management,0.5163503797017669,Hold
TOST,"Toast, Inc.",20.298737,1.73262,1.38658,46.89333,2.9876926,0.23,42.30647155879292,18615259136,514000000,578000000,38.224,1.725,,2.04,1.68,2.4,3.1,0.0617,0.396250972762646,0.25162,0.07143,0.07966,0.26793,35.17,38.73077,45.0,25.0,0.10124452658515781,buy,1.8,26,62.20110075979273,,0.028711754755616197,0.02671952498622251,1.273716640337273,0.05598,1793736000,-0.22017741,2026-08-28T08:34:46,0.0646,,,Software - Infrastructure,0.5165315765711187,Hold
BBY,"Best Buy Co., Inc.",11.697641,7.14332,6.59432,16.193798,,1.67,,20660477952,,,7.892,1.317,134.09,0.7404999999999999,0.36,1.121,4.29,0.0752,0.019,0.39104,0.027309999,0.0404,0.22518,83.56,83.4,95.0,62.0,-0.0019147917663954184,hold,2.72,20,59.198479091192745,,0.00637154582095262,0.001979721990469086,0.162002748396608,0.064840004,1787833800,0.13470936,2026-08-28T08:34:46,0.0711,,,Specialty Retail,0.5166261902220035,Hold
SOLS,Solstice Advanced Materials Inc,16.850101,3.3436,2.87917,42.681816,2.1854606,0.62,-326.9209494794521,10632225792,158847369,158847369,11.92,,152.771,1.133,0.807,1.459,3.06,0.077800006,0.11013811969400633,0.112629995,0.05128,0.19338,0.30622998,56.34,80.42857,95.0,70.0,0.4275571529996449,buy,1.57143,7,55.39766600346446,,0.08549615442617994,0.04204194845264438,0.3885841554197537,0.00052,1793277000,0.16404963,2026-08-28T08:34:46,0.0608,,,Specialty Chemicals,0.516781908441727,Hold
LEGN,Legend Biotech Corporation,18.981482,1.08,-0.01,-41.0,3.1359231,,146.6190787334976,3320752384,194488413,194488413,-79.826,0.387,22.625,2.961,2.881,3.041,6.25,0.2186,0.44346393966410735,-0.080790006,-0.07197,0.1489,0.56575,20.5,49.24667,78.0,24.0,1.4022765853658536,buy,2.0,15,51.56959699066276,7.5184256178392985,-1.0,-0.2670845043566212,0.4581203557527536,0.0124699995,1794400200,-0.40973222,2026-08-28T08:34:46,0.1999,6.04,28.69,Biotechnology,0.5168340326745567,Hold
MOD,Modine Manufacturing Company,16.66148,11.18208,7.6441,70.04135,2.9342391,0.63,-134.1980343679656,10479828992,53112708,53112708,23.304,1.759,55.497,1.574,1.112,2.036,2.06,0.059699997,0.2646748119113038,0.13094,0.04276,0.09004,0.22209999,186.31,310.2857,355.0,280.0,0.6654269765444689,strong_buy,1.125,7,53.67535448889147,,-0.02117306596495273,-0.015977274887272127,0.16605218192272475,0.01957,1793131200,0.36861825,2026-08-28T08:34:46,0.0599,,,Auto Parts,0.5168754753230991,Hold
AVAH,Aveanna Healthcare Holdings Inc,15.622527,0.88462,0.8277,10.796875,1.1590418,,29.059830103128885,4411857408,218290683,218290683,14.176,1.925,522.657,1.1284999999999998,1.095,1.162,2.13,0.0596,0.08806637432161968,1.98567,0.10556,0.12583,0.32037,13.82,13.35,16.0,8.0,-0.03400868306801741,buy,1.72727,10,73.96778678376172,,0.1712017659294478,0.139519006582422,1.4623668024433039,0.05638,1793881800,0.72749996,2026-08-28T08:34:46,0.0512,,,Medical Care Facilities,0.5169964511440859,Hold
JBTM,JBT Marel Corporation,12.736,9.26429,8.05429,32.326027,1.5589999,1.22,17.94669814414306,7682371072,51876817,51876817,12.053,0.944,37.545,0.881,0.523,1.239,6.57,0.0924,0.07903994186844576,0.0437,0.04903,0.08053,0.35551,117.99,172.64285,210.0,118.0,0.46319899991524727,buy,1.57143,7,29.895905061028827,,-0.027650715352400483,-0.009873170689999603,1.2981077727266739,0.00698,1793649600,-0.17656499,2026-08-28T08:34:46,0.0795,,,Specialty Industrial Machinery,0.517067842712776,Hold
APP,Applovin Corporation,14.88942,20.99679,16.55512,23.702047,15.378952,0.88,33.02711318833551,105083707392,305732000,335939521,19.406,2.529,111.13,4.2330000000000005,4.166,4.3,1.59,0.039100002,0.6364731464158151,2.03686,0.64575994,0.77678,0.88464,312.63,525.5806,790.0,325.0,0.6811585580398554,buy,1.60606,31,39.450315398690485,,-0.020536039383706864,-0.041633315724666095,1.1569723839673605,0.14314,1793822400,-0.34676862,2026-08-28T08:34:46,0.0449,,,Advertising Agencies,0.5172818636885658,Hold
SDRL,Seadrill Limited,14.104628,3.43008,0.73967,1612.6667,2.0499697,,87.38642992057761,3330805760,62541443,62541443,8.065,1.379,26.327,2.231,1.962,2.5,6.56,0.075500004,0.1849814754034378,0.00035,0.00068000006,0.16744,0.35298002,48.38,53.33333,80.0,26.0,0.1023838362959899,buy,1.77778,9,61.64185138431174,52.26387724754904,-0.30687994302635035,-0.013378051481480432,1.2491543558471503,0.0062800003,1793795400,0.51613915,2026-08-28T08:34:46,0.0813,,,Oil & Gas Drilling,0.5172859629318143,Hold
EYE,"National Vision Holdings, Inc.",14.810825,1.20655,1.00539,30.288137,0.69487095,,29.03996843143703,2073549568,79069313,79069313,11.206,1.009,77.705,0.389,0.186,0.592,6.7,0.253,0.026647468152404263,0.057550002,0.02473,0.04887,0.58637,17.87,28.72727,35.0,20.0,0.6075696698377169,buy,1.58333,11,30.230549152430484,,0.0391090899695106,0.0289873633879781,1.219723494531427,0.02664,1793795400,-0.22101134,2026-08-28T08:34:46,0.183,,,Specialty Retail,0.5173423697842175,Hold
GFS,GlobalFoundries Inc.,17.641102,2.62682,1.95597,35.646156,3.66486,0.89,33.53353000796107,24806125568,548700833,548700833,12.522,1.796,14.132,2.101,1.727,2.475,1.14,0.1193,0.07009206938091173,0.061690003,0.103199996,0.09742,0.2714,46.34,76.7619,140.0,55.0,0.6564933103150623,buy,2.0,21,34.133242662127074,,0.029853575321044386,0.04356082425898918,0.811069860240394,0.00032000002,1794313800,0.38784063,2026-08-28T08:34:46,0.0345,,,Semiconductors,0.5173783533302762,Hold
HOG,"Harley-Davidson, Inc.",14.030136,1.9843,0.67455,15.466667,0.6833706,2.85,26.33256411455148,3937990656,104072507,104072507,9.213,1.29,74.04,1.7475,1.592,1.903,7.22,0.2442,0.0993711144096876,0.06093,0.0478,0.05633,0.27989,27.84,27.63636,33.0,17.0,-0.007314655172413809,buy,2.5,11,54.75654497260449,,0.0028922739205885515,0.003423847664483549,0.26841460884456175,0.011849999,1793795400,-0.04395604,2026-08-28T08:34:46,0.1818,,,Recreational Vehicles,0.5174077967325388,Hold
AWI,Armstrong World Industries Inc,18.320007,9.58242,8.43595,24.314405,4.3760996,2.02,33.597822623265394,7920638976,42262826,42262826,17.629,1.17,65.589,1.2449999999999999,0.971,1.519,2.67,0.040999997,0.1426259474461078,0.36618,0.18597001,0.21568,0.40308997,175.55,210.18182,230.0,190.0,0.19727610367416681,buy,1.7,11,38.388142458341036,,0.015449708700466957,0.02236798726523767,0.21199716651115838,0.01548,1793104200,-0.10328448,2026-08-28T08:34:46,0.0357,,,Building Products & Equipment,0.5174421800368607,Hold
AROC,"Archrock, Inc.",14.641143,2.18972,1.8294,16.962963,3.736333,1.41,23.295640210533,7976551424,175338185,175338185,9.342,0.881,151.872,1.139,0.884,1.394,4.13,0.0555,-0.028331784956026618,0.22194,0.21837,0.35931998,0.67337996,32.06,42.5,46.0,40.0,0.3256394260761073,strong_buy,1.42857,8,39.78750867350051,,-0.07513106607145571,-0.08753302386052052,0.6905268946192846,0.027,1793131200,0.29483032,2026-08-28T08:34:46,0.0407,,,Oil & Gas Equipment & Services,0.517613040556237,Hold
AXTI,AXT Inc,30.062891,2.226,0.868,2230.6667,34.962902,12.09,-98.79458261476462,4048448512,65573212,65573212,301.045,1.933,10.667,4.1884999999999994,3.612,4.765,0.93,0.1712,0.8415842981734674,0.01012,0.0323,0.21902001,0.32184,66.92,91.6,125.0,55.0,0.3687985654512851,none,,5,35.73103368763529,,1.0,1.0,1.0130196494970287,0.0398,1793304000,22.075863,2026-08-28T08:34:46,0.1745,,,Semiconductor Equipment & Materials,0.5178442453310859,Hold
CHE,Chemed Corp,18.901726,27.525,25.5225,27.629847,2.6203878,2.2,22.087702763931055,7025936384,13069961,13069961,16.852,0.511,35.495,0.8135,0.716,0.911,3.67,0.0575,0.21301124004884175,0.27106002,0.10597,0.1325,0.33113998,520.27,552.0,590.0,520.0,0.060987564149384,none,,4,49.19843276580643,,0.04847488959638491,0.023900306891100096,0.07608017921819743,0.01946,1793131200,0.13608468,2026-08-28T08:34:46,0.0539,,,Medical Care Facilities,0.5182166798269027,Hold
CCK,"Crown Holdings, Inc.",12.970733,9.04652,8.40305,17.129927,0.96273077,0.64,14.945932695573168,18730141696,108760511,108760511,8.856,0.578,186.334,0.82,0.591,1.049,2.57,0.0295,0.24657413571732856,0.27367002,0.05914,0.12595001,0.20957,117.34,136.57143,155.0,121.0,0.1638949207431395,none,,14,37.13422553588881,,0.036303072756601655,0.023828736403586657,0.2991558764896979,0.00858,1792440000,0.18072045,2026-08-28T08:34:46,0.0265,,,Packaging & Containers,0.5183949988203967,Hold
FSUN,FirstSun Capital Bancorp,8.533759,4.7025,3.3175,24.029942,3.9488986,,,1143557888,43950366,43950366,,0.192,,,,,4.11,0.0296,-0.09940749981467734,0.03186,0.10459,0.23533002,0.0,40.13,45.75,47.0,45.0,0.14004485422377266,none,,4,59.6124056667222,,-0.08734525447042639,-0.0015923566878981495,0.23138329734776295,0.33058998,1793044800,0.055774808,2026-08-28T08:34:46,0.0348,,,Banks - Regional,0.5184541293056281,Hold
EVRG,"Evergy, Inc.",17.835588,4.56503,4.25934,20.93059,3.0805855,2.24,-13.006280977663714,35301679104,230567172,230567172,12.428,0.515,160.554,0.2165,0.074,0.359,9.09,0.088999994,0.0418439462492084,0.092539996,0.15192,0.25238,0.52696997,81.42,91.95455,103.0,80.0,0.12938528617047407,buy,1.92308,11,38.37967528414731,,-7.981820230638241e-05,0.0013841604660957544,0.08614876258550962,0.0018799999,1793881800,0.14257646,2026-08-28T08:34:46,0.0758,,,Utilities - Regulated Electric,0.5186180519673274,Hold
RNST,Renasant Corporation,10.505095,3.92857,3.78429,12.067251,3.550114,1.79,,3999149312,91404465,91404465,,0.996,,,,,7.34,0.0546,0.5104627228877714,0.082100004,0.29556,0.43483,0.0,41.27,47.85714,50.0,45.0,0.1596108553428639,buy,1.57143,7,27.987349721793805,,0.013650012187510854,-0.0057852473661434214,0.18987838341058025,0.01845,1793131200,0.054689527,2026-08-28T08:34:46,0.048,,,Banks - Regional,0.5189741345905765,Hold
NFLX,"Netflix, Inc.",20.895544,3.82091,3.59023,25.672026,6.8729305,1.84,13.094957465417409,339975700480,4163939676,4163939676,23.085,1.514,55.236,1.0295,0.917,1.142,2.06,0.0219,0.15899259024712142,0.49541,0.28219,0.33381,0.49118,79.84,93.66,135.0,70.0,0.17309619238476937,buy,1.76471,45,67.7004705775519,,0.001284998756903359,0.0019217945150094232,0.42300987008054947,0.0057200002,1792526400,-0.33920962,2026-08-28T08:34:46,0.0219,,,Entertainment,0.5191094401652919,Hold
ADMA,ADMA Biologics Inc,9.648854,0.9825,0.79667,13.73913,4.1449895,,38.77928976325539,43870920704,223984680,223984680,195.684,0.768,110.673,5.296,3.62,6.972,8.53,0.1248,0.23531978169221213,0.41897,0.32981998,-1.23389,0.64705,9.48,17.0,21.0,12.0,0.7932489451476792,none,,5,33.59403471554272,56.9154920281912,-0.020483690506928318,-0.015037593984962419,1.1821447996410939,0.01969,1793822400,-0.4507532,2026-08-28T08:34:46,0.1033,,,Biotechnology,0.5194397123630207,Hold
IOSP,Innospec Inc.,15.502439,6.15,4.93667,19.457142,1.2748082,0.66,72.08976503453569,2153624064,24631047,24631047,11.281,0.905,3.546,2.287,1.79,2.784,2.73,0.026199998,0.1765780317824086,0.091309994,0.065960005,0.080790006,0.27462998,95.34,101.0,110.0,93.0,0.059366477868680434,none,,3,58.149993055987835,,0.03277615062761508,0.0126240464456896,0.4522947174654081,0.01349,1793736000,0.08848047,2026-08-28T08:34:46,0.0191,,,Specialty Chemicals,0.519602402575556,Hold
APPS,"Digital Turbine, Inc.",12.042105,0.95,0.725,-36.90322580645161,2.3061926,0.69,47.87212171823266,1697685888,121016250,121016250,13.335,2.843,186.834,1.1615000000000002,1.118,1.205,2.63,0.0888,0.13554584611570752,-0.2039,-0.058229998,0.13894,0.49080002,11.44,17.16667,18.0,16.0,0.5005830419580419,none,,3,32.45684828753696,,-0.04605263157894741,-0.10377358490566047,1.4087195854626946,0.049000002,1793736000,1.7238095,2026-08-28T08:34:46,0.0948,,,Software - Application,0.5196912341694342,Hold
CNO,"CNO Financial Group, Inc.",10.970565,5.028,4.67,18.89041,1.0983254,1.29,5.123460443681091,8107678720,92521371,92521371,8.19,0.817,175.664,1.4415,0.613,2.27,0.01,0.0001,0.2045721890567318,0.10934,0.060170002,0.16729,0.38706002,55.16,53.75,56.0,52.0,-0.025562001450326277,none,,4,52.11923476311554,,0.05120990433314576,0.01699029126213585,0.2415193958736232,0.02402,1793649600,0.39751709,2026-08-28T08:34:46,0.0001,,,Insurance - Life,0.5198706117949261,Hold
VERX,"Vertex, Inc.",13.986152,1.02244,0.8219,715.0,2.945901,,32.7352964186944,2319108864,80062339,162217980,119.628,0.813,145.131,0.776,0.68,0.872,2.0,0.0671,1.1873833838404346,0.0146200005,0.00454,0.033689998,0.63951,14.3,17.15385,25.0,12.0,0.19956993006992985,none,,13,68.28294970772389,,0.019942171425734852,-0.016108855058796338,1.161171632115016,0.09009,1793649600,-0.44616574,2026-08-28T08:34:46,0.074,,,Software - Application,0.5205240466795907,Hold
DOV,Dover Corporation,17.332874,11.64377,10.67208,24.763193,3.2279506,1.66,29.985659464203625,28685180928,134680225,134680225,15.026,1.156,42.316,1.6445,1.31,1.979,3.16,0.0321,0.08823827700020548,0.14914,0.13475999,0.18691999,0.40092,201.82,246.88889,288.0,168.0,0.22331230799722523,buy,1.61111,18,28.686536385640082,,0.0034837701445128897,0.005255160624713978,0.5590321699762034,0.012560001,1792672200,0.1283685,2026-08-28T08:34:46,0.0281,,,Specialty Industrial Machinery,0.5205936743054344,Hold
MSFT,Microsoft Corporation,21.425104,23.57328,19.75306,28.105732,11.301703,1.6,226.66864466912554,3802315882496,7425545491,7425545491,19.576,1.099,29.118,1.1644999999999999,1.099,1.23,1.85,0.0092,0.17810870311453586,0.34039003,0.40305,0.45111,0.67944,505.06,569.4537,870.0,400.0,0.12749712905397392,strong_buy,1.36364,52,55.977852388107806,,0.018027898404701162,0.04277387916299514,0.2650138635475805,0.00090000004,1793217600,-0.003216982,2026-08-28T08:34:46,0.0092,,,Software - Infrastructure,0.5206154635411887,Hold
CC,Chemours Company (The),8.236216,1.92807,0.98509,-7.822660098522169,0.41226912,1.6,7.8842858856058955,5840924160,150498995,150498995,12.043,1.428,,1.2535,0.844,1.663,4.58,0.1261,0.03103027365730915,-3.19372,-0.05244,0.01131,0.15405,15.88,19.77778,24.0,15.0,0.24545214105793445,buy,2.22222,9,50.6806634083205,,-0.2278709212186768,-0.13930441536875102,1.3085462246091046,0.0037200002,1793908800,0.031168818,2026-08-28T08:34:46,0.0906,,,Specialty Chemicals,0.5207640595969071,Hold
UBER,"Uber Technologies, Inc.",17.541779,4.38667,3.36011,17.214766,2.845981,8.92,21.69501951320935,167597998080,2042560121,2042560121,22.424,1.154,51.872,0.7475,0.652,0.843,2.3,0.023599999,0.14870194993687513,0.3716,0.17345,0.13317999,0.40752,76.95,101.78391,150.0,70.0,0.32272787524366464,buy,1.52,46,53.474026554677664,,0.08695335276967926,0.024667213843727002,1.1871156733877892,0.002,1793709000,-0.1792,2026-08-28T08:34:46,0.0228,,,Software - Application,0.521037118719126,Hold
PPG,"PPG Industries, Inc.",13.083388,8.67283,7.89675,16.42113,1.536105,1.79,22.835242609894017,31232380928,222300000,222300000,11.576,1.063,86.938,1.3175,1.055,1.58,2.91,0.0271,0.09454434807017553,0.19297001,0.09573,0.14016,0.41202998,113.47,126.2,138.0,115.0,0.11218824358861368,buy,2.17391,20,24.767108201486607,,0.002125634517766503,0.0013936421284043872,0.21484224712916697,0.0010899999,1793131200,0.020138502,2026-08-28T08:34:46,0.0236,,,Specialty Chemicals,0.5212587501517087,Hold
GD,General Dynamics Corporation,20.490873,18.54777,17.0023,23.316565,1.8743364,2.62,23.369328859200973,107819286528,270557195,270557195,16.255,0.328,35.335,1.1465,0.852,1.441,2.47,0.0112,0.07475029208519102,0.17803,0.08179,0.1038,0.15375,380.06,420.02475,465.0,319.0,0.10515379150660409,none,,21,29.728847956743095,,0.019234735726243304,0.019162594300221544,0.11946945109926722,0.00557,1793190600,0.17096472,2026-08-28T08:34:46,0.0106,,,Aerospace & Defense,0.5213030957011466,Hold
BFC,Bank First Corporation,12.7284155,11.93,9.94,19.980265,7.7490864,0.1,,1521672448,11085607,11085607,,0.408,,,,,6.94,0.0591,0.39602109293609256,0.11324,0.37313998,0.51466,0.0,151.85,163.0,165.0,161.0,0.07342772472835035,none,,2,47.409755815522026,51.05212409822657,0.0060728744939269955,-0.00831255195344968,0.11973881555400016,0.10342,1792526400,0.16879618,2026-08-28T08:34:46,0.0626,,,Banks - Regional,0.5215423639558938,Hold
VST,Vistra Corp.,13.487869,10.36561,8.61655,23.616554,2.442492,0.4,1263.9772754747476,69486157824,335635195,335635195,10.455,1.433,373.28,0.6154999999999999,0.258,0.973,2.04,0.0332,-0.044591435054956,0.42962003,0.1155,0.13766,0.38309,139.81,217.42105,305.0,106.0,0.5551180173092054,strong_buy,1.35,19,41.354045652188844,,-0.022659914706718996,-0.08318808036572732,1.0569956868539152,0.007929999,1793881800,-0.26069486,2026-08-28T08:34:46,0.0308,,,Utilities - Independent Power Producers,0.5217497582208259,Hold
BX,Blackstone Inc.,19.176163,7.49055,6.01888,32.0625,11.088882,1.69,,140962054144,750625114,1195297834,,1.546,68.185,0.85,0.828,0.872,4.22,0.0293,1.1041654607468945,0.31374002,0.22728,0.54357,1.0,143.64,142.57143,184.0,119.0,-0.0074392230576441065,buy,2.08696,21,69.17028710459539,,0.02144760288502336,0.00700956252747558,0.3348212254560692,0.01052,1792672200,-0.1619603,2026-08-28T08:34:46,0.0293,,,Asset Management,0.5221931024987443,Hold
DIS,Walt Disney Company (The),14.350081,7.44386,6.89406,22.631357,1.8656971,2.76,37.94865225873598,232110702592,1726686902,1726686902,11.072,1.395,39.404,0.6355,0.562,0.709,1.7,0.011,0.1120656678914218,0.0801,0.086990006,0.19301,0.37595,106.82,127.84312,160.0,88.0,0.19680883729638654,strong_buy,1.42424,32,56.14063626432657,,0.012660347509573379,-0.0030989687960358532,0.8081421631565041,0.00063,1794486600,-0.0976516,2026-08-28T08:34:46,0.011,,,Entertainment,0.522221871090127,Hold
TENB,"Tenable Holdings, Inc.",17.220543,2.1846,1.98348,537.4285,3.9705904,1.25,16.135840663521495,4266819072,110139983,110139983,79.445,0.938,212.482,0.7175,0.649,0.786,2.99,0.1118,0.20462798691370798,0.02456,0.0064600003,0.04849,0.78051,37.62,35.35,50.0,23.0,-0.060340244550770805,buy,2.3913,20,57.22931234548634,,0.013204742469210181,0.005981737052233265,0.5036946679289541,0.014939999,1793217600,0.21668828,2026-08-28T08:34:46,0.0967,,,Software - Infrastructure,0.5222276401915635,Hold
UCB,"United Community Banks, Inc.",10.916787,3.22714,2.91833,11.513072,3.8066154,1.67,,4906418176,119763827,119763827,,0.833,,,,,4.75,0.049000002,0.27887132397664605,0.10271,0.34092,0.50902003,0.0,35.23,39.16667,40.0,37.0,0.1117419812659668,buy,2.28571,6,43.4685355360187,,0.00011309115832760159,0.0008839155286900431,0.22757718599558477,0.00428,1792585800,0.054790378,2026-08-28T08:34:46,0.0365,,,Banks - Regional,0.5222932786695551,Hold
WTS,"Watts Water Technologies, Inc.",26.539091,14.031,12.85812,32.49302,4.6432266,3.8,54.33358786937944,12294746112,27466760,33383050,21.161,1.13,9.674,2.0700000000000003,1.48,2.66,4.06,0.039300002,0.457997812628792,0.18805,0.14336,0.20912,0.48853,372.37,393.5,447.0,320.0,0.056744635711792,hold,2.54545,8,24.85446377297707,,0.06432491985355533,0.06337989741351088,0.14053798930836015,0.00988,1793217600,0.34478152,2026-08-28T08:34:46,0.0298,,,Specialty Industrial Machinery,0.5224627709193234,Hold
ATMU,Atmus Filtration Technologies I,14.893227,3.278,2.96,18.996109,2.0969067,,38.35353265532922,4780893696,81595527,81595527,13.967,1.193,232.278,2.186,1.722,2.65,4.39,0.0419,0.17924091912538276,0.5579,0.11323,0.16973,0.28789,48.82,65.2,73.0,56.0,0.3355182302335109,buy,1.6,5,35.19904713127322,,0.004806778372213002,0.013000899277796438,0.0968406870327362,0.00487,1793968200,0.09658575,2026-08-28T08:34:46,0.0377,,,Auto Parts,0.5226572605313351,Hold
ELS,"Equity Lifestyle Properties, In",29.375803,2.1756,2.04807,31.17561,8.172214,4.92,21.232886535110374,15759416320,194064619,200510918,20.708,0.659,182.359,0.084,0.029,0.139,5.07,0.0584,0.09826906939693125,0.22877,0.25625,0.32112998,0.53656,63.91,70.63158,78.0,59.0,0.10517258644969485,buy,1.89474,19,38.88330262664346,,0.0020059002822938768,0.001224147928612896,0.1263224487754738,0.0076200003,1792612800,0.060043097,2026-08-28T08:34:46,0.0438,,,REIT - Residential,0.5227376806476896,Hold
MO,"Altria Group, Inc.",11.539845,5.86403,5.67712,14.552688,5.5268817,2.68,12.505638701075743,135251574784,1669743926,1669743926,8.578,0.495,,0.431,0.344,0.518,4.45,0.024300002,0.01814937135216743,,0.38999,0.61464,0.8717,67.67,70.0,82.0,58.0,0.034431801389094074,none,,11,55.53824924777335,,-0.0012016291487433723,-0.0022340722389726174,0.3066659869985322,0.00116,1793277000,0.006844163,2026-08-28T08:34:46,0.0243,,,Tobacco,0.5228541760018753,Hold
EFX,"Equifax, Inc.",18.761648,10.14623,8.56217,33.455185,3.4703119,1.89,23.602680477421796,27801124864,117484896,117484896,14.447,1.296,120.956,0.5549999999999999,0.508,0.602,3.88,0.0633,0.16545023796080138,0.14275,0.10729,0.17305,0.55542,190.36,211.5238,245.0,179.0,0.1111777684387476,buy,1.75,21,64.89379850135035,,-0.0006454474363014877,-0.0009688787099734952,0.108374622818117,0.00649,1792499400,-0.22712141,2026-08-28T08:34:46,0.0548,,,Consulting Services,0.5232628773530783,Hold
XYZ,"Block, Inc.",16.34371,5.1916,4.05338,151.51785,2.0356812,0.87,-1880.6791607841783,51374833664,540816000,600795000,33.19,2.526,32.58,1.643,1.077,2.209,2.64,0.0293,0.24296576977012507,0.01612,0.01426,0.06999,0.46572,84.85,98.35,125.0,75.0,0.159104301708898,buy,1.53333,40,69.56538897757629,,0.03724838912744182,0.023911611450119764,1.280455993587212,0.01196,1794254400,0.065419436,2026-08-28T08:34:46,0.0255,,,Software - Infrastructure,0.523317083220709,Hold
GOOG,Alphabet Inc.,22.775661,14.82767,20.59201,17.00453,9.263257,0.93,182.22682911512217,4026533412864,5527000000,12229934831,23.253,1.237,18.859,2.5975,2.471,2.724,2.1,,1.7168271833370725,0.48676,0.54771,0.34033,0.60897,337.71,422.336,475.0,340.0,0.25058778241686674,strong_buy,1.36508,15,37.5087177188761,38.23038491893737,0.44296230374930357,0.009847558190116568,0.37606657973310714,0.00522,1793217600,0.58155763,2026-08-28T08:34:46,0.0043,,,Internet Content & Information,0.5235684069249487,Hold
MCRI,"Monarch Casino & Resort, Inc.",17.928934,6.895,6.64,19.906603,3.942569,1.07,16.79096104798762,2090112000,17922521,17922521,10.571,1.35,2.218,1.15,1.093,1.207,3.99,0.046,0.06009749409695209,0.20544,0.20399,0.27436,0.68021005,123.62,127.0,144.0,114.0,0.027341854068920757,hold,2.66667,6,42.56043610848008,,-0.004497751124437818,0.012481644640234943,0.11408166148941767,0.32479,1792526400,0.18489408,2026-08-28T08:34:46,0.0448,,,Resorts & Casinos,0.5236023048301733,Hold
MGEE,MGE Energy Inc.,18.481133,4.24,3.96667,19.492538,3.932588,4.12,-14.315649855254906,3878497280,37746521,37746521,13.452,0.705,64.863,0.847,0.557,1.137,8.78,0.0583,-0.02133143873047283,0.110410005,0.19895001,0.22672,0.41184,78.36,77.75,81.0,74.0,-0.007784583971414016,hold,3.25,4,54.21113326718526,,0.009330788804071241,0.024154589371980808,0.08201950699771828,0.00328,1793818800,-0.07974166,2026-08-28T08:34:46,0.0426,,,Utilities - Regulated Electric,0.5238760207232916,Hold
VSH,"Vishay Intertechnology, Inc.",18.426277,1.72254,0.84544,151.14287,1.4666162,1.35,324.55301927516064,4662793728,141282019,153379167,14.593,1.826,37.664,1.4620000000000002,1.122,1.802,2.59,0.1099,0.11872667957838279,0.01134,0.00856,0.0581,0.20927,31.74,39.0,45.0,26.0,0.22873345935727785,none,,4,38.68564570802234,,0.1214070645037206,0.11853246753246748,1.17210343484789,0.0124,1793795400,1.05304,2026-08-28T08:34:46,0.0965,,,Semiconductors,0.5239473956584927,Hold
EXLS,"ExlService Holdings, Inc.",14.701467,2.59702,2.28879,23.714285,2.5872831,1.11,22.065735017334017,5994907136,151612499,151612499,15.812,0.796,56.585,1.1764999999999999,1.109,1.244,4.23,0.0808,0.2404931337488212,0.25944,0.11174,0.14609,0.38511002,38.18,44.375,48.0,39.0,0.16225772655840753,strong_buy,1.33333,8,79.66943145461782,79.22329556949734,0.022539024455623412,0.029848319619312055,0.24505870246472955,0.02694,1793131200,-0.12791228,2026-08-28T08:34:46,0.0723,,,Information Technology Services,0.5240408040601237,Hold
BULL,Webull Corporation,30.38095,0.315,0.235,15.688523,7.5194707,,,3223028224,445905406,529764411,,0.535,7.544,1.204,1.194,1.214,3.1,0.0624,0.716664148270048,0.04723,0.06318,0.22861,0.77241,9.57,14.33333,15.0,13.0,0.49773563218390793,strong_buy,1.0,3,75.5063446110879,,0.7407407407407405,0.03278688524590167,0.8633019542006589,0.19004999,1794513600,-0.29580575,2026-08-28T08:34:46,0.0874,,,Software - Application,0.5240828640987726,Hold
CALY,Callaway Golf Company,17.655197,0.87453,0.73155,36.761906,1.2941133,0.72,27.295890032186186,2751502336,178510521,178510521,10.744,0.956,12.643,2.3045,1.566,3.043,3.0,0.0452,0.0507017104050691,0.03466,-0.12367,0.19046,0.44812,15.44,20.5,23.0,19.0,0.32772020725388606,none,,10,11.88491353889097,,0.0837296120172437,0.10306248581014614,1.409613993930007,0.13312,1793908800,0.6150627,2026-08-28T08:34:46,0.0392,,,Leisure,0.5241453409663686,Hold
RRC,Range Resources Corporation,10.475155,3.97512,4.12059,11.502763,2.9754481,1.05,21.409836857393415,10746225664,233679515,233679515,6.616,0.433,21.589,0.5495,0.45,0.649,6.21,0.105,0.1106055402417283,0.19475001,0.26308,0.36101002,0.52119,41.64,45.63636,57.0,37.0,0.09597406340057635,hold,2.56522,22,69.59095387283533,,0.04135508409254603,-0.05206000815561491,0.5015681640003693,0.0123000005,1793131200,0.2150569,2026-08-28T08:34:46,0.0806,,,Oil & Gas E&P,0.5243115341334653,Hold
LSCC,Lattice Semiconductor Corporati,37.496304,3.21285,2.1324,481.88,26.278513,0.59,110.34456525765538,16814669824,142030272,142030272,182.496,1.796,4.836,2.5455,2.067,3.024,2.65,0.0695,0.5633660970528873,0.04927,0.05579,0.1333,0.69024,120.47,164.53847,180.0,125.0,0.3658045156470491,strong_buy,1.46154,13,34.44977342391833,,0.16791359498745773,0.37940879720069565,0.9180387620847585,0.00603,1793649600,0.8148539,2026-08-28T08:34:46,0.0368,,,Semiconductors,0.5245815673624725,Hold
RMD,ResMed Inc.,17.836985,13.21748,12.08573,22.582376,6.0156126,1.37,36.20866144253985,33365608448,144252306,144252306,15.92,0.748,12.542,2.4655,1.831,3.1,9.21,0.102299996,0.10228184974734478,0.24269,0.26945,0.30857,0.61618,235.76,245.5,320.0,175.0,0.041313199864268846,buy,2.42105,16,75.58037441894545,,0.004276955957408277,-0.0003547072832976798,0.1327278482270351,0.0049900003,1793304000,-0.1411606,2026-08-28T08:34:46,0.0892,,,Medical Instruments & Supplies,0.5245993221526015,Hold
PB,"Prosperity Bancshares, Inc.",9.929149,7.32087,6.40364,12.663764,6.278836,4.18,,9761781760,120176771,120176771,,0.652,,,,,4.06,0.036,-0.0018558328547536584,0.07071,0.40417,0.58042,0.0,72.69,81.38462,90.0,68.0,0.1196123263172375,buy,2.46667,13,40.347186347768094,,0.02310748824494613,0.020368710738940688,0.11203532007094652,0.035469998,1793795400,0.05149722,2026-08-28T08:34:46,0.0349,,,Banks - Regional,0.5247894056371979,Hold
USPH,"U.S. Physical Therapy, Inc.",23.38417,3.38263,2.89361,465.2941,1.4676409,2.81,28.587596588472344,1857914368,14922698,14922698,18.213,1.13,50.321,1.2014999999999998,1.132,1.271,5.0,0.1019,0.10546018555089698,0.0651,0.04007,0.111269996,0.21466999,79.1,95.0,100.0,88.0,0.20101137800252844,buy,1.85714,6,41.08618775576604,,-0.010826314062243644,-0.008918656810437532,0.25832738570295277,0.025,1793822400,-0.04572326,2026-08-28T08:34:46,0.0874,,,Medical Care Facilities,0.524916604328356,Hold
PLNT,"Planet Fitness, Inc.",14.108722,3.6644,3.26302,17.585033,3.0126276,0.92,25.112582716314524,6500118016,75216965,75849221,11.25,1.025,,1.437,1.29,1.584,3.04,0.1155,0.1701221260389858,,0.18273,0.33653998,0.58525,51.7,67.54118,106.0,49.2,0.30640580270793016,buy,1.83333,17,57.285834774483575,,0.020561227042986508,0.022889682894149256,0.3289587817183937,0.00478,1793881800,-0.5066794,2026-08-28T08:34:46,0.0952,,,Leisure,0.525737134874043,Hold
POST,"Post Holdings, Inc.",11.319769,7.19891,7.65274,14.897624,0.4390297,1.17,9.358513857180341,10959340544,45322586,45322586,7.559,0.319,247.074,1.374,0.897,1.851,6.36,0.1666,0.22378558893351763,0.082779996,0.03484,0.102819994,0.2882,81.49,105.16667,125.0,86.0,0.29054693827463507,none,,6,42.61872384904894,,-0.008042992745103906,-0.17138282615051356,0.4850200724750126,0.15863,1795118400,-0.27980554,2026-08-28T08:34:46,0.1882,,,Packaged Foods,0.5259079265517133,Hold
AVPT,"AvePoint, Inc.",28.852749,0.49562,0.44898,42.058823,6.490127,,37.15263860379495,2634774528,211565426,211565426,50.132,1.182,6.143,1.9575,1.916,1.999,4.83,0.060599998,0.22180828241756267,0.16246,0.15334,0.08212,0.73445,14.3,16.71408,26.0,14.0,0.16881678321678306,buy,1.71429,13,67.0492866082104,,0.11191460907897673,-0.00373884377261392,1.0080787838282543,0.19118999,1793908800,-0.1259169,2026-08-28T08:34:46,0.0755,,,Software - Infrastructure,0.5259294196890929,Hold
BAM,Brookfield Asset Management Inc,23.983896,2.17104,1.83407,29.925287,14.49693,1.35,31.098439643155015,90014056448,1597230353,1597251633,23.502,1.254,34.454,1.214,1.156,1.272,7.34,0.051999997,0.6278022413364444,0.26771,0.48893002,0.68738997,0.74377,52.07,57.19111,70.0,44.0,0.09835048972536975,buy,2.27778,18,51.80443389590803,,0.0015071178555242399,0.0007236790552531592,0.8009236078875988,0.03568,1793968200,-0.13447475,2026-08-28T08:34:46,0.0603,,,Asset Management,0.5261566935478591,Hold
DY,"Dycom Industries, Inc.",15.115988,20.37644,16.60325,28.414207,1.3502629,3.5,,11974274048,30160957,30160957,12.903,,147.703,2.2720000000000002,2.196,2.348,3.14,0.0558,0.39773978657242215,0.19197,0.0479,0.09571,0.20528999,308.01,602.0909,654.0,423.0,0.9547771176260513,strong_buy,1.09091,11,13.788182018686385,,0.0025711520125695974,-0.0015034059662165204,0.2705021038581013,0.01263,1795609800,0.21998656,2026-08-28T08:34:46,0.0524,,,Engineering & Construction,0.5261814796657603,Hold
AMPL,"Amplitude, Inc.",82.629326,0.17282,0.07344,-17.204819277108435,5.0586534,,26.60326021910332,1652969472,103867086,132619246,-17.174,1.427,7.127,0.9464999999999999,0.846,1.047,3.51,0.0904,0.5273122035983564,-0.47887,-0.26587,-0.32768002,0.72416997,14.28,13.77273,18.0,11.0,-0.035523109243697504,buy,1.75,11,79.0312779179115,,0.45627602617489593,0.2890281196389946,0.09179144533533481,0.053969998,1793822400,0.24934387,2026-08-28T08:34:46,0.0829,,,Software - Application,0.5262138780560561,Hold
TNET,"TriNet Group, Inc.",14.16381,4.90899,4.85493,18.64075,0.66122985,6.06,12.06713152362949,3783756544,45904738,45904738,13.138,0.927,760.0,0.752,0.374,1.13,3.68,0.056799997,0.011920477576846222,1.50862,0.03625,0.06432,0.18148,69.53,66.2,82.0,50.0,-0.04789299582913853,hold,2.57143,5,62.38809116784016,,0.06375384534483226,0.012691156417677632,0.3507004351745634,0.011390001,1793190600,-0.039906085,2026-08-28T08:34:46,0.058,,,Staffing & Employment Services,0.5264894910657294,Hold
CMS,CMS Energy Corporation,16.442818,4.15683,3.87168,20.838415,2.4319754,2.65,-9.747256691567644,41341997056,313577136,313577136,13.698,0.339,185.604,0.6745,0.413,0.936,0.0,0.0,-0.05086071071202081,0.09158,0.11642,0.17167999,0.40315,68.35,79.58333,87.0,68.0,0.1643501097293345,buy,2.26667,12,55.67877842555291,,-0.0010604289706098206,-0.0033542564771435173,0.092314952287225,0.00546,1793277000,-0.044990897,2026-08-28T08:34:46,0.0,,,Utilities - Regulated Electric,0.5265951024985669,Hold
ADM,Archer-Daniels-Midland Company,13.9010935,5.6902,5.41792,21.911358,0.46435404,1.03,32.734144568750054,46671003648,481959583,481959583,15.583,0.612,39.134,0.845,0.301,1.389,3.19,0.033299997,0.06864227004694712,0.07642,0.021559998,0.04008,0.0687,79.1,78.7,95.0,60.0,-0.00505689001264209,hold,3.0,10,59.356296972588034,,0.16256144951108603,0.04297874524352415,0.5012861854264768,0.0070700003,1793709000,0.26277137,2026-08-28T08:34:46,0.0256,,,Farm Products,0.5267085359482392,Hold
JBHT,"J.B. Hunt Transport Services, I",26.038465,10.11542,7.82498,37.46657,1.9475358,2.44,27.392557437665037,26135431168,93914939,93914939,15.613,1.297,38.373,1.1345,1.014,1.255,2.71,0.0444,0.2306706542608734,0.18448,0.05311,0.07423,0.18505,263.39,305.45456,370.0,182.0,0.1597044686586433,buy,2.08333,22,50.651515861810736,,0.0004359738517969782,0.0021538229862646157,0.23043827653293597,0.20436001,1792008000,0.8166081,2026-08-28T08:34:46,0.0384,,,Integrated Freight & Logistics,0.526727320116955,Hold
CMI,Cummins Inc.,16.631971,34.50403,29.66194,29.580929,2.276176,1.29,35.43662189200064,84422516736,137664487,137664487,16.817,1.246,59.586,1.356,0.985,1.727,2.28,0.0185,0.095514043153337,0.21114,0.07822,0.11896,0.25772,573.87,757.0175,894.0,530.0,0.3191445797828778,buy,1.91304,20,18.653938180087707,,0.0063921014958349285,0.04468276463534285,0.5640446108680043,0.00212,1793881800,0.44029212,2026-08-28T08:34:46,0.0161,,,Specialty Industrial Machinery,0.5268590271407877,Hold
SIGI,"Selective Insurance Group, Inc.",10.518519,8.775,8.15125,11.451612,1.004985,0.28,4.055404739682277,6219752448,59569119,59569119,8.687,0.29,24.596,0.2545,0.191,0.318,3.42,0.041199997,0.06747530545147051,0.14152999,0.090959996,0.12693,0.22764,92.3,102.85714,115.0,80.0,0.11437854821235116,none,,7,30.03053738516246,,0.03606609469335869,-0.009174311926605385,0.4007813956335339,0.0073,1792612800,0.17985427,2026-08-28T08:34:46,0.0334,,,Insurance - Property & Casualty,0.5268626262406216,Hold
LGN,Legence Corp.,23.648373,2.43484,1.49066,-179.9375,2.525458,,25.546664560320924,5705472000,76904346,164284941,22.127,,122.316,1.3250000000000002,1.304,1.346,2.22,0.0561,0.5068417888892782,-0.12427,-0.01203,0.02747,0.1874,57.58,102.52941,130.0,80.0,0.7806427579020494,strong_buy,1.23529,17,53.10833821470857,,0.020685405183333953,0.3467258859383728,0.23750466752778257,0.00252,1794573000,0.8878689,2026-08-28T08:34:46,0.0563,,,Engineering & Construction,0.5272018909062688,Hold
HCA,"HCA Healthcare, Inc.",13.059967,32.10881,29.49127,14.062374,1.1637515,1.4,24.286972836898048,144642736128,216501500,216501500,9.185,1.109,,0.884,0.775,0.993,3.86,0.0435,0.2078620148128303,,0.08768,0.15161,0.42580003,419.34,451.4762,579.0,380.0,0.0766351886297516,buy,2.0,21,43.389039003937086,,-0.014365777205457909,-0.01916801837715324,0.1976791945948806,0.16611,1792758600,0.038073063,2026-08-28T08:34:46,0.0425,,,Medical Care Facilities,0.5273446523634198,Hold
MIR,"Mirion Technologies, Inc.",22.125544,0.67117,0.54148,165.0,3.6084335,,32.057933836660396,4470179840,243278092,249042647,20.163,1.058,65.757,2.8545,2.511,3.198,7.87,0.1928,0.13419690088657887,0.01511,0.0239,0.07196,0.482,14.85,24.7,29.0,22.0,0.6632996632996633,strong_buy,1.4,10,47.03658806778289,,0.02023589704940267,0.02655205640782497,1.2380145081097844,0.034140002,1793131200,-0.27560973,2026-08-28T08:34:46,0.1465,,,Specialty Industrial Machinery,0.5277796409681472,Hold
HBNC,"Horizon Bancorp, Inc.",8.757848,2.23,2.126,-6.009230769230769,-80.97211,0.8,,1157906432,51344519,51344519,,0.809,,,,,2.86,0.0359,-0.002737692410751724,-0.18983,0.0,0.43467999,0.0,19.53,22.9,23.0,22.5,0.1725550435227854,none,,5,39.304526185140986,,0.012380952380952286,0.004504504504504408,1.3586250005155676,0.02229,1792612800,0.15836298,2026-08-28T08:34:46,0.0363,,,Banks - Regional,0.5277850556178066,Hold
HPQ,HP Inc.,9.478748,3.12594,3.03869,11.30916,0.46536854,24.28,7.742983001458459,35072233472,901790969,901790969,7.443,1.194,,0.6165,0.439,0.794,5.39,0.1035,0.13530477832940013,,0.044460002,0.07114,0.20315,29.63,27.31875,72.0,17.0,-0.07800371245359428,hold,3.23529,16,46.881129419231726,,0.007169230973199088,-0.0037808629146229545,0.09107964848433231,0.00302,1795550400,0.038192034,2026-08-28T08:34:46,0.0891,,,Computer Hardware,0.5278323628277133,Hold
OLLI,Ollie's Bargain Outlet Holdings,14.253454,5.01703,4.42474,18.383034,1.5827341,,31.843891786953606,4783751680,60453292,60453292,12.984,0.499,37.58,1.4669999999999999,0.614,2.32,5.01,0.1361,0.15877124110958252,0.13781,0.09132,0.10556,0.40708,71.51,106.13333,135.0,73.0,0.4841746608865891,buy,1.6,15,31.04363894504357,,-0.007810170038815482,-0.009175525613281357,0.3234080922692613,0.00336,1788352200,-0.43621886,2026-08-28T08:34:46,0.1194,,,Discount Stores,0.5278644358679283,Hold
ETSY,"Etsy, Inc.",12.034086,6.89209,5.93941,25.838007,2.5876987,1.1,44.86700994314833,9565896704,91781748,91781748,20.318,1.817,,1.183,0.89,1.476,3.18,0.123900004,0.14677847713251246,,0.07114,0.18744,0.71401,82.94,87.03846,105.0,58.0,0.04941475765613701,hold,2.54839,26,57.01093219253202,,-0.05438265360902812,0.10567274519467718,1.3128132327110782,0.013710001,1793822400,0.5646105,2026-08-28T08:34:46,0.1223,,,Internet Retail,0.5281957364377604,Hold
GXO,"GXO Logistics, Inc.",13.553404,3.54007,3.03306,42.46018,0.40338436,1.29,16.15432225243179,10887566336,114684579,114684579,11.57,1.55,202.482,0.743,0.697,0.789,4.07,0.0657,0.04107579276198936,0.04502,0.0095999995,0.029930001,0.15255,47.98,68.70588,90.0,55.0,0.43196915381408907,none,,17,50.292571924766094,,-0.00864517520779474,0.00598177901802213,0.5823037187237785,0.01031,1793736000,-0.08869898,2026-08-28T08:34:46,0.0619,,,Integrated Freight & Logistics,0.5282932251489745,Hold
FERG,Ferguson Enterprises Inc.,18.554533,12.57159,11.31216,22.958662,1.4349835,1.42,,51574779904,193452717,193452717,16.796,1.121,111.063,1.2325,0.736,1.729,1.3,0.028800001,0.08511040452329244,,0.063200004,0.10159001,0.30633,233.26,288.1,325.0,235.0,0.23510246077338603,buy,1.86364,20,35.3688162546774,,0.005757775130252298,0.0035899548321894547,0.0726429612233743,0.01792,1794227400,0.009128213,2026-08-28T08:34:46,0.0259,,,Industrial Distribution,0.5284286900819721,Hold
IBP,"Installed Building Products, In",21.145227,11.39075,10.43914,26.526432,2.1598718,,22.14314438248871,7165097984,26579177,26579177,14.881,1.718,187.209,2.649,2.315,2.983,4.82,0.0968,0.06288295533003141,0.38451,0.084580004,0.122530006,0.33633998,240.86,244.81818,297.0,200.0,0.016433529851366036,none,,11,56.96671040606852,,0.03093860669612267,0.01801563476111274,0.09466960415866978,0.13937001,1793795400,-0.080055,2026-08-28T08:34:46,0.0817,,,Residential Construction,0.5288627538365275,Hold
CACI,"CACI International, Inc.",16.820946,37.6804,33.63744,25.838564,1.4639897,514.23,22.948697628370223,19198676992,22099539,22099539,16.147,0.541,120.656,1.365,1.246,1.484,3.58,0.063200004,0.17017633716250802,0.12824,0.055999998,0.100509994,0.33203998,633.82,724.5,892.0,550.0,0.1430690101290586,buy,1.5625,14,50.65236752346819,,0.07765229484683453,0.054225151340415736,0.1719282796925152,0.01082,1792612800,0.3212291,2026-08-28T08:34:46,0.0504,,,Information Technology Services,0.5288774005393625,Hold
AAON,"AAON, Inc.",22.15136,3.528,2.368,42.01613,3.334642,1.67,-30.145079650820087,6895822848,82453639,82453639,22.982,1.439,44.742,2.4735,1.934,3.013,3.41,0.0619,0.9854622201938232,0.17284,0.08243,0.10987,0.25569,78.15,143.0,154.0,135.0,0.8298144593730006,buy,1.6,3,19.712546982769283,,0.047787610619469074,0.03308931185944363,0.28158572541039323,0.16726999,1793881800,-0.057866156,2026-08-28T08:34:46,0.0619,,,Building Products & Equipment,0.5290650463645826,Hold
NTST,NetSTREIT Corp.,50.048782,0.41,,146.57143,9.54392,,15.673648734764182,3459156480,101527998,101930176,19.587,0.813,88.837,4.291,3.051,5.531,24.63,0.35599998,0.20381636033047767,0.00962,0.06347,0.39020002,0.90376997,20.52,23.18421,25.0,21.0,0.12983479532163744,strong_buy,1.5,19,45.8199420368955,,-0.017716657374713507,-0.0030753604378862833,1.1154088355551288,0.00622,1793044800,0.12192452,2026-08-28T08:34:46,0.3094,,,REIT - Retail,0.5291913159974267,Hold
VZ,Verizon Communications Inc.,9.360874,5.28049,5.01203,12.872396,1.4786029,0.95,11.757884066892377,398496530432,4154775202,4154775202,7.801,0.231,184.081,0.533,0.462,0.604,3.12,0.0184,0.007709335991170185,0.15842,0.11643,0.22999,0.59453,49.43,51.55652,71.0,44.0,0.04302083754804764,buy,2.26923,23,80.94210171724202,,0.001118561529872638,0.005162400516240058,0.2374294447189316,0.0005,1792499400,0.1175673,2026-08-28T08:34:46,0.0184,,,Telecom Services,0.5292979790539115,Hold
EZPW,"EZCORP, Inc.",15.741078,2.186,2.036,17.034653,1.3343759,0.28,-192.13399484284304,2618219520,58473206,61443377,10.143,0.638,69.526,3.242,1.673,4.811,12.56,0.2811,0.4028142513683961,0.14745,0.09991,0.13097,0.58554,34.41,40.8,45.0,36.0,0.1857018308631213,none,,5,66.24740280956115,,0.020040080160320658,0.019589552238805884,0.4274104627915696,0.04441,1795032000,1.064187,2026-08-28T08:34:46,0.2291,,,Credit Services,0.5297140457524998,Hold
EVR,Evercore Inc.,12.935217,22.58331,19.53975,16.42046,2.3852022,1.48,,11390575616,38457778,38457778,,1.505,50.183,1.7125,1.598,1.827,1.98,0.0294,0.2017255599114438,0.39504,0.15818,0.16955,0.93934995,292.12,363.9,391.0,303.0,0.2457209366013966,none,,10,46.03467761745597,,-0.005841898347305393,-0.022313357623279528,0.32128565066954773,0.02333,1793190600,-0.091525435,2026-08-28T08:34:46,0.0305,,,Capital Markets,0.529829025204509,Hold
VLTO,Veralto Corp,20.578766,4.78017,4.40195,24.903797,4.2103143,2.55,29.71280930921787,25456951296,243793344,243793344,18.314,0.752,115.978,1.6265,1.478,1.775,3.86,0.0295,0.09425902292065858,0.34312,0.17346,0.21370001,0.60183,98.37,113.33333,136.0,100.0,0.15211273762325916,buy,1.94118,15,40.15239450706696,,0.03488607190212434,0.023858481230642718,0.054348703381604045,0.0019200001,1792612800,-0.0736416,2026-08-28T08:34:46,0.026,,,Pollution & Treatment Controls,0.5298921276569734,Hold
GTX,Garrett Motion Inc.,11.932157,2.29883,2.09236,14.827027,1.3626837,,16.642583927968534,6374514176,186493414,186493414,9.732,0.819,,0.8245,0.647,1.002,1.86,0.0222,0.15544929405389096,,0.0951,0.15471,0.20751,27.43,37.16667,42.0,34.0,0.35496427269413067,none,,6,36.666732517708944,,0.055686456541153236,0.04873631386861313,0.8429351346359361,0.01049,1792672200,1.1116242,2026-08-28T08:34:46,0.0223,,,Auto Parts,0.530001252040321,Hold
GRDN,"Guardian Pharmacy Services, Inc",26.104897,1.43,1.30333,36.24272,1.615798,,36.63413127173854,2326058240,49798904,63342304,21.261,,15.241,1.455,1.257,1.653,8.81,0.081,0.2988017808584704,0.30424,0.04504,0.0348,0.21632999,37.33,48.83333,50.0,47.0,0.30815242432360024,none,,6,29.877656591055654,,0.03438888888888896,0.05276331966458806,1.4817409785276192,0.37505,1794254400,0.4129448,2026-08-28T08:34:46,0.094,,,Medical Care Facilities,0.530015674684707,Hold
FOXF,Fox Factory Holding Corp.,11.477809,1.83833,1.592,-2.946927374301676,0.60568947,1.85,18.14948417108786,1505519104,42031001,42031001,10.473,1.364,102.0,2.081,1.057,3.105,5.52,0.113400005,-0.05022592728638564,-0.3675,-0.20391001,0.04889,0.29549,21.1,21.83333,26.0,20.0,0.034754976303317475,hold,2.66667,6,54.36509735533923,,0.13850092610471063,0.05449341203329259,1.5430932414343432,0.00982,1793908800,-0.2706533,2026-08-28T08:34:46,0.0822,,,Auto Parts,0.5300974511883477,Hold
QCOM,QUALCOMM Incorporated,16.151814,10.20195,10.52302,18.853548,3.993624,0.71,17.185333792888436,180023541760,1068060487,1068060487,15.003,1.663,55.21,1.5765,1.137,2.016,2.79,0.0348,-0.030167229246071736,0.33754003,0.21013,0.18528,0.54226,164.78,193.1,400.0,100.0,0.1718655176599102,hold,2.56757,30,46.82243745862763,,-0.02690591253174133,-0.07617391776802819,0.35403755470356235,0.00122,1793304000,0.025197506,2026-08-28T08:34:46,0.0317,,,Semiconductors,0.5302929881160827,Hold
AFG,"American Financial Group, Inc.",11.749325,12.13857,12.38714,12.677333,1.4678241,2.3,83.13714547627417,12344259584,82921466,82921466,8.724,0.601,42.232,1.4735,0.862,2.085,4.52,0.024500001,0.06392701740222484,0.20413,0.11828,0.17241,0.20156,142.62,155.83333,175.0,136.0,0.09264710419296018,buy,2.42857,6,44.89954968219504,,0.06812024343933082,0.0065149253731342565,0.02701079769945245,0.20265,1793736000,0.049757123,2026-08-28T08:34:46,0.0236,,,Insurance - Property & Casualty,0.530472739103121,Hold
HQY,"HealthEquity, Inc.",17.088934,5.46494,4.71907,39.075314,5.776721,1.5,20.85926769797298,9449050112,82715296,82715296,18.848,0.233,48.094,3.1455,2.854,3.437,5.83,0.0652,0.12073139168842495,0.11062,0.17252001,0.29343998,0.70677,93.39,118.53333,135.0,105.0,0.2692293607452618,strong_buy,1.33333,15,34.70519433675078,,0.0,0.0,1.0240627552786847,0.021440001,1787833800,0.045449495,2026-08-28T08:34:46,0.0503,,,Health Information Services,0.5304758304712098,Hold
CURB,Curbline Properties Corp.,154.50267,0.19333,0.195,110.62963,15.334706,,22.5785597813231,3910374400,115038025,115038025,29.454,,28.476,2.6275,2.601,2.654,14.83,0.3139,0.3984396463691027,0.0146200005,0.13103,0.19184,0.75179,29.87,33.94444,40.0,30.0,0.1364057582859055,buy,1.8,9,55.78502075937797,,0.21875000000000003,0.7575454545454545,0.4735295301969652,0.07324,1793104200,0.32578778,2026-08-28T08:34:46,0.1788,,,REIT - Retail,0.5304944176933089,Hold
SYBT,"Stock Yards Bancorp, Inc.",14.032846,5.68167,5.33,15.977958,5.9224296,1.33,,2102328448,31066643,31066643,,0.68,,,,,6.35,0.038900003,0.13655709115400705,0.13277,0.35747,0.48621,0.0,79.73,90.2,94.0,87.0,0.13131819892135965,hold,3.0,5,28.51328396138061,,0.04305283757338547,0.02249548740522651,0.16636526401234608,0.07174,1793190600,-0.012142241,2026-08-28T08:34:46,0.0428,,,Banks - Regional,0.5305721531941298,Hold
ROP,"Roper Technologies, Inc.",17.400085,24.29241,22.21842,17.210505,5.048659,1.79,18.451092624443213,52758908928,98900874,98900874,16.294,0.737,60.531,0.49550000000000005,0.438,0.553,6.05,0.0596,0.1805880502127819,0.13066,0.30244,0.27725,0.69525003,422.69,445.2,550.0,335.0,0.05325415789349175,buy,2.4,15,66.90794392080812,,0.013054837430068253,0.017376183697546326,0.6850001087574397,0.00387,1792672200,-0.19688016,2026-08-28T08:34:46,0.0521,,,Software - Application,0.5306645536231974,Hold
KALU,Kaiser Aluminum Corporation,13.885235,11.28897,13.51603,11.551216,0.6196282,1.17,77.59940214988644,3549557760,16349092,16349092,7.73,1.604,113.255,1.7975,1.1,2.495,3.27,0.0637,0.5110200615422558,0.26398,0.05489,0.10560001,0.14524001,156.75,169.25,183.0,146.0,0.0797448165869219,none,,4,49.781668399404055,,0.314478192411716,0.03902736692517401,0.9798580411603373,0.014479999,1792612800,1.0129704,2026-08-28T08:34:46,0.0539,,,Aluminum,0.5307457859524775,Hold
FBK,FB Financial Corporation,11.209336,5.14125,4.68125,15.286472,4.425848,,,2136838144,49978138,49978138,,0.932,,,,,4.98,0.053200003,1.4802878370538735,0.1108,0.30199,0.45556,0.0,57.63,66.34375,67.5,65.0,0.1512016310949158,strong_buy,1.25,8,30.970270236152942,,-0.0002669514148424455,0.0009734728644438828,0.03416273782187133,0.0209,1791921600,0.0735842,2026-08-28T08:34:46,0.0392,,,Banks - Regional,0.5308511567537441,Hold
BCRX,"BioCryst Pharmaceuticals, Inc.",10.5,0.94,0.745,-7.05,2.68137,9.39,7.77795269001245,3006203392,255535105,255535105,6.932,0.554,,2.27,2.219,2.321,9.31,0.1299,0.0975130794651482,,-0.40895998,0.45116,0.77388,9.87,20.81818,32.0,12.0,1.1092380952380956,strong_buy,1.45455,11,49.27025485336695,,0.12878787878787873,-0.06000000000000005,1.1215670351399742,0.01195,1793622600,0.18772566,2026-08-28T08:34:46,0.1481,,,Drug Manufacturers - Specialty & Generic,0.530951800250839,Hold
TDG,Transdigm Group Incorporated,24.513983,48.40013,41.18984,36.631058,6.5545163,3.05,45.00179399814259,96379494400,55276525,55276525,18.916,0.906,,2.4690000000000003,1.919,3.019,1.96,0.0202,0.24473630533033708,,0.21277,0.46005002,0.59824,1186.48,1522.7894,1972.0,1350.0,0.2834513856112195,buy,1.95455,19,42.627918929063135,,0.028356946854036894,0.032151210599226106,0.3346229784057855,0.00409,1793881800,-0.15183574,2026-08-28T08:34:46,0.0152,,,Aerospace & Defense,0.5309997676513818,Hold
SNDR,"Schneider National, Inc.",20.557575,1.71421,1.06616,55.062504,1.06159,4.51,70.89489384501994,6246603776,92271399,175300899,10.587,1.187,12.947,1.9129999999999998,1.793,2.033,5.98,0.104399994,1.096970057124635,0.036760002,0.01918,0.04552,0.16025,35.24,37.5,45.0,32.0,0.06413166855845631,buy,2.4375,14,39.01102840088855,,0.11398330320666203,0.03588909972081559,0.7093484978621123,0.50317,1793304000,0.42556632,2026-08-28T08:34:46,0.0833,,,Trucking,0.5310008449355357,Hold
CRAI,"CRA International,Inc.",18.037651,9.56333,8.47,22.667542,1.3625704,1.28,34.4455898470809,1364967296,6276860,6276860,14.631,0.649,166.981,0.7609999999999999,0.706,0.816,1.98,0.0505,0.18321159305767543,0.26025,0.06204,0.111669995,0.29005,172.5,250.5,256.0,245.0,0.4521739130434783,none,,2,57.98129788640135,,-0.014734775209470523,-0.00726643850049778,0.18333121067059724,0.03897,1793881800,-0.10972339,2026-08-28T08:34:46,0.0506,,,Consulting Services,0.5310537865698466,Hold
SPXC,"SPX Technologies, Inc.",20.98115,9.78402,8.47755,36.077328,4.1526823,1.39,43.93387865172964,10729925632,50085860,50085860,20.563,1.289,26.175,1.4809999999999999,1.137,1.825,2.65,0.0332,0.14734633287718335,0.14684,0.11265001,0.17673,0.40287998,205.28,272.16666,310.0,225.0,0.3258313522992984,strong_buy,1.25,12,37.07548727307513,,0.05441246158304601,0.07645286182505906,0.8155945458646499,0.030620001,1793217600,0.0971086,2026-08-28T08:34:46,0.0291,,,Building Products & Equipment,0.5313526011852545,Hold
WEC,"WEC Energy Group, Inc.",17.716581,5.9989,5.59942,20.880156,3.4161885,2.24,-14.71393628990365,58042572800,325849383,325849383,14.638,0.462,157.985,0.4185,0.303,0.534,8.1,0.066,0.013457495434324729,0.11988,0.16686001,0.21802999,0.41909,106.28,121.61765,140.0,108.5,0.1443136055701919,buy,2.36842,17,53.75713821813024,,0.0011017096172454017,-0.0005989548238323465,0.06454432150459072,0.0015199999,1793277000,-0.0021594167,2026-08-28T08:34:46,0.0576,,,Utilities - Regulated Electric,0.5316948462348642,Hold
STC,Stewart Information Services Co,9.605769,7.28,5.52333,15.301969,0.65238446,3.71,15.792951594524602,2610041344,30522199,30522199,9.126,0.992,46.09,1.8399999999999999,1.833,1.847,4.67,0.043,0.13784134622803546,0.096140005,0.04118,0.06954,0.61847997,69.93,82.25,91.0,71.0,0.17617617617617598,none,,4,67.00521979035582,,-0.0825033222591362,-0.020627363510028415,0.6054677859028553,0.01964,1792612800,-0.03995055,2026-08-28T08:34:46,0.0368,,,Insurance - Property & Casualty,0.5323680498299755,Hold
SITE,"SiteOne Landscape Supply, Inc.",18.566437,5.14369,4.2273,26.308538,0.873181,,22.083506374447325,5209789952,43655390,43655390,13.462,1.337,66.846,1.6035000000000001,0.902,2.305,3.17,0.0748,0.07467935803574322,0.10059,0.0341,0.12909001,0.3513,95.5,127.08333,160.0,100.0,0.3307154973821991,buy,1.84615,12,31.401762627238057,,-0.04582082477484602,-0.05052073142367701,0.2956379617593764,0.01833,1793190600,-0.33328676,2026-08-28T08:34:46,0.0668,,,Industrial Distribution,0.5323748124154193,Hold
CSX,CSX Corporation,22.689754,2.27151,2.00572,30.14035,6.5791454,2.09,48.880866980529056,113535107072,1852474917,1852474917,16.621,1.211,138.068,0.7525,0.685,0.82,2.58,0.0186,0.1164974751536676,0.24357,0.22208999,0.38424,0.47070998,51.54,53.14088,60.0,32.0,0.031060923554520725,buy,1.92,23,58.47913375575971,,0.02810512125235157,0.022636107021785375,0.09796276694076551,0.00223,1792699200,0.5853584,2026-08-28T08:34:46,0.0186,,,Railroads,0.5323924914746552,Hold
SMTC,Semtech Corporation,24.407045,5.83561,3.62037,-347.39024390243907,11.319937,1.21,,13577418752,93325626,93325626,75.102,2.345,65.803,1.2765,0.855,1.698,3.33,0.09,0.23384222464256488,0.23661,0.13114999,0.16818,0.52674997,142.43,211.38461,300.0,155.0,0.4841298181562872,strong_buy,1.33333,13,67.65725351072004,,0.36145593206953985,0.45158041287585177,1.608223549614942,0.00775,1795464000,1.451885,2026-08-28T08:34:46,0.0777,,,Semiconductors,0.5324279830858502,Hold
EBC,"Eastern Bankshares, Inc.",10.511377,2.1315,1.87188,12.516761,4.6619554,,,5153049088,228511552,228511552,,0.675,,,,,5.94,0.0691,0.08120037625056264,0.09442,0.34249002,0.50124,0.0,22.405,25.125,27.0,22.0,0.12140147288551661,buy,1.75,8,51.7381769802469,,0.0004061738424045994,-0.016663437318349125,0.4996578742146486,0.01268,1792699200,0.30946815,2026-08-28T08:34:46,0.0779,,,Banks - Regional,0.5325093070845949,Hold
FHN,First Horizon Corporation,10.591098,2.30571,2.13912,11.797102,3.3046668,1.76,,12771638272,473777158,473777158,,0.622,,,,,0.0,0.0,0.17103577205383136,0.11453,0.30191,0.41284,0.0,24.42,28.10526,31.0,25.0,0.15091154791154793,none,,19,58.2630635067902,,0.0002478268391790476,-0.025761826693934196,0.13543320004889867,0.009649999,1791981000,0.080531,2026-08-28T08:34:46,0.0,,,Banks - Regional,0.5327376452860431,Hold
IEX,IDEX Corporation,24.420002,9.58149,8.82243,33.763348,4.8110285,1.88,31.044984792278242,18511781888,73719896,73719896,19.13,0.976,47.06,2.5294999999999996,2.01,3.049,2.4,0.0271,0.0903359711739149,0.12955,0.1449,0.2217,0.4473,233.98,254.5,280.0,215.0,0.08769980340200023,none,,14,47.502282779669564,,0.03850350722102632,0.03806663611455089,0.10246282852134254,0.00223,1793190600,0.4223708,2026-08-28T08:34:46,0.0238,,,Specialty Industrial Machinery,0.5328222754786825,Hold
MHO,"M/I Homes, Inc.",10.416423,14.4925,12.3175,12.782388,0.89530194,0.95,44.04654417719551,4081222400,25283031,25283031,9.06,1.612,31.079,4.718500000000001,1.329,8.108,6.23,0.0668,-0.044913147478243376,0.100600004,0.074439995,0.0928,0.20903,150.96,170.66667,175.0,165.0,0.1305423290937997,none,,3,51.12688482042205,,-0.014599999999999938,-0.048267936299458185,0.12324713618657827,0.02189,1792585800,0.025125623,2026-08-28T08:34:46,0.0552,,,Residential Construction,0.5329035765115955,Hold
FIGS,"FIGS, Inc.",40.713978,0.37088,0.3554,45.757576,3.533017,,31.907582186599964,2270096640,157856601,166140242,28.789,1.016,13.036,4.2265,3.497,4.956,5.26,0.19530001,0.3263030939327016,0.14762,0.0872,0.17934,0.68906,15.1,18.625,22.0,15.0,0.23344370860927155,none,,8,52.731389856127066,,0.33328331332533,0.15459809476371328,0.6341954404986774,0.04603,1793908800,1.141844,2026-08-28T08:34:46,0.1187,,,Apparel Manufacturing,0.532921563651172,Hold
BJ,"BJ's Wholesale Club Holdings, I",18.011686,5.02396,4.71021,20.426638,0.50106966,2.22,46.33832046955019,14173557760,126314692,126314692,12.213,0.194,126.207,0.422,0.114,0.73,6.28,0.073699996,0.20954264765970376,0.27673,0.02606,0.04053,0.18244,90.49,105.65,120.0,79.0,0.16753232401370322,buy,2.13043,20,36.51470980490591,18.766485483024425,0.04276011387938176,0.028511532973433274,0.06704480190810265,0.00638,1795177800,-0.07360768,2026-08-28T08:34:46,0.0744,,,Discount Stores,0.5329317285811657,Hold
CWT,California Water Service Group,18.214546,2.75,2.60667,22.563063,2.9377594,2.22,-11.97112313036071,4734232576,61839101,61839101,13.103,0.49,92.677,0.5675,0.434,0.701,2.94,0.0322,0.12225380669748098,0.07677,0.12634,0.28211,0.53286,50.09,55.33333,57.0,53.0,0.10467817927730061,strong_buy,1.0,3,51.03906698318221,,0.06394693877551005,-0.0036231884057970243,0.4803426001255863,0.0064499998,1793304000,0.067334294,2026-08-28T08:34:46,0.0232,,,Utilities - Regulated Water,0.5330052578922527,Hold
JACK,Jack In The Box Inc.,4.9724174,3.19764,3.10619,-2.901459854014598,0.21361777,0.89,-32.808986578444824,2740254464,19179330,19179330,12.349,1.404,,0.4915,0.404,0.579,6.85,0.32259998,-0.03319797928290513,,0.023610001,0.14926,0.26692,15.9,20.0,36.0,12.0,0.25786163522012573,hold,2.58824,13,61.39561297343002,,-0.08431671388269009,-0.12517817131257208,1.1774254379357225,0.090229996,1795636800,-0.17616582,2026-08-28T08:34:46,0.4943,,,Restaurants,0.5331304156648831,Hold
UGI,UGI Corporation,11.738985,3.25667,2.79667,12.785953,1.1239231,48.82,-34.70959718941799,14782142464,214494967,214494967,8.495,0.949,134.987,1.135,0.831,1.439,7.74,0.0648,-0.045240313913752606,0.13279,0.09197,-0.02479,0.51343,38.23,41.33333,42.0,40.0,0.08117525503531264,buy,1.66667,3,79.26869224833155,,-0.006511545293072731,-0.022998022998022984,1.2997404250204714,0.0011100001,1795032000,0.10363746,2026-08-28T08:34:46,0.0501,,,Utilities - Regulated Gas,0.533130554686557,Hold
ACM,AECOM,10.357428,6.39541,4.00115,22.920414,0.5537969,0.66,22.440779438437996,11039961088,128696425,128696425,11.849,0.92,138.88,0.9955,0.934,1.057,2.63,0.0502,-0.11700213894830402,0.16605,0.01871,-0.01844,0.05678,66.24,86.91667,106.0,65.0,0.31214779589371977,strong_buy,1.46154,12,29.012495073920917,,-0.329691813868711,-0.047997499199892865,0.657025755521356,0.00489,1794945600,-0.46961325,2026-08-28T08:34:46,0.04,,,Engineering & Construction,0.5331512175143978,Hold
PATH,"UiPath, Inc.",20.219513,0.90655,0.78277,27.772726,5.6789894,0.6,18.5652954566453,8272903680,453429560,518120266,66.919,0.962,4.362,2.186,2.065,2.307,1.48,0.2934,0.3893581882927968,0.18181999,0.19578,0.07274,0.8305,18.33,13.43625,17.0,10.98,-0.26698036006546644,hold,2.8,16,68.28020885433997,62.01473684142397,-0.003031267910590395,-0.0005181804149854264,1.3089414168511078,0.09237,1788465600,0.64838135,2026-08-28T08:34:46,0.3021,,,Software - Infrastructure,0.5334150979265795,Hold
ASH,Ashland Inc.,17.19303,4.30058,3.52781,47.703228,1.8381985,1.23,12.581372331262346,4421961728,45793370,45793370,12.148,0.39,78.93,2.324,1.601,3.047,5.37,0.104899995,0.07719959898124973,0.0399,0.02823,0.11469,0.33388,73.94,80.18182,90.0,70.0,0.08441736543143086,buy,1.58333,11,32.86368059074425,,-0.01073444584965603,0.009876670768248172,1.38973985895677,0.01176,1793736000,0.31682992,2026-08-28T08:34:46,0.1129,,,Specialty Chemicals,0.5334527607116633,Hold
ENTG,"Entegris, Inc.",28.971262,5.01566,3.92154,71.58128,6.675496,1.52,46.47121990770926,25409767424,152800000,152800000,27.779,1.35,85.655,2.304,1.559,3.049,2.91,0.066700004,0.10478403141361259,0.07671,0.091850005,0.19271,0.45555001,145.31,173.36365,215.0,120.0,0.19306069781845703,buy,1.75,11,48.67533782282751,,0.07267236710377303,0.07844870033392026,0.19691804279865388,0.0051200003,1793795400,0.735252,2026-08-28T08:34:46,0.0525,,,Semiconductor Equipment & Materials,0.5334878778014576,Hold
LKFN,Lakeland Financial Corporation,13.129992,4.508,4.382,13.638248,5.375841,1.44,,1355187584,24857840,24857840,,0.715,,,,,14.36,0.1126,0.12131259996846078,0.14997,0.4064,0.51455003,0.0,59.19,66.5,67.0,66.0,0.1235005913161007,none,,4,34.59125774781819,,0.013765182186234792,0.00456824512534823,0.05812568665347806,0.028299998,1793017800,-0.1352812,2026-08-28T08:34:46,0.0949,,,Banks - Regional,0.5334952839709962,Hold
EXTR,"Extreme Networks, Inc.",15.279677,1.52032,1.30506,72.59375,2.3615725,0.83,37.21689688865386,3014105856,130490653,130490653,36.245,1.798,219.625,0.7815000000000001,0.635,0.928,3.99,0.0829,0.11629905017028319,0.54638,0.03281,0.064380005,0.61479,23.23,33.5,38.0,28.0,0.4421007318123116,strong_buy,1.375,8,42.187491198045805,74.73265541517648,-0.0012168522557685533,0.03084423289463857,1.3311179511974136,0.03272,1793190600,0.08652949,2026-08-28T08:34:46,0.0585,,,Communication Equipment,0.5335740905049196,Hold
NOV,NOV Inc.,16.219765,1.27992,0.92908,74.14286,0.8566369,1.1,10.99014093449175,8618485760,356478125,356478125,8.741,0.936,37.151,1.973,1.524,2.422,7.43,0.1331,0.015716931298378922,0.01545,0.011,0.0717,0.21646,20.76,22.23684,26.0,17.0,0.07113872832369927,buy,2.5,19,49.735958927795664,,0.12205836209601514,-0.008896014082736072,0.8413259989631833,0.00732,1793044800,0.5620768,2026-08-28T08:34:46,0.0727,,,Oil & Gas Equipment & Services,0.5336246228680825,Hold
BR,"Broadridge Financial Solutions,",15.815726,11.57582,10.54859,18.913223,2.7919846,2.01,17.476024243811448,23991810048,114021798,114021798,13.262,0.889,123.939,1.1600000000000001,1.084,1.236,2.85,0.0334,0.10744372755812881,0.40916002,0.15037,0.24609,0.31780002,183.08,213.25,250.0,176.0,0.16479134804457063,buy,2.33333,8,71.605347304253,,0.012812105442552457,0.011195301048423815,0.27435854829471096,0.00525,1793709000,-0.28378063,2026-08-28T08:34:46,0.0293,,,Information Technology Services,0.5336827703947429,Hold
GRBK,"Green Brick Partners, Inc.",11.215717,6.49,6.195,11.112977,1.5897824,1.15,449.93334128552436,3412013568,43010696,43010696,9.048,1.802,14.244,3.7525,0.454,7.051,0.03,0.00029999999,-0.06756421937464108,0.16383,0.14794,0.19545001,0.30501,72.79,62.0,62.0,62.0,-0.1482346476164309,none,,1,63.237817209478685,,0.07739130434782614,0.04089815557337608,0.1622491973215106,0.08399,1793217600,0.042239428,2026-08-28T08:34:46,0.0002,,,Residential Construction,0.5339165108713197,Hold
DXPE,"DXP Enterprises, Inc.",25.171019,7.66,6.46,33.532173,1.3985672,0.55,40.38771586291385,3664260352,15517148,15517148,15.532,1.009,166.254,2.718,2.443,2.993,2.57,0.0423,0.16919750974856962,0.18469,0.04355,0.096260004,0.31765,192.81,200.0,220.0,180.0,0.03729059696073844,none,,2,54.05898265998633,,0.05211726384364826,0.019973368841544655,0.2994625851520075,0.17703,1793908800,0.54396224,2026-08-28T08:34:46,0.0283,,,Industrial Distribution,0.5342041158918488,Hold
POOL,Pool Corporation,15.744114,11.81775,10.99844,17.0854,1.2534655,1.6,31.754808729483706,8421691392,36340747,36340747,13.106,1.054,134.537,1.7645,0.858,2.671,4.1,0.114300005,0.057278607949363236,0.31254998,0.07414,0.15137,0.29579002,186.06,219.5,260.0,185.0,0.17972696979468994,buy,2.4,12,26.0840354476655,,-0.0001290925520869841,-0.0014153534158604117,0.265802214455183,0.0354,1792672200,-0.40117794,2026-08-28T08:34:46,0.0999,,,Industrial Distribution,0.5343421436307575,Hold
CDNA,"CareDx, Inc.",38.642067,1.355,1.21333,24.467289,5.9132705,,24.151061307725925,2354414848,51734223,51734223,189.368,2.419,4.522,4.468,4.355,4.581,4.49,0.11399999,0.6380978796182946,0.29487,0.24234,0.00195,0.70582,52.36,52.33333,64.0,40.0,-0.0005093582887700787,buy,1.85714,6,71.48152105772053,,0.29906852248394,0.19488536155202832,1.1960379403702948,0.03159,1793736000,2.8330894,2026-08-28T08:34:46,0.117,,,Diagnostics & Research,0.5343876613436427,Hold
ANET,"Arista Networks, Inc.",38.97425,5.15956,4.11295,64.0414,24.06076,1.81,65.17251633931248,240276357120,1261224648,1261224648,51.788,1.615,,2.623,2.289,2.957,1.65,0.0123000005,0.37120840664065424,0.31476,0.38371,0.45393002,0.63004,201.09,241.81519,289.0,185.0,0.20252220398826393,strong_buy,1.26667,27,67.04855106438927,,0.13107793339951757,0.15491249001116963,0.37823972444222054,0.17247999,1793736000,0.47264743,2026-08-28T08:34:46,0.0123,,,Computer Hardware,0.5345522132361252,Hold
FSS,Federal Signal Corporation,20.830593,5.779,5.23102,26.169565,3.001834,1.76,37.73624078002273,7771189248,61041611,61041611,15.549,1.24,32.223,1.9315,1.124,2.739,9.35,0.0958,0.18214418194172488,0.20608,0.11659,0.17650999,0.29167998,120.38,145.625,155.0,132.0,0.20971091543445763,buy,1.57143,8,44.75226729356668,64.25747301088526,0.054641129032258075,0.04152961934336237,0.3047437154941828,0.02567,1793277000,-0.02122122,2026-08-28T08:34:46,0.0712,,,Farm & Heavy Construction Machinery,0.5346206434694567,Hold
VREX,Varex Imaging Corporation,16.90128,1.094,0.888,34.886795,0.90094936,4.98,-19.717171815306767,1071529024,42148256,42148256,10.769,0.877,74.3,2.342,1.306,3.378,1.35,0.040999997,0.02155984579765291,0.04592,0.02555,0.10831001,0.34324002,18.49,18.925,19.0,18.9,0.023526230394808056,hold,3.0,4,78.37347408717835,,0.14138817480719792,0.028195488721804534,1.1757755714480578,0.01667,1794945600,0.60086584,2026-08-28T08:34:46,0.0369,,,Medical Devices,0.5348677282219133,Hold
PFG,Principal Financial Group Inc,10.824461,10.36264,9.52928,15.978632,1.5303519,1.06,22.734462956456856,22946017280,214104641,214104641,10.665,0.88,35.307,0.9830000000000001,0.38,1.586,5.75,0.0477,0.1091996833454909,0.12949,0.09932999,0.12336001,0.47345,112.17,109.58333,125.0,92.0,-0.0230602656681822,hold,3.0,12,32.58895292101758,,0.011770551748594841,0.00424919836511087,0.8590681967667199,0.0111,1793044800,0.39324307,2026-08-28T08:34:46,0.0414,,,Asset Management,0.5352450755203675,Hold
HAS,"Hasbro, Inc.",14.432146,6.52571,6.16442,17.123636,2.6710303,1.84,19.303302052092082,15808667648,141044467,141044467,12.159,0.468,531.042,1.478,1.295,1.661,2.82,0.0531,0.15445782572952682,1.5956,0.15968001,0.22157,0.63822,94.18,109.64286,120.0,90.0,0.16418411552346557,strong_buy,1.46667,14,60.04293422673313,,-0.0036222104050054422,-0.000609523576157569,1.4092073482209209,0.0058399998,1792672200,0.16028094,2026-08-28T08:34:46,0.0469,,,Leisure,0.5353091800922732,Hold
CSGP,"CoStar Group, Inc.",18.09166,1.73229,1.36135,174.1111,3.5711174,0.14,30.7702769857039,12600892416,405197588,405197588,31.982,0.731,14.537,2.1390000000000002,2.064,2.214,2.15,0.041500002,0.237918477086295,0.00894,0.02081,0.082159996,0.78683996,31.34,37.2,53.0,25.0,0.18698149329929814,buy,2.14286,20,59.44825950888149,,0.0009705668257317763,-0.02495494480738909,0.8136580404460789,0.012619999,1793131200,-0.64979327,2026-08-28T08:34:46,0.0418,,,Real Estate Services,0.535436124691808,Hold
AIG,"American International Group, I",8.727651,8.78014,8.04089,13.983576,1.4985342,0.62,5.440502820831427,38721302528,522893169,522893169,4.753,0.517,22.466,0.415,0.218,0.612,2.35,0.0175,0.0647949157660539,0.0722,0.11089,0.19414,0.35087,76.63,88.5,101.0,80.0,0.15490016964635278,buy,2.31818,20,40.436486938581965,,0.007353871556552661,-0.0064759085565049964,0.967435991243248,0.0053399997,1793822400,-0.057673395,2026-08-28T08:34:46,0.0152,,,Insurance - Diversified,0.53548461834245,Hold
KNX,Knight-Swift Transportation Hol,17.220825,4.00097,2.31441,255.18518,1.4508244,0.49,22.82699895659995,13722475520,162756000,162756000,13.07,1.19,38.41,0.7555000000000001,0.634,0.877,2.59,0.071100004,0.12111565779448985,0.00611,0.00555,0.051810004,0.24333,68.9,88.63158,100.0,57.0,0.28637997097242374,none,,19,34.07475702670747,,0.17691838291380635,0.13199865324818988,1.1037050262645214,0.02918,1792612800,0.5694761,2026-08-28T08:34:46,0.0638,,,Trucking,0.5355848559172239,Hold
GBX,"Greenbrier Companies, Inc. (The",11.825641,3.9,3.03333,13.64497,0.5426446,0.58,-8.664520411943338,3174538240,30939686,30939686,11.229,1.42,108.749,2.5625,1.449,3.676,6.89,0.1283,-0.3060579347831778,0.06341,0.04073,0.04493,0.15123999,46.12,45.33333,52.0,42.0,-0.017057025151777983,none,,3,55.995574264240354,,-0.026740078352857438,-0.012658227848101333,0.6553655254720311,0.085389994,1793217600,-0.010937154,2026-08-28T08:34:46,0.0939,,,Railroads,0.5357061143166005,Hold
NVEC,NVE Corporation,37.837456,2.83,,28.784946,16.569206,0.84,66.30959911256713,497098400,4837166,4837167,24.842,1.341,1.515,21.4235,19.128,23.719,1.55,0.0932,0.8139274050135967,0.29813,0.57637,0.65849,0.79262,107.08,,,,,none,,,30.71689000674057,,,,0.20554788310520758,0.00971,1792612800,0.65809846,2026-08-28T08:34:46,0.0816,,,Semiconductors,0.5358049363089997,Hold
GEF,Greif Inc.,17.723186,4.76833,4.31167,34.921486,1.1165236,0.77,,5880138240,24808643,56848160,10.136,0.765,39.41,1.0525,0.816,1.289,0.9,,1.0104420665007754,,0.24743,0.10561,0.22521,84.51,87.2,100.0,74.0,0.0318305525973257,none,,5,40.81103401575213,,0.11125515463917537,0.06002227493314176,0.15638343226922055,0.0308,1793217600,0.2939825,2026-08-28T08:34:46,0.0113,,,Packaging & Containers,0.5359748830475852,Hold
NXT,Nextpower Inc.,15.503044,5.77822,4.65947,22.507538,3.7911184,3.15,42.47143908687238,12416432128,151729520,153638347,16.579,1.95,1.502,2.4885,2.288,2.689,2.97,0.0804,0.08237424068829857,0.27224,0.16364,0.20858,0.22983,89.58,141.51852,175.0,70.0,0.5798004018754186,strong_buy,1.42857,27,28.913491063729552,,-0.013701790779391211,-0.02429246199078296,0.6659838702153972,0.00634,1793217600,0.3318466,2026-08-28T08:34:46,0.0594,,,Solar,0.5360155888212459,Hold
KMI,"Kinder Morgan, Inc.",20.51102,1.53771,1.55829,20.61438,3.9107602,3.36,65.33333746108502,103815340032,2226802089,2226802089,13.597,0.554,98.619,0.3755,0.293,0.458,4.6,0.023699999,0.10565040879122334,0.109910004,0.19305,0.30065,0.49407002,31.54,35.80952,43.0,31.0,0.13536842105263158,buy,2.13043,21,54.99516966678243,,0.04924048587357585,0.023386597629394937,0.11390872968167205,0.12696,1793217600,0.1690141,2026-08-28T08:34:46,0.0238,,,Oil & Gas Midstream,0.5360511498332907,Hold
KLAC,KLA Corporation,27.531746,6.67484,5.4493,50.210384,17.681398,1.75,91.48260833306104,241353408512,1306546783,1306546783,39.862,1.458,96.88,2.3585,1.841,2.876,2.17,0.0216,0.16598681334780796,0.87496,0.35574,0.42486,0.61301,183.77,234.34615,325.0,175.0,0.27521439843282347,buy,1.86207,26,40.92762569647565,,0.05325313407218711,0.06329420423065822,0.25694286538507827,0.0012899999,1793217600,1.1074541,2026-08-28T08:34:46,0.0194,,,Semiconductor Equipment & Materials,0.5361298502235353,Hold
KN,Knowles Corporation,21.613602,1.6175,1.335,41.12941,4.7022758,0.43,75.95408808903021,3086544896,85410326,85410326,23.277,1.61,18.881,2.4205,1.64,3.201,5.73,0.090299994,0.14938709869811295,0.094969995,0.106300004,0.15168001,0.45259997,34.96,43.75,48.0,40.0,0.2514302059496567,none,,4,41.148427265657126,,0.032882011605415845,0.038523274478330545,1.2170498975947859,0.01783,1792699200,0.6374707,2026-08-28T08:34:46,0.0631,,,Electronic Components,0.5361922412127407,Hold
U,Unity Software Inc.,24.980616,1.74095,1.21129,-32.69924812030075,9.435699,,31.919268060471254,19381374976,440088933,440088933,132.568,2.019,70.183,1.9815,1.937,2.026,2.78,0.0709,0.24438309628658605,-0.17381,-0.28966,-0.05179,0.76133,43.49,49.09833,55.0,35.0,0.12895677167164843,strong_buy,1.46154,24,50.78671044254203,,0.17169831397092253,0.32939568411246356,0.4329896907216495,0.03348,1793795400,0.10352707,2026-08-28T08:34:46,0.0859,,,Software - Application,0.5362797742794088,Hold
MAX,"MediaAlpha, Inc.",7.5151553,1.67262,1.50141,7.807453,0.54379636,,26.845990650775438,785509696,52975711,52975711,9.018,1.165,,1.2650000000000001,1.242,1.288,2.87,0.0949,0.5593803922707141,,0.079390004,0.06352,0.14706999,12.57,15.42857,19.0,11.0,0.22741209228321413,buy,2.0,7,29.28422342349873,,0.16388372093023246,0.0791096774193548,1.1854979567276382,0.43111,1793217600,0.1892147,2026-08-28T08:34:46,0.0671,,,Internet Content & Information,0.5363718125037594,Hold
KHC,The Kraft Heinz Company,12.0113945,2.09218,2.05245,-8.725694444444445,1.1967771,0.99,9.16774304011588,46243749888,1185823758,1185823758,8.419,0.083,52.591,0.8154999999999999,0.57,1.061,5.83,0.1001,-0.015849031420738346,-0.0876,-0.13639,0.1549,0.33498,25.13,25.08824,40.0,19.0,-0.0016617588539593608,hold,3.10526,17,43.672653179791915,,-0.002987467210725892,-0.0015700534963517668,1.2443342943014821,0.27778,1793190600,-0.10153735,2026-08-28T08:34:46,0.1004,,,Packaged Foods,0.5364648893692759,Hold
DUK,Duke Energy Corporation (Holdin,16.848104,7.17232,6.7109,18.336874,2.8722744,2.42,-21.043404975692614,188837216256,779702193,779702193,11.364,0.371,162.155,0.46,0.259,0.661,3.95,0.0255,0.0083053133082569,0.098570004,0.15995,0.27503002,0.51971,120.84,137.27779,147.0,129.0,0.13602937768950674,buy,2.09091,18,44.88845091124408,,0.00080680159093511,0.00047985180390804863,0.31956763448395153,0.00131,1793881800,-0.013470471,2026-08-28T08:34:46,0.023,,,Utilities - Regulated Electric,0.5365417083957691,Hold
LECO,"Lincoln Electric Holdings, Inc.",23.149733,12.51548,11.20702,29.002005,3.5241723,1.76,51.42666733360011,16751628288,54505757,54505757,18.928,1.215,77.347,1.501,1.02,1.982,2.95,0.0254,0.147134898062236,0.37736,0.12353,0.18243,0.36051998,289.73,304.9091,340.0,238.0,0.0523905015013979,buy,2.0,11,58.470985766927846,,0.0256686694336272,0.03851959171108103,0.08295547417107034,0.0152,1793277000,0.19412279,2026-08-28T08:34:46,0.0228,,,Tools & Accessories,0.5367265892167847,Hold
EXPD,Expeditors International of Was,24.057722,7.9276,7.66174,27.72093,2.0598047,3.17,31.084485765023178,24330018816,129990622,129990622,19.253,1.045,26.745,1.4985,1.431,1.566,3.35,0.0377,0.3809408376551964,0.4267,0.07634,0.107080005,0.13549,190.72,177.7143,220.0,100.0,-0.06819263842281875,hold,3.17647,14,61.640194376226304,,0.12322638931927402,0.13494095858452487,0.2258278200258741,0.00634,1793709000,0.5822134,2026-08-28T08:34:46,0.0329,,,Integrated Freight & Logistics,0.5369787150256198,Hold
GRC,Gorman-Rupp Company (The),24.524788,3.16333,2.81,32.73418,2.9184504,2.21,26.67113599269201,2280455680,26410243,26410243,17.121,1.298,62.33,2.2595,1.712,2.807,3.48,0.028800001,0.03181074479322277,0.14863,0.08883,0.16145,0.31825,77.58,80.66667,84.0,78.0,0.03978692962103625,buy,2.0,3,24.92527591321715,,0.06708995834171946,0.05561506605665631,0.4999104824986112,0.21079001,1792758600,0.8138882,2026-08-28T08:34:46,0.0324,,,Specialty Industrial Machinery,0.5370435383477119,Hold
TOL,"Toll Brothers, Inc.",10.332465,14.04602,12.90975,11.944857,1.2459637,1.02,,15123726336,92368000,92368000,9.004,1.34,32.377,2.473,0.524,4.422,4.27,0.0495,-0.05607719123505972,0.14393,0.111379996,0.1455,0.24827999,145.13,171.26666,195.0,122.0,0.18009136636119338,buy,1.77778,15,35.95673327701412,,-0.0005865897286494388,-0.007689561692155943,0.13448601424464707,0.00741,1787083200,0.04410076,2026-08-28T08:34:46,0.0393,,,Residential Construction,0.5370548151894768,Hold
ITGR,Integer Holdings Corporation,18.242092,6.86873,6.1628,34.234974,2.310464,3.31,39.5567037853443,5602359808,33992048,33992048,16.113,0.613,79.391,2.9699999999999998,2.207,3.733,1.98,0.0998,0.0038787659984476086,0.075040005,0.06965,0.10024,0.2613,125.3,121.8,127.0,101.0,-0.027932960893854775,hold,3.0,5,46.533620269603595,,0.013210137362411552,0.008973741267164551,0.20827623412300675,0.014140001,1793277000,0.16158342,2026-08-28T08:34:46,0.0851,,,Medical Devices,0.5372000075369079,Hold
ADSK,"Autodesk, Inc.",19.016562,14.22865,12.59579,37.16758,7.6104546,0.97,18.664384494779682,56892379136,211145251,211145251,26.598,1.298,85.419,0.752,0.669,0.835,3.5,0.0392,0.19969958750339112,0.50396,0.19488001,0.29524,0.92434,270.58,314.57352,456.0,220.5,0.16258969620814545,strong_buy,1.5,34,65.3848397565235,86.50827399991648,-0.0018305889028275252,-0.002081590200254926,0.15470887079649537,0.00228,1787860800,-0.14019704,2026-08-28T08:34:46,0.0352,,,Software - Application,0.537325657652629,Hold
BAX,Baxter International Inc.,12.733254,2.0364,2.04697,-14.092391304347826,1.1687626,36.68,13.400681306126554,20895707136,516995999,516995999,11.091,0.595,156.449,1.5394999999999999,1.133,1.946,3.19,0.073,0.04521753450552324,-0.14371,-0.09268,0.14425999,0.34098,25.93,28.72727,40.0,23.0,0.10787774778249126,hold,2.76923,11,53.21713442013665,,0.06822214336408801,0.013487284128801026,1.2855043641774209,0.0034,1793277000,0.050222754,2026-08-28T08:34:46,0.0465,,,Medical Instruments & Supplies,0.5373714909667123,Hold
BY,"Byline Bancorp, Inc.",11.208995,3.41333,3.386,11.5240965,3.9792395,,,2139760384,45186420,45186420,,0.715,,,,,3.36,0.0431,0.13377190093837932,0.11975,0.34405997,0.50378,0.0,38.26,43.2,46.0,40.0,0.12911657083115546,none,,5,27.11281752679342,,0.03737745098039226,0.011656787196206308,0.08767493028252465,0.27753,1792699200,0.32341754,2026-08-28T08:34:46,0.0267,,,Banks - Regional,0.5377076662209511,Hold
CNXN,"PC Connection, Inc.",18.04927,4.465,4.175,20.986979,0.68073213,2.16,170.76314141488345,1700794368,25238099,25238099,12.644,0.867,0.792,2.628,2.376,2.88,3.02,0.0448,0.13108569706458506,0.104320005,0.03208,0.05037,0.18892,80.59,83.0,83.0,83.0,0.02990445464697844,none,,1,41.58045668114084,,0.06369426751592357,0.05430932703659965,0.027804651777748966,0.56955004,1793217600,0.2551005,2026-08-28T08:34:46,0.0449,,,Electronics & Computer Distribution,0.537918240510781,Hold
FFIV,"F5, Inc.",22.693228,18.07676,17.33147,31.849379,7.019424,1.37,32.39221071709116,21876201472,56627182,56627182,23.693,1.033,6.546,1.572,1.479,1.665,1.74,0.029000001,0.12505942464168518,0.1983,0.21952999,0.24649,0.81865996,410.22,436.1,515.0,300.0,0.06308809906879231,none,,10,58.90636984229047,,0.05090993319738761,0.021879374009311562,0.35538987994041965,0.0049799997,1793044800,0.31002104,2026-08-28T08:34:46,0.0221,,,Software - Infrastructure,0.5379683000054276,Hold
MLAB,"Mesa Laboratories, Inc.",12.526776,10.27,9.95,151.35294,2.8828053,,13.486453197448549,849022528,5595869,5595869,18.686,0.93,85.479,1.4785,1.163,1.794,2.2,0.0874,-0.0070417123774698664,0.02657,0.01922,0.11691,0.64208,128.65,117.5,125.0,110.0,-0.08666925767586475,buy,2.33333,2,81.56493338637873,,-0.14371772805507746,-0.16299918500407498,1.9435180847439872,0.056199998,1793908800,0.898893,2026-08-28T08:34:46,0.0683,,,Scientific & Technical Instruments,0.5380367743441135,Hold
DHI,"D.R. Horton, Inc.",12.34483,11.76687,10.44157,14.227227,1.218273,1.27,16.831437592855544,46325604352,279701267,279701267,11.224,1.375,29.451,3.217,0.423,6.011,3.78,0.0458,0.06586574740113704,0.12632,0.09154,0.1299,0.21298,145.26,162.91667,206.0,125.0,0.12155218229381815,hold,2.61111,12,55.64061901523649,,0.0,0.0,0.14424042540723037,0.103999995,1793277000,-0.14290774,2026-08-28T08:34:46,0.0389,,,Residential Construction,0.5381799528295984,Hold
NDAQ,"Nasdaq, Inc.",21.240433,4.6774,4.13591,28.965014,9.892126,1.86,32.83145045072042,64368480256,558977372,558977372,19.197,0.971,77.687,0.696,0.386,1.006,2.6,0.024400001,0.180130346342535,0.16521999,0.35037,0.49333,1.0,99.35,109.8,135.0,84.0,0.10518369401107197,buy,1.76471,15,66.54672238797414,,0.00011365175168784227,0.004896221165682978,0.22131636540553934,0.10998999,1792672200,0.048659444,2026-08-28T08:34:46,0.0186,,,Financial Data & Stock Exchanges,0.5382407947216952,Hold
PYPL,"PayPal Holdings, Inc.",10.607604,5.7949,5.38671,11.686312,1.5408223,1.14,11.888694368599023,55550181376,855460874,855460874,8.604,1.298,71.751,0.7695000000000001,0.251,1.288,2.0,0.044099998,0.17606781394422955,0.24497,0.14364,0.16966,0.40477002,61.47,60.20424,147.39,36.0,-0.020591508052708596,hold,2.88372,33,62.45000913924996,,0.013852527051011533,0.008106744602752075,0.3548877302453107,0.0070499997,1793104200,-0.1242342,2026-08-28T08:34:46,0.0395,,,Credit Services,0.5383433685002239,Hold
PTC,PTC Inc.,17.88328,8.88819,8.18823,14.703977,5.838603,1.42,16.721591648755915,18503309312,108506261,108506261,14.501,0.988,46.335,0.957,0.889,1.025,3.73,0.090100005,0.028945933359550535,0.35053003,0.41429,0.28232,0.84501,158.95,173.35,230.0,140.0,0.09059452658068579,buy,1.95,20,60.85046613336916,,0.013291967894347551,0.029966661220289664,0.5142708338093809,0.00354,1794427200,-0.25550354,2026-08-28T08:34:46,0.0539,,,Software - Application,0.5384296123353047,Hold
BXC,Bluelinx Holdings Inc.,27.942791,2.85333,1.88667,-362.40909090909093,0.20821127,2.19,24.976514002261176,979943104,7860217,7860217,12.374,1.396,108.037,3.2005,2.394,4.007,2.37,0.0652,0.04827722695187697,-0.0031299999,-0.00065,0.0241,0.15845,79.73,88.33333,98.0,83.0,0.10790580709895892,buy,1.66667,3,53.59154614841813,,1.0,0.23520779220779225,1.3074041796537468,0.03495,1793736000,-0.034862578,2026-08-28T08:34:46,0.0678,,,Industrial Distribution,0.5386396170999405,Hold
KR,Kroger Company (The),10.274578,5.54086,5.21533,33.292397,,0.57,,66722050048,,,8.258,0.409,373.449,0.534,0.277,0.791,4.32,0.0454,0.022,0.13779001,0.00708,0.03224,0.23979001,56.93,70.5,86.0,58.0,0.23836290180923947,buy,2.08333,22,33.86122841308972,,0.0,0.0005742476993976548,0.3210625810694602,0.06684,1789129800,-0.16081959,2026-08-28T08:34:46,0.0349,,,Grocery Stores,0.5389823712851713,Hold
MSA,MSA Safety Incorporated,19.104794,10.03256,9.16282,23.692211,3.7991242,0.99,23.365874735787376,7841320448,38578289,38578289,15.119,0.941,45.911,2.5665,1.897,3.236,3.39,0.026300002,0.08202999360598917,0.2366,0.16133,0.24591999,0.47571,191.67,209.14285,223.0,190.0,0.09116111024156104,buy,2.42857,7,42.09116173925155,,0.03048208570162546,0.03374634855049693,0.5302117702291267,0.06079,1793131200,0.123505235,2026-08-28T08:34:46,0.0279,,,Security & Protection Services,0.5390771817171943,Hold
WTRG,"Essential Utilities, Inc.",17.038172,2.37995,2.21832,20.902061,4.4774942,3.88,-17.488959191927684,20036741120,283632983,283632983,14.842,0.629,121.656,0.651,0.525,0.777,2.54,0.021,0.019498958455053783,0.08078,0.21601,0.35409,0.5643,40.55,41.6,46.0,38.0,0.02589395807644901,hold,2.71429,5,49.14458073994408,,-0.01254835277830944,0.0,0.10855106325289188,0.00221,1793822400,0.026322484,2026-08-28T08:34:46,0.0183,,,Utilities - Regulated Water,0.5390940756789657,Hold
HSY,The Hershey Company,18.374134,9.86822,8.48975,25.324024,2.9950762,1.06,20.894175145070616,41563938816,146312143,200925657,15.272,0.097,129.821,0.8434999999999999,0.507,1.18,6.72,0.0828,0.4770051177502064,0.32808998,0.12242,0.23119,0.38377,181.32,205.5238,250.0,170.0,0.13348665343039934,buy,2.47826,21,56.20635666087529,,0.007760817722868429,-0.0003373330429363453,0.3433129427071447,0.00321,1793881800,-0.013224483,2026-08-28T08:34:46,0.0714,,,Confectioners,0.539254659954188,Hold
FITB,Fifth Third Bancorp,11.104565,4.93941,4.08542,18.530405,4.9274945,2.09,,68155056128,906892564,906892564,,0.923,,,,,0.0,0.0,0.11764485069479513,0.08438,0.23239,0.39078,0.0,54.85,62.9,70.0,55.0,0.1467639015496809,buy,1.7619,20,44.15863953131592,,-0.0040256080616047785,0.002602427019339867,0.051448297178025335,0.0035499998,1792413000,0.19838321,2026-08-28T08:34:46,0.0,,,Banks - Regional,0.5393696601745781,Hold
HE,"Hawaiian Electric Industries, I",10.660464,1.075,0.8235,8.883721,0.6030197,7.18,6.097702481893658,4541385728,172728004,172728004,8.821,0.512,158.868,0.792,0.598,0.986,9.49,0.1368,0.25815445652923774,0.13448,0.06824,0.045450002,0.17581,11.46,11.91667,12.0,11.75,0.03984904013961588,none,,3,28.50239267709584,,-0.15336136613651086,-0.04698581560283683,1.613211019205989,0.00306,1794600000,-0.11574072,2026-08-28T08:34:46,0.0996,,,Utilities - Regulated Electric,0.5394013391694413,Hold
SUN,Sunoco LP,18.751585,4.02526,3.96841,16.58901,0.35930064,8.54,15.460229692423603,25907959808,136896651,188413849,8.946,0.42,177.779,1.0365,0.784,1.289,5.22,0.0324,1.6393264811131134,0.18658,0.02933,0.041100003,0.119320005,75.48,82.57143,90.0,78.0,0.0939511128775834,none,,7,63.90982504320844,,-0.00504201140240598,0.17484485800026692,0.37950358535761813,0.21312,1793795400,0.44321227,2026-08-28T08:34:46,0.025,,,Oil & Gas Refining & Marketing,0.5394926450977668,Hold
TVTX,"Travere Therapeutics, Inc.",11.903251,5.6724,1.7353,-92.4931506849315,10.763039,,-348.65895054576333,6492236288,94261082,94261082,283.343,1.042,2515.721,3.9045,3.763,4.046,7.52,0.165,0.3962147559477409,-2.36355,-0.0735,0.02332,0.59208,67.52,74.14286,90.0,62.0,0.09808738151658769,strong_buy,1.26667,14,60.861728804267955,,-0.07132191997088683,0.16942233950439115,0.7767775628591871,0.007850001,1793304000,2.8582857,2026-08-28T08:34:46,0.1282,,,Biotechnology,0.5396902280781615,Hold
VAL,Valaris Limited,11.726406,7.28612,3.6529,6.3055353,2.7752237,,74.41324191909689,6553995264,69435807,69435807,15.428,0.932,36.22,1.4184999999999999,1.29,1.547,5.58,0.111,-0.07939880206188155,0.33619,0.43954,0.09792,0.24784,85.44,69.05,99.0,45.0,-0.19183052434456926,hold,3.11111,8,59.99877678526077,,-0.07145452553018465,-0.018445721197459915,0.6560939057562784,0.12031999,1793217600,0.720153,2026-08-28T08:34:46,0.0968,,,Oil & Gas Drilling,0.5397331822134045,Hold
INVH,Invitation Homes Inc.,42.78646,0.68316,0.79574,27.317755,6.0968475,13.14,14.856315922102581,25774749696,594041956,594041956,17.179,0.836,94.425,0.286,0.142,0.43,3.15,0.0296,0.13604238450793882,0.070539996,0.23197001,0.25115,0.56262,29.23,33.56522,41.0,29.0,0.14831406089633914,buy,2.2,23,32.37856299333339,,0.28873125384640297,0.024627290997990207,0.1786281627181618,0.00341,1793217600,-0.065835714,2026-08-28T08:34:46,0.024,,,REIT - Residential,0.5398546642592682,Hold
KMB,Kimberly-Clark Corporation,14.688108,7.48769,7.45116,21.735178,2.2058282,2.32,38.865233356803685,42284044288,332579038,332579038,12.147,0.276,348.933,0.656,0.403,0.909,12.89,0.1528,0.0035830339974702863,1.04913,0.1179,0.19002001,0.37612998,109.98,118.6,162.0,90.0,0.0783778868885252,buy,2.4375,15,61.738491348295135,,-0.011456037869269874,-0.009200473189876742,0.16357068158152765,0.0070700003,1793709000,-0.1483661,2026-08-28T08:34:46,0.1343,,,Household & Personal Products,0.5401490619698494,Hold
CSW,"CSW Industrials, Inc.",23.306446,13.66446,12.58959,44.231945,4.4367266,2.53,71.4547041302328,6086553600,16293487,16293487,21.188,0.818,84.885,1.9685000000000001,1.237,2.7,5.95,0.0743,0.3717373082876614,0.109280005,0.10335,0.22886999,0.42529,318.47,351.85715,400.0,320.0,0.10483609131158333,none,,7,23.473351593311563,,0.04629616547808316,0.03584475283911511,0.14035969379288868,0.03974,1793277000,0.16425383,2026-08-28T08:34:46,0.0636,,,Specialty Industrial Machinery,0.5402680699942769,Hold
NWPX,"NWPX Infrastructure, Inc.",21.827488,5.2356,5.45824,23.08687,1.9172535,2.15,18.03667079564405,1190055424,9637202,9637202,13.985,1.117,25.82,2.3064999999999998,1.902,2.711,3.52,0.0849,0.22691729300682928,0.12218001,0.08487,0.13262999,0.20878,114.28,111.0,130.0,95.0,-0.0287014350717536,none,,3,48.6731007368935,,0.12969149063875055,0.032115110523213544,0.21715509794867116,0.03145,1793217600,1.157855,2026-08-28T08:34:46,0.0753,,,Steel,0.5407313204235457,Hold
DNOW,DNOW Inc.,19.805353,0.822,0.346,-11.15068493150685,0.7208411,,-5.5141813204179835,3483194368,180785891,180785891,23.068,0.862,30.934,1.574,1.012,2.136,4.87,0.0975,0.20877780224564102,-0.11599,-0.046290003,0.01071,0.2023,16.28,18.75,19.0,18.0,0.15171990171990157,strong_buy,1.0,4,42.22754016911095,,0.0880503144654087,-0.028368794326241162,1.0186212395297245,0.01698,1793795400,0.017500043,2026-08-28T08:34:46,0.0724,,,Industrial Distribution,0.5409204043744209,Hold
BHRB,Burke & Herbert Financial Servi,8.182029,8.75333,7.97333,11.740984,4.014704,,,1996278272,20187033,20187033,,0.218,,,,,6.08,0.0429,-0.0907818350522337,0.09791,0.26946,0.19295,0.0,71.62,80.0,82.0,75.0,0.11700642278693096,none,,4,33.29218012669345,,-0.1067232375979112,-0.007184118266874021,0.5316851020033371,0.14918,1792699200,0.12680936,2026-08-28T08:34:46,0.0457,,,Banks - Regional,0.541159135221111,Hold
TTC,Toro Company (The),19.630873,5.066,4.61,28.909882,,1.46,,10427176960,,,15.477,0.699,83.108,1.112,0.668,1.556,6.79,0.048800003,0.081,0.23889999,0.07294,0.14445,0.33567002,99.45,109.25,120.0,100.0,0.09854198089492194,buy,2.2,4,61.28062592780332,,0.0008684324793748258,0.0,0.15355983434933018,0.01677,1788438600,0.22686899,2026-08-28T08:34:46,0.0381,,,Tools & Accessories,0.5414387884368149,Hold
NWSA,News Corporation,20.63213,1.51172,1.31961,29.990387,1.855784,2.78,16.030635983490097,18399432704,359432100,537159929,13.751,0.911,31.561,1.513,1.403,1.623,3.25,0.0335,0.8254379878925673,0.07979,0.06347,0.12537,0.57167,31.19,36.1625,43.0,30.3,0.15942609810836816,strong_buy,1.5,8,87.08146716558142,,0.02201861862792171,0.02592431728106847,0.850018448833962,0.00028,1793908800,0.06052363,2026-08-28T08:34:46,0.0223,,,Entertainment,0.5418026779520991,Hold
CNX,CNX Resources Corporation,9.312654,3.87752,3.20112,5.8430424,2.4964333,1.93,12.22155187395982,7716190720,147943637,147943637,4.218,0.611,49.137,0.507,0.298,0.716,9.21,0.1396,-0.21711964163757858,0.21249,0.44368,0.62878,0.73616,36.11,37.72727,48.0,32.0,0.04478731653281631,hold,3.08333,11,69.9512968778203,,0.107083199319382,-0.05436720359960499,1.292683919825057,0.046630003,1793277000,0.23664379,2026-08-28T08:34:46,0.103,,,Oil & Gas E&P,0.5418984767802887,Hold
MTCH,"Match Group, Inc.",9.004837,4.57754,3.95459,14.934783,2.7399173,0.38,10.33159801604016,12546523136,233266526,233266526,10.553,1.32,,1.6435,1.563,1.724,3.7,0.067,0.038650063730104156,,0.20169,0.28771,0.74872,41.22,41.88235,51.0,35.0,0.016068655992236947,buy,2.4,17,65.64571582808749,,0.02185788113695089,0.09118951132300349,0.25941647508758475,0.00758,1793736000,0.10390997,2026-08-28T08:34:46,0.0496,,,Internet Content & Information,0.5420838501820282,Hold
WKC,World Kinect Corporation,14.0,2.56,3.6,-11.37777777777778,0.04396657,1.32,15.792174427318207,2452774144,51151620,51151620,7.028,1.195,58.819,0.915,0.772,1.058,5.53,0.22780001,0.6638931846146809,-0.12264,-0.0043,0.00753,0.026889998,35.84,37.66667,42.0,30.0,0.05096735491071436,none,,3,43.10702169302959,,0.2887843541579405,0.05205623569347348,1.6603549832979856,0.04034,1792699200,0.33681464,2026-08-28T08:34:46,0.1584,,,Oil & Gas Refining & Marketing,0.5421912932752007,Hold
SSD,"Simpson Manufacturing Company, ",18.792995,9.71,9.0575,20.253052,3.0880263,3.8,16.75428002194762,7474860544,40984682,40984682,12.903,1.315,21.084,2.638,1.988,3.288,4.15,0.0313,0.09166291445179442,0.18722,0.15645,0.24405001,0.45841,182.48,219.0,230.0,212.0,0.20013152126260425,none,,5,33.94228334452528,,0.0037868503091430315,-0.014546351335030782,0.042135455036474145,0.00285,1793044800,-0.045207202,2026-08-28T08:34:46,0.0282,,,Lumber & Wood Production,0.5424174909608825,Hold
RUN,Sunrun Inc.,8.92778,1.01481,1.43188,6.2054796,0.6218354,3.07,-1.0964502163377714,18406236160,238549287,238549287,21.896,2.386,292.511,1.0265,0.631,1.422,6.82,0.3234,0.4635407734419261,-0.19856001,0.11594,0.03999,0.35292998,9.06,15.97368,30.0,10.0,0.7630993377483442,buy,2.0,19,33.76279572049479,,0.18491915062643782,0.09077869255103849,1.2198830877718028,0.02823,1793908800,-0.43268627,2026-08-28T08:34:46,0.2942,,,Solar,0.5424276674850643,Hold
UHAL,U-Haul Holding Company,32.889427,2.08,1.12,488.64288,2.1962447,2.35,-8.333457305969597,20194131968,19435630,195494213,26.567,1.089,106.334,0.8785,0.748,1.009,5.98,0.1087,8.560624906730578,0.00832,0.01047,0.1506,0.28542,68.41,87.61667,99.0,73.85,0.28075822248209326,none,,3,12.963723071076629,,0.13131313131313144,-0.018867924528301903,0.8575774079974572,0.61379004,1793822400,0.18870544,2026-08-28T08:34:46,0.0096,,,Rental & Leasing Services,0.5424453076548237,Hold
DELL,Dell Technologies Inc.,21.088196,22.39452,18.82044,36.895313,2.277184,0.74,56.153884406924185,326418464768,325046693,646142428,23.208,1.401,,0.7789999999999999,0.612,0.946,2.22,0.0464,2.915874080281752,,0.062750004,0.088570006,0.19212,472.26,510.26086,700.0,360.0,0.08046597213399398,buy,1.77778,23,50.884932506535456,,0.022125624014285673,0.037511259812122076,0.4134089512353314,0.07491,1788292800,2.86623,2026-08-28T08:34:46,0.0463,,,Computer Hardware,0.542458146013254,Hold
OTTR,Otter Tail Corporation,17.211504,5.32667,6.075,19.930435,2.9270191,1.92,-23.296171767226312,4782247936,41985580,41985580,10.693,0.43,67.491,1.3965,1.086,1.707,18.9,0.16530001,0.002058744930997669,0.106850006,0.14833,0.24028999,0.42191002,91.68,90.5,95.0,86.0,-0.012870855148342186,hold,3.0,2,37.96881712415986,,0.04113110539845762,0.0012537593984961902,0.03914682399890318,0.02082,1793649600,0.091558576,2026-08-28T08:34:46,0.1187,,,Conglomerates,0.5425700842119462,Hold
ALGM,"Allegro MicroSystems, Inc.",25.057327,1.50016,1.02772,537.0,7.407338,,67.69980179107652,7150516736,186402046,186402046,53.015,1.936,31.472,2.846,1.989,3.703,4.57,0.100600004,0.2656835322504989,0.015269999,0.01501,0.09824,0.47375,37.59,54.83333,62.0,48.0,0.4587212024474592,strong_buy,1.33333,12,45.315211966751605,,0.0017642873156513408,0.008443129873621877,1.185269726173432,0.3254,1793277000,0.21847653,2026-08-28T08:34:46,0.0791,,,Semiconductors,0.5426368879963872,Hold
COLB,"Columbia Banking System, Inc.",9.354825,3.28066,3.02916,12.082678,3.4659765,,,11908271104,282902268,282902268,,0.659,,,,,3.25,0.0349,0.014497833576929908,0.11028,0.28383,0.50923,0.0,30.69,34.14286,37.0,30.0,0.11250765721733447,none,,14,45.237588761748086,,-0.006627598487556466,-0.02914925602812534,0.2250274443822948,0.00749,1793304000,0.14643252,2026-08-28T08:34:46,0.0351,,,Banks - Regional,0.5429564315886322,Hold
HWM,Howmet Aerospace Inc.,41.696655,6.41898,5.33373,58.184784,11.707711,0.8,89.70623042550596,110840193024,398801399,398801399,39.671,1.212,81.368,1.2565,0.695,1.818,3.52,0.0187,0.25777460474756264,0.34732,0.20522,0.28504,0.36032,267.65,337.128,375.0,256.56,0.2595852792826454,strong_buy,1.45455,20,32.16872616868042,,0.05484106375446715,0.0605291592731743,0.480140456942204,0.00874,1793881800,0.5373349,2026-08-28T08:34:46,0.0187,,,Aerospace & Defense,0.5430775542293476,Hold
WYFI,"WhiteFiber, Inc.",37.576344,0.51575,-0.6095,-17.0,8.101071,,-1.7524863409347382,1017996544,38848118,38848118,-89.467,,95.195,0.7175,0.646,0.789,2.8,0.524,0.45963497124880015,-0.13727,-0.47662,-0.15968001,0.85906,19.38,40.88889,50.0,32.0,1.1098498452012389,strong_buy,1.44444,9,28.60227636432279,,0.27548291233283806,-0.11585209058337471,,0.70879,1794486600,0.14606738,2026-08-28T08:34:46,0.5342,,,Information Technology Services,0.5431319990271154,Hold
BRX,Brixmor Property Group Inc.,28.873812,1.00818,0.97811,20.942446,6.364337,,14.81103218956395,14171755520,306872316,306872316,15.313,0.966,176.202,0.5865,0.577,0.596,7.52,0.078200005,0.04023909409931914,0.14413,0.30822,0.36018002,0.7515,29.11,35.44444,42.0,33.0,0.21760357265544483,strong_buy,1.5,18,28.734718148809634,,-0.1313564590326992,-0.08845308812759366,0.08912769988542446,0.0091699995,1793044800,0.040014267,2026-08-28T08:34:46,0.0571,,,REIT - Retail,0.5431946149135585,Hold
BKV,BKV Corporation,13.343769,1.83981,1.64781,8.6749115,2.5592773,,-3.849786701055187,3869883904,109437830,109437830,6.802,,53.294,0.905,0.662,1.148,7.03,0.1392,-0.05999477189926017,0.14052,0.25455,0.39456,0.5404,24.55,34.09091,39.0,28.0,0.3886317718940937,strong_buy,1.09091,11,41.1024142838716,,0.11435643229571724,-0.019870971866326487,1.082839116737525,0.66178,1794313800,0.053196073,2026-08-28T08:34:46,0.1913,,,Oil & Gas E&P,0.5436661942507439,Hold
ALKT,"Alkami Technology, Inc.",18.726593,1.08669,0.7596,-47.32558139534884,4.443842,,26.233465342696363,2453472256,106941980,106941980,-110.886,0.591,98.754,1.8940000000000001,1.655,2.133,5.32,0.0904,0.1164949442679104,-0.12765999,-0.09211001,-0.058119997,0.57359004,20.35,22.0,25.0,19.0,0.08108108108108092,buy,1.625,7,60.655498355869966,,-0.046016276499547745,-0.011893395891868283,0.23711647675816672,0.23821,1793217600,-0.20507812,2026-08-28T08:34:46,0.1324,,,Software - Application,0.5436908876220495,Hold
PSKY,Paramount Skydance Corporation,12.693935,0.8508,0.56207,360.0,0.41624922,1.13,0.688735777280504,27731013632,1090445692,1121945779,8.378,1.471,126.479,0.888,0.736,1.04,6.44,0.145,-0.4137959491741474,-0.00896,-0.021329999,0.09345,0.33328998,10.8,9.69286,16.0,2.0,-0.10251296296296308,hold,3.47619,14,81.27379283932167,,-0.09298197485839696,-0.04708570404551764,1.4357597406925209,0.50798,1794254400,-0.26530612,2026-08-28T08:34:46,0.146,,,Entertainment,0.5438886620395403,Hold
PUBM,"PubMatic, Inc.",20.13547,0.812,0.52,-56.379310344827594,2.5754876,4.95,12.347643715726388,648349248,37303647,45550061,265.717,1.542,17.135,1.254,1.234,1.274,2.99,0.0563,0.4376510693445068,-0.05593,-0.04662,0.00737,0.6443,16.35,20.3,23.0,17.0,0.24159021406727832,buy,1.83333,10,28.37665904234821,,0.8245614035087722,0.6628099850510927,1.122992035194868,0.00916,1794254400,0.8858131,2026-08-28T08:34:46,0.0618,,,Software - Application,0.5439192557985322,Hold
TRMK,Trustmark Corporation,11.248175,4.11,3.93833,11.763358,3.3019712,2.29,,2798261760,58225687,58225687,,0.639,,,,,7.15,0.075500004,0.14201074175389294,0.111190006,0.28741,0.36776,0.0,46.23,49.25,54.25,47.0,0.06532554618213293,hold,2.66667,5,38.5036866875334,,0.007245524296675183,0.0032538622832692728,0.42085311801004344,0.06814,1793131200,0.14800096,2026-08-28T08:34:46,0.0554,,,Banks - Regional,0.5442186381434827,Hold
LZB,La-Z-Boy Incorporated,11.6339,2.81333,2.51667,16.447235,0.6212646,1.14,7.169501812393157,1592265216,40052771,40052771,8.211,1.278,52.792,1.3165,0.968,1.665,4.24,0.0458,-0.00615727186516013,0.080469996,0.03862,0.027320001,0.45161998,32.73,41.0,42.0,40.0,0.2526733883287504,buy,2.0,2,16.150702269009827,,-0.14495826156088512,-0.14833516481853154,0.18248507072404213,0.02703,1794945600,-0.11468756,2026-08-28T08:34:46,0.039,,,"Furnishings, Fixtures & Appliances",0.5442652309619801,Hold
BWXT,"BWX Technologies, Inc.",29.662722,5.25407,4.73851,39.65649,4.0635767,1.67,98.05568918408757,15690678272,91621980,91621980,32.93,0.76,151.4,2.327,2.257,2.397,3.07,0.038,0.1771244271298218,0.28289,0.10108,0.10393,0.22082001,155.85,234.44786,290.0,190.0,0.5043173564324672,buy,1.8125,14,53.707845297343496,,0.005320965835919913,0.012067989105100272,0.1502548279279576,0.0035299999,1793649600,-0.038200438,2026-08-28T08:34:46,0.0303,,,Aerospace & Defense,0.5443814143178796,Hold
UNP,Union Pacific Corporation,21.735828,14.15497,13.05258,25.11592,7.1932,3.43,38.71825722068303,211834208256,594075498,594075498,16.442,0.965,150.772,0.871,0.756,0.986,8.46,0.048600003,0.12138222593384929,0.39696,0.28847,0.40982,0.56285,307.67,329.25,375.0,245.0,0.07014008515617376,buy,1.8,24,76.02125842247533,,0.0298901036472208,0.025943264601149745,0.05612886223310399,0.00071000005,1792672200,0.3761685,2026-08-28T08:34:46,0.0438,,,Railroads,0.5446856552695621,Hold
VEEV,Veeva Systems Inc.,27.584435,10.22787,9.08467,40.13229,13.807515,1.11,36.386139466091585,32574334976,162443291,162443291,31.745,0.922,1.411,4.702,4.666,4.738,3.5,0.039300002,0.16993539610078456,0.13934,0.28370002,0.30932,0.75021005,282.13,260.44443,350.0,165.0,-0.07686375075319885,buy,1.96552,27,68.9097617978537,,0.0024983364654496956,0.0012916317015852026,0.2811352921088202,0.08583,1795636800,0.04803121,2026-08-28T08:34:46,0.0393,,,Health Information Services,0.544948235639995,Hold
PEP,"Pepsico, Inc.",15.561723,8.97844,8.55981,18.629333,1.9695525,1.54,24.36932733750327,233372647424,1366000000,1366000000,12.36,0.361,238.949,0.812,0.69,0.934,3.18,0.019199999,0.08066098750219619,0.51508,0.10785,0.16836001,0.54171,139.72,155.0,183.0,124.0,0.10936158030346399,hold,2.66667,22,58.35569660151966,,-0.0005581119469817269,-0.0009191360566169933,0.06048905586864953,0.00183,1791462600,-0.06007397,2026-08-28T08:34:46,0.0173,,,Beverages - Non-Alcoholic,0.5449577570543265,Hold
IPAR,"Interparfums, Inc.",22.534588,5.204,4.89,22.422562,2.5009809,3.2,17.107938802966576,3929468416,32025781,32025781,13.847,1.146,15.12,2.5700000000000003,1.83,3.31,6.93,0.103599995,0.024128089179152212,0.19105,0.111719996,0.14351,0.58882,117.27,126.66667,151.0,85.0,0.08012850686450079,hold,2.66667,6,44.09600405157187,,0.0069663953280054095,-0.06738351254480293,0.14018761271258667,0.43616,1793822400,0.02027142,2026-08-28T08:34:46,0.1035,,,Household & Personal Products,0.544974504778018,Hold
GILD,"Gilead Sciences, Inc.",15.048082,9.89229,-0.42424,-56.173584905660384,6.0603385,2.14,18.894676756621678,205859717120,1239955155,1239955155,14.099,0.336,223.465,1.0835,0.902,1.265,3.49,0.0187,0.10553259675588844,-0.2068,-0.10637999,0.33679,0.79603994,148.86,157.40741,180.0,123.0,0.057419118634958854,buy,1.68966,27,85.61464035097494,,0.44236178658744973,0.025464825058258575,0.6931786747065968,0.00115,1793304000,0.31769502,2026-08-28T08:34:46,0.0187,,,Drug Manufacturers - General,0.5452684640870139,Hold
DHR,Danaher Corporation,23.198158,9.29729,8.5096,38.44563,6.0389547,1.41,35.055639354081855,175141027840,702986054,702986054,21.816,0.796,52.97,1.4,1.149,1.651,1.44,0.0139999995,0.07403534193012584,0.07605,0.15948,0.19777,0.58752996,215.68,227.95651,310.0,195.0,0.05692002040059352,strong_buy,1.5,23,65.70797920184025,,-0.0014995811029312643,0.0035371503326671085,0.32201899892814567,0.1096,1792499400,0.047905922,2026-08-28T08:34:46,0.014,,,Diagnostics & Research,0.545563695029418,Hold
INSM,Insmed Incorporated,151.31381,0.80224,-1.55446,-29.46359223300971,23.302141,1.09,-46.359927379108164,26088742912,218381503,218381503,-32.818,0.793,97.654,3.4295,3.135,3.724,3.58,0.056199998,2.5071241267169038,-0.87216,-0.76941,-0.23809999,0.83455,121.39,200.18182,243.0,169.0,0.6490799901145068,strong_buy,1.21739,22,41.58370867769522,,0.39935393627462346,1.0,0.19633314056795548,0.00513,1793277000,-0.108082294,2026-08-28T08:34:46,0.0502,,,Biotechnology,0.5456606601843861,Hold
CTGO,Contango Silver & Gold Inc.,5.8062677,3.51,0.25667,-7.719696969696969,,,-32.45860930227552,619485824,33440691,33440691,-16.407,0.008,9.687,1.03,0.997,1.063,8.0,0.0933,,-0.23688,0.0,0.0,0.0,20.38,31.16667,35.0,28.0,0.5292772325809618,strong_buy,1.5,6,47.87451198238302,,-0.6618224459142534,-0.32205877808337713,0.31687857182054946,0.14637,1794513600,-0.074897885,2026-08-28T08:34:46,0.1136,,,Gold,0.5457388335329291,Hold
ATEN,"A10 Networks, Inc.",22.717533,1.18983,1.04183,44.311474,6.3274865,14.76,31.972598164031638,1831357824,72609021,72609021,27.303,1.144,95.007,1.2185000000000001,1.147,1.29,5.48,0.14729999,0.14773965896055818,0.19444999,0.13854,0.11261,0.79379,27.03,38.4,45.0,34.0,0.4206437291897891,buy,1.83333,5,35.61618481548646,64.53475693941148,0.0036897880539499034,0.008330508474576276,0.3679062782636345,0.016,1793736000,0.5262563,2026-08-28T08:34:46,0.1068,5.57,11.21,Software - Infrastructure,0.5457565958919368,Hold
BKNG,Booking Holdings Inc. Common St,16.366646,12.37639,10.44798,23.20275,5.389314,0.94,19.699985155338776,155909636096,751380500,751380500,14.973,1.068,,1.0585,1.023,1.094,3.54,0.028299998,0.16569108128305166,,0.25527,0.34412,0.87227994,202.56,237.80556,301.0,188.0,0.17400059241706156,buy,1.55263,36,52.63454627230328,,-0.0007316632283276986,0.005652146003479446,0.33872033255902656,0.00176,1793131200,-0.09556085,2026-08-28T08:34:46,0.0284,,,Travel Services,0.5461481762015328,Hold
ALIT,"Alight, Inc.",2.695116,5.2725,4.72546,-0.18623853211009175,0.23606113,,3.9523631069418386,2266419712,26419410,37062095,4.874,1.59,205.458,1.1480000000000001,0.871,1.425,1.47,0.035,0.006658181450683642,-0.97275,-0.90901,-0.04697,0.37517,14.21,40.25,100.0,13.0,1.832512315270936,buy,2.5,4,42.389869493742566,,-0.1584835301429459,-0.1894696387394312,1.6281358395818102,0.05546,1793822400,-0.8168814,2026-08-28T08:34:46,0.042,,,Software - Application,0.5461559189861648,Hold
SNPS,"Synopsys, Inc.",26.602829,17.47521,15.115,71.411674,10.264553,2.19,25.174060552557037,86862979072,191636646,191636646,51.209,1.213,35.574,1.2155,0.997,1.434,2.34,0.0228,0.3701838426038828,0.03824,0.089090005,0.10383,0.82598996,464.89,558.2508,650.0,414.77,0.20082342059411906,buy,1.70833,26,62.12837884504962,,0.022014385959692837,-0.0013900052718351572,0.395579163922343,0.02987,1787774400,-0.22970241,2026-08-28T08:34:46,0.0229,,,Software - Infrastructure,0.5461651047512179,Hold
RUSHA,"Rush Enterprises, Inc.",16.650658,4.60162,3.72489,23.218184,1.1476474,3.42,26.476487102365045,7213001728,91714400,108391744,11.462,0.89,63.077,0.9039999999999999,0.356,1.452,9.02,0.0664,-0.16572261716807835,0.11795,0.03665,0.05113,0.19850999,76.62,89.5,95.0,83.0,0.1681023231532237,strong_buy,1.5,4,46.111240246643284,,0.013696877993555626,0.016229657717424104,0.14205256930927246,0.01353,1793217600,0.33484316,2026-08-28T08:34:46,0.0659,,,Auto & Truck Dealerships,0.5462536358027049,Hold
FBNC,First Bancorp,12.58387,5.0525,4.722,19.86875,6.4048,1.56,,2169225984,41374221,41374221,,0.82,,,,,8.37,0.059899997,0.16263206502425742,0.08144,0.32444,0.51192003,0.0,63.58,69.4,72.0,65.0,0.09153821956590136,none,,5,53.882870624793355,,0.01461108723678567,0.020707070707070712,0.342300185750282,0.019989999,1792612800,0.16468215,2026-08-28T08:34:46,0.0511,,,Banks - Regional,0.5466084242949242,Hold
KVUE,Kenvue Inc.,15.463171,1.24166,1.18284,22.588236,2.3934872,1.59,19.333604968453287,44381851648,1920773467,1920773467,12.75,0.431,81.617,0.8079999999999999,0.611,1.005,2.7,0.0319,0.029086503182105927,0.15581,0.107609995,0.19418,0.58437,19.2,19.5,23.0,18.0,0.015625,hold,2.78571,12,52.95296207028459,,-0.006776330705091083,-0.0027067620860542277,0.2829104809419436,0.00071999995,1793881800,-0.07291162,2026-08-28T08:34:46,0.0275,,,Household & Personal Products,0.5467106937815625,Hold
IP,International Paper Company,13.338685,2.9898,1.34423,-7.684007707129094,0.87258804,1.58,12.826752987826357,30296248320,529569895,529569895,7.701,0.894,68.509,0.8900000000000001,0.682,1.098,8.76,0.1595,-0.025080208443495455,-0.16479,-0.14205,0.02298,0.29608,39.88,48.0,61.0,39.0,0.20361083249749234,none,,11,42.744993298857736,,-0.023698851008817117,0.08052432426571833,1.4190000541325283,0.00241,1793190600,-0.19726247,2026-08-28T08:34:46,0.0907,7.52,-7.5,Packaging & Containers,0.5467986847605592,Hold
FWONA,Liberty Media Corporation - Ser,38.912968,2.41796,1.91118,117.612495,5.8664913,11.19,36.055271741512186,28092602368,23991058,250708485,32.78,0.653,59.879,1.1055000000000001,0.964,1.247,7.54,0.048600003,12.613072106448996,0.0273,0.055209998,0.15955,0.32579,94.09,111.0,124.0,100.0,0.1797215432033159,strong_buy,1.0,6,60.743707648423474,,0.033003264653103645,-0.01779214870661643,1.5157914295550634,0.01845,1793881800,0.044052362,2026-08-28T08:34:46,0.0048,,,Entertainment,0.546917006860952,Hold
NTRS,Northern Trust Corporation,14.701287,12.67032,11.42094,16.127274,3.7509382,1.24,,41304350720,182955653,182955653,,1.259,,,,,3.09,0.0227,0.42144606533693696,0.17066,0.2467,0.42496,0.0,186.27,184.26923,208.0,158.0,-0.010741235840446728,none,,13,75.52179065166777,,-0.024719032307456715,0.03933969680327165,0.2945492000625628,0.008590001,1792585800,0.4188757,2026-08-28T08:34:46,0.02,,,Asset Management,0.5471524619394973,Hold
TREX,"Trex Company, Inc.",22.844818,2.01665,1.76848,27.422619,3.8852131,1.0,67.36024507153297,4989826048,101865190,101865190,15.95,1.466,30.034,0.8294999999999999,0.598,1.061,4.21,0.1003,0.1348160446174007,0.17740999,0.14682999,0.20618999,0.38204,46.07,54.66667,61.0,42.0,0.18660017364879544,none,,18,50.76951485821703,,0.053450483991064834,0.08611821731520126,0.10054358484224102,0.008719999,1793795400,-0.25247443,2026-08-28T08:34:46,0.1063,,,Building Products & Equipment,0.5472300629763528,Hold
PPC,Pilgrim's Pride Corporation,10.764706,2.89,2.48714,13.644737,0.40179753,0.61,14.566739355795688,10145228800,238108524,238108524,5.726,0.266,82.717,0.9295,0.504,1.355,4.96,0.0323,-0.03202304602921324,0.1452,0.029590001,0.01619,0.09739,31.11,33.64286,42.0,28.0,0.08141626486660236,hold,2.625,7,73.73822613069339,,-0.10580528720837833,-0.08502898463545211,0.4471646073978367,0.82171,1793217600,-0.3001125,2026-08-28T08:34:46,0.181,,,Packaged Foods,0.547244442867821,Hold
ELAN,Elanco Animal Health Incorporat,19.137896,1.27966,1.13248,-61.224999999999994,2.4365578,4.04,14.792465774948177,15938738176,499449583,499449583,15.828,1.694,64.253,1.4789999999999999,0.908,2.05,3.81,0.0945,0.09581412871456951,-0.029779999,-0.03964,0.086260006,0.55359,24.49,31.21429,34.0,26.0,0.27457288689260917,strong_buy,1.41176,14,52.98776337678759,,0.06257330243293699,0.06989615905556588,1.4210396360679336,0.012259999,1793881800,0.33460486,2026-08-28T08:34:46,0.06,,,Drug Manufacturers - Specialty & Generic,0.5478456628580008,Hold
VSTS,Vestis Corporation,16.404833,0.77721,0.61259,-255.0,0.6248997,,24.364436070674046,2966223360,132160105,132160105,11.778,1.142,152.545,1.3439999999999999,0.522,2.166,5.01,0.089099996,-0.020378502271922394,-0.00602,-0.00196,0.058709998,0.26297,12.75,13.0,17.0,9.3,0.019607843137254832,hold,3.0,7,20.961578165770135,,0.26281179138322,0.16444677503932875,1.1028063520568785,0.16448,1795118400,1.724359,2026-08-28T08:34:46,0.0795,,,Rental & Leasing Services,0.5480551896545611,Hold
WLTH,Wealthfront Corporation,12.102894,0.7775,0.665,-24.763157894736842,3.7887578,,,986667072,149361216,149361216,-7.686,,1.528,1.1095000000000002,0.732,1.487,7.0,0.062800005,0.04880921268075378,-0.12880999,-0.14875,0.16078,0.89405,9.41,12.25,17.0,9.5,0.3018065887353878,buy,2.28571,6,50.884015347281576,,0.0,-0.003205128205128279,1.2208733146899455,0.1442,1788984000,-0.32544804,2026-08-28T08:34:46,0.0709,,,Software - Application,0.5480706339614727,Hold
DXCM,"DexCom, Inc.",28.581398,3.12406,2.66234,35.153545,6.780678,1.68,32.996260638228534,33145942016,377360765,377360765,23.622,1.41,53.346,1.5515,1.37,1.733,3.11,0.0506,0.17534029815738794,0.38491002,0.20118,0.24327,0.62473,89.29,94.12,115.0,79.0,0.05409340351663117,strong_buy,1.32143,25,70.48097691482177,,0.028339455459120696,0.01513905903225706,0.372053264107483,0.00261,1793304000,0.18516064,2026-08-28T08:34:46,0.044,,,Medical Devices,0.5480715259573259,Hold
NDSN,Nordson Corporation,25.562294,12.9425,11.905,33.519756,6.1841764,1.9,30.021796257615037,20131866624,55699366,55699366,21.017,0.964,55.619,1.435,1.047,1.823,4.59,0.0304,0.11264262684785309,0.17763,0.18631001,0.27403998,0.55391,330.84,349.7143,375.0,282.0,0.05704963124168794,buy,2.125,7,75.37541826650647,,0.027318650860082748,0.03173280890403156,0.03385839377999121,0.05592,1787169600,0.46981204,2026-08-28T08:34:46,0.0303,,,Specialty Industrial Machinery,0.5482497977858125,Hold
CPB,The Campbell's Company,12.192887,1.90931,2.16859,11.356098,,0.78,,13878241280,,,8.14,0.008,182.035,0.5945,0.323,0.866,7.91,0.2705,-0.044,0.15389,0.061240003,0.13102001,0.292,23.28,22.0,56.0,14.0,-0.054982817869415834,hold,3.3,17,44.530832875449796,,-0.0025527334946231356,-0.016629501473792142,0.1928424560306671,0.37469003,1788438600,-0.27090508,2026-08-28T08:34:46,0.2174,,,Packaged Foods,0.5485661492800185,Hold
ABBV,AbbVie Inc.,15.854912,16.28202,14.0106,73.96848,7.085101,0.43,27.040577597834858,520544321536,1767117285,1767117285,16.921,0.28,,0.6495,0.49,0.809,3.36,0.0115,0.10155269065799466,,0.098000005,0.40035,0.72792,258.15,276.5862,328.0,200.0,0.07141661824520651,buy,1.67742,29,64.88916181357698,,-0.009502991158725858,-0.0030046984004129785,0.5881077681193478,0.0011,1793277000,0.22694862,2026-08-28T08:34:46,0.0104,,,Drug Manufacturers - General,0.5486152061810176,Hold
FRT,Federal Realty Investment Trust,37.81322,3.09204,4.176,23.620203,7.6537185,3.59,22.40760427326461,15308605440,86889133,87418340,18.275,0.929,134.114,0.5585,0.553,0.564,0.02,0.0002,0.09007170192387592,0.12550999,0.32663,0.35035,0.68136,116.92,133.25,149.0,118.0,0.13966814916182013,buy,1.85,20,48.876592984425656,,0.03947309467270032,0.005306074675197967,0.24331565970702168,0.010290001,1793363400,0.1628046,2026-08-28T08:34:46,0.0002,,,REIT - Retail,0.5487338872407483,Hold
PII,Polaris Inc.,18.798155,3.39661,3.13694,-13.850325379609544,0.48332378,3.34,13.111836824251172,5395290112,56903524,56903524,10.964,1.285,244.899,0.7635,0.327,1.2,4.71,0.1148,0.07450649980834245,-0.25571,-0.03464,0.071729995,0.21948,63.85,72.73333,85.0,46.0,0.13912811276429116,hold,2.77778,15,31.21029825902582,,0.7198984599020786,0.09083172221544222,1.1702168160627986,0.063379996,1793044800,0.12849069,2026-08-28T08:34:46,0.075,,,Recreational Vehicles,0.5487359697671775,Hold
BOX,"Box, Inc.",18.942616,1.83396,1.61292,48.92958,7.046735,0.67,31.2960866809992,5422792704,137200773,137200773,-68.782,1.414,2048.842,0.7110000000000001,0.662,0.76,5.23,0.1408,0.19901971689328635,-5.75826,-0.1976,-0.22146,0.69536,34.74,37.5,50.0,26.0,0.07944732297063894,buy,2.4,8,60.80333717219949,,0.023510822593234088,0.01826136685414786,0.80037724836941,0.03272,1787688000,0.064664364,2026-08-28T08:34:46,0.1092,,,Software - Infrastructure,0.5487944808774532,Hold
MCB,Metropolitan Bank Holding Corp.,8.033635,11.41202,9.44406,11.678981,3.6428878,,,929422272,12397778,12397778,,0.979,,,,,3.77,0.0493,-0.04173183291393012,0.10245,0.27763999,0.3661,0.0,91.68,106.0,110.0,100.0,0.15619546247818494,none,,3,40.8380345758696,,-0.09177583431265247,-0.03602320568181054,0.11732023560848148,0.049089998,1792699200,0.15480542,2026-08-28T08:34:46,0.0514,,,Banks - Regional,0.5488650574618971,Hold
FMC,FMC Corporation,6.4906597,1.64236,1.2918,-0.5154738878143134,0.41059244,1.55,8.059274691799267,5285318144,125226839,125226839,19.626,0.405,265.047,1.5285000000000002,1.07,1.987,7.96,0.3136,-0.17709393750647973,-0.88376,-0.84830004,0.11833,0.31927,10.66,13.42067,21.0,11.0,0.2589746716697936,hold,2.5625,15,56.35580352250709,7.960934314424051,-0.21958351205543503,-0.18659211236633957,1.357340576139773,0.00931,1793217600,-0.72736573,2026-08-28T08:34:46,0.256,,,Agricultural Inputs,0.5489743392182027,Hold
WAT,Waters Corporation,25.458408,16.54699,14.5756,105.315,8.90595,1.81,-291.141451840346,46325997568,98185855,98185855,31.904,1.184,36.045,1.4569999999999999,1.053,1.861,4.12,0.037100002,0.29338813009266973,0.019199999,0.03588,0.09422,0.56337,421.26,436.0,475.0,349.0,0.03499026729335797,buy,1.75,23,54.85267537956289,,0.004311298192038404,0.0034475146966612006,0.04386710990499272,0.00103,1793363400,0.39582503,2026-08-28T08:34:46,0.0371,,,Diagnostics & Research,0.5492397167262542,Hold
CSWC,Capital Southwest Corporation,10.882605,2.334,2.23833,14.03315,6.8246174,12.54,17.461333103225112,1935365248,63733867,63733867,8.969,0.727,119.309,73.56450000000001,73.199,73.93,6.95,0.0784,-0.17431302261951254,0.11213,0.46679002,0.75818,1.0,25.4,25.3,29.0,21.0,-0.00393700787401563,none,,5,71.70617823447226,,0.028644301470588128,0.05229936880072142,0.26406511989352416,0.02779,1793649600,0.106271744,2026-08-28T08:34:46,0.0788,,,Asset Management,0.5493269743440118,Hold
RF,Regions Financial Corporation,10.69436,2.84262,2.62923,12.357723,3.578151,1.78,,31821656064,851929506,851929506,,1.012,,,,,5.33,0.0769,0.08300796299922975,0.118669994,0.30837,0.39314997,0.0,30.4,32.93,36.0,28.0,0.08322368421052628,hold,2.90909,20,59.16275435196076,,0.0072674752706628366,-0.0009980811538380274,0.08006041326903343,0.00261,1792153800,0.10989416,2026-08-28T08:34:46,0.0584,,,Banks - Regional,0.5500050182847589,Hold
BOKF,BOK Financial Corporation,12.850104,10.76178,10.31144,13.046226,3.6855652,1.46,,6905979904,60766867,60766867,,0.793,,,,,8.05,0.0924,0.15253302593335927,0.1086,0.28529,0.40091,0.0,138.29,152.0,175.0,146.0,0.09913948947863194,none,,8,40.62698044851492,,0.018492288788667172,0.021127970008852647,0.07778778105500239,0.63329,1792440000,0.24127102,2026-08-28T08:34:46,0.1099,,,Banks - Regional,0.5500558359093157,Hold
TDY,Teledyne Technologies Incorpora,23.441664,26.72592,24.7178,30.680706,4.55601,1.4,31.820557794872805,30728728576,46355673,46355673,19.297,0.92,18.565,1.671,1.161,2.181,2.42,0.0253,0.11062076479830218,0.09154,0.15292,0.20198,0.43339002,626.5,757.25,877.0,640.0,0.2086991221069434,buy,1.75,12,33.11034310991073,,0.023987551975514887,0.02927904421491913,0.061632372725726324,0.00841,1792585800,0.16413033,2026-08-28T08:34:46,0.022,,,Scientific & Technical Instruments,0.550056501672928,Hold
TCBK,TriCo Bancshares,12.293473,4.382,4.292,12.980722,4.0403614,1.94,,1722036352,31966630,31966630,,0.621,,,,,3.13,0.043,0.12415763563441007,0.103819996,0.31792998,0.43166,0.0,53.87,62.808,67.04,56.0,0.16591795062186754,none,,5,20.271968982432043,,0.01746425718234465,0.007743202562822939,0.04664072864421403,0.0858,1792672200,0.18604136,2026-08-28T08:34:46,0.0432,,,Banks - Regional,0.5503973245286052,Hold
SBRA,"Sabra Health Care REIT, Inc.",26.652248,0.77667,0.67,79.61539,6.1220775,5.28,34.090304842174056,7676809216,255462756,255462756,20.795,0.643,95.672,3.4115,3.249,3.574,8.01,0.1325,0.1761376910848016,0.02388,0.07576,-0.12527001,0.50268,20.7,22.57143,25.0,19.0,0.09040724637681152,buy,2.3125,14,49.18147788526294,,0.0,0.04485221906824684,1.148950648548622,0.01396,1793822400,0.08320248,2026-08-28T08:34:46,0.0983,,,REIT - Healthcare Facilities,0.5504347004236875,Hold
COHU,"Cohu, Inc.",27.99729,1.84625,0.95,-62.27710843373494,4.682211,1.15,36.91066844277847,2280001536,47338433,47338433,180.637,1.597,42.764,5.1315,4.521,5.742,8.62,0.2281,0.3647966420857234,-0.04836,-0.07427,0.00621,0.43951,51.69,70.875,80.0,65.0,0.3711549622751016,none,,8,51.653590303388114,,0.6339026194038835,0.2486727040315981,1.2229341404466116,0.02809,1793304000,1.5974874,2026-08-28T08:34:46,0.1941,,,Semiconductor Equipment & Materials,0.5505739811948887,Hold
MAN,ManpowerGroup,12.821728,4.85192,3.62035,27.89686,0.15456815,0.94,23.143461498440924,4132611584,46507342,46507342,9.992,0.661,67.414,1.0194999999999999,0.996,1.043,3.35,0.14310001,0.06980054891118037,0.050809998,0.00557,0.024419999,0.16235,62.21,57.33333,72.0,47.0,-0.07839045169586889,none,,9,75.59753405882977,,-0.020764811528973845,0.013024215269107286,1.0237135609608576,0.01762,1792067400,0.46721697,2026-08-28T08:34:46,0.1152,,,Staffing & Employment Services,0.5506028031648423,Hold
ZWS,Zurn Elkay Water Solutions Corp,23.877089,2.03333,1.831,30.53459,4.5072775,1.6,24.956074986755713,8238201856,165864097,165864097,17.667,0.784,33.181,2.5469999999999997,2.041,3.053,4.59,0.0375,0.12090840249773893,0.16919,0.15454,0.31365,0.49008998,48.55,58.22222,65.0,52.0,0.19922183316168907,buy,2.3,9,37.880797856296745,,0.04155408288062804,0.055726895119418446,0.4203741992386937,0.116239995,1793131200,0.07032633,2026-08-28T08:34:46,0.0312,,,Pollution & Treatment Controls,0.5506765393191008,Hold
OMCL,"Omnicell, Inc.",15.985646,2.09,2.26875,39.77381,1.2187749,15.4,11.323812563890895,1431824256,45478909,45478909,17.422,0.973,15.484,1.419,1.194,1.644,4.16,0.0896,0.10725765211298266,0.03059,0.03135,0.05909,0.44014,33.41,57.85714,70.0,45.0,0.7317312181981446,strong_buy,1.375,7,36.5011220850821,,0.17096774193548378,-0.04783599088838268,1.4164033137166259,0.021459999,1793277000,0.025161147,2026-08-28T08:34:46,0.0759,,,Health Information Services,0.5508404274448003,Hold
GGG,Graco Inc.,22.696695,3.508,3.29667,25.037737,5.6875033,2.56,24.0294539895311,12439400448,161953824,161953824,16.924,0.916,2.07,2.51,2.028,2.992,4.58,0.053000003,0.06603460462903299,0.21240999,0.23533002,0.29729,0.52642,79.62,91.28571,100.0,84.0,0.14651733232856046,hold,2.63636,7,14.300419770913493,,0.06188336473885106,0.0408440331153447,0.062058776538307873,0.0075499997,1792612800,-0.067572296,2026-08-28T08:34:46,0.0418,,,Specialty Industrial Machinery,0.5508901114727311,Hold
TSN,"Tyson Foods, Inc.",12.360428,4.478,3.95055,35.031643,0.34962854,1.04,16.34603247294056,26844213248,281792507,351801512,9.684,0.378,44.025,0.9585,0.484,1.433,2.37,0.026700001,0.26125860049217,0.03263,0.01031,0.02711,0.06554,55.35,68.75,78.0,56.0,0.24209575429087615,hold,2.61538,12,32.930455232663306,,-0.020458411231174364,-0.0006360400370466459,1.2618077703028325,0.02614,1794227400,-0.02518493,2026-08-28T08:34:46,0.0268,,,Farm Products,0.5509973810137967,Hold
UFPT,"UFP Technologies, Inc.",25.264267,11.8725,10.62,32.853233,3.6782875,3.8,66.62436078344648,2450640640,7745790,7745790,21.143,1.057,29.483,2.307,1.614,3.0,5.21,0.1926,0.14520918072914446,0.17052001,0.11446,0.1619,0.28496,299.95,355.0,360.0,350.0,0.18353058843140535,none,,2,41.25730645294898,,0.022628791526239714,0.015828877005347637,0.2233813942633547,0.03995,1793649600,0.42724586,2026-08-28T08:34:46,0.1436,,,Medical Devices,0.5510213279914512,Hold
NOVT,Novanta Inc.,33.125927,4.36667,3.69333,91.55063,5.3125625,,46.208734668269955,5037287424,37817770,37817770,27.838,1.676,17.668,4.1095,3.65,4.569,11.01,0.1458,0.049305932105462524,0.051090002,0.05998,0.11497,0.44544998,144.65,194.5,195.0,194.0,0.344624956792257,none,,2,42.87472478518859,,0.02878272980501397,0.05390350273813583,0.14871689527832568,0.0070700003,1793709000,0.24259079,2026-08-28T08:34:46,0.1278,,,Scientific & Technical Instruments,0.5511404343728098,Hold
HTH,Hilltop Holdings Inc.,15.48996,2.49,2.40667,14.338289,1.7393835,0.61,,3639686144,57286417,57286417,,0.881,,,,,8.68,0.0645,0.1569418279380259,0.076009996,0.12734,0.15799,0.0,38.57,42.0,42.0,42.0,0.08892921960072586,none,,3,46.52655514846983,,0.011205882352941258,0.03750000000000013,0.25300518256656535,0.32676998,1792699200,0.09948683,2026-08-28T08:34:46,0.056,,,Financial Conglomerates,0.5512985685490052,Hold
IBKR,"Interactive Brokers Group, Inc.",30.35295,3.18091,2.70912,38.466137,24.067799,1.89,,-24989302784,453077771,1703815587,,1.343,205.748,1.093,1.093,1.093,1.75,0.0207,3.738419842751455,0.24018998,0.16474001,0.76532996,0.93036,96.55,106.13333,121.0,70.0,0.0992576903158986,buy,1.84615,12,77.70304276182515,41.91030846347848,-0.0052872752908002104,-0.003218245288576709,0.3419068012834399,0.026659999,1792526400,0.5512532,2026-08-28T08:34:46,0.0184,,,Capital Markets,0.5513608687920207,Hold
EWBC,"East West Bancorp, Inc.",11.403917,11.3689,10.64038,12.4543705,6.149557,5.58,,16615351296,137011856,137011856,,0.933,,,,,5.6,0.0286,0.16987675869451757,0.16577,0.50064,0.65281,0.0,129.65,148.25,160.0,131.0,0.14346317007327425,buy,1.625,16,42.056529370335255,,0.0035263637898366646,0.005795606450808097,0.08351887670496487,0.00892,1792526400,0.2331177,2026-08-28T08:34:46,0.0286,,,Banks - Regional,0.5515100633995147,Hold
PNRG,PrimeEnergy Resources Corporati,34.05987,6.18,13.85,20.161879,1.8745757,,13.889538628524196,305000480,1582600,1582600,3.147,-0.259,0.278,1.4300000000000002,1.375,1.485,1.13,0.13340001,0.008303108808290105,0.11715999,0.13966,0.20073,0.64878,210.49,166.0,166.0,166.0,-0.21136396028314886,hold,3.0,1,66.46223489818888,,-0.008589835361488976,0.06185567010309268,0.35892995598322397,0.61296004,1794855600,0.39148545,2026-08-28T08:34:46,0.1412,,,Oil & Gas E&P,0.5516569901826461,Hold
DG,Dollar General Corporation,15.637829,8.05035,7.39183,17.364138,0.6447642,1.76,14.753002376063725,41528918016,220616790,220616790,12.259,0.235,178.649,0.6785,0.188,1.169,3.05,0.0334,0.0314419961962098,0.1891,0.03632,0.05919,0.30827,125.89,132.65517,175.0,90.0,0.053738740169989585,buy,2.45161,29,55.20870821968618,,0.002316409619338492,0.005369468483935391,0.3082730892649924,0.0028,1787833800,0.15750277,2026-08-28T08:34:46,0.0298,,,Discount Stores,0.5516600288427804,Hold
HNRG,Hallador Energy Company,21.229876,0.78333,-0.275,831.5,1.7234045,1.26,-153.34470726877095,802724032,47143357,47143357,13.984,0.295,25.066,0.46349999999999997,0.208,0.719,4.02,0.0866,-0.10024418922903611,-0.0058399998,-0.002,-0.124560006,0.18505,16.63,28.33333,29.0,28.0,0.7037480457005414,strong_buy,1.0,3,57.23744546540671,,-1.0,-0.292173818753558,1.5718851580320787,0.11955,1794254400,0.019619823,2026-08-28T08:34:46,0.093,,,Utilities - Independent Power Producers,0.5517913853539147,Hold
BC,Brunswick Corporation,14.329902,5.41525,4.55848,-61.58730158730158,0.8931385,0.76,13.73612531997815,7030480384,64797428,64797428,11.653,1.338,136.481,1.0015,0.556,1.447,0.01,0.0001,0.08586519205669685,-0.048270002,-0.01528,0.06804,0.25947002,77.6,90.70588,120.0,76.0,0.16889020618556705,buy,2.1,17,42.54070905295577,,0.06602683728783447,0.016723054797246888,1.0166454040924788,0.00868,1792672200,0.2203176,2026-08-28T08:34:46,0.0001,,,Recreational Vehicles,0.5519844969038064,Hold
BUSE,First Busey Corporation,11.079682,2.72571,2.69,12.2764225,3.185457,1.91,,2297714176,82576956,82576956,,0.71,,,,,4.25,0.0448,0.0688733896173166,0.09634,0.29507,0.47087002,0.0,30.2,33.28571,35.0,31.0,0.10217582781456969,none,,7,35.535924595522104,,0.024484806014373153,0.005797047970479664,0.18354029186405857,0.04281,1793131200,0.2226721,2026-08-28T08:34:46,0.045,,,Banks - Regional,0.5520545041491615,Hold
PRI,"Primerica, Inc.",10.726537,27.17,25.15625,11.718536,2.5729792,1.07,8.633209511635265,10136679424,30777350,30777350,9.034,0.871,71.521,2.441,1.152,3.73,6.29,0.0479,0.21367395178597248,0.32966,0.22839001,0.31542,0.72097,291.44,332.83334,370.0,276.0,0.1420304007685973,buy,2.25,6,27.1656791577187,,0.02084812823374259,0.014307088086777643,0.2960663270741704,0.0055400003,1793822400,0.08205247,2026-08-28T08:34:46,0.0365,,,Insurance - Life,0.5523706586091024,Hold
DUOL,"Duolingo, Inc.",18.701279,7.63905,6.62241,16.630966,5.813346,,22.17300580694044,5456156160,40237065,46593117,30.476,0.881,6.11,2.614,2.509,2.719,5.66,0.202,0.3363876962695964,0.3442,0.35875,0.11684,0.72717005,142.86,127.06889,163.0,80.0,-0.11053555928881431,hold,2.79167,18,66.86496889147924,,-0.009778985946071952,-0.027198833643868877,1.4266900565184604,0.01523,1793822400,-0.5203787,2026-08-28T08:34:46,0.1775,,,Software - Application,0.5524600870100427,Hold
HUBB,Hubbell Inc,20.555984,22.87801,20.45775,27.876703,3.9922395,2.15,50.111890939936586,30019100672,52832571,52832571,19.808,0.899,141.642,1.2175,0.826,1.609,4.62,0.0583,0.16478540860712632,0.24444,0.14491999,0.21666999,0.35338002,470.28,564.8182,630.0,502.0,0.20102534660202442,buy,1.92308,11,36.6932297929225,,0.02356817283493532,0.020385853581517906,0.21992441338429536,0.00343,1793104200,0.096220374,2026-08-28T08:34:46,0.0509,,,Electrical Equipment & Parts,0.5524609133280189,Hold
ES,Eversource Energy (D/B/A),14.444638,4.90978,4.65312,18.614174,1.9083483,2.62,32.900300278334434,54857809920,376674754,376674754,11.121,0.702,180.7,0.6315000000000001,0.463,0.8,4.52,0.0355,0.007900447673750755,0.09016,0.10354,0.23923,0.52752,70.92,73.58333,85.0,52.0,0.037554004512126316,hold,2.75,12,49.136479024666855,,0.00013326168726502074,0.001542158450661086,0.8684096188961493,0.0016699999,1793822400,0.10691428,2026-08-28T08:34:46,0.027,,,Utilities - Regulated Electric,0.5529643748331791,Hold
MTSI,MACOM Technology Solutions Hold,32.691647,8.4777,5.51229,88.26433,18.18443,2.05,202.83562832022048,20917225472,76370931,76370931,75.773,1.71,26.873,2.0085,1.679,2.338,1.66,0.0357,0.32278832677841796,0.17184,0.20698999,0.23337,0.56536,277.15,395.33334,475.0,300.0,0.42642374165614316,buy,1.6875,15,43.04360792528421,,0.09615074859259827,0.22268229470887796,1.2844141217927993,0.06552,1793881800,1.1626999,2026-08-28T08:34:46,0.0341,,,Semiconductors,0.553047492821754,Hold
WSBC,"WesBanco, Inc.",10.455573,3.86875,3.58429,11.491478,3.7061672,1.23,,4979171328,95905889,95905889,,0.69,,,,,6.6,0.0669,0.03586454425129193,0.08979999,0.3401,0.48699,0.0,40.45,44.5,47.0,41.0,0.10012360939431386,buy,2.125,8,50.72563587027889,,0.0,0.0,0.14593170969156688,0.02121,1792612800,0.23323166,2026-08-28T08:34:46,0.0684,,,Banks - Regional,0.5530531729381705,Hold
KGS,"Kodiak Gas Services, Inc.",18.687874,3.2192,2.55906,68.36364,4.368004,,378.03946318610883,8767342592,101104031,101104031,11.704,0.906,130.257,1.2875,1.128,1.447,5.15,0.108500004,0.05107494873275642,0.04587,0.057729997,0.34208,0.63846,60.16,83.13333,93.0,69.0,0.3818705119680852,strong_buy,1.33333,15,44.359736981219335,,0.001310790347887744,0.07892523066920042,0.6146137860513584,0.00622,1793736000,0.6809164,2026-08-28T08:34:46,0.0864,,,Oil & Gas Equipment & Services,0.5530763378454194,Hold
BALL,Ball Corporation,14.011325,4.52277,4.02452,18.368114,1.1708957,1.24,44.15729165315345,23876251648,264703357,264703357,11.501,0.956,131.495,0.837,0.605,1.069,3.43,0.0294,0.25449609181949295,0.17151,0.0661,0.09232,0.1863,63.37,72.57143,79.0,63.0,0.14520167271579631,none,,14,41.671854217738186,,0.0064621325037262515,0.000544210463441695,1.0062132459883064,0.0025799999,1793709000,0.2038374,2026-08-28T08:34:46,0.0253,,,Packaging & Containers,0.5531006144968693,Hold
LGIH,"LGI Homes, Inc.",16.663742,3.42,2.92,20.426525,0.78733104,,6.3600413918544865,2849349120,23248272,23248272,38.976,1.841,74.344,16.950499999999998,0.869,33.032,9.09,0.20729999,0.06410302236656551,0.03159,0.03932,0.0572,0.19646,56.99,93.0,93.0,93.0,0.6318652395157045,none,,1,56.167951496411504,,-0.1411764705882353,-0.14070351758793972,0.5171766190855869,0.12599,1793709000,-0.07947022,2026-08-28T08:34:46,0.1492,10.17,1.86,Residential Construction,0.5531744677847183,Hold
ULTA,"Ulta Beauty, Inc.",16.959562,31.84634,28.79132,20.36576,1.827035,1.89,23.86085743598702,25299668992,42989311,42989311,13.39,0.852,89.209,0.7575,0.204,1.311,3.49,0.0466,0.1615576160315757,0.47449002,0.09355,0.14168,0.43186,540.1,623.5417,735.0,450.0,0.15449305684132564,buy,1.84615,24,34.46455324532478,,0.0002771755326945517,-0.0011276862188772244,0.03471611095135368,0.00242,1787860800,0.09613788,2026-08-28T08:34:46,0.0467,,,Specialty Retail,0.5532368725459248,Hold
KEY,KeyCorp,10.30566,2.13669,1.8286,12.952941,3.187922,1.63,,38501171200,1067128554,1067128554,,1.032,,,,,0.0,0.0,0.1313242861047086,0.1033,0.2754,0.3471,0.0,22.02,26.02105,43.0,22.0,0.18170072661217063,none,,19,48.39634946722817,,0.0016597555831877652,-0.005654213436086289,0.8446002132226481,0.00298,1792499400,0.1373967,2026-08-28T08:34:46,0.0,,,Banks - Regional,0.5532593339619761,Hold
WOR,"Worthington Enterprises, Inc.",13.984271,4.1325,3.734,18.463259,2.046981,1.97,120.97654385198368,3156465920,48926784,48926784,22.453,1.206,34.689,1.8045,1.24,2.369,4.73,0.0322,0.18970830986970255,0.15777001,0.113000005,0.06448,0.27386,57.79,65.6,76.0,50.0,0.13514448866585904,buy,2.25,5,57.75948748941346,,0.0,-0.041183294663572935,0.47551195763677856,0.37485,1790107200,-0.12173253,2026-08-28T08:34:46,0.032,,,Metal Fabrication,0.5535356635059949,Hold
BWIN,"The Baldwin Insurance Group, In",12.166441,2.47895,2.01216,-28.72380952380952,1.6806197,,11.476161502540098,5839444480,96838572,96838572,50.073,1.023,180.472,0.9435,0.814,1.073,9.92,0.1466,-0.05095460102406302,-0.10662,-0.04675,0.02002,0.31261998,30.16,32.22222,38.0,26.0,0.06837599469496025,buy,1.8,9,55.01529143240722,,-0.002315514941765023,-0.00924430873513223,0.6391799466732581,0.02468,1793736000,-0.047679186,2026-08-28T08:34:46,0.164,,,Insurance Brokers,0.5535425967131797,Hold
HWC,Hancock Whitney Corporation,10.2944765,7.28546,6.49204,14.705883,4.2599597,1.76,,6859421184,80223058,80223058,,0.96,,,,,5.93,0.0861,0.14477904843766987,0.097040005,0.30262,0.4386,0.0,75.0,83.8,91.0,74.0,0.11733333333333329,buy,1.8,10,48.88367243786208,,0.0,0.0,0.11934563594557415,0.00939,1791921600,0.19198978,2026-08-28T08:34:46,0.0642,,,Banks - Regional,0.5538184457187056,Hold
ALNY,"Alnylam Pharmaceuticals, Inc.",18.79371,12.58719,8.91542,41.64789,6.588819,0.46,116.56989699682691,31333226496,133809118,133809118,29.713,0.279,220.623,2.923,2.791,3.055,2.29,0.0475,0.6263284240465588,0.96555,0.16126,0.17928,0.79654,236.56,370.2,536.0,230.0,0.5649306729793708,buy,1.67857,26,67.78836923128867,,-0.053921292931008086,-0.06346079012746182,1.1063773764678022,0.00184,1793277000,-0.4702022,2026-08-28T08:34:46,0.0358,,,Biotechnology,0.5539188020541608,Hold
ALNT,Allient Inc.,28.834623,3.31858,2.73724,54.994255,2.829588,,50.3569171687508,1782108288,16996512,16996512,23.3,1.616,63.283,2.604,1.785,3.423,1.79,0.041199997,0.09761625208748725,0.09514,0.04977,0.10568,0.33328998,95.69,118.0,130.0,90.0,0.23314870937402032,buy,1.6,5,35.56204544954866,,0.08405115227266423,0.07172314459274845,0.2561251976713111,0.14352,1793822400,1.108638,2026-08-28T08:34:46,0.0348,,,Electronic Components,0.5539251112039917,Hold
WSO,"Watsco, Inc.",23.595196,13.26753,12.14305,26.963823,1.7730165,1.32,26.700363598062044,12630093824,35588756,41252194,18.015,1.042,15.411,2.3055,1.412,3.199,0.0,0.0,0.1716606868753714,0.16744,0.06531,0.1094,0.27512,313.05,378.7,485.0,330.0,0.20971090880051113,hold,2.78571,10,39.73290524572157,52.008679012419215,-0.04090750265995955,-0.037405852259909646,0.08967822712725605,0.00382,1793190600,-0.22200406,2026-08-28T08:34:46,0.1055,5.72,4.36,Industrial Distribution,0.5539557051031005,Hold
MGNI,"Magnite, Inc.",18.122576,1.289,1.104,21.236364,4.5150805,0.09,20.911469581047154,3434751232,143424157,143424157,21.85,2.272,44.536,1.016,1.007,1.025,4.12,0.088,0.09406563146820535,0.19579001,0.22489999,0.16192,0.64785004,23.36,27.33333,40.0,21.0,0.17009118150684932,strong_buy,1.46667,15,54.91172287008159,,-0.0014110496038206933,0.042880258899676324,1.2243324920388312,0.0123000005,1793822400,-0.09980732,2026-08-28T08:34:46,0.079,,,Advertising Agencies,0.5540582939198058,Hold
STBA,"S&T Bancorp, Inc.",12.482281,3.99286,3.94,13.25532,4.3431997,1.23,,1816754176,35265492,35265492,,0.839,,,,,8.07,0.075100005,0.1536803740041397,0.09872,0.34754002,0.44693002,0.0,49.84,53.33333,57.0,51.0,0.07009089085072207,none,,6,31.026403053906307,,0.053073290159110324,0.04681605226660785,0.041725600894392846,0.01578,1792672200,0.2614528,2026-08-28T08:34:46,0.0631,,,Banks - Regional,0.5540603091481328,Hold
MNST,Monster Beverage Corporation,35.685085,1.30867,1.15481,43.240738,9.923869,2.84,54.41710143378361,88161394688,1959051764,1959051764,30.055,0.524,0.992,3.414,3.099,3.729,3.34,0.0274,0.19819855302608524,0.25704,0.23079,0.2918,0.55546004,46.7,50.28261,57.0,35.0,0.07671541755888645,buy,2.11538,23,70.36165201094232,,0.006649692451723957,0.014692435255645342,0.2186577528728726,0.28299,1793908800,0.4965551,2026-08-28T08:34:46,0.0274,,,Beverages - Non-Alcoholic,0.5540996232363444,Hold
PLTR,Palantir Technologies Inc.,80.341705,2.31424,1.60272,151.1626,72.5804,2.31,206.93793337966957,437713666048,2300713329,2403058480,164.391,1.563,2.139,7.1615,7.095,7.228,1.52,0.0318,0.9880231929164436,0.38097,0.49005002,0.47120997,0.84796,185.93,191.68,255.0,80.0,0.030925617167751218,buy,1.8125,27,55.11359853976576,,0.08579480786949208,0.10492341774569343,1.2354624734701296,0.03477,1793649600,0.18645906,2026-08-28T08:34:46,0.0324,,,Software - Infrastructure,0.5541047525420715,Hold
PKG,Packaging Corporation of Americ,18.837559,12.93639,10.49928,31.648052,2.277218,1.93,50.14981572376244,25390985216,89098299,89098299,12.695,0.807,94.474,2.354,1.767,2.941,4.31,0.0383,0.15833506091962546,0.14887,0.07256,0.13121,0.21385999,243.69,260.5,312.0,167.0,0.06898108252287738,buy,2.0,10,51.43583121804998,,0.007624884475082737,0.027887847912781535,0.1295470427691172,0.01579,1792612800,0.118049145,2026-08-28T08:34:46,0.0338,,,Packaging & Containers,0.5541243458997438,Hold
PFSI,"PennyMac Financial Services, In",6.606073,11.13975,7.14819,10.025885,1.1474544,,,27234158592,51951572,51951572,,1.442,549.403,0.6995,0.467,0.932,4.28,0.0962,0.013266355058514812,0.09377,0.11777,0.04483,0.86019,73.59,90.57143,100.0,78.0,0.23075730398151917,buy,2.125,7,39.33990446912761,,-0.26307319587628863,-0.14664610604500672,0.44961220889154424,0.34561002,1792526400,-0.33160764,2026-08-28T08:34:46,0.1032,,,Mortgage Finance,0.5541671929716042,Hold
FFBC,First Financial Bancorp.,9.409688,3.47833,3.2,11.5653715,3.6054766,1.12,,3656718336,104968940,104968940,,0.929,,,,,4.97,0.059,0.06280104381353202,0.10286,0.29931998,0.39804,0.0,32.73,37.57143,40.0,35.0,0.14792025664527975,none,,7,35.44905097258129,,-0.02190624360036302,0.012823611285010963,0.07658460260654275,0.01012,1792699200,0.23602724,2026-08-28T08:34:46,0.0513,,,Banks - Regional,0.5543021152754494,Hold
IPGP,IPG Photonics Corporation,33.796936,2.28571,1.82286,113.60294,3.07273,1.83,67.78255572402554,2430728192,42534539,42534539,22.21,0.999,0.764,5.301500000000001,4.424,6.179,8.55,0.2233,0.1110042053118292,0.01302,0.02577,0.07595,0.38351002,77.25,126.21429,152.0,92.5,0.6338419417475729,none,,7,40.25414527881976,91.233372013112,0.20056904625476674,-0.011127310798942726,1.2646708848884598,0.39084998,1793709000,-0.05585432,2026-08-28T08:34:46,0.133,9.46,10.5,Semiconductor Equipment & Materials,0.5543833036799918,Hold
LSTR,"Landstar System, Inc.",23.787374,7.64271,5.91918,46.976746,1.2350664,1.25,63.80818772440356,5961136128,33936925,33936925,24.34,0.891,16.625,1.784,1.743,1.825,2.46,0.0506,0.2161226215987453,0.14977999,0.02636,0.04615,0.19034,181.8,196.375,240.0,145.0,0.08017051705170508,hold,2.83333,16,51.3994573364982,,0.01937774899856371,0.027699039361438898,0.5136805869081921,0.00775,1793131200,0.3738382,2026-08-28T08:34:46,0.0425,,,Integrated Freight & Logistics,0.5544872980791723,Hold
PENN,"PENN Entertainment, Inc.",14.502821,1.19494,0.95524,-2.864462809917355,0.32497698,1.01,-42.83115854578923,12374459392,134066591,134264431,14.18,1.409,596.731,0.8215,0.758,0.885,5.12,0.1407,0.18209608238640174,-0.37578,-0.12663999,0.0793,0.35161,17.33,24.39474,30.0,18.0,0.407659549913445,buy,1.95,19,10.694908208064248,,0.07536953022098633,-0.17413781187366104,0.9534268753665723,0.01588,1793881800,-0.14335144,2026-08-28T08:34:46,0.1167,,,Resorts & Casinos,0.5545587073309509,Hold
SHOO,"Steven Madden, Ltd.",16.109728,2.7741,2.19122,22.570705,1.193301,2.17,14.929465130795945,3585188352,73177095,73177095,12.92,1.171,38.796,1.463,1.02,1.906,3.39,0.0767,0.1820599027605565,0.15913,0.05228,0.06686,0.46948,44.69,51.55556,56.0,36.0,0.15362631461177,none,,9,22.115626630233706,,0.03280998864070209,0.029843598605640537,0.4697930149520673,0.02165,1793795400,0.5389118,2026-08-28T08:34:46,0.0478,,,Footwear & Accessories,0.5548495264149013,Hold
GOOGL,Alphabet Inc.,22.99978,14.81101,20.59201,17.152567,9.3439,0.94,183.8132368654442,4062489608192,5867155790,12229934831,23.46,1.237,18.859,2.5975,2.471,2.724,2.35,0.0124,1.576546958171022,0.48676,0.54771,0.34033,0.60897,340.65,428.06668,515.0,340.0,0.25661729047409376,strong_buy,1.35938,54,48.5322851282721,,0.0017298438180089473,0.004796031542896202,0.37606657973310714,0.01596,1793217600,0.5999718,2026-08-28T08:34:46,0.0067,,,Internet Content & Information,0.5549036118658836,Hold
SJM,The J.M. Smucker Company,12.113694,10.88355,10.35121,61.320927,1.538028,2.17,9.003472414008963,20775112704,106823183,106823183,8.733,,117.163,0.579,0.288,0.87,3.21,0.040900003,0.04863192477610423,0.03931,0.02506,0.23079,0.39375,131.84,134.25,152.0,114.0,0.018279733009708643,buy,2.10526,16,72.84217737094278,,0.03513859735615513,0.013240949928776634,1.4697349674750664,0.022650002,1795523400,0.19301426,2026-08-28T08:34:46,0.0409,,,Packaged Foods,0.554947481452522,Hold
TFC,Truist Financial Corporation,10.080605,4.98978,4.61039,11.563218,3.2293355,1.28,,89691799552,1221626188,1221626188,,0.87,,,,,3.34,0.020299999,0.14206300888500611,0.09059,0.30692,0.39815,0.0,50.3,55.36111,62.0,45.0,0.10061848906560633,none,,18,36.06719614330859,,0.018681614904636518,-0.01939482791487429,0.7932048611053999,0.00176,1792153800,0.07432723,2026-08-28T08:34:46,0.0204,,,Banks - Regional,0.554987661807858,Hold
FTK,"Flotek Industries, Inc.",30.123457,0.81,0.715,24.158415,3.016638,4.32,-38.674431148599126,935436416,36220429,36220429,22.946,1.477,44.259,1.6205,1.461,1.78,5.73,0.1997,0.40368418054904875,0.37796003,0.1297,0.14981,0.24679,24.4,38.25,43.0,32.0,0.5676229508196722,strong_buy,1.0,6,10.149914732671334,,0.3240740740740739,0.012500000000000011,1.6406978148865052,0.60745996,1793736000,1.0181968,2026-08-28T08:34:46,0.2002,,,Oil & Gas Equipment & Services,0.5549961847190609,Hold
CPRT,"Copart, Inc.",19.550972,1.67562,1.582,20.222221,6.538144,4.0,30.33027455411301,26240169984,925811482,925811482,13.379,1.014,1.059,7.4510000000000005,7.289,7.613,3.99,0.060599998,0.06542310611783919,0.17607,0.33481997,0.37530997,0.47522998,32.76,40.2,55.0,25.0,0.2271062271062272,buy,2.23077,10,69.30356578279611,,-0.0014076238929953064,-0.004343615004783281,0.14401645996461915,0.09012,1788465600,-0.32882607,2026-08-28T08:34:46,0.0533,,,Specialty Business Services,0.5550062239949854,Hold
NWS,News Corporation,23.364117,1.51172,1.31961,34.291264,2.1015165,3.16,18.153321251741726,20633978880,177727829,537159929,15.422,0.911,31.561,1.513,1.403,1.623,5.27,0.108500004,2.2100971375506986,0.07979,0.06347,0.12537,0.57167,35.32,,,,,strong_buy,1.5,,81.86949850303854,,0.02201861862792171,0.02592431728106847,0.850018448833962,0.35224,1793908800,0.042810798,2026-08-28T08:34:46,0.0111,,,Entertainment,0.5551444482540775,Hold
RPM,RPM International Inc.,15.643384,6.75685,6.00512,20.68493,1.7157753,1.77,28.099570749547787,16134829056,127643000,127643000,13.48,1.047,89.022,1.3345,0.991,1.678,3.5,0.0372,0.07815604459312309,0.21371001,0.08411,0.15307,0.41435,105.7,130.5,151.0,115.0,0.2346263008514664,strong_buy,1.28571,14,17.115646838253838,,-0.0010031358392320903,0.00010212902003499551,0.15651439453415628,0.01249,1790857800,-0.15649188,2026-08-28T08:34:46,0.0291,,,Specialty Chemicals,0.5555298536946879,Hold
GRPN,"Groupon, Inc.",8.285107,2.35,1.47,-6.084375,1.5917583,14.66,13.598779960474303,877922304,40665296,40665296,108.012,0.281,,0.73,0.671,0.789,8.19,0.5071,-0.013837449996675355,,-0.25261998,0.0196,0.90722,19.47,30.66667,40.0,22.0,0.5750729327170006,buy,2.33333,3,24.065285387196795,44.91852283807501,-0.20003000075001873,0.032004128016512035,0.923130885895344,0.18958999,1793908800,-0.25402302,2026-08-28T08:34:46,0.7472,9.5,2.64,Internet Content & Information,0.5560562466177504,Hold
SCCO,Southern Copper Corporation,30.309782,7.13565,7.62602,32.04148,11.567041,5.41,36.48644315096961,183985553408,844343686,844343686,18.573,1.137,67.863,4.7355,4.411,5.06,9.58,0.11310001,0.40443985779857883,0.49897,0.35866,0.61162996,0.64502,216.28,169.05853,275.0,126.97628,-0.21833488995746264,underperform,3.77778,17,73.90480021143443,,-0.004150016976155079,-0.0009310726236645899,0.2653755247182348,0.88988,1793131200,1.3375511,2026-08-28T08:34:46,0.1206,,,Copper,0.5562658156695602,Hold
CATY,Cathay General Bancorp,10.475548,5.93,5.528,12.1328125,5.2115846,1.33,,2973247488,66713820,66713820,,0.85,,,,,5.22,0.0558,0.1891921591058643,0.117060006,0.4367,0.62619996,0.0,62.12,65.8,80.0,53.0,0.05924018029620082,none,,5,37.30991126031697,,0.00912741876597295,0.004403794037940346,0.09287083276644233,0.046329997,1792612800,0.24464035,2026-08-28T08:34:46,0.0394,,,Banks - Regional,0.556447699388984,Hold
ACAD,ACADIA Pharmaceuticals Inc.,33.405994,0.88996,0.59933,13.272321,4.498898,50.86,74.62296886972483,4240023040,172305518,172305518,43.093,0.845,5.652,3.2475,3.107,3.388,5.64,0.086899996,0.13060434895648543,0.35743,0.33416,0.12286,0.62061,29.73,34.0,49.0,17.0,0.1436259670366633,buy,1.7619,20,61.850141105198496,,0.6344769281117051,0.04137608237772051,1.2255824522576588,0.00329,1793822400,0.14390147,2026-08-28T08:34:46,0.0739,,,Biotechnology,0.5564746050439165,Hold
PLOW,"Douglas Dynamics, Inc.",13.062742,3.2275,3.12,18.905828,1.3916788,0.91,28.36339635816288,1261064320,23077046,23077046,13.382,1.221,96.946,1.583,1.004,2.162,1.27,0.0276,0.11133751694215976,0.18345,0.07517,0.16514,0.27305,42.16,54.0,57.0,50.0,0.28083491461100585,none,,4,21.795809514849367,,0.09666080843585234,0.05301794453507344,0.3369380044849856,0.015149999,1793622600,0.25215328,2026-08-28T08:34:46,0.0192,,,Auto Parts,0.5564878983827463,Hold
AEP,American Electric Power Company,17.90561,6.85316,6.37571,21.37805,2.9311132,2.09,-11.141354164176096,120934998016,544397352,544397352,13.394,0.507,160.789,0.3905,0.277,0.504,6.05,0.0429,0.05112682208637942,0.10130999,0.13781999,0.23251,0.46352002,122.71,144.0,173.0,129.0,0.17349849238040926,buy,2.0,20,43.71925901261021,,0.0037990547233915876,0.0005694045780127769,0.21167876817237477,0.00034000003,1793277000,0.10529637,2026-08-28T08:34:46,0.0429,,,Utilities - Regulated Electric,0.556513627219509,Hold
OSBC,"Old Second Bancorp, Inc.",10.546074,2.38667,2.20333,14.63372,3.7511847,1.51,,1602502784,50875716,50875716,,0.706,,,,,4.01,0.0373,0.10305204942963364,0.11399999,0.27074,0.44692,0.0,25.17,27.5,30.0,25.0,0.092570520460866,none,,6,43.98588581335739,,-0.0015135928797691185,0.03498265394622724,0.13674545596798146,0.04429,1792612800,0.36348867,2026-08-28T08:34:46,0.0372,,,Banks - Regional,0.5565261132378486,Hold
XEL,Xcel Energy Inc.,16.990244,4.54143,4.11442,21.256199,3.2975357,2.09,-6.094687112827504,87829782528,624634306,624634306,14.344,0.405,173.135,0.589,0.477,0.701,8.39,0.0738,-0.1237333484273917,0.0992,0.15278,0.22700001,0.46825,77.16,91.76471,101.0,74.0,0.18927825298081902,strong_buy,1.44444,17,44.412480618933486,,0.0005568890088592402,0.002016640594489843,0.04222407914045645,0.00201,1793277000,0.065893054,2026-08-28T08:34:46,0.0653,,,Utilities - Regulated Electric,0.5566623585905596,Hold
TBPH,"Theravance Biopharma, Inc.",13.364707,1.275,0.21,16.384617,8.481325,,166.89613544933619,535607584,51918754,51918754,48.244,0.246,13.313,13.402999999999999,13.263,13.543,2.79,0.052699998,-0.23821306844151147,0.20914,0.51584,0.0889,0.75061995,17.04,17.66667,19.0,17.0,0.03677640845070429,none,,3,79.5202764089153,,0.0,0.5937499999999998,1.5246298210026394,0.04607,1794313800,0.22766566,2026-08-28T08:34:46,0.0663,,,Biotechnology,0.5567102135727584,Hold
SLVM,Sylvamo Corporation,7.200004,5.08333,1.455,19.572191,0.44137847,,-88.86869203053435,2363224832,39760243,39760243,6.387,0.766,107.958,1.0625,0.653,1.472,8.39,0.09,0.03956961480341037,0.07941,0.02305,0.014889999,0.20594,36.6,51.25,65.0,45.0,0.4002732240437159,none,,4,22.53206004284162,,-0.37820512820512814,-0.0884649799970233,0.45366356664949414,0.00944,1793968200,-0.20659006,2026-08-28T08:34:46,0.0806,,,Paper & Paper Products,0.5568197579553843,Hold
MZTI,The Marzetti Company,15.555709,7.234,6.734,16.098713,1.5913668,3.12,23.1280572985754,3299741184,27291000,27291000,10.812,0.353,24.097,1.0614999999999999,0.564,1.559,6.89,0.2707,-0.013291854457513463,0.18677999,0.09929,0.10899,0.24732,112.53,146.6,185.0,118.0,0.3027637074557894,buy,2.2,5,63.804541514097004,35.34061251313992,-0.06472222222222225,-0.02243243243243248,0.21520280649642717,0.29307,1793795400,-0.38373494,2026-08-28T08:34:46,0.109,7.31,-2.15,Packaged Foods,0.5569388573302713,Hold
FTNT,"Fortinet, Inc.",45.957504,3.75956,3.45061,60.838028,16.84128,2.11,55.95504336690678,123262844928,733713653,733713653,47.485,1.058,36.194,1.2115,1.141,1.282,2.65,0.0234,0.31026932928015194,1.17442,0.28173,0.33595002,0.80204004,172.78,160.86485,220.0,86.0,-0.06896139599490692,none,,37,57.76361164219922,,0.0930651731806058,0.09739018246246983,0.3599268329853731,0.17361,1793822400,1.1934748,2026-08-28T08:34:46,0.0229,,,Software - Infrastructure,0.5569955212783785,Hold
VICR,Vicor Corporation,36.66989,5.55333,3.49333,65.26923,19.808052,,27655.890379970544,8943475712,34389014,46106732,77.908,2.384,0.912,11.887,10.525,13.249,1.66,0.069699995,0.9627152613331686,0.20131999,0.30645,0.2433,0.56628,203.64,386.25,450.0,320.0,0.896729522687095,none,,4,47.44297457143075,,0.16186013097546442,0.0006000000000000099,0.9562926685043289,0.2524,1792499400,2.9843476,2026-08-28T08:34:46,0.0569,,,Electronic Components,0.5572832513333049,Hold
RYZ,Ryerson Holding Corporation,10.849895,2.365,1.315,-20.693548387096776,0.2280732,,-2.505056585274652,2649219328,51898653,51898653,21.556,1.601,103.865,1.583,0.96,2.206,3.62,0.037,0.7100247924353644,-0.02915,-0.0056,0.01879,0.17339,25.66,29.0,29.0,29.0,0.13016367887763058,none,,1,42.393609753072965,80.5622123035939,0.0604838709677419,0.00852878464818764,1.3149718697980657,0.06426,1793736000,0.12543857,2026-08-28T08:34:46,0.0385,4.0,2.93,Metal Fabrication,0.5572999657363923,Hold
PAG,"Penske Automotive Group, Inc.",15.096267,14.43072,13.58782,15.8436365,0.4442647,2.33,65.58760847317744,23624456192,65662873,65662873,16.938,0.833,160.647,0.5725,0.17,0.975,4.11,0.123100005,0.06816075501295837,0.15842,0.02814,0.03966,0.16149001,217.85,211.875,225.0,205.0,-0.027427128758319874,hold,2.7,8,46.820861829951916,,0.016964857066944117,0.0073884626314293265,0.14091673084838172,0.21178,1793190600,0.18133509,2026-08-28T08:34:46,0.1222,,,Auto & Truck Dealerships,0.5575066479490584,Hold
QTWO,"Q2 Holdings, Inc.",19.614754,3.3485,2.87728,45.930073,4.839838,8.35,21.518792097519967,4029964288,62354695,62354695,35.249,1.328,6.361,0.8325,0.72,0.945,4.91,0.103999995,0.12508093897340045,0.14984,0.108710006,0.1336,0.56988996,65.68,75.45455,82.0,67.0,0.14882079780755153,buy,1.58333,11,59.35431245499472,,0.03750820334191521,0.024820958560323247,1.0185198151074997,0.00756,1793822400,-0.1657564,2026-08-28T08:34:46,0.0775,,,Software - Application,0.5575166318496407,Hold
PNC,"PNC Financial Services Group, I",11.399085,21.36224,19.30912,13.475926,3.9946861,1.92,,177583767552,398943667,398943667,,0.898,,,,,3.66,0.0152,0.2200856966805791,0.12623,0.31366,0.38689,0.0,243.51,277.725,305.0,251.0,0.14050757669089586,none,,20,38.49463790960579,,0.02090064805782497,0.01770584170268965,0.11485021298106468,0.00303,1792067400,0.17388165,2026-08-28T08:34:46,0.0153,,,Banks - Regional,0.5575359611028649,Hold
STE,STERIS plc (Ireland),19.022446,12.24711,11.17167,28.515299,3.7622528,1.97,28.43367998354781,24291301376,97500110,97500110,14.807,0.914,28.312,1.5354999999999999,1.165,1.906,3.07,0.0238,0.08390045713794558,0.11389,0.13333,0.19153,0.44422,232.97,263.125,280.0,232.0,0.12943726660084987,buy,1.88889,8,57.816002408535255,,0.0012699977593546956,0.005509852216748733,0.6270345761621848,0.00307,1793822400,-0.049334884,2026-08-28T08:34:46,0.0239,,,Medical Devices,0.5576200553458514,Hold
AIT,Applied Industrial Technologies,25.583006,13.22714,12.0325,31.245615,2.5003645,2.8,34.22556071098134,12774840320,36698856,36698856,20.762,0.847,25.967,2.0949999999999998,1.612,2.578,2.33,0.020299999,0.1456868955261168,0.22368999,0.083459996,0.117740005,0.30337998,338.39,400.0,420.0,390.0,0.1820680280150122,strong_buy,1.5,6,40.013976549762894,,0.021109578869205572,0.033572182066809994,0.19792195602409624,0.0077,1793104200,0.28382277,2026-08-28T08:34:46,0.0178,,,Industrial Distribution,0.5576248792673478,Hold
LLY,Eli Lilly and Company,24.899462,47.23395,36.71123,40.003403,13.164675,1.55,94.77557142927206,1094283034624,891741406,891741406,26.237,0.506,162.071,1.017,0.679,1.355,2.46,0.0074,0.4869289045887366,1.02286,0.33528998,0.54222,0.83399004,1176.1,1315.0406,1600.0,850.0,0.11813672306776657,buy,1.7,29,41.20337656757752,,0.0622877340405369,0.05246299864704189,0.6726389813344269,0.00156,1793277000,0.6054219,2026-08-28T08:34:46,0.0074,,,Drug Manufacturers - General,0.557647644056429,Hold
KRG,Kite Realty Group Trust,59.56443,0.43667,,16.462025,6.6147885,3.14,34.940246120617644,8124533760,200346933,205196521,16.939,0.852,96.238,0.7,0.471,0.929,4.42,0.092700005,0.04807673796533729,0.10738,0.41806,0.24018,0.73175,26.01,31.0,34.0,28.0,0.19184928873510176,buy,2.33333,10,43.566240868705805,25.714049874874405,1.0,-0.17609433962264154,1.5940145254174456,0.007850001,1793795400,0.1397897,2026-08-28T08:34:46,0.0649,5.06,-1.64,REIT - Retail,0.5577394415478746,Hold
TTEK,"Tetra Tech, Inc.",21.08413,1.7378,1.57707,22.072289,2.1523664,2.1,23.65221656674791,10174635008,256044428,256044428,15.541,0.887,55.247,1.139,1.094,1.184,3.74,0.0471,-0.01374598430238061,0.24297,0.100030005,0.14253001,0.21837,36.64,40.33333,46.0,36.0,0.10080049126637536,none,,6,74.2296933240159,,0.022106859542697064,0.012875136240973091,0.12830113151897102,0.00492,1794427200,0.0060406923,2026-08-28T08:34:46,0.0421,,,Engineering & Construction,0.5578604546948115,Hold
MTZ,"MasTec, Inc.",20.111864,12.48666,9.31259,40.05263,1.2518997,0.99,-348.31387110174643,22952194048,80304948,80304948,17.541,1.837,89.874,1.3445,1.289,1.4,3.32,0.0828,0.21245399723065628,0.16176,0.03069,0.05424,0.12913999,251.13,422.0,518.0,340.0,0.6804045713375544,strong_buy,1.2,19,52.60879054764879,,0.0583919870982554,0.11198918526117813,1.2160248611124065,0.2116,1793304000,0.3821894,2026-08-28T08:34:46,0.0724,,,Engineering & Construction,0.5578723542543259,Hold
LEN,Lennar Corporation,13.133245,6.4805,5.54099,13.661316,0.62627727,11.3,19.020401251731176,25039179776,210506003,240895142,10.956,1.398,28.692,4.855499999999999,1.203,8.508,0.22,0.0029,0.17661687578572272,0.07368,0.04934,0.052750003,0.16363001,85.11,86.23077,120.0,67.0,0.01316848783926683,hold,3.44444,13,40.36527031021628,34.068709614471956,-0.005831175798287923,-0.018449603244924877,0.2634239682830383,0.08234,1789675200,-0.3607481,2026-08-28T08:34:46,0.0833,6.45,-1.26,Residential Construction,0.5579559913244586,Hold
DLTR,"Dollar Tree, Inc.",16.229784,7.82512,7.03946,21.237457,1.2066625,1.63,16.506398825356968,31987636224,187630299,187630299,13.299,0.665,216.518,0.7385,0.316,1.161,3.41,0.050300002,0.19235599576590778,0.33976,0.06514,0.09088001,0.36991,127.0,131.68,170.0,98.0,0.036850393700787354,hold,2.62963,25,33.173695027491405,,0.01045412200734067,0.009482704713864415,1.2531827021318995,0.00162,1787833800,0.16332328,2026-08-28T08:34:46,0.0406,,,Discount Stores,0.557979695010536,Hold
KNSL,"Kinsale Capital Group, Inc.",17.637785,21.64671,21.13393,15.724875,4.3571067,1.25,8.855287870498923,8710827008,22778425,22778425,11.896,0.889,11.033,0.14,0.086,0.194,7.4,0.105900005,0.19532914150122305,0.30268,0.28492,0.40678,0.31142,381.8,354.77777,405.0,259.0,-0.0707758774227345,hold,3.16667,9,60.71192410094315,,0.014807284894139704,-0.0015355166051660945,0.42673024962800943,0.05416,1792699200,-0.16537327,2026-08-28T08:34:46,0.1059,,,Insurance - Property & Casualty,0.5580689605464025,Hold
SVV,"Savers Value Village, Inc.",17.259748,0.61009,0.49578,70.2,0.9257292,,43.011922723334344,3005259776,153234555,153234555,12.787,1.22,323.457,0.6625,0.484,0.841,3.88,0.17790002,0.09027068992369269,0.05718,0.01424,0.09961,0.55712,10.53,14.55,20.0,11.0,0.3817663817663819,none,,10,40.310931472840245,45.82502313626615,0.026225911283144658,0.036686491079014436,0.6073095494650984,0.0030399999,1793908800,-0.12903225,2026-08-28T08:34:46,0.1281,10.69,2.64,Specialty Retail,0.5580903326131144,Hold
BTSG,"BrightSpring Health Services, I",26.73128,2.27823,1.8194,54.864864,0.83845454,,11.716720747853104,14394713088,197864241,197864241,22.965,1.881,116.007,1.395,1.202,1.588,1.98,0.0692,0.10122606823129798,0.13036,0.02547,0.03367,0.12382,60.9,78.94118,90.0,70.0,0.29624269293924477,strong_buy,1.16667,17,43.91914295718238,,0.0764533954963376,0.06959657087591979,1.354485933768617,0.03125,1793363400,1.5707049,2026-08-28T08:34:46,0.0587,,,Health Information Services,0.5581824952494915,Hold
SPGI,S&P Global Inc.,21.51401,20.23751,17.87075,26.596823,7.9613557,2.15,23.558570236027002,145105977344,294800000,294800000,17.82,1.072,42.98,0.8919999999999999,0.83,0.954,3.83,0.025799999,0.21396536349872464,0.14255,0.30536,0.4479,0.70903,435.39,519.3,553.0,485.0,0.19272376490043408,strong_buy,1.33333,20,66.93308525826455,,0.00043441775425060976,-0.0037290912438475814,0.24380571725383093,0.00107,1793277000,-0.16087955,2026-08-28T08:34:46,0.0259,,,Financial Data & Stock Exchanges,0.5581849745420109,Hold
PLXS,Plexus Corp.,24.377235,10.068,8.69,36.092644,1.4230099,2.09,314.34217763734875,6534133760,26652099,26652099,21.342,0.904,20.079,1.079,0.67,1.488,2.62,0.043899998,0.2970821810319706,0.1258,0.04034,0.046719998,0.100389995,245.43,305.75,330.0,275.0,0.24577272542069029,buy,1.8,4,49.92667403834313,,0.052058111380145246,0.06292229729729731,0.18502677191217015,0.01429,1793217600,0.79132915,2026-08-28T08:34:46,0.0308,,,Electronic Components,0.5583243012412457,Hold
CNP,"CenterPoint Energy, Inc (Holdin",18.828773,2.0867,1.91192,23.526947,2.690345,1.87,-4.984927094948405,50070118400,658720288,658720288,12.992,0.461,210.256,0.738,0.353,1.123,6.51,0.08180001,0.09716004612871432,0.09825,0.11611,0.24489,0.47027,39.29,45.75,50.0,39.0,0.1644184270806821,buy,2.11765,16,43.509479923872114,,0.001225400349815147,0.000877752569704585,0.07185838048979064,0.00233,1792672200,0.041898727,2026-08-28T08:34:46,0.0642,,,Utilities - Regulated Electric,0.5583408726634542,Hold
LFUS,"Littelfuse, Inc.",20.967028,20.0925,17.015,-842.56,4.0928307,2.1,29.333741557243798,10778774528,25398747,25398747,18.884,1.485,27.093,2.2995,1.838,2.761,3.59,0.057600003,0.17159245690348413,-0.0030899998,-0.00308,0.18799,0.39343,421.28,488.75,520.0,415.0,0.16015476642613002,none,,4,42.849911278554806,,0.15277777777777785,0.1637706342311034,0.942575513502001,0.01605,1793190600,0.6213678,2026-08-28T08:34:46,0.0513,,,Electronic Components,0.558392604268338,Hold
NBTB,NBT Bancorp Inc.,11.321062,4.54286,4.175,12.543902,3.6920094,2.66,,2848730880,51960061,51960061,,0.484,,,,,5.27,0.0543,0.18784021058019906,0.11424,0.29587,0.41447,0.0,51.43,56.83333,62.0,54.0,0.1050618316157883,none,,6,33.67129564879801,,-0.005478799428299327,0.010487776124349714,0.12388459313389046,0.02832,1793044800,0.16173482,2026-08-28T08:34:46,0.0405,,,Banks - Regional,0.558422114388823,Hold
BKU,"BankUnited, Inc.",10.412916,4.47233,3.90322,12.793956,3.1748645,0.27,,5179094016,71232249,71232249,,1.173,,,,,3.01,0.0548,0.10022831933889953,0.09187999,0.2619,0.37060001,0.0,46.57,50.27273,55.0,42.0,0.07950891131629811,hold,2.54545,11,39.797878439091555,,-0.042885061952718184,-0.020561865175133923,0.17417758275724002,0.00942,1792585800,0.18831336,2026-08-28T08:34:46,0.0393,,,Banks - Regional,0.5585379563557369,Hold
DX,"Dynex Capital, Inc.",8.2268305,1.56804,1.40757,4.1214056,6.373617,0.71,,25337540608,248166917,248166917,,0.935,713.492,0.0465,0.034,0.059,2.35,0.0574,,0.18231001,0.86838996,0.9177,1.0,12.9,14.75,15.0,14.5,0.14341085271317833,none,,5,43.38022860361943,,0.025462254666258715,-0.005530328014409193,0.8038508679224895,0.00468,1792413000,0.022186995,2026-08-28T08:34:46,0.0576,,,REIT - Mortgage,0.5586654514598011,Hold
STAA,STAAR Surgical Company,21.870575,1.02375,0.7625,279.875,3.3061152,0.76,73.14875798938007,977175808,50143984,50143984,19.636,1.231,9.836,4.264,3.863,4.665,4.02,0.1826,1.0851320868321914,0.0109399995,0.0113,0.10885999,0.76622003,22.39,27.9,37.0,19.0,0.24609200535953546,hold,2.66667,10,44.43370946591397,,0.04657067955035193,0.03558675662826102,1.3174549608865183,0.00854,1794427200,-0.18165207,2026-08-28T08:34:46,0.168,,,Medical Instruments & Supplies,0.5586702916657829,Hold
USB,U.S. Bancorp,10.776142,5.79057,5.23763,12.530121,3.5585232,2.09,,133810413568,1558051446,1558051446,,0.977,,,,,0.01,0.0,0.10398476983795324,0.12623,0.29896,0.39646998,0.0,62.4,70.31818,77.0,65.0,0.12689391025641017,buy,1.86957,22,39.5750287656237,,8.01953711995675e-05,0.0012882319578358243,0.14708574194850144,0.00124,1792067400,0.27790296,2026-08-28T08:34:46,0.0,,,Banks - Regional,0.5587156171693795,Hold
MYRG,"MYR Group, Inc.",21.232296,14.57167,12.185,29.663471,1.2024236,3.41,27.167112216827494,4746202112,15569250,15569250,16.319,1.337,8.895,1.371,1.344,1.398,2.21,0.0517,0.19741688263724977,0.24714,0.04126,0.06199,0.12488,309.39,392.5,445.0,295.0,0.2686253595785255,buy,2.14286,6,38.74927699669446,,0.06273401298306,0.0956142857142856,0.4782192257530478,0.01863,1793217600,0.65210664,2026-08-28T08:34:46,0.0432,,,Engineering & Construction,0.5587606122732233,Hold
PEG,Public Service Enterprise Group,15.694223,4.67242,4.36942,18.424623,2.9139075,3.64,339.20315990719257,61035139072,498420030,498420030,13.676,0.527,142.409,0.6819999999999999,0.487,0.877,3.37,0.0222,-0.08794357125655639,0.11835,0.16041,0.18872,0.33333,73.33,85.47222,96.0,73.0,0.16558325378426275,buy,2.31818,18,40.07054950792525,,-0.0028389770554056466,-0.0027149668953328704,0.3462775185229709,0.0012899999,1793622600,-0.10931617,2026-08-28T08:34:46,0.0192,,,Utilities - Regulated Electric,0.5589235186032883,Hold
SYK,Stryker Corporation,19.225386,16.75493,15.01589,34.122883,4.7821555,1.56,30.07980375696227,135526547456,383573046,383573046,18.374,0.771,64.391,1.6185,1.08,2.157,2.91,0.0189,0.0903890956717539,0.16508,0.14433,0.27015,0.65588,322.12,382.72,465.0,315.0,0.18812864770892834,buy,1.67857,25,28.10169630914936,,0.002267399639031583,0.0021856171557190756,0.13349959399573547,0.053639997,1793304000,-0.17702663,2026-08-28T08:34:46,0.0199,,,Medical Devices,0.5592121735787492,Hold
CUBE,CubeSmart,25.870216,1.54502,1.47959,27.565517,7.9441767,5.33,18.614860325992815,12584693760,225162253,226356958,17.845,1.062,134.3,0.086,0.072,0.1,3.22,0.047399998,0.03333683554854083,0.12028,0.29334998,0.41088,0.70712,39.97,44.125,48.0,40.0,0.10395296472354265,buy,2.33333,16,43.90480195284523,,0.01655101339745788,0.040711851163292005,0.15380000304543293,0.00871,1793304000,-0.02321601,2026-08-28T08:34:46,0.0356,,,REIT - Industrial,0.5593562784172813,Hold
EXR,Extra Space Storage Inc,29.707996,4.80645,4.59088,31.590706,8.975529,6.25,21.01728989626062,44804702208,211269558,220702548,19.39,1.185,101.674,0.5955,0.305,0.886,3.91,0.031600002,0.08875993244611236,0.06953,0.2728,0.45882,0.74919,142.79,158.2,178.0,140.0,0.10792072273968767,buy,2.38095,20,21.64735418696681,,0.011692839292876388,0.01027202905678937,0.20737192338266025,0.009430001,1793217600,-0.0055021644,2026-08-28T08:34:46,0.0233,,,REIT - Industrial,0.5595380674914462,Hold
GBDC,"Golub Capital BDC, Inc.",10.291339,1.27,1.37,19.803028,4.2382855,1.4,12.306748950372157,7911192064,259651589,259651589,,0.42,122.475,0.10900000000000001,0.082,0.136,11.44,0.0495,-0.11772787186755873,0.04461,0.21450001,0.77883005,1.0,13.07,13.625,14.0,13.0,0.042463657230298324,none,,6,47.509602233293094,,0.004892432499835092,0.009274196752839135,0.21131690028755398,0.01395,1794945600,-0.12399465,2026-08-28T08:34:46,,,,Asset Management,0.5596745386029509,Hold
WSC,WillScot Holdings Corporation,15.79662,1.3256,1.13704,-56.5945945945946,1.6542351,1.28,15.249693538199397,7565400576,181190958,181190958,12.892,1.334,416.655,0.7295,0.648,0.811,4.35,0.1046,0.058221599071185404,-0.07083,-0.030030001,0.20124,0.52324003,20.94,29.4,37.0,26.0,0.40401146131805143,buy,2.4,10,18.705529774072133,19.297256065896036,0.029200383786817243,-0.021437429870666876,1.1315894475957227,0.02615,1794254400,-0.13613862,2026-08-28T08:34:46,0.0958,7.81,-8.29,Rental & Leasing Services,0.5599038767542064,Hold
IDCC,"InterDigital, Inc.",28.880259,11.5875,11.555,39.370586,10.952445,1.32,14.372993634806758,7925109248,25806007,25806007,18.668,1.412,33.401,1.721,1.699,1.743,10.42,0.1224,-0.12961419409054642,0.26403,0.38323003,0.53518003,0.82498,334.65,462.66666,488.0,425.0,0.3825389511429853,none,,3,54.363044516680006,,0.20176807072282885,0.03068712474983328,0.49020815352169483,0.01575,1793277000,0.23164403,2026-08-28T08:34:46,0.103,,,Software - Application,0.5600168861428529,Hold
MTH,Meritage Homes Corporation,11.558487,6.10201,4.99806,15.038379,0.8525878,0.54,15.640339569931365,5696640000,65174093,65174093,13.127,1.362,37.707,8.268,2.181,14.355,5.2,0.1016,-0.05888134489267072,0.063769996,0.06107,0.08185001,0.18275999,70.53,82.375,93.0,72.0,0.16794271941018013,buy,2.0,8,42.49001281749632,,-0.006973750089407035,-0.05887642182379021,0.28668335025090647,0.02595,1793822400,-0.09216118,2026-08-28T08:34:46,0.071,,,Residential Construction,0.5600792318032088,Hold
LNT,Alliant Energy Corporation,18.506712,3.68569,3.42089,21.792332,3.9931831,2.26,-15.532601848033861,29778808832,259284699,259284699,16.281,0.539,160.951,0.3195,0.173,0.466,8.66,0.1041,0.0006173175687469445,0.11135,0.18447,0.19053,0.44502,68.21,78.54167,86.0,73.0,0.15146855299809414,buy,1.92308,12,51.06495828557825,,0.0006113256113255895,0.00036913088675553707,0.07288881241542093,0.00154,1793908800,0.048255682,2026-08-28T08:34:46,0.0913,,,Utilities - Regulated Electric,0.5601764124068112,Hold
PWR,"Quanta Services, Inc.",31.65931,19.6413,16.72777,70.422424,2.841138,1.66,47.80795319793921,99688734720,150343393,150343393,32.738,1.219,67.78,1.0385,0.979,1.098,2.51,0.021,0.39087455800601756,0.15337,0.04032,0.07217,0.15456,621.83,770.0421,976.0,410.0,0.23834826238682583,strong_buy,1.5,28,39.40401807855063,,0.19298306922078468,0.1908437212009507,0.28458329944146,0.0066799996,1793277000,0.64522696,2026-08-28T08:34:46,0.0185,,,Engineering & Construction,0.5602202469650843,Hold
CFR,"Cullen/Frost Bankers, Inc.",13.783073,11.70929,10.98377,15.429255,4.4293838,3.6,,9091912704,62148785,62148785,,0.519,,,,,0.04,0.0004,0.09751883162317632,0.15498,0.30192,0.37236,0.0,161.39,170.2143,195.0,141.0,0.05467686969452901,hold,2.8,14,51.429009807601645,,0.026978381951580224,0.05490999837834909,0.055820416467801094,0.06143,1793277000,0.2507944,2026-08-28T08:34:46,0.0004,,,Banks - Regional,0.5602259491399322,Hold
SYY,Sysco Corporation,15.327986,5.37905,5.08861,22.52732,0.46717992,1.57,20.6381732246604,52766466048,479096016,479096016,11.744,0.636,564.591,1.003,0.729,1.277,3.61,0.030299999,0.04506810175603704,0.77692,0.02078,0.048449997,0.18496001,82.45,90.30769,100.0,78.0,0.09530248635536687,buy,2.4,13,66.57695499172806,,0.029053942009407634,0.021384187820682053,0.04719864768397924,0.0014599999,1793709000,0.024605393,2026-08-28T08:34:46,0.0265,,,Food Distribution,0.5603368351786829,Hold
PRIM,Primoris Services Corporation,14.781626,5.20917,2.14053,30.677292,0.5735194,1.22,52.11939307591541,5205989376,54254935,54254935,16.183,1.468,79.63,1.1185,1.056,1.181,3.25,0.115,-0.11098538040825223,0.08889,0.01916,-0.01564,0.08619001,77.0,119.78571,165.0,85.0,0.5556585714285713,none,,14,51.55357328025516,83.56973096389575,-0.013253245316418374,-0.035163788983926685,0.37670601812210575,0.011619999,1793649600,-0.35048503,2026-08-28T08:34:46,0.0844,3.11,50.24,Engineering & Construction,0.5604472379975548,Hold
LGND,Ligand Pharmaceuticals Incorpor,23.839247,11.93494,9.31514,29.668404,19.522406,1.53,40.58765156472095,5445774336,19935609,19935609,40.942,0.983,116.944,31.002000000000002,30.826,31.178,8.03,0.1472,0.2939833139785195,0.21962,0.6788,0.13488,0.81198996,284.52,342.81818,390.0,247.0,0.20490011247012507,strong_buy,1.2,11,39.12762117706574,,0.016936681222707358,0.032731747120926594,1.2696526638797923,0.02375,1793881800,0.7594459,2026-08-28T08:34:46,0.1257,,,Biotechnology,0.5607282670133311,Hold
HTO,H2O America,23.294188,2.70883,2.73483,22.455517,3.1878755,2.68,-10.53887350288673,4428553216,41856804,41856804,13.979,0.328,102.581,1.5575,1.448,1.667,10.96,0.1545,-0.1327039732895039,0.06463,0.12909001,0.21260001,0.56912,63.1,67.14286,72.0,60.0,0.06407068145800321,buy,1.71429,7,53.3696584894773,,-0.0042490442381212705,-0.01812362486996309,0.08153618648682803,0.17586,1793044800,0.25272977,2026-08-28T08:34:46,0.1333,,,Utilities - Regulated Water,0.5607978500286712,Hold
POWL,"Powell Industries, Inc.",27.057032,7.11645,5.37442,36.816444,6.0604377,2.08,36.84325820003266,6384053248,36432564,36432564,27.026,1.216,0.334,1.8755000000000002,1.78,1.971,3.22,0.1016,0.08218596418303137,0.28252,0.16488001,0.20554,0.3008,192.55,280.0,333.0,235.0,0.4541677486367177,buy,2.25,4,50.05369334548365,29.49725280456576,-0.016252853148187623,0.03214601224781699,0.7855407336666465,0.20611,1794945600,1.170311,2026-08-28T08:34:46,0.0947,3.4,14.13,Electrical Equipment & Parts,0.5608463299474205,Hold
SRPT,"Sarepta Therapeutics, Inc.",8.4016285,2.56974,4.3927,-12.408045977011493,1.1550609,-0.09,103.0036222425094,2554409472,105627021,105627021,-145.692,0.205,69.539,3.431,2.44,4.422,8.66,0.3069,-0.3702934876862616,-0.09478,-0.06925,0.13032,-0.17299,21.59,22.08696,38.0,5.0,0.023018063918480935,hold,2.66667,23,74.9368431072158,68.42893456187221,-0.0875648593968752,-0.039992683809943384,0.8158709857068869,0.049289998,1793822400,0.18626368,2026-08-28T08:34:46,0.2728,8.77,-3.24,Biotechnology,0.5608733101953223,Hold
NVR,"NVR, Inc.",15.46424,411.62387,361.1004,16.556429,1.7700193,4.97,18.56408880420416,16959552512,2678153,2678153,11.037,0.913,32.15,3.7119999999999997,1.754,5.67,3.11,0.0625,-0.07627408889634013,0.31544,0.1185,0.13889,0.2184,6365.45,6782.0,7446.0,5664.0,0.06543920696887096,hold,2.66667,5,31.082678498848907,,0.0032783075661130252,0.005067090320038905,0.0655291439945457,0.05551,1792585800,-0.21585065,2026-08-28T08:34:46,0.0418,,,Residential Construction,0.5609142563786486,Hold
FTRE,Fortrea Holdings Inc.,16.565657,1.1385,0.84039,-22.452380952380953,0.6701237,0.34,6.431793710976466,2742786048,95100000,95100000,27.902,1.969,213.239,0.9059999999999999,0.854,0.958,6.98,0.142,-0.09078874532071501,-0.15303999,-0.03183,0.025799999,0.19301,18.86,20.54545,26.0,13.0,0.0893663838812302,buy,2.33333,11,50.156811653007985,,0.04299100217188955,0.058233025049960585,1.3626276868857914,0.012250001,1793881800,0.9147208,2026-08-28T08:34:46,0.1224,,,Biotechnology,0.5610019838834637,Hold
POWI,"Power Integrations, Inc.",29.528275,1.87312,1.39007,125.70455,6.877077,1.51,41.92951434167906,2827739136,55873298,55873298,47.622,1.558,,5.723,4.377,7.069,8.25,0.1402,0.0346648608428306,0.03622,0.05578,0.074829996,0.53720003,55.31,77.5,85.0,65.0,0.40119327427228346,none,,4,40.03475430857446,26.14672070812736,0.04197680781368281,0.00861549065219253,0.9654388274361977,0.01635,1793908800,0.22638583,2026-08-28T08:34:46,0.1012,8.28,1.63,Semiconductors,0.5610537204196043,Hold
VMI,"Valmont Industries, Inc.",18.496792,25.9791,22.94621,18.625195,2.1919394,1.08,64.9562448372865,10025870336,19304858,19304858,14.785,1.351,50.676,1.8875000000000002,1.421,2.354,1.98,0.024600001,0.10726610887269916,0.29777,0.116960004,0.14849,0.30403998,480.53,624.5,678.0,600.0,0.29960668428610093,buy,1.66667,4,38.058338402304116,,0.0019448363372628003,0.0074104234527686795,0.37534762699589475,0.0256,1792499400,0.30891812,2026-08-28T08:34:46,0.0223,,,Conglomerates,0.5613670704036227,Hold
SEI,"Solaris Energy Infrastructure, ",28.426662,1.85917,1.00746,66.0625,6.977453,0.94,-6.593412487795356,5428324864,65831540,100626362,20.106,1.274,216.673,4.0555,3.988,4.123,4.12,0.2376,0.46376634968587993,0.08099,0.07192,0.26487,0.49943,52.85,94.84286,120.0,73.0,0.7945668874172185,strong_buy,1.35714,14,32.82054625310339,29.46553719980301,-0.1272264190172569,-0.20735453521102626,0.177900924837814,0.09066,1793649600,0.67299783,2026-08-28T08:34:46,0.2412,3.95,-0.48,Oil & Gas Equipment & Services,0.5613805964828967,Hold
NCLH,Norwegian Cruise Line Holdings ,9.807964,1.6976,1.53661,10.090909,0.75292957,1.55,-4.550063325785227,23406196736,459187846,459187846,9.023,1.903,621.051,0.139,0.078,0.2,5.13,0.17860001,0.020732379715468152,0.3673,0.07492,0.14042,0.42457,16.65,20.68,32.0,15.0,0.24204204204204216,buy,2.2963,25,31.15075732236089,,-0.0802432556998091,-0.15267011734640404,1.5318728289159593,0.00546,1793795400,-0.32971013,2026-08-28T08:34:46,0.159,,,Travel Services,0.5614288201354052,Hold
ICHR,Ichor Holdings,18.078243,3.26857,1.57,-49.241666666666674,2.1831436,0.52,218.43371812080537,2110856448,37454229,37454229,57.368,1.855,17.81,2.864,2.027,3.701,2.13,0.0653,0.12181001242877021,-0.051659998,-0.03974,0.027590001,0.12667,59.09,95.85714,115.0,80.0,0.6222227111186325,none,,7,43.58545464184278,,0.13886128379407645,0.2112229810603393,1.2387289117950098,0.0148,1793649600,2.506825,2026-08-28T08:34:46,0.0565,,,Semiconductor Equipment & Materials,0.5614445058097322,Hold
KNTK,Kinetik Holdings Inc.,26.112846,2.0825,1.90002,19.28369,4.879133,3.49,-96.39581772150456,12437442560,80442263,169199867,19.847,0.77,136.574,0.41150000000000003,0.141,0.682,5.94,0.0964,0.07670243190448289,0.19231,0.29178,0.23035999,0.41193,54.38,56.5,70.0,48.0,0.038984920926811384,buy,1.76471,16,53.87153593610431,54.10991475585272,0.43725321109245235,0.24100162090007626,0.4023655776782723,0.0802,1793822400,0.3000239,2026-08-28T08:34:46,0.0894,6.1,-0.1,Oil & Gas Midstream,0.5616493289775331,Hold
BNL,"Broadstone Net Lease, Inc.",26.652033,0.79281,0.74109,28.173332,9.4472475,,19.507669981100587,6834447360,204600604,212896604,16.852,0.951,89.326,2.01,2.003,2.017,9.47,0.1402,0.04558418605645942,0.04922,0.3061,0.46188998,0.9486,21.13,23.7,26.0,20.0,0.12162801703738757,buy,1.81818,10,55.049502994828956,,-0.07145542023755828,-0.02287489061710443,0.2242909810595288,0.00984,1793217600,0.13663256,2026-08-28T08:34:46,0.1058,,,REIT - Diversified,0.561701233492857,Hold
CTVA,"Corteva, Inc.",19.99505,4.12102,3.76397,50.243904,3.086512,1.33,22.74359428123176,57730949120,667196000,667196000,13.504,0.569,19.191,1.2525,0.989,1.516,3.21,0.0247,0.010173838260421064,0.04256,0.056649998,0.3013,0.4954,82.4,92.1,103.0,78.0,0.11771844660194164,buy,1.7619,20,75.24295907670188,,0.004907104087740533,-0.00945454545454551,0.1953676463273741,0.00107,1793736000,0.110661864,2026-08-28T08:34:46,0.0218,,,Agricultural Inputs,0.5617036361935779,Hold
AJG,Arthur J. Gallagher & Co.,17.470577,14.89075,13.18336,43.07119,4.413734,0.89,32.02569564768657,79426445312,256341000,256341000,18.523,0.502,59.401,0.613,0.173,1.053,4.34,0.0231,0.3216998139197398,0.06722,0.10378,0.1916,0.43186,260.15,291.55557,388.0,250.0,0.12072100711128209,buy,1.72727,18,77.73687359654713,,-0.0009306104137426253,0.0014392021171066565,0.160795603380067,0.00871,1793304000,-0.14071018,2026-08-28T08:34:46,0.0231,,,Insurance Brokers,0.5617861867602183,Hold
HLX,"Helix Energy Solutions Group, I",18.654377,0.5425,0.28,40.48,,17.67,,1449674368,,,6.257,1.165,38.544,3.3575,3.25,3.465,5.05,0.062,0.208,0.02191,0.0294,0.11531,0.13374,10.12,12.25,14.0,9.0,0.21047430830039526,buy,2.0,4,55.98357547054349,59.87154376472196,-0.07691293310915492,-0.02690582959641258,1.3563365511249723,0.0678,1792585800,0.53566015,2026-08-28T08:34:46,0.0537,5.39,0.65,Oil & Gas Equipment & Services,0.5618217210836696,Hold
UBSI,"United Bankshares, Inc.",12.3084345,3.85833,3.68333,12.940055,5.1714416,1.95,,5170555904,136173338,136173338,,0.727,,,,,5.82,0.041300002,0.10468851469294238,0.09474,0.41196,0.53079,0.0,47.49,50.33333,52.0,48.0,0.05987218361760349,hold,2.66667,6,41.85935861949168,,-0.0001818675352877167,0.007396866840731061,0.0905269036683959,0.022119999,1792672200,0.23865414,2026-08-28T08:34:46,0.0412,,,Banks - Regional,0.5619624604807536,Hold
EBAY,eBay Inc.,15.189613,6.73289,6.12668,21.899357,3.789986,1.62,28.810729919081552,49341149184,445000000,445000000,15.937,1.355,153.012,0.967,0.915,1.019,3.64,0.0356,0.17895730337078652,0.46611,0.18571,0.2157,0.72052,102.27,116.14815,145.0,67.0,0.13570108536227643,hold,2.5625,27,54.68806704391027,,0.0011536664041231425,-0.0007850784633238609,0.8691108682869931,0.1004,1793822400,0.12868333,2026-08-28T08:34:46,0.0395,,,Internet Retail,0.5619662833304506,Hold
CDE,"Coeur Mining, Inc.",10.779931,2.06031,1.2425,18.663864,7.199309,3.75,28.654681186676743,22491318272,1027934998,1027934998,13.803,1.343,6.851,2.9855,2.317,3.654,1.3,0.048600003,0.4058044331865429,0.12848,0.26817,0.19387,0.56329,22.21,23.31818,35.0,18.0,0.04989554254840156,none,,11,77.20074839900272,,-0.23713099857556855,0.0023108058144739306,1.392263474079071,0.00557,1793217600,0.6889734,2026-08-28T08:34:46,0.0457,,,Gold,0.562004808161332,Hold
AME,"AMETEK, Inc.",26.924059,9.05027,8.33122,35.833824,7.103844,3.09,37.43686414257566,57679585280,229261244,229261244,23.066,0.997,20.522,0.9295,0.645,1.214,2.51,0.0145000005,0.1584910531149346,0.14562,0.20044,0.26182,0.36905998,243.67,277.5,316.0,217.0,0.13883531005047822,buy,1.75,18,41.71553032154344,,0.021957209201910678,0.02376927173040532,0.1008094918166644,0.00393,1793277000,0.3185606,2026-08-28T08:34:46,0.0129,,,Specialty Industrial Machinery,0.5620256408712927,Hold
BOOT,"Boot Barn Holdings, Inc.",15.56843,9.99587,9.03048,20.21039,2.011229,,371.62334269042736,5379714560,30284844,30284844,13.851,1.708,59.323,1.46,0.39,2.53,3.66,0.103199996,0.18841274203030411,0.19174999,0.103520006,0.12776,0.37824002,155.62,221.5,282.0,190.0,0.4233389024546974,strong_buy,1.25,14,31.437711105928102,,0.057912660655355615,0.010550461961823805,0.17980894834732203,0.00511,1793217600,-0.12459922,2026-08-28T08:34:46,0.0883,,,Apparel Retail,0.5621195034563048,Hold
ASB,Associated Banc-Corp,9.232005,3.33622,2.95556,10.769231,3.7382753,1.78,,9825383424,188849659,188849659,,0.771,,,,,0.01,0.0001,0.08457850061566674,0.096949995,0.32459998,0.41342998,0.0,30.8,34.4,36.0,33.0,0.11688311688311681,buy,2.4,10,47.453747401859864,,-0.012070181537402141,0.014588306850148208,0.5585268672294862,0.12512,1792699200,0.14200962,2026-08-28T08:34:46,0.0001,,,Banks - Regional,0.5623809837960376,Hold
PSA,Public Storage,30.585249,10.17484,9.88354,30.30185,11.835035,4.7,24.896870256015326,69019107328,186745748,186745748,20.084,0.945,109.632,0.175,0.13,0.22,4.4,0.0372,-0.029588447368558146,0.21929,0.41632998,0.45703998,0.7442,311.2,337.17648,374.0,285.0,0.0834719794344474,hold,2.52381,17,37.30334511979121,,0.003327662028107547,0.02793916929085734,0.4936615493372903,0.09559,1793217600,0.05638349,2026-08-28T08:34:46,0.0337,,,REIT - Industrial,0.5624404206679381,Hold
MGM,MGM Resorts International,20.7715,2.0687,1.87312,26.361963,0.61897725,0.6,12.50743965663616,39071358976,255851235,255851235,17.462,1.296,893.311,1.271,1.207,1.335,7.15,0.1453,0.08626686160025776,0.18924999,0.02398,0.067880005,0.44157,42.97,50.62778,60.0,43.0,0.1782122410984408,buy,2.40909,18,41.240286274388325,,0.05022595512295771,-0.06063399372454281,0.4971662709912075,0.27875,1793217600,0.08264041,2026-08-28T08:34:46,0.1103,8.52,0.27,Resorts & Casinos,0.5625432073287278,Hold
MRTN,"Marten Transport, Ltd.",22.020193,0.65667,0.3,96.399994,1.3768226,1.83,-197.0961674143003,1077205760,81661669,81661669,9.451,0.976,0.047,2.3575,2.212,2.503,4.79,0.0936,-0.02968149230454742,0.01646,0.01474,0.02345,0.22690001,14.46,17.5,19.0,16.0,0.21023513139695704,buy,2.33333,2,41.64594499447897,60.94714624806378,0.09090909090909079,0.02604687499999994,0.7625273332047171,0.29292,1792699200,0.2212838,2026-08-28T08:34:46,0.0611,4.87,0.25,Trucking,0.5626571451642203,Hold
AZZ,AZZ Inc.,17.901041,7.80625,7.07,21.465437,2.5046384,1.2,40.02765950129659,4741154816,30051501,30051501,12.953,1.118,39.448,1.623,1.323,1.923,3.58,0.037,0.059402570274276645,0.15314999,0.118310004,0.17175,0.23807,139.74,164.0,200.0,144.0,0.17360812938313996,none,,9,32.152219471714346,,0.03392804913717464,0.023434939364142898,1.1852190288425148,0.017339999,1791403200,0.2378422,2026-08-28T08:34:46,0.0318,,,Specialty Business Services,0.5627499768349837,Hold
RDVT,"Red Violet, Inc.",41.860466,1.72,1.635,63.157894,11.667816,,83.15766076778436,1108057216,16046975,16046975,58.967,1.804,2.372,10.686499999999999,10.49,10.883,1.58,0.0291,0.06877700625818894,0.1576,0.16538,0.22996001,0.84700996,72.0,79.0,85.0,73.0,0.09722222222222232,none,,2,56.979885228348174,,0.10101010101010094,0.05846153846153845,0.7101943906399543,0.16973,1793822400,0.43312097,2026-08-28T08:34:46,0.0308,,,Software - Application,0.5633091953966223,Hold
RCL,Royal Caribbean Cruises Ltd.,14.0344925,20.29286,17.79981,17.923222,4.077205,1.37,-50.23600811197107,99037356032,267452084,267452084,14.299,1.779,224.816,0.161,0.113,0.209,4.94,0.0585,0.08135781062001346,0.44669998,0.23541,0.2707,0.50284,284.8,346.92307,415.0,262.0,0.21812875702247192,buy,1.75,26,30.57183195187794,,0.026808052337772677,0.01510081046551998,1.0082141983412223,0.06196,1793104200,-0.21590221,2026-08-28T08:34:46,0.0484,4.36,-10.51,Travel Services,0.563379866848317,Hold
ELF,"e.l.f. Beauty, Inc.",27.752438,3.82561,3.60846,108.33673,23.34462,1.37,74.15264306683379,5879331840,59007996,59007996,92.207,2.389,79.503,2.442,1.813,3.071,1.62,0.0836,0.4393155971607643,-0.00291,-0.0023100001,0.14315,0.60951,106.17,97.75,121.0,65.0,-0.07930677215786008,buy,1.72222,16,66.97624921439174,,0.0861429083126898,0.042664762460242,0.564933305463369,0.02895,1793822400,-0.15064001,2026-08-28T08:34:46,0.1909,,,Household & Personal Products,0.5637475417839318,Hold
MDU,"MDU Resources Group, Inc.",19.043846,1.05966,0.97982,21.698925,2.3191767,2.57,-8.874240539215402,6775739904,210349456,210349456,12.93,0.379,88.05,0.694,0.396,0.992,9.82,0.088999994,0.1128605913770464,0.068909995,0.10747,0.12531,0.3475,20.18,23.625,27.0,21.0,0.1707135777998019,none,,8,43.271959127048746,,0.003112266835930345,0.002099409895597018,0.31779691998295495,0.00446,1793881800,0.23879683,2026-08-28T08:34:46,0.0685,,,Utilities - Regulated Gas,0.5637600440477462,Hold
ALH,Alliance Laundry Holdings Inc.,15.594384,1.49028,1.34624,25.822222,2.601093,,18.914166617592045,6364444672,198789096,198789096,14.768,,378.922,1.234,1.037,1.431,5.57,0.073699996,0.05743977569071501,1.09823,0.10082,0.2216,0.37721002,23.24,32.25,37.0,28.0,0.3876936316695354,strong_buy,1.375,8,26.940929445094497,,0.04423639282971753,0.017464327165972664,,0.06743,1794486600,-0.06365836,2026-08-28T08:34:46,0.045,,,"Furnishings, Fixtures & Appliances",0.5637767093137277,Hold
RS,"Reliance, Inc.",16.92518,23.14244,23.14854,22.733025,1.2652038,2.29,57.89052593432356,21767059456,51054555,51054555,14.051,0.967,26.921,3.2154999999999996,2.134,4.297,2.92,0.0257,0.3031186933271677,0.12229,0.056550004,0.09538,0.28285,391.69,408.625,425.0,391.0,0.0432357221271924,hold,2.625,8,49.65376669393887,,0.011913796118202454,0.04959041263511947,0.3560612688207374,0.00456,1792612800,0.3247987,2026-08-28T08:34:46,0.019,,,Steel,0.5639071673990798,Hold
INSP,"Inspire Medical Systems, Inc.",39.570595,1.537,1.24681,13.636771,1.9564337,,18.579672646440436,1466738048,28910375,28910375,20.563,0.67,3.524,7.254,5.957,8.551,5.51,0.198,-0.054780396311012836,0.17965001,0.15026,-0.0025600002,0.86132,60.82,60.4,85.0,40.0,-0.0069056231502795384,none,,15,46.83060524423481,48.93977841395917,0.38713230385830627,0.19947869110887387,1.2986749608395338,0.0115600005,1793649600,-0.3508379,2026-08-28T08:34:46,0.1684,5.02,-9.77,Medical Devices,0.5644515762128409,Hold
BMI,"Badger Meter, Inc.",27.749266,4.97851,4.50211,32.127903,4.5456724,3.43,31.214784696851243,3932278016,28986847,28986847,19.99,0.641,3.438,1.842,1.262,2.422,8.13,0.21260001,-0.05047074626640147,0.1848,0.14269,0.17724001,0.4131,138.15,157.75,170.0,112.0,0.14187477379659796,buy,2.16667,8,39.254296135146596,,-0.011450817476384777,-0.021540414810214473,0.3130195548207596,0.00624,1792585800,-0.24475181,2026-08-28T08:34:46,0.1463,,,Scientific & Technical Instruments,0.5645395508013659,Hold
ORI,Old Republic International Corp,12.800001,3.3,2.94333,9.303966,1.0495356,1.39,7.188424302223775,9778749440,241432922,241432922,6.3,0.622,37.518,0.278,0.262,0.294,7.66,0.0515,0.16705285122631275,0.18571,0.11715,0.17448999,0.63918,42.24,43.5,48.0,39.0,0.029829545454545414,buy,2.33333,2,31.393383348768722,,0.0,0.010203050813213413,0.2750742113926299,0.07734,1792672200,0.056792617,2026-08-28T08:34:46,0.0416,,,Insurance - Property & Casualty,0.5646492839270197,Hold
ROK,"Rockwell Automation, Inc.",29.189934,14.83388,13.21447,40.619137,5.3696227,1.89,36.95263948257909,51220078592,111273953,111273953,24.484,1.535,103.347,0.8665,0.658,1.075,4.21,0.037100002,0.09298322492416511,0.30629,0.13385001,0.20968,0.49091998,433.0,477.79166,550.0,282.0,0.1034449422632795,buy,2.25,24,37.267076731332594,,0.01446953360166868,0.01404872860065751,0.22345906596484297,0.00171,1793881800,0.26081002,2026-08-28T08:34:46,0.0347,5.31,1.7,Specialty Industrial Machinery,0.5646670724913546,Hold
SXT,Sensient Technologies Corporati,26.947622,4.95925,4.18204,36.91713,3.3391201,1.74,-2169.993021649976,6420971008,42562811,42562811,20.669,0.775,60.63,2.9505,1.511,4.39,2.55,0.0551,0.11328069003713148,0.13071,0.09273,0.16570999,0.34876,133.64,142.8,155.0,133.0,0.0685423525890454,buy,2.0,5,72.51463221089244,,0.06649053505078652,0.05456497932017048,0.17032661665838245,0.01296,1793363400,0.17786002,2026-08-28T08:34:46,0.0322,,,Specialty Chemicals,0.5648359082722807,Hold
IRTC,"iRhythm Holdings, Inc.",95.85689,1.21358,0.58468,-283.7317073170732,4.6460915,,46.8580341932647,3970661120,32963003,32963003,224.395,1.321,391.084,3.754,3.653,3.855,4.36,0.0858,0.17056955642057248,-0.0963,-0.016900001,0.07937,0.71454,116.33,176.14285,196.0,157.0,0.514165305596149,strong_buy,1.13333,14,45.25004430497098,46.01113846367992,1.0,0.12219931017264199,0.3837767815079704,0.01169,1793908800,-0.31562537,2026-08-28T08:34:46,0.0924,,,Medical Devices,0.5648803048277341,Hold
CPK,Chesapeake Utilities Corporatio,18.194227,7.3265,6.43,21.39647,3.234414,2.45,-14.555046882842825,4907690496,24106455,24106455,12.925,0.683,101.273,0.2615,0.207,0.316,5.87,0.0548,0.02259297354173384,0.094689995,0.15118,0.26201,0.40342,133.3,146.9,160.0,134.0,0.10202550637659402,none,,5,51.89592239262777,,-0.0033480066960134363,0.002370994244216551,0.10036968702787741,0.0133299995,1793908800,0.078653455,2026-08-28T08:34:46,0.0464,,,Utilities - Regulated Gas,0.5649269602370638,Hold
ARES,Ares Management Corporation,19.801361,7.19193,5.85105,65.0274,7.8451304,1.35,21.749831177810513,51530940416,222028421,329846626,36.028,1.507,172.378,0.5055000000000001,0.467,0.544,6.13,0.1356,0.5561949479972206,0.14941,0.10628,0.19381,0.37407002,142.41,146.88889,168.0,122.0,0.03145067059897477,buy,2.0,18,67.4489363961859,,-0.0061235582884612725,-0.016079163166636042,0.37594629372890137,0.11158,1793622600,-0.20530134,2026-08-28T08:34:46,0.0655,,,Asset Management,0.5650106397830967,Hold
AWK,"American Water Works Company, I",20.818483,6.5658,6.08427,23.689775,5.140853,2.67,-15.214880269499195,43005263872,198728989,198728989,14.763,0.577,137.745,0.4595,0.396,0.523,4.58,0.0688,0.0421365551253321,0.10095,0.21347,0.40664002,0.61469,136.69,140.36365,155.0,128.0,0.02687577730631352,hold,2.61538,11,54.9941982119444,,0.0,0.0,0.10195465208133783,0.00116,1793217600,-0.047522843,2026-08-28T08:34:46,0.0537,,,Utilities - Regulated Water,0.5652009042982717,Hold
CGNX,Cognex Corporation,31.108587,2.0242,1.69166,59.405666,9.727949,2.71,54.13697169482776,10261161984,168223842,168223842,38.373,1.503,4.448,3.4445,2.955,3.934,3.31,0.0504,0.19442081224134689,0.111490004,0.16051,0.29361,0.68865997,62.97,80.05263,92.0,65.0,0.27128203906622184,buy,1.85,19,27.28548403133739,,0.1411398851885081,0.13729962973991897,0.3660787977573647,0.0036199999,1793217600,0.43309057,2026-08-28T08:34:46,0.0468,,,Scientific & Technical Instruments,0.5652652791412776,Hold
NWE,"NorthWestern Energy Group, Inc.",17.903381,3.96629,3.75125,25.63538,2.582725,2.84,-17.977945560172053,7960808448,61517850,61517850,13.419,0.36,124.221,0.5615,0.297,0.826,4.45,0.0341,0.14342457676918152,0.05935,0.10132,0.17343001,0.55587,71.01,74.25,78.5,70.0,0.04562737642585546,buy,2.28571,6,39.90338470558725,,0.005039598761132186,-0.0006475411075220495,0.08948721169939601,0.0066000004,1793217600,0.2347418,2026-08-28T08:34:46,0.026,,,Utilities - Regulated Electric,0.5653927193044154,Hold
D,"Dominion Energy, Inc.",17.433249,3.81455,3.58692,23.170732,3.228019,2.85,-6.370513215454662,117802475520,879525949,879525949,14.123,0.63,160.459,0.5630000000000001,0.317,0.809,6.3,0.025899999,0.14025309761042637,0.08281,0.13984999,0.29219,0.46222,66.5,71.81818,80.0,66.0,0.0799726315789473,hold,2.66667,11,48.45315680661029,,0.0004267318199694464,-0.00023064241776156078,0.4172456989844769,0.00132,1793363400,0.1101836,2026-08-28T08:34:46,0.0259,,,Utilities - Regulated Electric,0.5655664994681618,Hold
FICO,Fair Isaac Corporation,21.804485,53.06523,43.11008,32.787193,10.440351,0.79,32.2692739820818,30339325952,21597635,21597635,24.015,1.321,,1.1560000000000001,1.129,1.183,4.91,0.1001,0.4167068246129728,,0.3405,0.53787,0.851,1157.06,1476.3184,1750.0,707.0,0.2759220783710441,buy,1.90476,19,67.93194955182977,,-0.0022660160771190425,-0.027700347090718315,0.27321099492331397,0.030150002,1793822400,-0.23959672,2026-08-28T08:34:46,0.0859,,,Software - Application,0.5655715874427287,Hold
CMP,Compass Minerals Intl Inc,19.417023,1.28444,0.89113,59.380955,0.8103111,0.12,11.48659291278113,1765303040,41980874,41980874,7.97,1.255,293.966,1.4224999999999999,0.832,2.013,4.0,0.0614,-0.0056099951611298104,0.07169,0.01424,0.050630003,0.1722,24.94,31.5,35.0,27.0,0.26303127506014423,none,,4,37.10992907086078,,0.0882701349453502,0.08595923129602537,1.1561826556964663,0.23239,1785960000,0.30918634,2026-08-28T08:34:46,0.0466,,,Other Industrial Metals & Mining,0.5656311722620323,Hold
LNTH,"Lantheus Holdings, Inc.",15.887274,6.32393,5.6,24.093525,4.213751,,14.519712205749508,6589575168,65272369,65272369,16.8,-0.031,47.642,2.941,2.822,3.06,2.94,0.104399994,0.06982547852675602,0.22215,0.1769,0.25817,0.60143,100.47,107.04,115.0,102.5,0.06539265452373844,hold,2.54545,10,23.89532849193789,,0.04336485164656003,-0.003885896103077909,0.6064102562486368,0.020769998,1793881800,0.83005464,2026-08-28T08:34:46,0.0876,,,Drug Manufacturers - Specialty & Generic,0.5656425387788275,Hold
SNA,Snap-On Incorporated,18.551376,21.3375,19.81857,20.195917,3.8817163,2.18,18.455274267104134,20166465536,51727124,51727124,14.247,0.723,21.595,2.9705,2.508,3.433,8.36,0.0709,0.05078841808409851,0.17932,0.19597,0.25397,0.5183,395.84,413.77777,485.0,330.0,0.04531570836701704,none,,9,25.22160608709231,,-0.001259100780441135,0.0020124594224381954,0.06496795162658622,0.024249999,1792067400,0.21707046,2026-08-28T08:34:46,0.0619,,,Tools & Accessories,0.5656454227189182,Hold
INDB,Independent Bank Corp.,9.916297,8.31157,7.16914,14.904159,4.1153135,11.0,,3630087168,47369099,47369099,,0.786,,,,,5.16,0.0548,0.4910775165894541,0.08239,0.28603,0.47252,0.0,82.42,93.42857,100.0,82.0,0.1335667313758795,none,,7,45.766426719152854,,-0.020895530541617677,-0.0037158813171481427,0.12580152607763634,0.01657,1792699200,0.15256608,2026-08-28T08:34:46,0.0411,,,Banks - Regional,0.5657815134010838,Hold
CAH,"Cardinal Health, Inc.",16.703442,14.07674,,33.023876,0.21508737,1.19,11.506686918990454,59986530304,232575728,232575728,14.134,0.521,,0.654,0.425,0.883,2.98,0.0318,0.08575499132050446,,0.00674,0.013300001,0.03844,235.13,270.9375,292.0,235.0,0.15228809594692305,strong_buy,1.5,16,44.634795868175644,,0.15462753950338612,0.03572306238880684,1.1627613482616213,0.0026699998,1793881800,0.5803871,2026-08-28T08:34:46,0.0276,,,Medical Distribution,0.5658149314723141,Hold
XPEL,"XPEL, Inc.",18.774073,2.7,2.25,25.60101,2.750623,,-91.05448963669384,1432867200,27570748,27570748,17.226,1.123,19.949,1.8475,1.085,2.61,10.59,0.1506,0.15112076756132997,0.19365999,0.10773,0.16228001,0.42901,50.69,61.66667,65.0,60.0,0.21654507792464006,none,,3,44.54103404079565,,,,0.1088498504794936,0.09426,1793795400,0.36410117,2026-08-28T08:34:46,0.1131,,,Auto Parts,0.566191845107322,Hold
SLB,SLB Limited,17.021473,3.2318,2.49877,26.195238,2.2450287,1.82,27.62750049660167,91508719616,1484143231,1484143231,12.395,0.749,47.002,1.1905000000000001,0.942,1.439,4.57,0.0428,0.05532504146831907,0.12909001,0.08527,0.12706,0.16991,55.01,61.93103,71.0,43.0,0.12581403381203415,buy,1.6,29,60.213361260462236,,-0.0114764734272761,-0.017657125314220357,0.14080666876175255,0.00221,1792758600,0.4932139,2026-08-28T08:34:46,0.0375,,,Oil & Gas Equipment & Services,0.56621105740659,Hold
SUI,"Sun Communities, Inc.",39.40945,3.1259,2.33399,157.93591,6.675554,9.42,8.308409049045634,18988460032,121800957,126352693,18.592,0.773,72.848,0.53,0.463,0.597,2.31,0.0466,0.07272388672611174,0.01722,-0.37355,0.23205,0.53682,123.19,139.0,155.0,126.0,0.1283383391509052,buy,1.84211,19,58.3380566244637,,-0.008369836299597581,0.1340228625742344,1.434615216480591,0.0116799995,1793217600,-0.029006064,2026-08-28T08:34:46,0.0343,,,REIT - Residential,0.5662661154258274,Hold
WK,Workiva Inc.,19.165747,4.04889,3.3587,92.38095,4.372717,,24.97241253953627,4200155392,50846905,54416488,99.92,0.442,,1.4095,1.346,1.473,6.14,0.098400004,0.30655939825639344,,0.04871,0.04571,0.8021,77.6,77.2,91.0,65.0,-0.005154639175257603,strong_buy,1.18182,10,82.02489295415803,55.31644355795018,0.15497035804184248,0.16099534614314848,0.597739169430935,0.04027,1793822400,-0.056420207,2026-08-28T08:34:46,0.1091,6.66,-16.63,Software - Application,0.566384940518826,Hold
MAS,Masco Corporation,15.619736,4.66013,4.5319,16.967367,1.8836317,1.89,15.999189588957522,17545273344,197187430,197187430,11.635,1.296,,1.5065,1.148,1.865,2.65,0.0434,0.03873092721985372,58.625,0.11614,0.23645,0.37205002,72.79,80.61111,96.0,68.0,0.10744758895452655,buy,2.47619,18,23.93083725358379,,0.059498760929536675,-0.011041645444976452,0.04311603501977647,0.0023100001,1793277000,-0.008175492,2026-08-28T08:34:46,0.0375,,,Building Products & Equipment,0.5663873976450711,Hold
WNC,Wabash National Corporation,10.791837,1.225,-2.2,-7.263736263736264,0.37832007,0.73,3.6454708454613147,1013556416,40737173,40737173,-112.082,1.429,185.505,0.984,0.654,1.314,2.47,0.0963,-0.08651432930802527,-0.22873,-0.054770004,-0.06243,0.01002,13.22,22.5,25.0,20.0,0.7019667170953101,strong_buy,1.5,2,46.03450170485623,76.38159776872143,-0.24645892351274803,-0.13732394366197173,1.1601695081855077,0.05165,1793881800,0.19206488,2026-08-28T08:34:46,0.1208,2.54,19.52,Farm & Heavy Construction Machinery,0.5665082622983546,Hold
TRN,"Trinity Industries, Inc.",13.249438,2.225,2.225,6.985782,1.1499493,0.69,-7.00986866484972,7548556288,79669486,79669486,12.211,1.354,468.386,1.5625,0.957,2.168,5.45,0.0883,-0.018629867901997055,0.30156,0.16618,0.12121,0.26239002,29.48,34.0,34.0,34.0,0.15332428765264594,none,,2,36.037887082188405,,-0.04301075268817208,-0.06315789473684207,0.5983868678703179,0.01234,1793277000,0.037297726,2026-08-28T08:34:46,0.0535,,,Railroads,0.5665448726524431,Hold
AGX,"Argan, Inc.",28.765442,15.99002,12.09207,40.418278,6.188975,,15.483499450034174,5484314624,14019247,14019247,34.675,0.612,2.023,1.5055,1.481,1.53,3.28,0.074499995,0.46145378564198203,0.38521,0.1548,0.15602,0.20743999,459.96,667.8,800.0,500.0,0.4518653795982259,buy,2.4,5,18.584965304445788,64.25973887151113,-0.011888000457608013,-0.015787390645744914,0.6874404354002079,0.04112,1788379200,1.0154238,2026-08-28T08:34:46,0.0767,2.63,14.44,Engineering & Construction,0.5666154823841008,Hold
MSGE,Madison Square Garden Entertain,26.901894,2.905,1.12,56.630436,3.4850676,,10.748946558419451,4578670080,40438480,47305234,20.475,0.566,2567.364,0.6285000000000001,0.559,0.698,2.64,0.0325,0.49520735200729615,4.07537,0.06239,-0.04718,0.47338,78.15,91.625,103.0,80.0,0.172424824056302,buy,2.2,8,44.54792756444907,,0.003595571497551224,,1.2065598229197498,0.03876,1793881800,0.9196757,2026-08-28T08:34:46,0.0286,,,Entertainment,0.5667953532873331,Hold
ENPH,"Enphase Energy, Inc.",17.040693,2.30331,2.02085,38.106796,3.9041545,1.08,66.22184634166072,4862334464,132144648,132144648,25.352,1.651,51.899,2.99,2.529,3.451,4.82,0.19629999,-0.2044792915109206,0.12996,0.100880004,0.17981,0.30037,39.25,46.78889,85.0,27.0,0.19207363057324844,buy,2.46667,27,43.29966984770109,82.42322481324283,-0.022615483577657466,-0.04416659058653631,0.572291650299783,0.030280001,1793131200,0.041114092,2026-08-28T08:34:46,0.1798,4.61,0.51,Solar,0.5669441233406685,Hold
CTRE,"CareTrust REIT, Inc.",22.174648,1.775,1.815,24.911392,16.275723,,-115.80821716941497,9935866880,236293199,236293199,20.491,0.8,71.948,3.126,2.948,3.304,11.44,0.1251,-0.12761826039690627,0.09056,0.62194,0.57791,0.96365,39.36,45.38462,49.0,43.0,0.15306453252032526,strong_buy,1.30769,13,48.840863009516454,,0.005540166204986155,0.018651362984218062,0.9313175040781092,0.00777,1794254400,0.14385355,2026-08-28T08:34:46,0.1056,,,REIT - Healthcare Facilities,0.5670262610297739,Hold
MSM,"MSC Industrial Direct Company, ",22.404465,5.44579,4.60354,29.614079,,2.41,,7295136768,,,16.429,0.826,39.13,1.0695000000000001,0.591,1.548,2.87,0.0424,0.078,0.16322,0.05915,0.10195,0.40823,122.01,131.0,155.0,67.0,0.07368248504220953,hold,2.6,7,49.576658985925775,,0.0,0.0,0.2424645009990847,0.26757,1792672200,0.352211,2026-08-28T08:34:46,0.0465,,,Industrial Distribution,0.5677922247033795,Hold
LIF,"Life360, Inc.",24.798433,1.78479,1.37072,25.147726,6.298612,,48.27237869505162,3449406720,81480369,81480369,138.181,1.09,50.803,5.4415,5.282,5.601,10.31,0.1288,0.29425719846703213,0.30056,0.25725,-0.00035999998,0.77592003,44.26,61.47778,72.0,47.0,0.3890144600090377,strong_buy,1.5,9,23.439281172856084,,0.10099760638725118,0.09449316244557555,1.4510685717773641,0.036960002,1794254400,-0.5106418,2026-08-28T08:34:46,0.1155,,,Software - Application,0.5678487497356559,Hold
MGRC,McGrath RentCorp,16.378689,6.945,6.35,18.376413,2.9783976,1.13,40.71831154182051,3363935232,24425663,24425663,13.119,0.453,47.364,1.514,1.192,1.836,2.59,0.020299999,-0.05486344423895484,0.1269,0.16383,0.23278,0.48520002,113.75,145.4,150.0,140.0,0.27824175824175823,none,,5,20.098852587650143,,0.001972386587771091,-0.00927246790299565,0.2848824670347484,0.011410001,1792699200,-0.06370896,2026-08-28T08:34:46,0.018,,,Rental & Leasing Services,0.5679192633238488,Hold
VIAV,Viavi Solutions Inc.,19.710772,1.95071,1.64374,-295.7692307692308,6.2487855,1.34,59.77809717011822,9536530432,246749828,246749828,34.193,1.234,48.243,1.6764999999999999,1.507,1.846,1.72,0.0497,0.3797381451467514,-0.02728,-0.02002,0.14308,0.6089,38.45,61.42857,70.0,44.0,0.5976221066319896,strong_buy,1.375,7,53.89126957357967,,0.3225463849508391,0.057501734755833055,1.1652686774644065,0.00997,1793217600,2.4086878,2026-08-28T08:34:46,0.0362,,,Communication Equipment,0.5679526932351864,Hold
SITM,SiTime Corporation,40.19439,14.92472,11.14301,999.81665,38.409702,3.82,726.1346925548036,17444784128,29955519,29955519,380.55,2.865,129.419,18.880000000000003,18.315,19.445,1.99,0.048499998,0.9458096018967319,0.013259999,0.03012,0.10623,0.58714,599.89,862.7778,900.0,800.0,0.43822667489039646,strong_buy,1.33333,9,44.5642749144015,29.98755419704257,0.31284211270426615,0.21064577097478088,0.888011317001549,0.108660005,1793822400,1.4822693,2026-08-28T08:34:46,0.0478,2.4,11.64,Semiconductors,0.5680052098414514,Hold
IDA,"IDACORP, Inc.",19.801298,6.95611,6.37675,22.8804,4.4191585,2.11,-6.523556494533944,11898485760,57842043,57842043,17.608,0.479,105.976,0.708,0.43,0.986,9.08,0.09810001,-0.026839881848571667,0.094390005,0.18781,0.27459,0.38970003,137.74,158.22221,171.0,144.0,0.1487019747350078,buy,1.66667,9,51.00956277776324,66.71639654336091,-0.0012701922986564148,-4.6000606633045975e-05,0.0683914790535967,0.0028900001,1793277000,0.10103917,2026-08-28T08:34:46,0.0791,9.35,-1.11,Utilities - Regulated Electric,0.5680323225004237,Hold
MFA,"MFA Financial, Inc.",6.337625,1.398,1.08,8.772277,2.957574,2.48,,12422908928,101087938,101087938,,1.499,656.964,43.537000000000006,43.133,43.941,2.74,0.0404,0.22060958449859758,0.08239,0.48951,0.53966,0.87586,8.86,14.0,31.0,10.0,0.5801354401805869,buy,2.28571,6,41.5859683006051,,-0.14792899408284022,-0.052896861958701524,1.3585851483912788,0.01952,1793881800,-0.13137257,2026-08-28T08:34:46,0.0411,,,REIT - Mortgage,0.5683282603065876,Hold
SXI,Standex International Corporati,25.555555,11.862,9.96,35.2079,4.120578,0.95,22.224139556393002,4059144704,12119465,12119465,21.208,1.053,74.985,2.07,1.736,2.404,4.44,0.073,0.023660070803455335,0.17218,0.11735,0.1777,0.41726002,303.14,338.4,350.0,310.0,0.11631589364649986,strong_buy,1.4,5,36.252488505065884,,0.0,-0.023301770275833633,0.4686710814571659,0.02283,1793304000,0.48547065,2026-08-28T08:34:46,0.0535,,,Specialty Industrial Machinery,0.5683690094301668,Hold
AEE,Ameren Corporation,18.377132,5.80885,5.38887,18.960924,3.5136154,2.84,-16.544727302849903,51478016000,276843251,276843251,13.166,0.476,157.846,0.395,0.259,0.531,8.01,0.0514,-0.08383101598528775,0.11943,0.18583,0.25236,0.52408004,106.75,120.4,136.0,108.0,0.12786885245901636,buy,1.8125,15,44.620694766212,,0.0030458060235971636,-0.0003666637539171869,0.11653961930926311,0.00324,1793822400,0.06985366,2026-08-28T08:34:46,0.0455,,,Utilities - Regulated Electric,0.568662931140724,Hold
BJRI,"BJ's Restaurants, Inc.",23.293913,2.73462,2.36957,33.703705,0.9459547,2.21,27.39791986377411,1775375872,21273765,21273765,13.756,1.318,109.378,0.22799999999999998,0.167,0.289,3.2,0.096499994,0.10611408934901734,0.104399994,0.028570002,0.05006,0.15534,63.7,75.375,82.0,65.0,0.1832810047095761,none,,8,30.176514890440245,,0.07333523579158124,0.04801615740439121,0.8798053521625232,0.048979998,1793304000,0.898093,2026-08-28T08:34:46,0.0843,,,Restaurants,0.5687109068445069,Hold
AVO,"Mission Produce, Inc.",15.6990595,0.7975,0.6275,40.387096,0.88730866,,33.2185984528727,1323463936,88319807,88319807,14.216,0.48,35.595,1.471,1.032,1.91,5.88,0.080699995,-0.38832607503320293,0.0398,0.0183,-0.00206,0.12229,12.52,16.5,18.0,15.0,0.3178913738019169,none,,4,44.01531397636024,,0.006689875346926821,-0.05113636363636368,1.2448902129766326,0.38122,1788897600,0.0007994175,2026-08-28T08:34:46,0.1,,,Food Distribution,0.5687392327502754,Hold
VRT,"Vertiv Holdings, LLC",29.595142,9.09879,6.70757,59.575222,9.030768,1.2,38.44545410529414,103897219072,384988173,384988173,38.785,2.077,70.166,1.163,0.947,1.379,2.21,0.034,0.2307358958790664,0.43943,0.15088001,0.20362,0.38039002,269.28,338.15384,427.0,236.0,0.2557703505644684,strong_buy,1.39286,26,52.83608162545244,,0.034858515527729846,0.03068683456635722,0.9493664028377597,0.00269,1792585800,1.1111722,2026-08-28T08:34:46,0.034,,,Electrical Equipment & Parts,0.568800686290937,Hold
SYNA,Synaptics Incorporated,14.837372,6.57731,5.17718,-7.565116279069768,3.1878135,0.51,25.502507878382893,4250750720,39106986,39106986,45.806,1.96,94.33,0.9935,0.865,1.122,4.07,0.1183,0.07336447508381228,-0.42229998,-0.40995997,-0.02792,0.44721,97.59,130.33333,170.0,105.0,0.33551931550363756,none,,9,40.4198122524785,,-0.018194162089996,0.005606484992294329,1.5244832859532613,0.01206,1793908800,0.39693677,2026-08-28T08:34:46,0.0707,,,Semiconductors,0.569047644645644,Hold
PODD,Insulet Corporation,18.598446,7.71086,6.5029,26.906193,3.2573807,1.44,41.98432418742085,10359585792,69354199,69354199,16.848,1.095,66.685,1.9975,1.51,2.485,2.2,0.0602,0.25317569538940243,0.26016,0.12291,0.16178,0.71075,143.41,171.90909,275.0,144.0,0.19872456592985155,buy,1.96,22,35.897475943465594,,0.0043709263892751146,-0.042388520872608366,0.7652072504430855,0.00329,1793881800,-0.57805693,2026-08-28T08:34:46,0.0535,,,Medical Devices,0.5692252622895262,Hold
WDFC,WD-40 Company,33.525265,6.53,6.224,33.270515,4.354848,3.76,42.81732828046011,2993423360,13421096,13421096,23.652,0.27,41.048,2.2435,1.833,2.654,4.25,0.0539,0.2545124630656095,0.33306,0.13225001,0.20673001,0.55821997,218.92,271.66666,305.0,245.0,0.24094034350447657,none,,3,42.65194541799062,,0.039065108514190316,0.02511773940345371,0.16344617134030603,0.00799,1792612800,0.013330817,2026-08-28T08:34:46,0.0388,,,Specialty Chemicals,0.5692287380175756,Hold
SGI,Somnigroup International Inc.,17.397068,3.59141,3.01734,24.793652,1.7257925,0.83,19.106551688945004,19451336704,210365491,210365491,15.266,1.194,198.088,0.5115000000000001,0.275,0.748,5.25,0.0791,-0.038209920846761,0.17516,0.07002,0.111269996,0.44733003,62.48,89.44444,105.0,66.0,0.43156914212548014,strong_buy,1.4,9,33.4368073479573,,-0.04066462336737416,-0.07832685763559182,0.13289230885377745,0.03358,1793881800,-0.2557475,2026-08-28T08:34:46,0.0735,,,"Furnishings, Fixtures & Appliances",0.5693958346600809,Hold
PHM,"PulteGroup, Inc.",11.266897,11.24977,10.19325,13.286163,,1.15,,24903534592,,,9.043,1.206,19.065,3.94,0.608,7.272,4.81,0.0592,-0.096,0.14901,0.1162,0.15685001,0.25565,126.75,141.85715,166.0,100.0,0.11918856015779089,buy,2.06667,14,40.735998029034775,,8.156262191406371e-05,0.0,0.14270090558137713,0.0066799996,1792672200,-0.039918184,2026-08-28T08:34:46,0.0455,,,Residential Construction,0.5694009186575045,Hold
ITW,Illinois Tool Works Inc.,22.721756,12.39649,11.44922,25.841286,4.8709464,2.81,32.971484356011096,89075613696,284800000,284800000,18.534,1.005,334.853,0.9245,0.74,1.109,6.16,0.0309,0.08596032303370782,1.04618,0.19393998,0.26900998,0.44162,281.67,301.85715,350.0,249.0,0.07166950686974105,hold,3.25,14,14.103979708649746,,0.008900497722882482,0.015568783773264963,0.08847936284511702,0.0037200002,1792758600,0.064311385,2026-08-28T08:34:46,0.034,,,Specialty Industrial Machinery,0.5694273557054212,Hold
ZION,Zions Bancorporation N.A.,9.990615,6.79738,6.56584,8.650956,2.6882813,4.42,,9941692416,145953355,145953355,,0.781,,,,,3.4,0.044099998,0.3672811208485067,0.16404,0.3176,0.52116,0.0,67.91,74.95238,85.0,68.0,0.10370166396701519,hold,2.59091,21,53.36378142240649,,-0.007755561148233885,0.001394929504667884,0.14547833207923921,0.0126600005,1792440000,0.17066026,2026-08-28T08:34:46,0.0382,,,Banks - Regional,0.5695672904852042,Hold
ARR,"ARMOUR Residential REIT, Inc.",5.593219,2.93391,2.91287,3.679372,4.733887,2.97,,20202749952,141553046,141553046,,1.344,756.724,0.6144999999999999,0.087,1.142,0.0,0.0001,,0.20331,0.8782,0.86998004,1.0,16.41,18.375,19.0,18.0,0.11974405850091396,none,,4,56.20834877209266,,-0.004766265093172914,-0.02673088980225507,1.4357312453884334,0.0019699999,1793217600,0.07184851,2026-08-28T08:34:46,0.0,,,REIT - Mortgage,0.569789481949977,Hold
LAZ,"Lazard, Inc.",11.231546,3.84809,2.22988,21.082928,1.3164753,1.0,,5505396736,97450572,97450572,,1.421,225.799,5.045,4.785,5.305,5.19,0.1084,-0.030772673145520457,0.25665,0.0709,0.04829,0.89509004,43.22,47.375,60.0,42.0,0.09613604812586773,none,,8,48.57694647636272,,-0.15331515837275875,-0.10420371905058994,0.8312201966119604,0.00853,1792672200,-0.24387681,2026-08-28T08:34:46,0.0966,4.62,-13.86,Capital Markets,0.569805844831948,Hold
WINA,Winmark Corporation,27.727875,12.09,,30.447775,13.91579,1.41,36.54152997763816,1241102336,3592169,3592169,22.699,0.514,,3.5885,3.427,3.75,6.51,0.1345,0.06290738548214181,,0.47085997,0.62101,0.96664,335.23,545.0,545.0,545.0,0.6257494854279151,none,,1,54.825291587462864,,-0.04292929292929306,-0.030279503105590105,0.016070251103308848,0.17024,1792004400,-0.27727234,2026-08-28T08:34:46,0.1237,,,Specialty Retail,0.5698216890199306,Hold
MSI,"Motorola Solutions, Inc.",25.46922,19.10306,17.69282,38.461662,6.579991,2.31,40.68688510360756,89444343808,165493788,165493788,23.801,0.87,357.85,0.9385,0.778,1.099,3.4,0.0217,0.14273671710263836,0.91567004,0.17438999,0.27354,0.52112,486.54,525.0,550.0,476.0,0.07904797138981379,buy,1.64286,11,67.15165691076605,,0.04173886727041387,0.02932740365760436,0.20444160260517139,0.0039500003,1793908800,0.029801488,2026-08-28T08:34:46,0.0188,,,Communication Equipment,0.5702444080165988,Hold
PRK,Park National Corporation,14.972595,13.2275,12.985,17.69884,5.877735,3.47,,3155290112,18064161,18064161,,0.677,,,,,5.93,0.0401,0.12667641192967682,0.12585,0.31254,0.46613997,0.0,198.05,211.33333,217.0,205.0,0.06707058823529399,none,,3,41.096031002858545,,0.056263843889328626,0.04565217391304338,0.14632037794925937,0.02179,1793044800,0.15299523,2026-08-28T08:34:46,0.0385,,,Banks - Regional,0.5702707232657581,Hold
DTE,DTE Energy Company,16.286425,8.36525,7.70895,21.7984,1.7218293,1.91,-10.917987914108021,56152920064,208088069,208088069,15.525,0.396,229.06,0.5985,0.395,0.802,3.2,0.023699999,-0.017707930193729626,0.1103,0.07999,0.13623999,0.29347,136.24,159.10715,168.0,148.0,0.16784461244861992,buy,1.94118,14,52.464693809877566,,-7.52315640512777e-05,0.0007009032801316883,0.10403100365807891,0.00405,1793277000,-0.0030003786,2026-08-28T08:34:46,0.0209,,,Utilities - Regulated Electric,0.570302218583567,Hold
ADP,"Automatic Data Processing, Inc.",21.247248,13.39844,12.25722,25.998173,5.1528997,2.62,21.570031909121695,114377359360,397262737,397262737,17.84,0.823,91.436,0.603,0.155,1.051,4.6,0.0313,0.12246490138842292,0.72239,0.20109,0.23459,0.48653,284.68,287.26666,322.0,225.0,0.009086202051426184,hold,2.72222,15,55.27116925870631,,0.004455516539169167,0.0033511336566896875,0.14852693626515429,0.0018099999,1793190600,-0.06370664,2026-08-28T08:34:46,0.0281,,,Software - Application,0.5706746900392138,Hold
USLM,"United States Lime & Minerals, ",20.992983,5.7,5.04,25.244728,9.107756,,72.87770869412881,3025517824,28688363,28688363,16.386,0.72,0.467,26.5305,25.518,27.543,6.12,0.0872,0.08090246906036436,0.21354,0.35664,0.41013,0.55302,119.66,132.0,132.0,132.0,0.10312552231322081,none,,1,58.52652284419419,,-0.01945525291828787,-0.023972602739725974,0.4239150547682287,0.62552,1793217600,-0.04971409,2026-08-28T08:34:46,0.0884,,,Building Materials,0.5710014723112798,Hold
EMR,Emerson Electric Company,21.76935,7.24459,6.5554,34.509846,4.7204685,1.79,23.735755641894663,99607633920,557800000,557800000,16.442,1.235,67.677,0.757,0.618,0.896,3.92,0.0215,0.10740201305127295,0.128,0.13828,0.26924,0.53161,157.71,171.44408,205.0,104.0,0.08708439540929547,buy,1.93103,27,59.39403112806896,,0.007543434691192566,0.008824763420791151,1.0436399463939559,0.00253,1793822400,0.19477272,2026-08-28T08:34:46,0.0215,,,Specialty Industrial Machinery,0.5711273601690819,Hold
TMO,Thermo Fisher Scientific Inc,22.926142,27.51008,25.11793,34.128788,5.0327954,2.05,37.388210221710835,271812608000,369747286,369747286,23.155,0.847,80.575,1.2799999999999998,1.009,1.551,2.18,0.0128,0.12850391550947027,0.13515,0.15036,0.18751,0.40987998,630.7,631.4231,750.0,520.0,0.0011465038845726028,buy,1.53571,26,80.9287450397698,,0.010726982638770173,0.009525696776205931,0.0638032121739797,0.00131,1792585800,0.2800374,2026-08-28T08:34:46,0.0129,,,Diagnostics & Research,0.5711822444862221,Hold
REAL,"The RealReal, Inc.",37.435898,0.2925,0.09927,-15.422535211267606,1.7766113,,37.87642702706329,1676474752,121671115,121671115,63.611,2.744,,0.712,0.596,0.828,4.46,0.1393,0.08381327811453021,,-0.10819,-0.01186,0.74497,10.95,18.0,20.0,15.0,0.6438356164383563,none,,8,20.39928227895939,18.023777812328277,0.6416404828840746,0.30289532293986626,0.4095092208014766,0.072280005,1794254400,0.43512452,2026-08-28T08:34:46,0.1557,6.18,-12.3,Luxury Goods,0.5712650723891657,Hold
PTCT,"PTC Therapeutics, Inc.",28.723999,2.5,1.59667,-107.17910447761194,5.94131,,-20.896900274729536,6782140416,83460802,83460802,39.61,0.545,,3.2975000000000003,3.201,3.394,8.26,0.16600001,0.9135073132894167,,-0.03805,0.41323003,0.49959,71.81,99.28571,130.0,70.0,0.38261676646706566,buy,1.85714,14,44.350771643044816,50.68832822118993,0.07159060402684567,-0.19006566947551887,1.0523390935173698,0.07311,1793908800,0.45570648,2026-08-28T08:34:46,0.1435,7.52,7.45,Biotechnology,0.5713631462694957,Hold
NSC,Norfolk Southern Corporation,24.294888,14.32112,12.96527,30.123808,6.2318964,4.65,56.53679603008771,94228987904,224608373,224608373,16.639,1.269,105.519,0.7484999999999999,0.666,0.831,5.82,0.0325,0.11814449588662512,0.16985,0.21021,0.35296002,0.45159,347.93,365.27777,414.0,297.0,0.04985994309200126,hold,2.57143,18,68.74434115699992,,-0.0005673483326048963,0.0072549034777820735,0.21967795306608892,0.00044,1792672200,0.24269593,2026-08-28T08:34:46,0.034,5.48,-7.76,Railroads,0.5715313868617011,Hold
TARS,"Tarsus Pharmaceuticals, Inc.",30.933332,2.325,-2.132,-65.98165137614679,5.205185,,46.77878418931014,2795186176,43882996,43882996,-60.508,0.512,25.614,3.158,3.118,3.198,6.31,0.1412,0.6218595193454886,-0.13683,-0.07665,-0.11447,0.82672,71.92,94.85714,104.0,84.0,0.3189257508342602,none,,7,69.30244993971691,,0.05244444444444439,0.40060240963855437,0.4304684353461463,0.02865,1793795400,0.22772276,2026-08-28T08:34:46,0.1835,,,Biotechnology,0.5718807190712363,Hold
ROKU,"Roku, Inc.",39.829212,3.923,2.99,67.06009,4.4519053,0.91,27.721481705441313,21107380224,132050905,148418969,36.455,2.044,16.792,2.7595,2.653,2.866,3.97,0.0908,0.36005503901696123,0.13122,0.06819,0.12172,0.45504,156.25,162.3265,205.0,150.0,0.03888960000000008,hold,2.51852,20,57.11830582699237,,0.2259625240887287,0.06452260652009917,1.00633809820185,0.0062800003,1793908800,0.6181649,2026-08-28T08:34:46,0.0797,,,Entertainment,0.5722491080982519,Hold
WTTR,"Select Water Solutions, Inc.",29.03849,0.6729,0.52,67.37932,1.9496669,,-31.88259634289642,2866270208,128942892,142733753,11.32,1.0,25.666,1.428,1.278,1.578,2.54,0.0396,0.03135389580063075,0.03128,0.022349998,0.088479996,0.29271,19.54,24.0,26.0,21.0,0.22824974411463672,strong_buy,1.42857,7,42.62708486874472,,0.03790343506117655,0.13091909166333776,0.524325570887795,0.054169998,1793736000,1.2934272,2026-08-28T08:34:46,0.0395,,,Oil & Gas Equipment & Services,0.5722726164634544,Hold
PDFS,"PDF Solutions, Inc.",28.341923,1.62833,1.29,177.50002,8.080315,4.19,-146.96865905598656,1905458048,42227216,42227216,54.89,1.645,19.21,3.38,3.313,3.447,4.87,0.0739,0.23891099522165993,0.03272,0.042740002,0.08229999,0.71462,46.15,61.66667,74.0,50.0,0.33622253521126777,strong_buy,1.33333,6,51.48823451863943,,0.034068136272545076,0.04884380032206123,,0.10556,1793908800,1.2567236,2026-08-28T08:34:46,0.0706,,,Software - Application,0.5724098858743721,Hold
PRSU,Pursuit Attractions and Hospita,26.049341,1.89333,1.7,33.78082,2.8015594,1.97,-24.679116814933643,1626826112,27449264,27449264,13.554,1.385,39.955,1.0070000000000001,0.408,1.606,5.86,0.080699995,0.17658869469141325,0.08914,0.079450004,0.16551,0.92541003,49.32,62.0,70.0,58.0,0.2570965125709652,none,,4,77.41583245159744,76.19835277320811,0.07142632053294001,0.053799529128888426,1.7005468077397747,0.01002,1793822400,0.32225204,2026-08-28T08:34:46,0.0933,5.57,21.29,Travel Services,0.5725577233542852,Hold
ZETA,Zeta Global Holdings Corp.,25.000826,1.20876,0.96052,Infinity,4.7951336,0.77,29.872681931609602,7495927296,225619195,249257621,64.654,1.386,23.772,2.3105,2.239,2.382,2.49,0.1031,0.4981244836016725,-0.00271,-0.0013799999,0.03822,0.59478,30.22,31.35714,44.0,25.0,0.03762872270019857,buy,1.53333,14,78.64203558129402,,0.03188517897812732,0.049525926440454254,0.9177453222821643,0.01853,1793736000,0.5386965,2026-08-28T08:34:46,0.1043,,,Software - Infrastructure,0.572888112209472,Hold
SCHL,Scholastic Corporation,16.194618,2.415,1.6,17.078604,0.46634763,1.98,12.996526368641268,1022315328,18034475,18862575,12.763,1.018,55.874,0.974,0.716,1.232,3.98,0.142,0.38652500280712365,0.066810004,0.03584,0.14367,0.56394,39.11,42.0,42.0,42.0,0.07389414472002054,none,,2,40.8420818654881,16.82769995478577,-0.4007490636704119,-0.18135593220338986,0.9921203738065201,0.31246,1789675200,0.5241622,2026-08-28T08:34:46,0.1062,3.64,-7.81,Publishing,0.5735392554708023,Hold
ZG,"Zillow Group, Inc.",12.423315,2.92595,2.26546,158.04347,2.9089696,0.92,33.46654827430911,8034204672,41402072,224874954,45.91,1.976,12.953,1.6065,1.291,1.922,2.73,0.18370001,6.110551954984282,0.012150001,0.01957,0.046630003,0.72883004,36.35,47.22727,80.0,32.0,0.2992371389270976,buy,2.24,22,55.42315576809599,,-0.020078896828555074,-0.04012453005977185,0.7850479816322101,0.03853,1793304000,-0.55387825,2026-08-28T08:34:46,0.018,,,Internet Content & Information,0.5737831803423498,Hold
WWD,"Woodward, Inc.",32.27703,10.73023,9.45756,38.482224,4.878333,2.19,109.22437381155993,21358931968,59045820,59045820,26.588,0.881,55.941,1.361,1.077,1.645,1.63,0.0198,0.22134937917705266,0.22339001,0.13169,0.17764,0.29626,346.34,450.36365,502.0,420.0,0.3003512444418781,strong_buy,1.41667,11,44.792789367464394,,0.0052422132088468815,-0.007101891555272497,0.41508484801539963,0.00246,1795464000,0.40320885,2026-08-28T08:34:46,0.0177,,,Aerospace & Defense,0.5738646814923617,Hold
SSB,SouthState Bank Corporation,10.221391,10.3753,9.47672,11.174922,3.843088,1.45,,10618226688,96974534,96974534,,0.713,,,,,3.3,0.0344,0.0426220867428968,0.105979994,0.35508,0.50514,0.0,106.05,119.85714,130.0,105.0,0.13019462517680336,buy,1.57143,14,71.90966972002202,,0.006272265374058303,0.003936284062694134,0.09093494413705798,0.012560001,1792612800,0.039094687,2026-08-28T08:34:46,0.0314,,,Banks - Regional,0.5739798378101001,Hold
WAFD,"WaFd, Inc.",10.759851,3.3625,3.225,11.413249,3.5176475,1.85,,5651282944,73995238,73995238,,0.83,,,,,6.59,0.0758,0.12928349556764718,0.08497,0.33699,0.46126997,0.0,36.18,39.0,40.0,36.0,0.07794361525704807,none,,4,28.719023524536055,50.371403839811634,-0.003091190108191588,-0.013206162876008913,0.19269040980491453,0.017280001,1792094400,0.15039742,2026-08-28T08:34:46,0.051,5.6,7.88,Banks - Regional,0.5741749830410957,Hold
VVV,Valvoline Inc.,16.029785,1.99566,1.76029,40.493668,2.0773315,1.1,56.25479721475353,5976589312,127536079,127536079,12.42,1.016,474.994,0.5815,0.461,0.702,5.26,0.1012,0.2368734654293394,0.28399,0.051680002,0.21043,0.38284,31.99,43.5,48.0,35.0,0.3597999374804628,buy,1.625,16,26.525557677531722,,0.00550652614743088,-0.03341018288902657,0.9612060472091114,0.00312,1795005000,-0.17509025,2026-08-28T08:34:46,0.0908,,,Auto & Truck Dealerships,0.5743151527514787,Hold
PAYX,"Paychex, Inc.",19.806509,6.38578,5.97898,25.5,11.337392,2.19,,48473366528,355682860,355682860,30.145,,123.967,0.7274999999999999,0.303,1.152,6.37,0.060599998,0.13942656668921294,,0.26633,0.38325,0.67197996,126.48,111.35714,150.0,95.0,-0.11956720430107526,hold,3.22222,14,69.13238037223928,44.704689254696106,-0.0007119888221098225,-0.0003162278092615296,0.052986466986438926,0.103590004,1790685000,-0.09307331,2026-08-28T08:34:46,,5.6,4.72,Software - Application,0.5743220515281814,Hold
ZTS,Zoetis Inc.,11.485982,6.53144,6.2064,12.650928,3.2545967,6.93,15.36937742371847,38579036160,413223602,413223602,9.488,0.73,293.996,2.3295,1.575,3.084,2.47,0.046,0.07035667818412739,0.64911,0.27685,0.40721,0.71738,75.02,96.0,155.0,80.0,0.2796587576646228,buy,2.22222,15,45.148443415931006,,-0.09697638991344273,-0.11617263986901127,0.12269291878317502,0.00164,1793709000,-0.52033246,2026-08-28T08:34:46,0.0407,,,Drug Manufacturers - Specialty & Generic,0.574656382026451,Hold
LII,"Lennox International, Inc.",14.85645,26.32863,23.67104,17.48547,2.5495849,1.17,48.67332826610266,15491008512,34560675,34560675,13.231,1.199,156.082,1.1215,0.674,1.569,2.93,0.0636,0.0467975234858693,0.71757007,0.14871,0.22856002,0.33330002,391.15,511.15384,609.0,450.0,0.30679749456730154,buy,2.35294,13,28.919366901294268,,-0.032061206047000426,-0.015943810569978754,0.23446590131196693,0.095970005,1793190600,-0.29883844,2026-08-28T08:34:46,0.0557,,,Building Products & Equipment,0.5747246004719861,Hold
DLR,"Digital Realty Trust, Inc.",66.440704,2.8913,3.35176,94.16667,10.736838,13.92,19.25157213008435,92094865408,370998727,377663727,28.687,1.042,67.944,0.8895,0.889,0.89,0.01,0.0001,0.21609920568811014,0.02912,0.11825,0.25882,0.56994,192.1,223.32259,250.0,190.0,0.16253300364393541,strong_buy,1.45455,31,52.14880712847733,,0.2820281362596676,0.07061393764348667,0.49469572043187077,0.00014,1792699200,0.14590788,2026-08-28T08:34:46,0.0001,,,REIT - Specialty,0.5748070355793379,Hold
MRK,"Merck & Company, Inc.",15.670354,9.54286,2.7474,121.577225,5.5422316,10.73,24.318017958792698,415761858560,2467171638,2467171638,14.401,0.211,128.408,1.0325,0.742,1.323,2.8,0.0099,0.06403896102505358,0.06961,0.047659997,-0.00241,0.759,149.54,148.73077,186.0,105.0,-0.005411461816236307,buy,1.75,26,72.96988027337453,32.476053817104784,0.0009107799919851167,-0.011846010151948028,0.6610103558081676,0.00056,1793277000,0.7776985,2026-08-28T08:34:46,0.0115,3.25,-3.67,Drug Manufacturers - General,0.5748124741729378,Hold
UVV,Universal Corporation,11.635443,3.95,3.18,61.28,0.4009021,12.64,7.341586099549711,2222050816,24899257,24899257,9.606,0.584,85.545,1.6455,0.719,2.572,6.6,0.09810001,-0.12157263166527421,0.022769999,0.0067000003,0.00438,0.17417999,45.96,67.0,67.0,67.0,0.4577893820713663,none,,1,36.42296759466316,,-0.2604651162790697,-0.0981735159817351,0.45522522257918624,0.02264,1793908800,-0.17855227,2026-08-28T08:34:46,0.0826,,,Tobacco,0.5752625006923471,Hold
MDLZ,"Mondelez International, Inc.",18.570133,3.36185,3.04862,22.868132,2.0083156,1.04,35.375953191170154,100816166912,1276308057,1276308057,16.582,0.404,82.643,0.45499999999999996,0.311,0.599,2.98,0.0239,0.056098940451960067,0.13340001,0.08862001,0.21978001,0.31146,62.43,69.13043,77.0,55.0,0.10732708633669708,buy,1.95833,23,56.8389316640835,,0.0005612243223462788,-0.0028356088402181913,0.3397348011080675,0.0023700001,1793131200,0.016113281,2026-08-28T08:34:46,0.0214,,,Confectioners,0.5753485368176826,Hold
TRIP,"TripAdvisor, Inc.",9.107823,1.0749,0.8499,,0.6224324,0.74,-11.223406975369459,1198081536,116361169,116361169,10.902,0.884,134.928,1.3780000000000001,1.195,1.561,8.11,0.28350002,-0.05819633008327718,-0.00233,0.00273,0.09437,0.63966,9.79,13.86667,21.0,9.0,0.41641164453524016,hold,2.82353,15,44.23598823150812,,-0.3531471192632621,-0.3232173776168739,0.8630747123996122,0.01345,1793881800,-0.4380023,2026-08-28T08:34:46,0.2534,11.72,-10.36,Travel Services,0.5753886807159618,Hold
CASY,"Caseys General Stores, Inc.",32.321712,23.61818,21.30985,42.199005,1.6086013,3.58,51.273872872551,30630895616,37004914,37004914,20.51,0.615,73.514,0.7925,0.575,1.01,3.89,0.0346,0.1263973346891174,0.19153,0.04068,0.05351,0.24606001,763.38,957.3889,1069.0,795.0,0.25414459378029286,buy,1.65,18,46.084314899412746,5.7385971650566745,0.0021536609889752463,0.0013269174872660883,0.21124171931019325,0.00569,1788897600,0.54367876,2026-08-28T08:34:46,0.046,5.99,27.48,Specialty Retail,0.5754062868403509,Hold
THO,"Thor Industries, Inc.",16.659863,4.58047,3.50677,15.447368,0.404519,0.77,26.795238912883164,4517928960,52057373,52057373,8.621,1.332,21.316,1.2235,0.74,1.707,8.34,0.1306,-0.017840189515517912,0.06091,0.026730001,0.03452,0.13216,76.31,90.5,138.0,59.0,0.18595203774079416,none,,12,18.179687130519028,,-0.003529221212835936,-0.028423131338199275,0.8112892239941835,0.046869997,1790166600,-0.30374086,2026-08-28T08:34:46,0.1003,,,Recreational Vehicles,0.5754861367510707,Hold
BE,Bloom Energy Corporation,44.273224,4.92013,2.7112,286.61844,20.608355,0.91,120.67789950349326,64283729920,294527346,294527346,153.612,3.832,171.578,3.65,3.213,4.087,1.09,0.0706,1.0934150330475596,0.22213,0.07868,0.17106001,0.31651,217.83,275.08463,390.0,97.0,0.2628408850938806,buy,2.24138,26,41.73313819173726,60.72721966173474,0.25095164051289376,0.08407491414529188,0.8409543315859715,0.05638,1793131200,3.1146579,2026-08-28T08:34:46,0.0704,1.0,6.13,Electrical Equipment & Parts,0.5755908958617499,Hold
TGT,Target Corporation,17.462786,9.50192,10.10391,17.194818,0.69988006,2.57,21.86608015603979,89059581952,454291461,454291461,10.337,0.973,106.989,0.6214999999999999,0.255,0.988,3.8,0.030299999,0.05324231044703698,0.26408002,0.04078,0.05901,0.2838,165.93,161.61765,200.0,121.0,-0.025988971252938087,hold,2.52632,34,73.78544652519798,,0.20894440170239653,0.06429626709110445,0.17306636544144144,0.0026800002,1795005000,0.7287977,2026-08-28T08:34:46,0.0303,,,Discount Stores,0.5757707581580637,Hold
MEDP,"Medpace Holdings, Inc.",31.670925,19.31014,17.70463,36.402977,6.135214,3.28,33.44445175205273,16711354368,27911655,27911655,27.342,1.151,33.216,0.6950000000000001,0.658,0.732,4.61,0.0706,0.17961460902264648,1.6215401,0.17665,0.20757,0.7235,611.57,581.8333,692.0,370.0,-0.04862354268522007,none,,12,53.73688699690812,36.13659401502007,0.03450909311886629,0.029239572828698743,0.3285417546652771,0.19479999,1792440000,0.28613484,2026-08-28T08:34:46,0.0778,3.82,-20.26,Diagnostics & Research,0.5757894322603232,Hold
AMGN,Amgen Inc.,17.911194,24.39759,23.04147,27.328955,6.2016215,2.32,27.32604989723431,279565795328,540632005,540632005,16.19,0.413,490.281,1.1604999999999999,0.95,1.371,4.58,0.0223,0.09040228293550623,0.91473,0.22951001,0.35548002,0.71891,436.99,388.48276,457.0,230.0,-0.11100308931554503,buy,2.47059,29,67.83186305687003,,0.031422816088095044,0.03999783454472373,0.24535492677296228,0.00225,1793736000,0.5188558,2026-08-28T08:34:46,0.0223,,,Drug Manufacturers - General,0.5758233758618738,Hold
MKTX,"MarketAxess Holdings, Inc.",18.424683,8.81752,8.003,19.180637,6.571578,1.36,-12.48921391942283,5564478976,35192891,35192891,12.793,0.825,14.275,6.9905,6.516,7.465,1.02,0.049200002,0.06027639218386471,0.2314,0.35217,0.41862,0.61662996,162.46,158.0,167.0,124.0,-0.02745291148590423,hold,3.0,9,52.06907063669231,,0.009973535992690581,0.002471639809090203,0.04367443693504871,0.009459999,1793881800,-0.11629677,2026-08-28T08:34:46,0.0451,,,Capital Markets,0.5758810133688019,Hold
RBC,RBC Bearings Incorporated,30.603674,16.63199,14.65522,50.747757,8.24527,1.64,56.894142380240716,16821722112,31659245,31659245,27.41,1.414,25.364,1.7254999999999998,0.921,2.53,1.95,0.015,0.1883612259231071,0.09747,0.16404,0.2718,0.45953,509.0,634.5,686.0,500.0,0.24656188605108054,buy,1.75,8,30.004649394693516,,0.014732967559498286,0.014902576738628779,0.25221676610544497,0.01623,1793363400,0.3052621,2026-08-28T08:34:46,0.0159,,,Tools & Accessories,0.5759454810212649,Hold
LTH,"Life Time Group Holdings, Inc.",21.72454,2.04147,1.74596,24.502762,3.1141307,,-28.712607191013237,13957646336,223461948,223461948,16.455,1.498,129.478,0.525,0.393,0.657,3.12,0.0557,0.11641880032299734,0.13445,0.13036999,0.17052001,0.48022997,44.35,55.42857,64.0,48.0,0.249798647125141,strong_buy,1.14286,14,52.57181167037203,,0.02327326007326002,0.04623702754644457,1.0294894482501757,0.12674,1793709000,0.588467,2026-08-28T08:34:46,0.0501,,,Leisure,0.576068181496639,Hold
HRL,Hormel Foods Corporation,13.695897,1.55375,1.49603,28.000002,,1.67,,12723704832,,,10.169,0.331,4.244,1.4344999999999999,0.931,1.938,5.07,0.0587,-0.029,0.05831,0.03821,0.11057,0.15783,21.28,27.25,30.0,25.0,0.2805451127819547,hold,2.6,8,23.747362602794965,6.651099323175487,0.001955649617241887,0.0010704442022947632,0.28061517731276026,0.00471,1787833800,-0.163522,2026-08-28T08:34:46,0.0662,5.32,-5.2,Packaged Foods,0.5761574359757798,Hold
APPF,"AppFolio, Inc.",27.523365,8.4312,6.89775,50.777897,7.8958826,7.45,41.31658624835632,8032780288,24087367,35416992,41.258,0.811,6.799,3.59,3.349,3.831,5.3,0.09819999,0.7844258278623812,0.3209,0.15134,0.18845,0.63532,232.055,231.03625,260.0,200.0,-0.004390123031178028,strong_buy,1.44444,8,62.370625208062314,,0.013599894198554067,0.02506243115551757,1.2002711736131848,0.03945,1793304000,-0.16340399,2026-08-28T08:34:46,0.1017,,,Software - Application,0.5763160478225615,Hold
HXL,Hexcel Corporation,30.399614,3.1155,2.3994,47.833332,3.6204302,1.29,28.312272428112742,8059196928,75623452,75623452,20.718,1.06,73.902,1.8315000000000001,1.236,2.427,4.21,0.0683,0.13626603133641657,0.10764,0.077589996,0.13904999,0.24956,94.71,109.92308,126.0,90.0,0.1606280223841201,hold,2.5625,13,38.811234350095006,,0.050833650852045095,-0.02539509741356665,0.10636198445728286,0.00957,1792612800,0.49976242,2026-08-28T08:34:46,0.0603,,,Aerospace & Defense,0.5763951186774534,Hold
FBRT,"Franklin BSP Realty Trust, Inc.",7.1623936,1.17,0.845,19.488373,2.3783536,,,5165278720,83045416,83045416,,1.098,270.288,1.3435000000000001,1.284,1.403,4.68,0.090100005,0.130575024153049,0.04119,0.21381001,0.08555,0.99637,8.38,12.75,16.0,10.0,0.5214797136038185,none,,4,72.83336362734694,,-0.08152173913043485,-0.029045643153527086,0.9182801100401304,0.015360001,1793217600,-0.2744589,2026-08-28T08:34:46,0.076,,,REIT - Mortgage,0.5764267827971584,Hold
CARR,Carrier Global Corporation,17.798428,3.30591,2.88089,42.028572,2.1939247,1.39,56.28463812874475,59878285312,824325057,824325057,19.359,1.309,91.998,0.7835000000000001,0.547,1.02,2.17,0.0218,0.07519553585036776,0.08966,0.055180002,0.13069001,0.24691999,58.84,77.81524,90.0,60.0,0.3224887831407206,buy,1.91667,21,5.9287766919375,,0.028430165104863875,0.03027328228573566,0.641948781124742,0.04765,1793104200,-0.09754604,2026-08-28T08:34:46,0.0189,,,Building Products & Equipment,0.5765088344535938,Hold
NEE,"NextEra Energy, Inc.",19.01969,4.38861,4.04804,18.927439,6.0667806,1.84,-9.800068977982376,292465999872,2085978209,2085978209,20.042,0.653,161.676,0.441,0.348,0.534,0.0,0.0,0.1096194255670675,0.11677,0.32401,0.31524,0.61024,83.47,98.38889,114.0,55.0,0.1787335569665749,buy,2.0,18,46.77672621677759,,0.001990099009901057,-0.0032772811512046095,0.2179344107066059,0.00118,1793104200,0.15850103,2026-08-28T08:34:46,0.0,,,Utilities - Regulated Electric,0.5765375823901642,Hold
PG,Procter & Gamble Company (The),19.34719,7.39849,6.98849,21.88685,3.8229544,4.17,25.052518797027265,358788333568,2324433060,2324433060,14.495,0.377,64.49,0.545,0.413,0.677,3.04,0.0106,0.022832465960538117,0.30290002,0.18437,0.22084999,0.50873,143.14,160.6087,186.0,143.0,0.12203926226072381,buy,2.2,23,45.88089081523618,37.74175266784287,-0.0066112295664535175,-0.0023651468508083615,0.05677651639939648,0.00075,1792672200,-0.08851248,2026-08-28T08:34:46,0.0117,3.25,17.25,Household & Personal Products,0.5765996920063946,Hold
CTAS,Cintas Corporation,33.390743,6.11397,5.48887,41.834015,7.252228,3.25,55.78614328222481,84111556608,400169561,400169561,28.084,0.918,52.646,1.06,0.686,1.434,4.19,0.0346,0.09664269186131325,0.40714002,0.17754,0.23688,0.50668997,204.15,216.3125,250.0,175.0,0.05957629194219938,buy,2.2,16,51.26481233072557,,0.0,0.001011836516128672,0.17702334771281417,0.14975001,1790166600,-0.027996004,2026-08-28T08:34:46,0.0303,,,Specialty Business Services,0.5768538170459886,Hold
JKHY,"Jack Henry & Associates, Inc.",21.640514,7.839,7.227,24.692867,4.7372046,2.11,,12169068544,71050780,71050780,14.236,0.553,6.398,,,,4.74,0.0695,0.07421604255435321,0.23572999,0.19760999,0.21663,0.43897998,169.64,191.53333,215.0,170.0,0.12905759254892724,buy,1.76471,15,68.61594646325277,22.76321713260718,0.017728214321422995,0.020133284922875187,0.11216220879212535,0.00599,1793736000,0.039078712,2026-08-28T08:34:46,0.0611,,,Information Technology Services,0.5769176831574935,Hold
SXC,"SunCoke Energy, Inc.",35.448277,0.29,0.32,-15.343283582089551,0.4597984,1.98,462.258759205298,1518413440,84874850,84874850,6.639,0.984,107.694,1.754,1.255,2.253,1.87,0.0471,0.09229915434312996,-0.07497,-0.02883,0.06101,0.18107,10.28,9.5,10.0,9.0,-0.07587548638132291,none,,2,58.096802801571776,,0.6,1.0,0.9016722693911295,0.01114,1793795400,0.33160627,2026-08-28T08:34:46,0.0396,,,Coking Coal,0.5769589994103083,Hold
NPO,Enpro Inc.,28.35138,10.88589,9.58873,149.09662,5.338275,2.18,49.932022915998154,6990942720,21167681,21167681,23.428,1.561,37.073,1.759,1.236,2.282,2.16,0.0294,0.16903983955540514,0.0286,0.03604,0.17119,0.43226,308.63,389.5,430.0,373.0,0.26202896672390885,none,,4,40.43285325602057,,0.03718009734991896,0.050423946742987086,0.9785033662248915,0.0067299996,1793709000,0.410751,2026-08-28T08:34:46,0.0221,,,Specialty Industrial Machinery,0.5770617537730982,Hold
ODFL,"Old Dominion Freight Line, Inc.",30.127068,6.64054,5.81953,38.325672,7.426343,2.81,42.858636604118765,41219825664,207968283,207968283,22.986,1.177,0.44,1.8010000000000002,1.713,1.889,4.29,0.0434,0.12181909569354876,0.24818,0.19443001,0.28835,0.39566,200.06,232.13635,280.0,156.0,0.16033364990502852,hold,2.56522,22,36.01568003340749,,0.043390427577778126,0.02201211015210621,0.0937552436235977,0.082370006,1793190600,0.32516396,2026-08-28T08:34:46,0.039,,,Trucking,0.5771127939375315,Hold
LAUR,"Laureate Education, Inc.",16.06472,2.43017,2.12177,17.506727,2.9385133,1.23,15.644809107405315,5950176768,137749360,137749360,11.159,0.445,64.3,0.6725,0.633,0.712,3.09,0.0323,0.26934709533314716,0.29318002,0.1757,0.36278,0.36800998,39.04,41.21429,45.0,34.5,0.05569390368852467,none,,7,58.786013034382975,,-0.006931638412790426,-0.021477666689483813,0.6473388749701497,0.08844,1793277000,0.42066956,2026-08-28T08:34:46,0.0262,,,Education & Training Services,0.5774317859985738,Hold
TRNO,Terreno Realty Corporation,38.029125,1.7647,2.08,18.137838,14.5422325,7.15,22.887117212619344,8210080256,108970310,108970310,27.002,1.055,21.396,0.6125,0.605,0.62,8.75,0.1024,0.04799923024904684,0.0928,0.77274,0.41769,0.76206,67.11,73.76471,91.0,60.0,0.09916122783489789,buy,2.26316,17,42.85106578762251,42.152368263291706,0.06940874035989718,0.013397497372758145,0.37681445494077076,0.01911,1793822400,0.16167557,2026-08-28T08:34:46,0.0586,8.32,-5.65,REIT - Industrial,0.5774543256282761,Hold
VRTX,Vertex Pharmaceuticals Incorpor,24.891623,21.99736,19.03728,31.85282,11.025686,1.91,52.81143780541336,132907728896,253460924,253460924,26.058,0.305,9.767,2.8605,2.536,3.185,3.11,0.0185,0.13760139215779077,0.23542999,0.34997,0.38055,0.54957,547.55,563.12,672.0,350.0,0.028435759291389084,buy,1.65517,25,59.57546722275985,,-6.67067607565523e-05,0.023288658321521508,0.735427386366037,0.0021,1793649600,0.40031195,2026-08-28T08:34:46,0.0164,,,Biotechnology,0.5775769768239277,Hold
WYNN,"Wynn Resorts, Limited",18.132864,5.16245,4.69692,22.44844,1.3002608,1.14,20.242779369153833,19002306560,102973891,102973891,10.505,1.005,,0.875,0.838,0.912,5.54,0.0964,0.08611984954516272,,0.060549997,0.16537,0.683,93.61,132.58421,145.0,116.0,0.41634665099882495,strong_buy,1.25,19,28.090202115618112,,0.00816938049222356,-0.04880570573018664,0.9961016366333547,0.27447,1793908800,-0.2614596,2026-08-28T08:34:46,0.1029,,,Resorts & Casinos,0.5777438765632068,Hold
CR,Crane Company,26.778952,7.80389,6.98602,36.59895,4.6614122,2.63,33.20719671391025,12846717952,57800356,57800356,17.202,1.094,51.181,2.28,1.756,2.804,2.1,0.020399999,0.25049023573488016,0.16521999,0.1297,0.35463002,0.46965,208.98,238.0,253.0,192.0,0.1388649631543688,none,,10,24.759788982415458,,0.02614111235963311,0.02270451757650739,0.21317859473158557,0.1446,1793044800,0.12779272,2026-08-28T08:34:46,0.0205,,,Specialty Industrial Machinery,0.5777829036486929,Hold
VRSK,"Verisk Analytics, Inc.",21.96579,8.69625,7.70876,28.811462,7.928062,1.79,23.553978668122156,28927301632,130156012,130156012,19.084,0.664,,0.954,0.903,1.005,1.97,0.0294,0.12202958400415653,,0.28237,0.45106998,0.70179003,191.02,237.70589,275.0,195.0,0.2444031515024605,buy,2.05263,17,49.61030451503397,,0.005657898684867889,0.001994483197256621,0.19725254455937272,0.00275,1793190600,-0.28755778,2026-08-28T08:34:46,0.0255,,,Consulting Services,0.577824252340607,Hold
TXRH,"Texas Roadhouse, Inc.",25.713043,7.78282,6.59215,32.592834,2.1080046,2.45,55.687060016663985,14042431488,65640926,65640926,19.906,0.797,68.842,0.404,0.35,0.458,2.26,0.030299999,0.12470406953125557,0.27714002,0.066300005,0.08509,0.16252,200.12,217.73914,276.0,125.0,0.08804287427543467,buy,2.14286,23,50.780640183474745,,0.025760121992966817,0.01900315278985248,0.22854052534181907,0.0042,1793908800,0.15977979,2026-08-28T08:34:46,0.0324,,,Restaurants,0.578100830391056,Hold
IRMD,iRadimed Corporation,36.099583,2.41,2.09,48.876404,12.8850355,,68.68715942544405,1053388224,12786991,12786991,36.095,0.91,,8.674999999999999,7.887,9.463,5.4,0.087799996,-0.002254713403646025,0.2352,0.26703,0.31227,0.75863,87.0,118.0,120.0,116.0,0.35632183908045967,none,,2,40.05516882622477,,0.007228915662650447,0.02335456475583871,0.21716934238280935,0.35185,1793709000,0.2009939,2026-08-28T08:34:46,0.0874,,,Medical Devices,0.5781140556927036,Hold
WRB,W.R. Berkley Corporation,14.11718,4.84091,4.88297,14.061728,1.7031091,4.63,8.330207961112606,25771466752,371227529,371227529,9.987,0.294,31.527,0.3275,0.249,0.406,0.02,0.0002,0.03423798590109417,0.20207001,0.12943,0.16385001,0.43785998,68.34,69.52941,83.0,51.0,0.017404302019315088,hold,3.38889,17,28.97915147732799,,0.04860371426608024,0.009411749971821124,0.16094597273808595,0.26361,1792440000,-0.04672897,2026-08-28T08:34:46,0.0002,,,Insurance - Property & Casualty,0.5784138700029371,Hold
CLMT,"Calumet, Inc",72.650795,0.63,0.67588,-29.72077922077922,0.8762066,0.65,23.313885121364958,6531802112,87898234,87898234,78.413,0.709,,0.637,0.433,0.841,2.68,0.0512,0.3875486694306054,,-0.029790001,-0.04567,0.06921,45.77,47.4,60.0,40.0,0.035612846842909995,buy,2.33333,5,66.96743629407165,41.809154276979235,1.0,1.0,1.0510136296209338,0.20146,1793968200,1.8079755,2026-08-28T08:34:46,0.0602,,,Specialty Chemicals,0.5787276689876749,Hold
TGTX,"TG Therapeutics, Inc.",18.792582,2.965,0.95,20.115524,10.66846,1.61,144.2443514361329,8105970688,153083580,153083580,59.406,1.666,124.89,3.9095000000000004,3.552,4.267,13.3,0.2843,0.7660926052552466,1.0028,0.55218,0.090179995,0.82372004,55.72,69.71429,86.0,21.0,0.25115380473797577,none,,7,68.44481656834088,,-0.37711861628539767,-0.015005797014786592,1.569993830454785,0.07469,1793622600,0.8997613,2026-08-28T08:34:46,0.2226,,,Biotechnology,0.5788086936785166,Hold
OXM,"Oxford Industries, Inc.",12.620214,3.02689,2.47273,-15.098814229249014,0.3863257,1.7,43.01815610593105,1153430656,14930932,14930932,13.501,1.039,113.191,0.7845,0.398,1.171,10.03,0.3316,-0.007744406042435981,-0.07005,-0.02647,0.057140004,0.60238,38.2,40.0,44.0,36.0,0.04712041884816753,none,,4,34.79013772352219,82.40006255449977,0.0037630000081186176,0.00252046845605564,0.9209739923917423,0.06723,1788465600,-0.13280362,2026-08-28T08:34:46,0.2355,9.17,2.13,Apparel Manufacturing,0.5790641562594988,Hold
PTEN,"Patterson-UTI Energy, Inc.",36.884384,0.33239,-0.02083,-51.083333333333336,1.0007949,0.73,17.08156883622509,5766990336,381384874,381384874,6.664,0.649,41.383,1.613,1.476,1.75,3.34,0.0915,0.016986261117424295,-0.0277,-0.019199999,-0.00567,0.23754999,12.26,13.85714,19.0,10.5,0.13027243066884164,buy,2.06667,14,60.31212256900832,65.976779788642,0.1666666666666666,0.4009237253934799,1.4315374421328393,0.0219,1792612800,1.1101549,2026-08-28T08:34:46,0.0808,3.05,6.12,Oil & Gas Drilling,0.5790922977063915,Hold
V,Visa Inc.,25.303413,15.0043,13.22816,32.672977,15.933357,1.74,34.74040296134927,708384587776,1704112694,1867047259,22.782,0.759,67.821,0.806,0.627,0.985,3.23,0.013099999,0.3029862428851786,0.6119,0.50782,0.66130996,0.97725,379.66,417.90216,460.0,330.0,0.10072738766264533,strong_buy,1.45,37,66.66962840496797,,0.005963616010658862,0.008699896268140472,0.16508821606215854,0.00085,1793131200,0.07925403,2026-08-28T08:34:46,0.0131,,,Credit Services,0.5791659615849111,Hold
ROST,"Ross Stores, Inc.",25.76163,8.92296,8.34595,27.795645,3.0082636,2.81,34.19678641051029,73477734400,320781076,320781076,18.792,0.877,70.281,1.2705000000000002,0.929,1.612,4.46,0.0339,0.16144290217419188,0.42628,0.10848,0.17616,0.34175,229.87,269.94443,310.0,176.0,0.17433518945490922,buy,1.75,18,36.5323427425792,,0.09249137695501657,0.034696202694019684,0.1741208341234791,0.02128,1795118400,0.5620413,2026-08-28T08:34:46,0.0301,,,Apparel Retail,0.5791719350476764,Hold
ABCB,Ameris Bancorp,12.150409,7.02857,6.63571,15.527273,4.8433228,1.1,,5897188352,67107239,67107239,,0.928,,,,,5.85,0.0557,0.07673713114616443,0.09398,0.31804,0.50194,0.0,85.4,94.16667,100.0,88.0,0.1026542154566743,buy,2.28571,6,40.55442789821398,,-0.013277323420074231,-0.0050564175593017175,0.17325466431034545,0.0543,1793044800,0.165393,2026-08-28T08:34:46,0.0411,,,Banks - Regional,0.5792153406758336,Hold
AWR,American States Water Company,23.386843,3.8,3.68,24.281422,5.0502424,2.98,-137.89609771374882,4418254848,39635626,39635626,15.915,0.56,81.811,0.86,0.74,0.98,3.57,0.0359,0.08038625654606801,0.1367,0.20521,0.35755002,0.5762,88.87,84.0,89.0,79.0,-0.05479914481827397,none,,2,68.13642223534106,,0.019390581717451602,0.0026385224274405768,0.20052383295360104,0.00818,1793822400,0.1924057,2026-08-28T08:34:46,0.0257,,,Utilities - Regulated Water,0.5792900304214931,Hold
FCX,"Freeport-McMoRan, Inc.",18.96585,4.1348,3.00143,38.82178,4.3533516,6.55,52.15352341613147,131004497920,1436017523,1436017523,13.712,1.379,32.149,1.4304999999999999,0.795,2.066,1.93,0.0182,-0.07315979516219318,0.14755,0.113850005,0.33404,0.38275,78.42,72.04545,83.0,30.0,-0.08128729915837796,buy,1.69565,22,75.95558435785092,,0.08392830702448156,0.027807691924177678,0.32239862567105115,0.00716,1792672200,0.76621616,2026-08-28T08:34:46,0.0182,,,Copper,0.5792912322171212,Hold
O,Realty Income Corporation,38.985126,1.58522,1.68613,45.441174,9.640786,2.98,36.961596567641706,91624636416,946218033,946218033,17.102,0.72,74.722,1.1345,0.741,1.528,7.24,0.0454,0.05903642027080247,0.03225,0.20898001,0.46965998,0.9268,61.8,68.2125,72.0,61.5,0.10376213592233019,buy,2.5,20,48.80590629324556,8.604858203071032,-0.006843319297393659,-0.06595174262734577,0.15201068225583989,0.00124,1793649600,0.051735878,2026-08-28T08:34:46,0.048,9.66,13.14,REIT - Retail,0.5793833661085582,Hold
HWKN,"Hawkins, Inc.",23.534,5.0,4.2,30.803665,2.220755,2.34,30.187904107170176,1331934336,20875117,20875117,7.992,0.784,42.303,1.8635000000000002,1.457,2.27,8.29,0.0787,-0.016646584543693832,0.15614,0.07289,0.09476,0.22304001,117.67,174.25,200.0,142.0,0.48083623693379796,buy,2.33333,4,34.58337449231436,59.495037879061776,-0.12772585669781936,-0.07321594068582013,0.1460934309737086,0.08561,1793217600,-0.2967788,2026-08-28T08:34:46,0.1085,5.48,-6.55,Specialty Chemicals,0.5796420837883315,Hold
CHEF,"The Chefs' Warehouse, Inc.",36.200336,3.07359,2.54066,53.236843,1.0336264,1.08,42.36539107401229,5350318080,40796083,40796083,20.539,1.391,146.029,1.6895000000000002,1.231,2.148,7.2,0.1784,0.12588435267179943,0.15252,0.02094,0.05017,0.24457,111.265,116.55556,125.0,93.0,0.04754918437963429,strong_buy,1.44444,9,57.141929775752565,,0.13504409438969261,0.16890095722712176,0.37457041728852164,0.101289995,1793190600,0.76227427,2026-08-28T08:34:46,0.1497,,,Food Distribution,0.5796625728459063,Hold
COHR,Coherent Corp.,21.17652,13.94894,9.40614,71.35025,8.126639,0.92,-88.9977247849367,59744239616,195832246,195832246,41.972,2.107,31.612,1.7974999999999999,1.168,2.427,1.54,0.06,0.06372305153462832,0.07981,0.11309,0.118269995,0.37495998,295.39,416.09348,500.0,280.0,0.4086241240394055,buy,1.63636,21,37.35268642630713,,0.13541074435532066,0.071810621643614,1.3187311353143638,0.04439,1793822400,2.2650602,2026-08-28T08:34:46,0.0514,,,Scientific & Technical Instruments,0.5796948313217845,Hold
AGNC,AGNC Investment Corp.,7.287406,1.50122,1.58313,5.3891625,5.401569,3.48,,85732163584,1185481447,1185481447,,1.305,717.093,0.186,0.18,0.192,5.29,0.0892,,0.19799,0.94377,0.95614,1.0,10.94,11.05556,12.0,10.0,0.010563071297989168,none,,9,61.19068386562374,,0.010777334397446135,0.0028993640104751288,1.4125081044028975,0.0038400001,1792440000,0.120901585,2026-08-28T08:34:46,0.0894,,,REIT - Mortgage,0.5798319773448727,Hold
ROOT,"Root, Inc.",19.519503,2.82,4.74,16.285501,0.5440676,,6.818517273635819,642226048,13687016,15493252,7.027,2.928,44.965,1.809,1.638,1.98,7.06,0.1459,0.14059543731080626,0.15369001,0.037130002,0.0889,0.39305001,55.045,60.2,80.0,50.0,0.09365064946861668,none,,5,48.173594497439076,,0.47433903576982905,-0.07540983606557376,1.2583250026390471,0.059019998,1793822400,-0.4031121,2026-08-28T08:34:46,0.153,,,Insurance - Property & Casualty,0.5798876419326862,Hold
KSS,Kohl's Corporation,11.590927,1.56588,1.77805,7.690678,,1.94,,7650950144,,,5.917,1.416,154.055,0.898,0.305,1.491,9.3,0.3109,-0.009,0.06671,0.0175,0.074250005,0.41167,18.15,18.23077,41.0,9.0,0.004450137741046856,hold,3.28571,13,36.625945863121075,62.76282739750793,0.24943783905332098,0.006208748937089092,0.8584310497642463,0.03924,1795523400,0.20517933,2026-08-28T08:34:46,0.2774,9.52,1.54,Department Stores,0.5799346714314423,Hold
ROAD,"Construction Partners, Inc.",29.53668,3.885,3.10833,44.82422,1.8725783,1.57,124.18862560543076,8309736960,48206437,56755555,16.386,0.901,181.754,1.393,1.22,1.566,2.65,0.0725,0.4916578091013033,0.15048,0.04098,0.10667,0.15759,114.75,142.57143,165.0,130.0,0.24245254901960767,none,,7,45.55690842137169,84.31886664691825,0.0407343295375786,0.03278597006116957,0.5360179347162263,0.01344,1795091400,-0.042952478,2026-08-28T08:34:46,0.0968,2.82,72.11,Engineering & Construction,0.5799506479579107,Hold
LTC,"LTC Properties, Inc.",27.036545,1.505,,14.480427,6.453486,5.74,8.567057213713333,2246703104,53905563,53905563,17.04,0.578,85.301,20.148,19.463,20.833,3.92,0.051799998,-0.3078099750112989,0.11806,0.39846,0.52867,0.60456,40.69,42.28571,47.0,38.0,0.039216269353649746,hold,2.75,7,38.565205831830745,,0.05853826239601627,-0.08510638297872349,0.10288834405390636,0.02094,1793736000,0.11479449,2026-08-28T08:34:46,0.0606,,,REIT - Healthcare Facilities,0.5800344515928904,Hold
SAIA,"Saia, Inc.",25.009066,14.11808,11.33156,33.78756,2.7691205,1.85,69.21800477622301,9578908672,26605107,26605107,15.562,2.143,9.872,1.4935,1.403,1.584,2.56,0.051799998,0.17235972777707675,0.10767,0.08194,0.13091,0.23584999,353.08,434.2857,510.0,285.0,0.22999235300781695,buy,2.04762,21,60.605203376458164,,-0.009698895524944606,-0.029610526720957188,0.1559833107322373,0.00153,1793277000,0.19098699,2026-08-28T08:34:46,0.0521,,,Trucking,0.5801697385501419,Hold
XHR,"Xenia Hotels & Resorts, Inc.",30.3937,0.635,0.5,-275.7142857142857,1.7470274,,26.281648416352724,3099864576,92245835,98928282,12.894,1.172,118.285,1.772,1.346,2.198,5.54,0.062800005,0.16425002819910506,-0.0063300002,-0.00661,0.13129,0.26128998,19.3,21.4,22.0,21.0,0.10880829015544036,buy,1.66667,5,35.81622976356411,,0.12359550561797751,0.15454545454545446,0.6671738063143263,0.0073100002,1793363400,0.36588824,2026-08-28T08:34:46,0.0416,,,REIT - Hotel & Motel,0.5802774606779605,Hold
PFGC,Performance Food Group Company,15.277294,6.68443,5.59772,44.789474,0.24930626,1.02,22.470829108955417,23776573440,157072459,157072459,13.975,0.905,158.849,1.069,0.624,1.514,1.9,0.0365,0.08048390583864218,0.076680005,0.00558,0.02229,0.12575,102.12,123.61538,144.0,72.0,0.21049138268703493,buy,1.57143,13,16.65454993838958,,-0.009982469555808737,-0.027198558646664688,0.44437758909470615,0.04245,1793795400,0.007100582,2026-08-28T08:34:46,0.023,,,Food Distribution,0.5803783654309445,Hold
PATK,"Patrick Industries, Inc.",15.495448,5.36222,4.29111,19.92566,0.67756456,3.46,81.47509274649674,4290986496,32118264,32118264,9.837,1.097,146.006,1.733,0.798,2.668,8.37,0.2043,0.03451220775817765,0.12953,0.03739,0.07395,0.23055,83.09,106.7,130.0,85.0,0.2841497171741485,buy,1.9,10,33.531470198387325,,-0.06816286644951154,-0.05611336032388669,0.45852572600169256,0.04083,1793277000,-0.2571301,2026-08-28T08:34:46,0.1477,,,Recreational Vehicles,0.5804053088730621,Hold
TTD,"The Trade Desk, Inc.",13.482965,0.99533,1.16099,15.425287,2.108863,1.12,10.816243950388078,5254568960,426771565,469880194,7.528,1.037,16.863,1.7005,1.677,1.724,3.08,0.2301,0.18004885878467558,0.15441,0.13608,0.14205,0.76872003,13.42,13.38667,20.0,9.0,-0.002483606557377005,hold,3.11111,30,32.84388401406723,,-0.3699653776441604,-0.5366096660505696,0.6831353290320803,0.022869999,1793908800,-0.75448227,2026-08-28T08:34:46,0.2001,,,Advertising Agencies,0.5804165669818685,Hold
TPB,"Turning Point Brands, Inc.",34.809914,2.42,1.88,38.29091,3.3296947,0.05,-3460.903868852459,1755209216,20048922,20048922,20.068,0.933,68.426,4.57,3.471,5.669,7.26,0.1387,0.09465366766352834,0.17572,0.087840006,0.12776,0.59161,84.24,125.16667,140.0,115.0,0.4858341642924977,none,,6,48.54597863522205,,0.012565507063721528,-0.15384615384615383,0.514607431573909,0.04247,1793795400,-0.15336686,2026-08-28T08:34:46,0.1523,,,Tobacco,0.5804295520929326,Hold
ARCC,Ares Capital Corporation,10.286873,1.93256,1.90721,14.83582,4.595716,3.72,18.794329372720817,29728294912,718022845,718022845,,0.62,114.117,0.538,0.463,0.613,8.56,0.0556,-0.03582743874395811,0.06876,0.30908,0.75651,1.0,19.88,20.61538,23.0,19.0,0.03699094567404426,buy,1.71429,13,49.55843150017919,,-0.00803058278937919,0.0025523437986346184,0.32531133061397943,0.00559,1793104200,-0.11250001,2026-08-28T08:34:46,,,,Asset Management,0.5804378585342727,Hold
FLG,"Flagstar Bank, N.A.",9.829716,1.3683,0.35343,448.33334,2.7488914,0.78,,12337998848,415092836,415092836,,1.003,,,,,0.0,0.0001,0.15433656977881438,0.0059100003,0.023629999,0.20281,0.0,13.45,16.26471,18.0,13.0,0.20927211895910802,buy,1.94444,17,22.09665651832489,,-0.19909809875592013,-0.0953807096531069,1.3107937659390847,0.00945,1792758600,0.049142003,2026-08-28T08:34:46,0.0001,,,Banks - Regional,0.5804976893517302,Hold
WSM,"Williams-Sonoma, Inc.",22.708826,10.49812,9.50376,24.32653,3.507226,3.06,24.9851827998413,28577523712,117768000,117768000,16.145,,71.369,1.033,0.619,1.447,6.03,0.045500003,0.11438477345289044,0.54960996,0.14729,0.22900999,0.47194,238.4,241.05263,280.0,138.0,0.011126803691275056,buy,2.21739,19,35.882781737616796,67.49743413766251,0.04291299587065438,0.022824975010932825,0.0882741265198265,0.01118,1795005000,0.2668048,2026-08-28T08:34:46,0.0483,6.61,-11.56,Specialty Retail,0.580902840516266,Hold
SCI,Service Corporation Internation,18.15307,4.59812,4.19034,21.793734,2.6036413,1.68,36.01131874295301,16419521536,136291587,136291587,12.401,0.82,344.863,0.481,0.431,0.531,4.35,0.0432,0.07031563144099273,0.34714,0.12302,0.21003,0.26026,83.47,100.33333,105.0,97.0,0.2020286330418115,none,,6,46.11815540595468,,0.01521979299918603,0.009705923687723987,0.03752605976372481,0.03024,1793217600,0.05324924,2026-08-28T08:34:46,0.0386,,,Personal Services,0.5809995525754456,Hold
KNF,Knife Riv Holding Co.,16.754208,3.97333,2.855,27.171429,1.1424768,1.62,-1079.2547621563726,5406699008,56763420,56763420,10.936,0.552,103.908,1.9935,1.322,2.665,5.13,0.082399994,0.1240318007618284,0.09122,0.042290002,0.08802,0.17828,66.57,93.44444,118.0,73.0,0.4037019678533875,buy,1.77778,9,51.50773088455141,,-0.13221884498480244,0.003999999999999946,0.22408401401858738,0.00433,1793709000,-0.17814815,2026-08-28T08:34:46,0.0639,,,Building Materials,0.581012444792926,Hold
MAA,Mid-America Apartment Communiti,39.27039,3.27957,,37.65789,6.905299,7.03,16.632263248765604,20754507776,116021957,118963796,16.764,0.72,102.377,0.04,0.032,0.048,3.94,0.037100002,0.04481266420975816,0.0705,0.18173,0.25356,0.58392,128.79,143.84,160.0,121.0,0.1168568988275489,hold,2.53846,25,31.473535707080842,,0.08826635671172417,-0.011981519704008566,0.151684465681235,0.00463,1793217600,-0.11678779,2026-08-28T08:34:46,0.0373,,,REIT - Residential,0.5817220324624495,Hold
LNN,Lindsay Corporation,19.431973,5.88,5.1825,21.930902,1.8505785,1.72,28.092198949887095,1144968832,10168885,10168885,13.586,0.696,27.616,2.3655,1.796,2.935,7.16,0.1162,0.013702859261364386,0.10741,0.087919995,0.115159996,0.29463,114.26,123.0,125.0,121.0,0.07649221074741819,buy,2.5,2,44.27309856844113,32.79646082715371,-0.010138783269961954,-0.03307605673866776,0.06465249898981978,0.01202,1792672200,-0.16738325,2026-08-28T08:34:46,0.0797,,,Farm & Heavy Construction Machinery,0.5818108685163129,Hold
BCPC,Balchem Corporation,28.3562,6.27235,5.83881,35.35984,5.221405,3.59,42.04619547129326,5773365760,31878021,31878021,21.43,0.807,12.801,2.0605,1.456,2.665,3.19,0.026099999,0.13213371683267283,0.12793,0.15141,0.20853001,0.36294997,177.86,209.25,242.0,165.0,0.17648712470482386,buy,2.0,4,39.31114053168159,,0.027091542358570142,0.026598077854739263,0.18028016130618488,0.00472,1792499400,0.09729159,2026-08-28T08:34:46,0.0191,,,Specialty Chemicals,0.5818398551345862,Hold
TCBI,"Texas Capital Bancshares, Inc.",11.922833,8.22791,7.40114,12.823529,3.3572998,1.47,,1858137472,43474369,43474369,,0.671,,,,,9.09,0.1313,0.14297319875994075,0.10188,0.28702,0.36721,0.0,98.1,109.30769,115.0,100.0,0.1142476044852192,none,,13,50.36720010574323,70.21693152958844,-0.022533730598962517,-0.01167433424223147,0.5709697694530426,0.02037,1792612800,0.13318706,2026-08-28T08:34:46,0.1033,7.52,-0.35,Banks - Regional,0.5820199007275599,Hold
ATI,ATI Inc.,34.465805,6.22414,5.13032,62.542274,6.195129,1.33,84.25822153697108,30741770240,136170383,136170383,33.532,1.008,109.699,1.7045,1.082,2.327,2.15,0.0385,0.11949594795514384,0.25357,0.10090999,0.18198,0.23647,214.52,248.44444,275.0,191.0,0.15814115234010795,strong_buy,1.11111,9,42.69442359246553,,0.14803592926928613,0.14828268814605589,0.39181434207760485,0.00879,1793104200,1.766572,2026-08-28T08:34:46,0.0256,,,Metal Fabrication,0.5821991032444963,Hold
ALK,"Alaska Air Group, Inc.",7.513964,5.61621,-1.66159,-26.211180124223603,0.31901726,1.2,-198.30113549473685,9663651840,111603120,111603120,13.746,1.3,207.52,0.506,0.465,0.547,3.83,0.109,0.13310247957225574,-0.04598,-0.011849999,-0.02927,0.17713,42.2,61.28125,92.0,37.0,0.4521623222748814,strong_buy,1.5,16,43.51591914771618,,-0.12079513797546047,-0.07305829809568143,0.7598206185624552,0.00598,1792699200,-0.32781142,2026-08-28T08:34:46,0.0977,,,Airlines,0.5822279371767858,Hold
VISN,"Vistance Networks, Inc.",16.71313,0.69586,0.85058,-96.91666666666667,1.3478994,2.94,512.11173575179,2607985152,230626412,230626412,8.473,1.993,1.572,1.548,0.528,2.568,3.14,0.1043,-0.052810026364196294,0.043119997,3.65395,0.022219999,0.46992,11.63,14.66667,17.0,12.0,0.2611066208082544,none,,3,60.287277289951234,,-0.30136018661497516,-0.4663281974982935,1.236698279950861,0.03201,1793277000,-0.27493763,2026-08-28T08:34:46,0.1058,,,Communication Equipment,0.5822579581376021,Hold
WM,"Waste Management, Inc.",23.879183,9.11924,8.12753,30.757061,3.391202,2.28,37.06477073781196,109841981440,399715184,399715184,14.129,0.437,235.301,0.8540000000000001,0.801,0.907,3.19,0.0153,0.04810433380984591,0.29841,0.11115,0.18986,0.40601003,217.76,259.92,277.0,220.0,0.19360764144011777,buy,1.75,25,29.247850492658173,,-0.005435667129632531,-0.009888907225807554,0.11727138351921117,0.0025499999,1793044800,-0.03812003,2026-08-28T08:34:46,0.0155,3.21,-0.37,Waste Management,0.582621099456201,Hold
TXNM,"TXNM Energy, Inc.",17.642618,3.25972,2.86066,31.426228,2.6528056,2.84,-11.197876049945332,11955649536,103046111,103046111,12.734,0.17,165.512,0.41650000000000004,0.276,0.557,7.43,0.0686,0.11672208570782461,0.06252,0.08768,0.22482,0.59381,57.51,60.7,61.25,59.0,0.05546861415406035,none,,5,51.217369272725065,56.31966825329759,-0.02648307968745746,0.0025403972369336786,0.3955700470969572,0.01047,1793363400,0.015360117,2026-08-28T08:34:46,0.0724,6.38,-4.85,Utilities - Regulated Electric,0.58297921860509,Hold
CLF,Cleveland-Cliffs Inc.,20.932127,0.56516,-0.17673,-7.3478260869565215,0.3516274,0.43,1101.957328979592,14616488960,570540047,570540047,28.382,2.115,132.743,1.238,0.586,1.89,3.42,0.1435,-0.08177871785396351,-0.13862,-0.045640003,0.0034400001,-0.01052,11.83,11.9,15.0,10.0,0.00591715976331364,hold,2.92308,10,48.63635516580566,,0.5067403499958134,0.4973109021062392,1.2445082004654966,0.00857,1792413000,0.10046506,2026-08-28T08:34:46,0.1437,,,Steel,0.5830397245687216,Hold
CTRN,"Citi Trends, Inc.",24.481281,2.805,1.93,79.84883,0.6575031,2.85,,730883584,8329848,8329848,29.315,1.821,180.39,0.722,0.311,1.133,6.88,0.18360001,0.14536095256480075,0.06172,0.00844,-0.00876,0.39848998,68.67,91.0,101.0,81.0,0.3251783893985729,strong_buy,1.0,2,41.134611021420554,24.021599898405782,0.22929936305732476,0.18105263157894744,1.4343167851038525,0.09783,1787661000,0.92730844,2026-08-28T08:34:46,0.1849,6.8,13.23,Apparel Retail,0.583042622707644,Hold
NKE,"Nike, Inc.",16.777746,2.29113,1.71368,18.392345,1.2290549,1.53,30.18430075381954,59041689600,1202110951,1483498703,11.978,1.118,74.289,1.5765,1.192,1.961,3.47,0.0722,0.21432561995186417,0.22138001,0.066989996,0.12687,0.43245,38.44,50.51765,94.0,23.0,0.3141948491155049,hold,2.5641,34,31.604465099829994,28.174178397612565,-0.005753733283267363,-0.007420548115740833,0.287372925009136,0.01686,1790712000,-0.5031666,2026-08-28T08:34:46,0.0585,,,Footwear & Accessories,0.5831086683523798,Hold
TYL,"Tyler Technologies, Inc.",24.093985,15.35155,13.09892,46.29287,6.234389,1.78,25.482029664546634,15632421888,40952274,40952274,34.093,0.809,47.906,1.512,1.47,1.554,4.45,0.106400006,0.13936596048365968,0.09731,0.13361,0.14741,0.47205,369.88,426.63635,525.0,335.0,0.15344530658591982,buy,1.54545,22,81.63162283122196,65.35458939627466,0.015275340571577364,0.03499479858068333,0.3153670670809559,0.00519,1793217600,-0.34287947,2026-08-28T08:34:46,0.0921,3.64,-0.84,Software - Application,0.5832024586019506,Hold
LADR,Ladder Capital Corp,8.788006,1.11857,1.00714,23.404762,5.7331486,,,5224953856,126865303,126865303,,1.002,281.639,3.0605,3.037,3.084,4.15,0.0471,0.026798808812209307,0.035669997,0.24031,0.28209,0.692,9.83,12.0,13.5,10.25,0.22075279755849442,buy,1.57143,7,52.724701152736074,,0.010028682030607436,-0.053206707126109816,0.3070493289035047,0.12654,1792672200,-0.15404475,2026-08-28T08:34:46,0.0471,,,REIT - Mortgage,0.5832198382147372,Hold
FRME,First Merchants Corporation,9.2978735,4.48167,3.86333,13.398714,4.075011,1.4,,3628912384,62801423,62801423,,0.855,,,,,3.99,0.0332,-0.05497675745340991,0.07372,0.28958,0.34273,0.0,41.67,48.0,51.0,45.0,0.1519078473722102,none,,5,53.5070424716501,69.71693091038593,-0.09311502347417837,-0.027134567919994267,0.05599064701899398,0.02091,1792612800,0.0036127567,2026-08-28T08:34:46,0.0304,3.58,15.43,Banks - Regional,0.5835820474850746,Hold
WAB,Westinghouse Air Brake Technolo,23.892843,12.44222,10.86295,40.50136,4.1914706,1.37,45.59193686274565,56519819264,168910851,168910851,21.32,0.928,61.686,0.823,0.525,1.121,2.56,0.0214,0.19040931242481274,0.11553001,0.10593,0.19188,0.35735,297.28,329.16666,355.0,292.0,0.10726136975242206,strong_buy,1.41667,12,64.87032508820097,,0.02201919105533872,0.021980152152592837,0.2895028101371431,0.00699,1792585800,0.5363307,2026-08-28T08:34:46,0.0167,,,Railroads,0.5839483787044987,Hold
MCK,McKesson Corporation,17.614092,50.55668,44.62685,24.035358,0.25262573,1.72,15.265559549676366,113395884032,116590363,116590363,16.037,0.307,,0.6985,0.504,0.893,2.4,0.0208,0.16319148092883107,,0.01117,0.01348,0.03633,890.51,986.9375,1080.0,845.0,0.10828345554794438,buy,1.61111,16,64.52168721933245,,0.00822382838516463,0.003705177977786422,0.256297921454201,0.00062,1793822400,0.29690957,2026-08-28T08:34:46,0.0208,,,Medical Distribution,0.5839690106179446,Hold
MCD,McDonald's Corporation,18.604471,13.97836,12.93007,21.689741,6.6431756,2.5,29.386495079264908,237811253248,707641531,707641531,15.928,0.419,,0.952,0.823,1.081,2.42,0.0174,0.04573754139368047,,0.3172,0.46485,0.57382,260.06,315.3871,407.0,250.0,0.21274744289779268,buy,2.05882,31,52.513561286726556,,0.0011343030269245122,-0.009745025474782997,0.15435763214231374,0.0025600002,1793881800,-0.17056835,2026-08-28T08:34:46,0.0157,,,Restaurants,0.5839983785092292,Hold
PRVA,"Privia Health Group, Inc.",19.616325,1.0634,0.8758,94.818184,1.1299651,,27.85816170411512,2316812544,127734207,127734207,40.692,0.897,1.042,1.5855000000000001,1.555,1.616,3.98,0.061300002,0.15874113501953313,0.04306,0.01193,0.018609999,0.1003,20.86,31.66667,40.0,24.0,0.5180570469798658,none,,18,29.160871102518428,,-0.07936507936507937,-0.031749933987088946,0.8938764352882101,0.06182,1793881800,-0.09461808,2026-08-28T08:34:46,0.0458,,,Health Information Services,0.5840307384789878,Hold
MMM,3M Company,18.288866,9.77808,8.94196,31.93393,3.6626942,1.8,14.523594591709408,100136640512,515722417,515722417,15.434,1.08,437.937,1.0255,0.811,1.24,2.62,0.0187,0.05860390862164144,0.81891996,0.11902001,0.20354,0.39408,178.83,185.57059,219.0,120.0,0.037692724934295097,buy,2.22222,17,56.881685870641824,,0.02349751106542879,0.0303670217810513,1.145645959480727,0.00096000003,1792499400,0.14981031,2026-08-28T08:34:46,0.0187,,,Conglomerates,0.5840588429647962,Hold
CTOS,"Custom Truck One Source, Inc.",31.16129,0.31,0.13,107.33333,1.0797881,,27.603790996784564,4735567360,227505535,227505535,20.732,1.372,312.29,0.807,0.27,1.344,3.16,0.059499998,0.09741998145231956,0.026670001,0.01052,0.093380004,0.22151,9.66,13.33333,15.0,12.0,0.3802619047619047,strong_buy,1.33333,6,31.255400707662204,,0.08333333333333341,0.1204684280912277,1.1631069040625577,0.04699,1793131200,0.5732899,2026-08-28T08:34:46,0.0595,,,Rental & Leasing Services,0.5841268298454424,Hold
VNO,Vornado Realty Trust,124.90323,0.31,,1290.6667,4.085256,7.37,17.203705745732226,16802801664,186720531,198048832,21.776,1.551,122.317,5.1825,5.022,5.343,0.0,0.0001,0.1738743480758418,0.00603,0.03616,0.097959995,0.49595,38.72,40.38462,50.0,31.0,0.042991219008264414,hold,2.76923,13,43.23109391863167,21.337266481610598,0.03846153846153849,0.24,1.605156770649574,0.07441,1793649600,0.018143535,2026-08-28T08:34:46,0.0645,5.8,-3.37,REIT - Office,0.5841516120039065,Hold
SFNC,Simmons First National Corporat,10.313637,2.2,2.04833,-8.37269372693727,29.735996,3.83,,3975389952,144513789,144513789,,0.917,,,,,3.73,0.0544,0.15426448337051069,-0.09941,0.0,0.38306,0.0,22.69,25.0,27.0,24.0,0.10180696342000872,none,,7,56.262058806312695,,-0.008874179235194686,0.0030410380562889195,1.200897883590135,0.01206,1792094400,0.09191525,2026-08-28T08:34:46,0.0421,,,Banks - Regional,0.5841931803549802,Hold
PAY,"Paymentus Holdings, Inc.",33.25054,1.07096,0.92625,60.355934,3.29668,,40.95523473236545,4117406720,63114220,125939647,38.042,1.312,1.694,4.8365,4.787,4.886,2.79,0.075500004,1.5563182433372384,0.15017,0.06238,0.09043,0.24948,35.61,39.33333,45.0,36.0,0.10455855096882893,buy,2.14286,6,36.8064443643775,,0.12085239236186744,0.05680932316284935,0.8537798648669658,0.02868,1793649600,-0.08528125,2026-08-28T08:34:46,0.055,,,Software - Infrastructure,0.5845375992061328,Hold
RSG,"Republic Services, Inc.",27.214708,8.05704,7.27639,31.014145,3.9750948,3.17,34.56319300867814,81332322304,306212978,306212978,15.471,0.396,118.798,0.6114999999999999,0.579,0.644,3.0,0.0215,0.06650586181229712,0.18152,0.12942,0.20429,0.43035,219.27,245.91667,272.0,208.0,0.12152446755142066,buy,2.0,24,38.76321708789932,,-0.001488903892282892,-0.00045653490010808456,0.1672681465956684,0.00179,1793304000,-0.06282854,2026-08-28T08:34:46,0.0138,,,Waste Management,0.584832844938461,Hold
WST,"West Pharmaceutical Services, I",34.73139,9.96476,8.95851,44.83031,7.321254,2.99,87.6324551579768,24237047808,70375762,70375762,26.57,1.138,10.585,2.3205,1.819,2.822,2.79,0.0353,0.1627654255168134,0.19087,0.1698,0.22469,0.36786,346.09,404.73334,459.0,340.0,0.1694453465861483,none,,15,34.61175772872241,,0.04042659939933255,0.042668290610632306,0.08515187897804491,0.00644,1792672200,0.4014578,2026-08-28T08:34:46,0.0304,,,Medical Instruments & Supplies,0.5850378327659908,Hold
BLZE,"Backblaze, Inc.",54.042553,0.282,0.21429,-42.333333333333336,6.0354304,,28.14685646939476,975910976,61900000,61900000,317.99,1.567,93.109,0.9359999999999999,0.873,0.999,0.63,0.03,0.04332018093699519,-0.24292,-0.13069001,-0.06679,0.62289,15.24,22.83333,25.0,21.0,0.4982500000000001,none,,6,25.62375059201439,,0.8436720295964898,0.8284380470725538,0.45992566744980495,0.04541,1793908800,0.82514966,2026-08-28T08:34:46,0.0301,,,Software - Infrastructure,0.585139792727515,Hold
XPO,"XPO, Inc.",29.773724,6.43554,5.45056,56.85757,2.6166244,2.4,47.3560655921962,26181937152,117086465,117086465,18.959,1.715,206.167,0.9415,0.872,1.011,6.06,0.0519,0.13896618195792332,0.21587,0.047119997,0.12314,0.18988001,191.61,232.73914,275.0,115.0,0.21465027921298452,buy,1.72,23,43.82767464400905,29.33003253145401,0.10498061921211838,0.06340747644093253,0.5346681830363675,0.02151,1793277000,0.47733235,2026-08-28T08:34:46,0.0603,5.41,9.76,Trucking,0.5851524865882965,Hold
AMZN,"Amazon.com, Inc.",24.662891,10.39051,12.47525,20.919184,3.5634546,1.39,858.6496661910294,2892747767808,10786313572,10786313572,17.126,1.454,45.617,0.938,0.843,1.033,2.04,0.0097,0.18253746447489227,0.30558002,0.1744,0.13689,0.5077,256.26,327.004,405.0,230.0,0.2760633731366582,strong_buy,1.31667,60,26.61521981640493,,0.43254065632647054,0.0494075716695617,0.8195817481880998,0.0887,1793304000,0.1190393,2026-08-28T08:34:46,0.0097,,,Internet Retail,0.585268999803332,Hold
TH,Target Hospitality Corp.,21.80112,0.86968,-0.21914,-45.142857142857146,5.437634,1.45,-42.793084161407265,1930750080,99623423,99623423,43.321,1.492,13.056,0.6085,0.571,0.646,3.76,0.12560001,0.38916322519855595,-0.09765001,-0.10848,-0.08772001,0.31846002,18.96,23.6,26.0,22.0,0.2447257383966246,strong_buy,1.2,5,51.458825946764776,,-0.1837726879861711,0.18079209052463138,0.9393304630627037,0.03517,1793881800,1.0904078,2026-08-28T08:34:46,0.0804,,,Specialty Business Services,0.5853113529286966,Hold
NAVN,"Navan, Inc.",79.47812,0.38476,0.25337,-20.802721088435373,10.166136,,2002.7553311230565,7269323776,239026566,254331262,-50.629,,13.945,4.006,3.702,4.31,3.36,0.32700002,0.3633596249757445,-0.52897,-0.46701,-0.068969995,0.72148,30.58,29.93333,38.0,25.0,-0.021146827992151618,strong_buy,1.26667,15,53.088588396863,66.36181293465363,0.0,0.16671720540966697,,0.21180001,1788984000,0.52900004,2026-08-28T08:34:46,0.0677,,,Software - Application,0.5853432217775941,Hold
VCEL,Vericel Corporation,48.67612,0.846,0.516,87.61702,6.8843217,,37.963691052258355,2039363328,51206614,51206614,65.461,1.068,25.168,4.7865,4.534,5.039,9.93,0.1188,0.20434002920013428,0.07157,0.07908,0.0056,0.7456,41.18,60.57143,72.0,55.0,0.47089436619718317,strong_buy,1.25,7,51.77977240432321,,0.1415929203539823,-0.007042253521126767,1.270196728221217,0.0119,1793881800,0.13256323,2026-08-28T08:34:46,0.0934,,,Biotechnology,0.5854644063146821,Hold
TDW,Tidewater Inc.,15.730272,5.91471,2.81343,18.031008,3.4382434,,12.592705946624063,4637149696,49756231,49756231,11.637,0.541,45.454,3.4945,3.407,3.582,9.99,0.16280001,-0.4340182498951739,0.19448,0.18336001,-0.08663999,0.48092,93.04,90.85714,117.0,68.0,-0.02346152192605333,hold,2.75,7,68.00807731753187,,-0.164286350809446,-0.055671041287479565,0.9672513065753648,0.01811,1794254400,0.54551494,2026-08-28T08:34:46,0.1405,,,Oil & Gas Equipment & Services,0.585757880696868,Hold
HIG,"The Hartford Insurance Group, I",10.06655,13.6889,12.75849,9.663394,1.2732786,0.12,6.777333409192071,38053163008,270872002,270872002,6.812,0.458,22.33,1.3855,0.999,1.772,0.04,0.0002,0.12210538466799514,0.22061001,0.1489,0.17615,0.37868,137.8,149.85,164.0,135.0,0.08744557329462976,none,,20,19.9397333545717,,0.0012359979093978686,-0.017403194952391537,0.3627751147648172,0.00345,1793304000,0.041493416,2026-08-28T08:34:46,0.0002,,,Insurance - Diversified,0.5858207830628676,Hold
GKOS,Glaukos Corporation,360.69638,0.50433,-0.29057,-55.29179331306991,17.508299,,694.2025352850789,10546052096,58983937,58983937,-284.836,0.762,15.766,4.5975,4.155,5.04,4.59,0.081099994,0.4482764604200633,-0.25981,-0.30685,-0.08495,0.79121,181.91,197.15385,225.0,172.0,0.08379885657742836,strong_buy,1.35714,13,42.671627946437695,,0.43373024379786795,0.1368257331560082,0.1789756234533506,0.03605,1793217600,0.8984554,2026-08-28T08:34:46,0.0695,,,Medical Devices,0.5859259059075371,Hold
VIA,"Via Transportation, Inc.",65.749985,0.42981,-0.03213,-9.612244897959185,4.8934307,,-106.33997188444904,1985458560,77449688,85142054,-24.926,,2.915,4.949999999999999,4.853,5.047,6.94,0.1565,0.23786316866763868,-0.23607999,-0.20038,-0.1603,0.39801,28.26,34.0,55.0,24.0,0.20311394196744503,strong_buy,1.4,9,76.8796674110217,,0.0071075401730531845,-0.2343688766967116,0.45388070123641033,0.29698,1793881800,-0.4292062,2026-08-28T08:34:46,0.1018,,,Software - Application,0.5860097450816133,Hold
SAM,"Boston Beer Company, Inc. (The)",17.398335,10.5148,9.01426,-27.760242792109256,0.9778307,0.77,5.052794152263841,1610159488,8223681,10291681,8.156,0.837,4.415,0.8979999999999999,0.751,1.045,4.86,0.2182,0.2655092166147981,-0.08614001,-0.03639,0.09327,0.48879,182.94,199.84615,295.0,160.0,0.09241363288509885,none,,13,37.91790434118487,,-0.056198245002360966,-0.051524445246256635,0.3326833317999902,0.09335,1793304000,-0.17255414,2026-08-28T08:34:46,0.2085,,,Beverages - Brewers,0.586217173660997,Hold
ICUI,"ICU Medical, Inc.",18.152132,9.64625,8.7525,150.94829,2.0275648,0.1,26.771474663136928,5363253248,25007038,25007038,16.445,0.754,59.817,1.713,0.996,2.43,4.11,0.066300005,-0.007914152007926889,0.014099999,0.01393,0.075279996,0.38259,175.1,193.375,210.0,178.0,0.10436893203883502,none,,8,30.523475037430543,,0.07293901317805686,0.03695243214189734,0.9267399208555616,0.01837,1793908800,0.37161207,2026-08-28T08:34:46,0.0564,,,Medical Instruments & Supplies,0.5865512006810595,Hold
PK,Park Hotels & Resorts Inc.,27.80531,0.565,0.535,-19.158536585365855,1.242839,0.65,2.9592095692446017,6944025088,201338330,201338330,10.867,1.336,135.246,0.267,0.237,0.297,8.05,0.22940001,0.002854945702589262,-0.04859,-0.064050004,0.17621,0.30923,15.71,15.1875,20.0,11.0,-0.03325907065563338,hold,2.72222,16,58.793770251363604,,0.03883495145631071,0.06103286384976521,1.2255381077093253,0.03975,1793908800,0.33588433,2026-08-28T08:34:46,0.1715,,,REIT - Hotel & Motel,0.586687987333619,Hold
AVTR,"Avantor, Inc.",16.568195,0.88181,0.81252,-16.988372093023255,1.5060893,,21.942658473321377,13272602624,676358840,676358840,14.064,0.888,65.678,1.4140000000000001,1.046,1.782,4.35,0.0937,0.012535248419315304,-0.09701,-0.08809,0.07162,0.31825,14.61,14.56429,19.0,12.0,-0.0031286789869952036,none,,14,74.37892980272699,62.862858895680596,0.029079487309387482,0.03619228916228944,1.0318704654577193,0.014989999,1793190600,0.084632516,2026-08-28T08:34:46,0.0808,3.37,-5.01,Medical Instruments & Supplies,0.5873575046586798,Hold
NI,NiSource Inc,18.183916,2.25254,2.05255,21.903742,2.854433,2.32,-11.07883948395134,39335583744,479560100,479560100,12.999,0.554,146.649,0.358,0.218,0.498,2.3,0.0358,0.027012752662283646,0.085489996,0.13153,0.17156,0.50971,40.96,49.92857,55.0,43.0,0.218959228515625,buy,1.6,14,37.66614937945926,,-0.002056612763640124,-0.00041269686306002535,0.11686500874845278,0.00347,1793190600,-0.030991256,2026-08-28T08:34:46,0.028,,,Utilities - Regulated Gas,0.5874509975838587,Hold
WTFC,Wintrust Financial Corporation,11.069897,13.81946,13.09756,12.297428,3.7409666,1.17,,10960350208,67455414,67455414,,0.845,,,,,3.59,0.0376,0.09354225296134122,0.12208,0.32639998,0.46085998,0.0,152.98,180.07143,195.0,167.0,0.1770913191266832,buy,2.0,14,49.853985273188236,,-9.16117250793782e-05,0.00043870444640709255,0.14430935135338735,0.01401,1792440000,0.11428368,2026-08-28T08:34:46,0.0378,,,Banks - Regional,0.5874548350237899,Hold
MA,Mastercard Incorporated,25.698551,23.02581,19.92584,32.892162,14.775284,1.84,30.561503903621656,531390365696,869464115,876009940,23.935,0.735,439.583,0.8634999999999999,0.666,1.061,2.4,0.0083,0.18870861982383258,2.41202,0.46339,0.61108,1.0,591.73,669.4595,740.0,550.0,0.1313597417741199,strong_buy,1.375,37,53.66459923347417,,0.013731218145761524,0.01033910219226002,0.20754416385079388,0.00112,1793277000,-0.005980253,2026-08-28T08:34:46,0.0083,,,Credit Services,0.5875508350547118,Hold
AMRX,"Amneal Pharmaceuticals, Inc.",15.512489,1.161,1.00798,37.520836,2.0120978,,-54.39146564024381,8495867904,348296027,348296027,12.323,1.255,2386.528,1.79,1.375,2.205,5.03,0.0388,-0.008967076756232983,6.1301703,0.050479997,0.18335,0.39810002,18.01,21.0,25.0,16.0,0.16601887840088825,buy,1.6,5,51.994959044391784,,0.029149607424726703,0.03619081618992377,0.9223203812925791,0.52166003,1793277000,0.8838912,2026-08-28T08:34:46,0.0511,,,Drug Manufacturers - Specialty & Generic,0.5877706956510248,Hold
MKC,"McCormick & Company, Incorporat",16.537045,3.29805,3.08759,9.166387,1.9853183,2.11,20.53592438799456,19843164160,254055150,268851552,13.671,0.627,65.143,0.536,0.291,0.781,0.0,,0.1692914628969342,0.24728,0.21912001,0.17422001,0.38853002,54.54,60.61538,75.0,52.0,0.11139310597726437,buy,2.13333,13,45.64092251664522,79.7375379118771,-0.00024932326542247645,-0.00025160054321469967,0.08589990641386662,0.000120000004,1791289800,-0.22495383,2026-08-28T08:34:46,0.0515,3.75,-10.69,Packaged Foods,0.5877977727044243,Hold
TW,Tradeweb Markets Inc.,23.516462,4.59678,4.05957,25.616116,10.593477,1.93,,21602037760,114038202,216028262,,0.618,2.049,6.423,6.059,6.787,2.29,0.0325,1.0879792657551723,0.14468999,0.40701,0.43829,0.93154,108.1,123.71429,178.0,98.0,0.14444301572617957,buy,2.2,14,66.32617049990185,31.73601301764532,2.463321148011465e-06,-0.0006826205673142452,0.4448581725615923,0.0027700001,1793277000,-0.123703,2026-08-28T08:34:46,0.0343,2.17,-7.82,Capital Markets,0.587839839774816,Hold
CCB,Coastal Financial Corporation,7.905286,5.9125,1.94333,-166.92857142857142,1.9736117,,,-241331072,15286327,15286327,,0.766,,,,,2.78,0.08,-0.027457347994714443,-0.00833,-0.01064,-0.63276,0.0,46.74,49.5,53.0,47.0,0.05905006418485237,none,,4,66.77490382976472,23.690296686971607,-0.5652505592841163,-0.1571632216678546,0.04342830251060044,0.15303999,1793277000,-0.59179044,2026-08-28T08:34:46,0.0836,2.72,-2.63,Banks - Regional,0.5880418027708411,Hold
ABNB,"Airbnb, Inc.",30.038296,6.13883,5.27835,42.883717,8.390917,2.03,34.43105232718029,99146596352,419529556,598785682,35.91,1.137,32.004,1.0434999999999999,0.679,1.408,2.69,0.0311,0.7001304606057364,0.34542,0.2045,0.21009001,0.82901,184.4,176.75641,217.0,125.0,-0.041451138828633494,buy,2.13333,39,63.71447705811457,,0.03876474190863561,0.023001298153645232,0.6913280464013087,0.01941,1793908800,0.41270208,2026-08-28T08:34:46,0.0318,3.78,-7.72,Travel Services,0.5881117122140579,Hold
AGL,"agilon health, inc.",45.82121,2.05538,-0.44743,-6.287049399198932,0.26712707,,-10.855590509288904,1429215104,16791210,16791210,-5.962,3.054,14.7,1.0285,0.976,1.081,2.44,0.093,0.05831911952980162,-0.78942,-0.03923,0.01298,0.00234,94.18,115.07692,146.0,85.0,0.22188277765980025,hold,2.5625,13,57.7432255670201,39.733438760995654,0.4769720716617587,1.0,0.45524651892508705,0.03138,1793736000,1.943125,2026-08-28T08:34:46,0.0798,2.67,1.49,Medical Care Facilities,0.5881327533958204,Hold
WERN,"Werner Enterprises, Inc.",17.646303,2.18346,1.07219,-50.69736842105263,0.7106868,3.83,33.27176829627882,3226587904,59977156,59977156,9.43,1.269,68.379,1.337,1.226,1.448,3.01,0.0928,0.2766920125389074,-0.03909,-0.01423,0.025910001,0.1904,38.53,42.66667,55.0,30.0,0.10736231507915917,hold,2.5625,15,48.3327463750547,91.74641506867994,0.026186078117971395,0.02029887571144212,1.1018470680535872,0.01117,1793304000,0.3355286,2026-08-28T08:34:46,0.069,2.28,-8.48,Trucking,0.588329727009944,Hold
PNTG,"The Pennant Group, Inc.",23.829025,1.58714,1.40143,42.022224,1.199061,2.12,482.76185537435475,1846536576,34929074,34929074,24.762,1.286,122.528,1.0895000000000001,0.974,1.205,2.85,0.0232,0.3401128813205869,0.1042,0.02934,0.06192,0.19590001,37.82,46.66667,49.0,44.0,0.23391512427287164,strong_buy,1.14286,6,41.968843777113086,,0.03480790672603354,-0.0071501404380165095,0.5007982608512387,0.05049,1793822400,0.57517695,2026-08-28T08:34:46,0.0232,,,Medical Care Facilities,0.5884394595100514,Hold
HL,Hecla Mining Company,20.143816,1.06385,0.82147,24.918604,8.254695,5.64,42.05117442787261,13932173312,671768431,671768431,14.371,1.335,0.802,4.804,4.411,5.197,0.0,0.0,0.4350570519620027,0.22173999,0.19150999,0.4427,0.61395,21.43,23.375,32.0,17.0,0.09076061595893603,buy,2.3,10,80.0679338743999,,-0.04105575270825542,-0.11300005002584664,1.5733205690964804,0.0055400003,1793908800,1.5182137,2026-08-28T08:34:46,0.0,,,Other Precious Metals & Mining,0.5884993315971848,Hold
NPKI,NPK International Inc.,21.622225,0.62667,0.55,28.829788,3.826322,1.3,64.46218952759405,1161374080,84909894,84909894,13.927,1.301,5.169,1.4585,1.303,1.614,3.79,0.0379,0.19054622755741502,0.111770004,0.14195,0.19722,0.35808998,13.55,20.33333,22.0,18.0,0.5006147601476014,none,,3,51.98226928486105,70.10530246659695,0.03773584905660381,0.010758064516128958,1.5181664722070152,0.04538,1793304000,0.30288458,2026-08-28T08:34:46,0.0314,2.77,3.1,Building Products & Equipment,0.5885732323462582,Hold
CLX,Clorox Company (The),16.479654,6.28836,5.80668,21.679914,1.8648928,1.31,113.54092517327294,18149079040,120931005,120931005,15.92,0.541,2221.429,0.49750000000000005,0.337,0.658,4.47,0.1142,-0.0011830299433962521,1.6376,0.087349996,0.12885,0.42321,103.63,101.64706,154.0,77.0,-0.019134806523207537,hold,3.21053,17,62.80535584992924,,-0.030491042358873323,-0.03799606225130921,0.5313914880534834,0.00721,1793736000,-0.123265624,2026-08-28T08:34:46,0.0994,,,Household & Personal Products,0.5887979558633475,Hold
HFWA,Heritage Financial Corporation,10.815094,2.65,2.34333,13.712919,3.9739866,2.13,,1157011840,40915558,40915558,,0.489,,,,,5.93,0.075,0.27047880417517467,0.07798,0.26399,0.28932,0.0,28.66,33.0,34.0,32.0,0.15143056524773213,none,,5,43.38250364325724,61.84618685910503,-0.018841617364434536,-0.051878354203935606,0.24658340496529202,0.01402,1792672200,0.17266774,2026-08-28T08:34:46,0.0675,5.16,5.05,Banks - Regional,0.5891791429490922,Hold
MTB,M&T Bank Corporation,11.329126,21.06782,19.30029,12.790997,3.6471558,1.61,,37908275200,144416262,144416262,,0.573,,,,,5.13,0.045,0.1491619240497999,0.10742,0.32092,0.45108002,0.0,238.68,257.25,300.0,224.0,0.0778029160382101,hold,2.75,18,41.34431127499747,59.61032432256565,-0.0021291039409104197,0.002340304767722701,0.15922164646440473,0.0033500001,1792153800,0.18357635,2026-08-28T08:34:46,0.0371,4.36,-6.18,Banks - Regional,0.5892238851725919,Hold
CW,Curtiss-Wright Corporation,35.34713,17.12982,15.29155,42.550247,6.1205196,2.0,40.437268016887366,23035269120,36934444,36934444,27.323,0.878,41.482,1.3290000000000002,1.056,1.602,2.98,0.0232,0.07554136187890093,0.19746,0.14811,0.19395,0.37727,605.49,806.5,870.0,700.0,0.3319790582833737,none,,6,20.68900286338227,28.696538901998252,0.004733398118599168,0.003285163815990854,0.6583698539523335,0.00368,1793822400,0.26631808,2026-08-28T08:34:46,0.0195,3.18,0.01,Aerospace & Defense,0.5893065291546372,Hold
USFD,US Foods Holding Corp.,19.516665,5.52246,4.78925,33.36842,0.5809714,0.73,28.959634749482476,28665124864,216330723,216330723,16.077,0.818,126.315,0.9015,0.666,1.137,4.47,0.056700002,0.08770837880479876,0.16350001,0.01814,0.04197,0.17554002,107.78,115.875,130.0,61.0,0.07510669883095189,buy,1.625,16,58.92431324417961,,0.01805361880144207,0.00655060038056912,0.39466704762955646,0.00459,1793881800,0.38891757,2026-08-28T08:34:46,0.0505,,,Food Distribution,0.5893752738627734,Hold
CL,Colgate-Palmolive Company,22.142054,4.10802,3.87527,36.239044,3.4451866,1.76,20.96673804230974,79244836864,797172829,797172829,15.903,0.327,1388.163,0.7905,0.555,1.026,3.97,0.024600001,0.06353828149353524,2.67367,0.096829996,0.20966,0.60431,90.96,98.95,110.0,87.0,0.08784080914687786,buy,2.04762,20,51.11525422791192,,0.015979257115291863,0.013490109391267298,0.2067017606780233,0.0014599999,1793363400,0.08195555,2026-08-28T08:34:46,0.0235,,,Household & Personal Products,0.589544135460104,Hold
ZYME,Zymeworks Inc.,24.869905,1.16647,1.18239,-14.505,55.87532,,-31.88563046698159,1803835520,70959241,71509241,-11.974,1.149,19.917,6.0855,5.855,6.316,10.2,0.0962,-0.8996730024212068,-0.72306997,0.0,-3.0,-2.46661,29.01,41.58333,60.0,31.0,0.4334136504653565,strong_buy,1.16667,12,66.23931245790956,,0.1137076492695472,1.0,1.082235299062047,0.013099999,1793908800,0.95881164,2026-08-28T08:34:46,0.0689,,,Biotechnology,0.5898189576428059,Hold
FSLY,"Fastly, Inc.",42.203342,0.58384,0.52526,-44.0,5.712029,,45.13056704516773,3985946112,159300000,159300000,-103.504,0.36,40.198,3.265,3.169,3.361,3.36,0.15640001,0.19654406779661038,-0.08389,-0.11802,-0.07873,0.61472,24.64,27.0,32.0,20.0,0.09577922077922074,none,,10,63.81108678766534,,0.6169308911805446,0.4797992598976023,0.2735725702668012,0.04275,1793822400,2.237845,2026-08-28T08:34:46,0.1434,,,Software - Application,0.5900203877056794,Hold
NIC,Nicolet Bankshares Inc.,12.768922,13.424,12.048,19.151957,7.040714,1.92,,3229829376,20957513,20957513,,0.644,,,,,4.97,0.0475,0.31927347009160867,0.08906999,0.30214,0.52892,0.0,171.41,191.8,200.0,185.0,0.11895455340995276,none,,5,51.67543531917637,,0.009721756620851462,0.011300286273918967,0.33929483468934196,0.08675,1792526400,0.23949671,2026-08-28T08:34:46,0.0476,,,Banks - Regional,0.5906018710707871,Hold
HUBG,"Hub Group, Inc.",18.839563,2.12213,1.8251,22.97701,0.6556725,2.15,41.337074862159454,2877116416,60578607,61153510,8.641,1.217,28.41,1.415,1.356,1.474,3.14,0.0851,-0.04224958325634676,0.06241,0.02815,0.04162,0.11378,39.98,41.0,50.0,29.0,0.025512756378189172,buy,2.5,12,33.064591693009476,,-0.001482648634157812,0.057253600769226774,0.5172697414778338,0.02892,1774900800,0.06841266,2026-08-28T08:34:46,0.0618,,,Integrated Freight & Logistics,0.5908080538472466,Hold
LMAT,"LeMaitre Vascular, Inc.",25.061739,3.17875,2.87875,27.854897,6.942291,2.28,36.98224263809743,1635893376,22869257,22869257,19.705,0.524,45.262,15.0365,13.761,16.312,4.04,0.0885,0.08489313841722113,0.16774,0.25024998,0.28983,0.71867996,79.665,107.0,132.0,81.0,0.34312433314504487,buy,2.25,7,45.40509125564191,86.12211124292146,-0.04041666666666662,-0.02359348314882848,0.41327988645742797,0.06506,1793908800,-0.16462201,2026-08-28T08:34:46,0.0679,5.59,-2.27,Medical Instruments & Supplies,0.5909979316679169,Hold
SKY,"Champion Homes, Inc.",21.115265,4.26374,3.47815,26.636093,1.8285277,,26.525940055220044,4225302528,54280134,54280134,14.799,0.999,7.833,2.3025,1.867,2.738,4.55,0.0655,0.09516451083190036,0.12645,0.0716,0.08486,0.25958002,90.03,103.5,115.0,90.0,0.14961679440186604,none,,6,60.68484887980895,,0.02382844695631686,0.060848232724087965,0.47190395249411327,0.0075499997,1793104200,0.19308245,2026-08-28T08:34:46,0.0558,,,Residential Construction,0.5913186876678216,Hold
OII,"Oceaneering International, Inc.",22.076225,2.31969,2.05826,14.800577,1.7746388,8.01,21.4304489934035,5287226880,99529645,99529645,13.057,1.173,70.343,1.9705,1.765,2.176,5.76,0.0864,0.11177428594264582,0.34570998,0.121879995,0.11486,0.1982,51.21,46.0,52.0,38.0,-0.10173794180824058,none,,4,42.8483328100315,,0.08312941708897072,0.08930181449340706,0.9061778168187156,0.01276,1792612800,1.0987704,2026-08-28T08:34:46,0.0631,,,Oil & Gas Equipment & Services,0.591545444929168,Hold
REXR,"Rexford Industrial Realty, Inc.",37.58911,0.98752,0.98361,-20.971751412429377,8.556018,1.88,24.830602942867213,11991074816,222988124,228634467,17.706,1.207,41.445,0.289,0.234,0.344,2.68,0.0469,0.08048954212467385,-0.047280002,-0.39163,0.4159,0.76798,37.12,40.25,45.0,36.0,0.08432112068965525,hold,2.61111,16,53.631775224272644,,,0.0449394211946458,0.15721147271898306,0.00375,1792008000,-0.10359818,2026-08-28T08:34:46,0.0358,,,REIT - Industrial,0.5915849595884466,Hold
GBCI,"Glacier Bancorp, Inc.",13.112344,3.605,3.12167,19.37295,5.4510117,1.75,,7365696000,130211953,130211953,,0.73,,,,,6.96,0.0717,0.28828161420787546,0.07946,0.27603,0.44305,0.0,47.27,56.83333,60.0,55.0,0.20231288343558274,buy,1.83333,6,54.44318772576855,44.98740888838211,-0.01369036334913115,-0.012328767123287652,0.21353025292247732,0.0069999998,1792094400,-0.038250268,2026-08-28T08:34:46,0.0667,6.39,6.26,Banks - Regional,0.5916650376067593,Hold
BANF,BancFirst Corporation,14.057731,7.85333,7.67,14.898786,5.200614,2.09,,-604580544,33598745,33598745,,0.616,,,,,6.49,0.037100002,0.07643225066888659,0.13668,0.35307997,0.50523,0.0,110.4,124.33333,127.0,121.0,0.12620769927536224,none,,3,31.475430610443993,,0.03718728870858693,0.023902216427640125,0.0856325687922744,0.30987,1792180800,-0.16973752,2026-08-28T08:34:46,0.0369,,,Banks - Regional,0.591758413002109,Hold
FIBK,"First Interstate BancSystem, In",13.082886,2.84876,2.70894,11.503086,3.3553777,1.16,,3188302592,95304607,95304607,,0.731,,,,,7.08,0.145,0.18183873314749643,0.09616999,0.30635,0.43242002,0.0,37.27,37.5,41.0,33.0,0.0061711832573114744,none,,8,45.06362540803594,65.18610321393416,0.033958404103863866,-0.038539293609409615,0.17658630773870648,0.08412,1793217600,0.13905871,2026-08-28T08:34:46,0.1135,6.32,-2.55,Banks - Regional,0.5917850471356193,Hold
NBHC,National Bank Holdings Corporat,10.48346,3.93,3.3,17.383968,4.0574117,1.57,,1777692288,44539547,44539547,,0.772,,,,,3.92,0.048600003,0.04297597817957155,0.06527,0.21802,0.2857,0.0,41.2,48.5,51.0,46.0,0.17718446601941729,none,,4,49.6332675222263,,-0.04899135446685889,-0.04784978800726837,0.21495671457658747,0.057529997,1793131200,0.05048442,2026-08-28T08:34:46,0.0386,3.07,3.03,Banks - Regional,0.5918548941054549,Hold
SOFI,"SoFi Technologies, Inc.",23.32709,0.82222,0.60055,38.36,5.8036017,0.91,,24821194752,1291570324,1291570324,,2.204,30.835,0.783,0.461,1.105,2.38,0.1354,0.3206811914702987,0.07095,0.14906,0.16956,0.83734,19.18,20.025,30.0,12.0,0.044056308654848664,hold,2.70833,20,61.80132529826062,,0.014974057361118117,0.013434896218507998,1.1554792945213104,0.01424,1793104200,-0.24902117,2026-08-28T08:34:46,0.1357,,,Credit Services,0.5919020812419199,Hold
HEI,Heico Corporation,47.50514,7.09418,6.36743,57.80618,,2.72,,49998405632,,,33.896,1.053,45.034,1.9125,1.108,2.717,1.69,0.014400001,0.231,0.17728001,0.16375999,0.25136998,0.40398,337.01,392.42105,472.0,290.0,0.1644196017922317,buy,1.86364,19,20.58425657391443,,0.042485752128789966,0.017841133355181258,0.2962549411566578,0.22820999,1787688000,0.080091,2026-08-28T08:34:46,0.0059,,,Aerospace & Defense,0.5920507163212871,Hold
OGE,OGE Energy Corp,17.688469,2.60226,2.42833,20.367256,2.93912,3.3,75.02118879684419,15351236608,206581287,206581287,11.943,0.516,117.305,0.5905,0.414,0.767,7.19,0.0627,-0.06440315670992991,0.09703,0.14435,0.26549,0.44762,46.03,50.45455,60.0,44.0,0.09612318053443403,hold,2.61538,11,36.49901175491461,,-8.235434604471758e-05,-0.0011361804377366578,0.2313168070517941,0.00408,1793190600,0.030676246,2026-08-28T08:34:46,0.0487,,,Utilities - Regulated Electric,0.5922956439710366,Hold
MEC,"Mayville Engineering Company, I",20.008066,1.01659,0.25854,-24.804878048780488,0.8845992,,-63.17718211300416,683397760,25500331,25500331,19.305,1.295,51.285,1.2945,0.89,1.699,3.16,0.100600004,-0.011465694308046448,-0.06047,-0.029509999,0.00266,0.10854,20.34,36.8,40.0,34.0,0.8092428711897737,none,,5,15.834838084465147,42.9473664811667,0.9176680017801513,-0.13382921800180617,0.9759000729485332,0.23364,1793736000,0.3931507,2026-08-28T08:34:46,0.1129,3.31,47.78,Metal Fabrication,0.5927504463540466,Hold
MPTI,"M-tron Industries, Inc.",27.029362,2.895,2.55,31.051588,5.844045,1.47,63.09173009321523,243243744,4346476,4346476,20.369,0.757,0.111,15.7375,14.845,16.63,1.18,0.0783,-0.2344606987361716,0.123950005,0.16349001,0.11377,0.4428,78.25,89.0,90.0,88.0,0.13738019169329063,hold,3.0,2,29.19701225033492,,-0.04135338345864673,-0.17521367521367515,0.5486441833201343,0.05723,1794427200,0.73966205,2026-08-28T08:34:46,0.0791,,,Electronic Components,0.5928784464272199,Hold
CRS,Carpenter Technology Corporatio,30.892246,15.88036,13.37656,46.06385,7.7819734,1.59,101.81621912677642,24646641664,49558566,49558566,29.835,1.283,32.658,2.958,2.106,3.81,2.18,0.0311,0.1326238253140739,0.25752002,0.16958,0.24078,0.30584,490.58,625.875,700.0,540.0,0.2757858045578703,strong_buy,1.375,8,32.258655038892556,65.93383023110005,0.05569222051489671,0.045918605930118615,0.7238754946238156,0.02507,1792672200,1.0366158,2026-08-28T08:34:46,0.0505,3.05,30.61,Metal Fabrication,0.5929288002380009,Sell
UNH,UnitedHealth Group Incorporated,17.608356,22.43537,19.81226,25.769732,0.7870685,1.22,14.609061918199817,403956858880,897594847,897594847,15.14,0.632,69.211,0.736,0.695,0.777,2.99,0.019199999,0.01928061091019173,0.14152999,0.03135,0.071329996,0.19723,395.05,475.23077,529.0,313.0,0.2029635995443615,buy,1.55556,26,38.28067577482858,,8.580619207621047e-06,-3.5657853976864335e-06,0.26672738307058896,0.00248,1793104200,0.27488947,2026-08-28T08:34:46,0.0173,,,Healthcare Plans,0.5930019485487731,Sell
MTRN,Materion Corporation,29.338497,8.39,6.994,54.944195,2.4439979,1.28,383.7375898831739,5618986496,20833725,20833725,27.349,1.071,51.424,1.9465,0.952,2.941,1.31,0.0328,0.41470868987663034,0.09458999,0.04295,0.08574,0.16011,246.15,301.185,330.0,278.74,0.22358318098720287,buy,1.75,4,26.88984851305048,,0.0846774193548386,0.10423795735719936,0.6210962015856647,0.01737,1793190600,1.2215705,2026-08-28T08:34:46,0.0241,,,Other Industrial Metals & Mining,0.5932713922682227,Sell
FIX,"Comfort Systems USA, Inc.",26.836504,60.17848,49.00705,39.836704,5.062167,0.68,30.858168651429565,59010174976,35194329,35194329,29.465,1.701,45.489,1.193,1.172,1.214,1.84,0.03,0.012501616382571079,0.55292,0.12775,0.07885,0.25661,1614.98,2197.0,2500.0,1910.0,0.36038836394258755,strong_buy,1.2,8,41.35594163908085,,0.12329301215136512,0.11093557057065095,0.6693315125493692,0.01127,1792699200,1.2960277,2026-08-28T08:34:46,0.0255,,,Engineering & Construction,0.5933180497059167,Sell
ESS,"Essex Property Trust, Inc.",45.534092,6.16593,5.60256,44.849842,9.770716,7.02,18.53923037049957,24914548736,64268439,68932888,20.247,0.708,122.409,0.16999999999999998,0.091,0.249,4.43,0.048699997,0.10800294023011814,0.0771,0.20893,0.33975,0.68771005,280.76,304.99,352.0,239.0,0.08630146744550515,buy,2.5,25,32.90046813229746,2.822687674855203,-0.050423216035091076,0.00954916127941866,0.3172915128833174,0.00733,1793131200,0.039043665,2026-08-28T08:34:46,0.0351,4.26,9.73,REIT - Residential,0.5935198654585713,Sell
SEIC,SEI Investments Company,16.091583,6.91666,6.23911,19.62963,5.451775,2.14,35.38745371437872,13351992320,120019182,120019182,17.576,0.962,2.383,4.912,4.765,5.059,2.42,0.015700001,0.18214819194485088,0.27587998,0.28847998,0.30706,0.78388,111.3,115.85714,125.0,98.0,0.04094465408805026,buy,2.125,7,84.7213207538333,,0.0,0.0,0.2427374562102906,0.15633,1792612800,0.26076126,2026-08-28T08:34:46,0.0182,,,Asset Management,0.5937775195399384,Sell
SHW,Sherwin-Williams Company (The),25.35205,13.61665,12.08941,31.84594,3.433081,2.61,33.44025691963467,98048163840,242758151,242758151,20.821,1.093,389.958,0.57,0.413,0.727,3.17,0.026400002,0.10411520806154106,0.65124,0.11013,0.18124,0.48981997,345.21,391.0,420.0,340.0,0.13264389791720999,buy,1.96154,22,36.66539989488502,,0.028870196031039574,0.023766704209002048,0.13529654226020552,0.063590005,1793104200,-0.056364954,2026-08-28T08:34:46,0.0285,,,Specialty Chemicals,0.5938533317250678,Sell
MAMA,"Mama's Creations, Inc.",53.399998,0.3,,106.799995,3.9365132,,142.47682601315003,641405824,46497291,46497291,42.604,0.581,24.741,2.0585,1.793,2.324,5.79,0.0618,0.2287576753665066,0.14929,0.03227,0.05049,0.24462,16.02,22.42857,25.0,20.0,0.40003558052434474,none,,7,45.208373578356834,,-0.12290441176470593,-0.12457070707070717,0.425523159002817,0.01688,1788465600,1.0075188,2026-08-28T08:34:46,0.0766,,,Packaged Foods,0.5940462750842063,Sell
PH,Parker-Hannifin Corporation,25.800026,39.19376,35.33279,36.49224,5.928611,3.4,43.0350989892592,135700201472,126047469,126047469,23.958,1.128,56.66,0.968,0.674,1.262,1.92,0.0098,0.10352740204565314,0.25076,0.16968,0.23458,0.37546003,1011.2,1160.9535,1358.0,680.0,0.14809483781645572,buy,1.68,23,30.583612353972356,62.2488797599158,0.03577342830935435,0.04495571295188867,0.3913793557548847,0.0018099999,1793881800,0.33166528,2026-08-28T08:34:46,0.0123,2.7,6.55,Specialty Industrial Machinery,0.5940866672180559,Sell
PZZA,"Papa John's International, Inc.",17.444262,1.33167,1.18177,29.037498,0.38873363,2.32,12.982488385763562,1683369728,32921687,32921687,8.588,1.094,,0.635,0.441,0.829,3.46,0.22790001,-0.09307743555182935,,0.01401,0.057439998,0.20365,23.23,28.66667,43.0,24.0,0.23403659061558324,none,,9,33.20731345520582,,-0.2047896858240642,-0.23944120485918755,0.3894999948082359,0.01709,1793881800,-0.52309585,2026-08-28T08:34:46,0.1705,,,Restaurants,0.5941234422043423,Sell
ATR,"AptarGroup, Inc.",21.03167,6.31714,5.51714,24.377983,2.1476905,2.43,31.759621936899652,9707839488,63581129,63581129,12.159,0.382,52.78,1.296,0.978,1.614,3.18,0.028499998,0.10144271738238553,0.13459,0.09217,0.12494001,0.3607,132.86,170.14285,220.0,155.0,0.2806175673641427,none,,7,40.16364749524363,,0.0036382555292389248,0.008121284659884282,0.22389808137989956,0.00861,1793304000,-0.046025693,2026-08-28T08:34:46,0.0253,,,Medical Instruments & Supplies,0.5944039131448192,Sell
UNM,Unum Group,9.773998,9.45877,8.6756,21.252872,1.0964783,1.03,-6.557364601427233,16547363840,158306798,158306798,13.117,0.256,36.878,10.6945,4.131,17.258,2.3,0.028199999,0.07906882796024961,0.06351,0.052649997,0.11359,0.29304,92.45,101.84615,122.0,88.0,0.1016349378042185,buy,1.76923,13,61.83666902713695,60.464740010799545,-0.013101241415712261,-0.021577740378200125,0.31863260633697604,0.01006,1793736000,0.32336104,2026-08-28T08:34:46,0.0206,1.9,-0.82,Insurance - Life,0.5945480419834662,Sell
CDNS,"Cadence Design Systems, Inc.",36.41696,9.54363,8.14245,66.70825,16.395857,3.01,59.46090834010438,96832364544,275393000,275393000,44.915,1.142,38.661,1.5845,1.426,1.743,1.85,0.0164,0.23139710932376634,0.23229,0.23605,0.28575,0.85871005,347.55,403.12036,470.0,300.0,0.1598916990361099,strong_buy,1.44,27,39.659157268258205,64.53877908895582,0.06834198112158914,0.014927801634752286,0.11435206566431771,0.00328,1793044800,-0.008218467,2026-08-28T08:34:46,0.0222,2.09,-1.41,Software - Application,0.5947212671386907,Sell
CECO,CECO Environmental Corp.,23.37775,3.08584,2.28772,-92.48717948717949,4.678204,1.88,-25.93516442634923,4941271552,58569830,58569830,55.341,1.508,37.087,1.2565,1.011,1.502,1.66,0.0313,-0.07291365366776725,-0.023640001,-0.033889998,0.04907,0.32147,72.14,109.14286,130.0,85.0,0.5129312448017742,strong_buy,1.28571,7,57.06225165569294,60.21339828530902,0.19995803829006037,0.08901366101898284,0.7449501260724142,0.10673001,1793104200,0.58236456,2026-08-28T08:34:46,0.0341,1.79,-3.97,Pollution & Treatment Controls,0.5947710738239965,Sell
SO,Southern Company (The),18.082174,4.92474,4.58768,21.666666,3.3944077,2.29,-26.1768499395648,179314819072,1150362966,1150362966,12.576,0.327,182.058,0.614,0.441,0.787,6.34,0.028399998,-0.0426585569062905,0.114829995,0.15435,0.29612,0.48289,89.05,100.28947,114.0,79.0,0.12621527231892182,hold,2.65217,19,43.84953949135168,,0.0032145340675007305,0.0016779513129713617,0.09003485869759195,0.00096000003,1793277000,-0.035211265,2026-08-28T08:34:46,0.0284,,,Utilities - Regulated Electric,0.5950413085513296,Sell
F,Ford Motor Company,7.2910676,1.9133,1.86718,-7.459893048128341,0.2959306,8.48,-7.005693789409943,196838965248,3916743591,3987595667,25.754,1.848,456.708,0.983,0.877,1.089,0.0,0.0,-0.02331084397605121,-0.18252,-0.03935,0.018819999,0.07115,13.95,15.726,20.0,11.0,0.12731182795698937,buy,2.5,20,51.33554624486781,57.89274876896295,0.1376642051132071,0.049447385020431646,1.2656631214956582,0.0039500003,1792699200,0.18521667,2026-08-28T08:34:46,0.0222,1.43,-10.96,Auto Manufacturers,0.5950931163498151,Sell
AAPL,Apple Inc.,32.979992,9.53851,8.82452,36.117104,9.834641,2.5,42.6193556737624,4612982046720,14594180000,14594180000,27.465,1.086,78.445,0.9075,0.812,1.003,2.19,0.008,0.22180206525943902,1.4875101,0.27618998,0.32623002,0.48653,314.58,324.45282,400.0,215.0,0.031384131222582434,buy,2.18182,39,49.24902698904932,69.5628620299913,0.005119987225694665,-0.018517984574353146,0.1050393454833999,0.01648,1793304000,0.35513055,2026-08-28T08:34:46,0.0097,2.42,-3.37,Consumer Electronics,0.5956477458680312,Sell
EW,Edwards Lifesciences Corporatio,26.632124,3.3775,2.99944,54.186745,7.961424,2.19,42.06966290664435,48405778432,576400000,576400000,24.242,0.846,6.568,3.9880000000000004,3.454,4.522,2.15,0.0202,0.1561027064538516,0.09175,0.15431,0.29839,0.77839,89.95,100.96154,110.0,84.0,0.12241845469705392,buy,1.64286,26,62.923812174696224,,-0.0022553239616528425,0.004556567465156536,0.710250433642987,0.00195,1793304000,0.10585201,2026-08-28T08:34:46,0.0178,,,Medical Devices,0.5957520944259742,Sell
KO,Coca-Cola Company (The),25.25536,3.52638,3.30148,26.987879,7.6439786,4.41,73.42467024256463,413240033280,4302549243,4302549243,24.311,0.342,115.519,1.0514999999999999,0.798,1.305,2.35,0.0092,0.06727787982692934,0.42054,0.28558,0.34873,0.61888003,89.06,94.69565,104.0,75.0,0.06327924994385814,buy,1.75,23,64.72123818756728,,0.010742746579557337,0.012396646761598528,0.14081799006547183,0.098950006,1792499400,0.29091167,2026-08-28T08:34:46,0.0101,,,Beverages - Non-Alcoholic,0.5960619578296154,Sell
AKR,Acadia Realty Trust,63.33333,0.33,0.435,59.714287,7.339133,4.7,16.232274202694438,4856774144,137332722,145795915,20.024,1.125,63.176,0.8355,0.426,1.245,11.84,0.27879998,0.14211923943370164,0.057150003,0.13208,0.29906,0.70607,20.9,24.75,26.0,23.0,0.1842105263157896,strong_buy,1.28571,8,54.873094333343445,,0.10126582278481007,0.17857142857142852,1.2819497627479344,0.00488,1793131200,0.04447782,2026-08-28T08:34:46,0.1223,,,REIT - Retail,0.5962803863020882,Sell
ACHC,"Acadia Healthcare Company, Inc.",16.584894,1.82214,1.5526,-2.460912052117264,0.8354404,1.37,-26.806122278647447,5442556416,93100275,93100275,10.176,0.635,118.057,1.4620000000000002,1.352,1.572,7.86,0.3457,-0.014463585633876952,-0.41445,-0.33443,0.10137,0.41057,30.22,33.39286,41.0,14.5,0.10499205823957647,buy,2.0,14,39.09497199568384,,0.030115246050649906,0.04175266278278676,1.5756192923824812,0.015240001,1793822400,0.31620204,2026-08-28T08:34:46,0.2289,,,Medical Care Facilities,0.5965407162455549,Sell
MSCI,MSCI Inc.,25.298536,22.49735,19.66069,30.864967,12.411577,2.21,34.633800317989554,47568703488,72700000,72700000,24.241,1.222,,0.8320000000000001,0.77,0.894,1.37,0.0176,0.19409666420907823,,0.40735,0.56298,0.82975,569.15,692.05884,760.0,570.0,0.21595157691294053,strong_buy,1.5,17,37.70425070294727,31.930747459930387,0.0004661214673869076,0.0013842986702276583,0.15434683412815628,0.03593,1792499400,0.0025188923,2026-08-28T08:34:46,0.0155,,,Financial Data & Stock Exchanges,0.5968676135621264,Sell
CHRW,"C.H. Robinson Worldwide, Inc.",20.154097,7.49922,6.24327,29.009596,1.0390897,1.97,36.74620136032753,19478880256,116851258,116851258,20.886,0.946,121.188,1.5550000000000002,1.528,1.582,1.95,0.044899996,0.20565722108015305,0.37123,0.03726,0.05337,0.08447,151.14,199.84,237.0,91.0,0.322217811300781,buy,1.8,25,62.996313021343674,58.73284214979462,0.01228864949703924,0.007155577401912988,0.42411449346833857,0.00347,1793217600,0.17435896,2026-08-28T08:34:46,0.0471,1.79,-26.93,Integrated Freight & Logistics,0.5974317247658554,Sell
JPM,JP Morgan Chase & Co.,14.16484,25.00699,24.21208,15.170021,5.053361,1.74,,779510743040,2658186195,2658186195,,0.977,,,,,3.39,0.0095,0.3489175542362639,0.17789,0.34921002,0.50394,0.0,354.22,374.57144,420.0,305.0,0.05745423747953238,buy,2.125,21,32.37574089547192,,0.014491611993855829,0.02272890863612642,0.21818310202267002,0.00391,1791894600,0.1751709,2026-08-28T08:34:46,0.0096,,,Banks - Diversified,0.5976521162071384,Sell
PRLB,"Proto Labs, Inc.",33.549736,2.3875,2.214,62.578125,3.4184136,0.86,45.867369951832345,1775608960,23921897,23921897,23.959,1.414,0.324,3.4524999999999997,3.268,3.637,3.44,0.0377,0.10382252711814632,0.04494,0.054369997,0.088520005,0.45421,80.1,95.5,110.0,87.0,0.19225967540574285,none,,4,46.036174036499546,,0.08529411764705878,0.0815402038505097,1.510253772625872,0.01307,1793363400,0.6081108,2026-08-28T08:34:46,0.0278,,,Metal Fabrication,0.5976649359708498,Sell
ROL,"Rollins, Inc.",27.634037,1.30057,1.17133,32.672726,4.4068,3.14,34.46496561676203,18298583040,481145404,481145404,21.154,0.744,78.015,0.5265,0.424,0.629,2.11,0.045100003,0.08685035109261907,0.37008998,0.1355,0.18799,0.52366,35.94,45.58824,66.0,32.0,0.26845409015025057,hold,2.52632,17,33.659279685094035,,0.0008373563463920886,-0.008825210532332374,0.1536531992846838,0.38439998,1793217600,-0.36434382,2026-08-28T08:34:46,0.0428,,,Personal Services,0.5976736262860319,Sell
ARMK,Aramark,21.008314,2.8027,2.27543,41.758865,0.7821636,0.92,41.48751538772009,21540120576,263625044,263625044,14.917,1.195,186.724,1.1595,1.034,1.285,3.14,0.033099998,0.08979081571627923,0.11694,0.01929,0.04422,0.15292,58.88,67.96875,75.0,47.0,0.15436056385869557,strong_buy,1.5,16,42.925923951697975,,0.012346063496583216,0.04103676519749514,0.5862916658390671,0.00691,1795523400,0.50549734,2026-08-28T08:34:46,0.0332,,,Specialty Business Services,0.5976847679793599,Sell
PLD,"Prologis, Inc.",41.65933,3.405,3.33,31.733784,14.278182,132.25,25.502620347349428,172141608960,950333372,972091372,25.551,1.324,63.823,0.5685,0.488,0.649,2.98,0.0189,0.09668328268282678,0.07749,0.43575,0.43030998,0.75549006,141.85,158.3077,170.0,140.0,0.11602185407120214,buy,2.0,13,68.42024269316407,43.32308509169615,0.07506053268765131,0.03103709311127921,0.11460650977891576,0.00261,1791981000,0.24670422,2026-08-28T08:34:46,0.0195,3.61,34.86,REIT - Industrial,0.5977359470347715,Sell
EQT,EQT Corporation,13.923562,3.93362,4.06944,12.707657,3.6862288,1.65,13.921515928690035,43406884864,625516000,625516000,6.205,0.578,19.595,0.6075,0.542,0.673,2.8,0.035099998,-0.041241470939192615,0.11078,0.29176,0.23372999,0.80748004,54.77,67.68,81.0,52.0,0.2357129815592478,strong_buy,1.48,25,59.78216698773706,,-0.025276828336491017,-0.07081324959368555,0.5896424735650962,0.00902,1792526400,0.056520104,2026-08-28T08:34:46,0.031,,,Oil & Gas E&P,0.5978193608836834,Sell
FWRD,Forward Air Corporation,41.162792,0.43,-1.12667,-1.9754464285714284,0.23745178,0.65,6.87532643698737,2561218304,33780862,33780862,9.09,1.362,,1.2435,1.166,1.321,2.76,0.0926,-0.01320789268195699,-7.35718,-0.11366,0.06343,0.2149,17.7,28.0,29.0,27.0,0.5819209039548023,buy,2.2,2,49.380014891591266,47.887705444076225,-0.3601704634626297,1.0,1.4730184686238486,0.01859,1793822400,-0.4105894,2026-08-28T08:34:46,0.0844,2.8,-1.07,Integrated Freight & Logistics,0.5978460794189328,Sell
ERIE,Erie Indemnity Company,18.518202,14.01,12.7,23.351936,3.293163,2.67,28.191738892714078,13324231680,46189068,52289868,15.958,0.3,2.56,1.1764999999999999,1.107,1.246,8.87,0.1073,0.16378224388506823,0.24808,0.14007,0.19096,0.17904,259.44,,,,,none,,,31.3284630902875,68.49585055286644,0.003159557661927263,,0.2837242992223519,0.45462,1793304000,-0.26790452,2026-08-28T08:34:46,0.1132,8.89,-3.4,Insurance Brokers,0.5979275767923482,Sell
NLY,Annaly Capital Management Inc.,7.4151964,3.10983,3.08308,5.5700483,5.340404,32.03,,143978643456,753714442,753714442,,1.239,737.543,0.5435000000000001,0.529,0.558,0.0,0.0,3.978770393596889,0.19567,0.90681,0.91652,0.97972,23.06,24.22727,25.0,22.5,0.05061882046834354,none,,11,47.18446449632396,,0.026000432619511078,0.040261317223454406,1.1102099278215098,0.00104,1792612800,0.08824921,2026-08-28T08:34:46,0.0,,,REIT - Mortgage,0.598238999589566,Sell
WING,Wingstop Inc.,20.502846,5.36267,4.44803,26.493975,4.1560135,1.76,30.380016836553576,4140337920,27242546,27242546,17.692,1.806,,2.5700000000000003,2.173,2.967,3.24,0.15720001,0.09060743441527097,,0.16152,0.29759002,0.49418998,109.95,202.88889,265.0,143.0,0.8452832196452933,buy,1.51724,27,36.137130496476004,30.15206591001781,-0.02253558886999018,-0.03527064635267411,0.5630165583830345,0.00745,1793709000,-0.6649092,2026-08-28T08:34:46,0.1662,3.29,-7.75,Restaurants,0.5983564080050542,Sell
CVLT,"Commvault Systems, Inc.",22.634657,6.20111,5.45222,86.11043,4.784466,3.17,19.151755663233523,5804977152,41444564,41444564,47.558,0.803,1762.992,1.9905,1.938,2.043,4.72,0.0907,0.19679721084772428,0.32773998,0.05618,0.089499995,0.81087,140.36,160.9,200.0,130.0,0.14633798803077802,buy,1.88889,16,59.25482685788373,66.45111001401196,0.0453757602251723,0.030084717607973478,0.952692529456226,0.00887,1793104200,-0.24800426,2026-08-28T08:34:46,0.0784,4.27,-8.91,Software - Application,0.598452835536775,Sell
IDXX,"IDEXX Laboratories, Inc.",32.562115,16.7397,14.83498,38.906494,9.431125,3.37,47.22180163237344,43841159168,78781116,78781116,27.034,1.542,67.971,0.9504999999999999,0.729,1.172,3.07,0.028099999,0.11403804292389053,0.74211,0.25030002,0.3498,0.62446,545.08,698.9231,805.0,470.0,0.2822394877816099,buy,2.21429,13,39.407185115938844,,0.011708832056107456,0.013496577420053935,0.19880833694825964,0.0022,1793622600,-0.15764421,2026-08-28T08:34:46,0.0247,,,Diagnostics & Research,0.5985393126327666,Sell
SGRY,"Surgery Partners, Inc.",22.207344,0.62727,0.4857,-20.18840579710145,0.54174954,,9.934989073149234,7454860288,130918260,130918260,11.533,1.937,117.259,1.693,1.44,1.946,6.91,0.1915,0.0057469676116990165,0.023239998,-0.02632,0.13724,0.22514,13.93,18.72727,24.0,14.0,0.34438406317300796,none,,11,36.7562646942637,,0.08691760282862651,-0.04115012458154367,0.7790249937912018,0.01796,1794227400,-0.38607317,2026-08-28T08:34:46,0.1932,,,Medical Care Facilities,0.5989090647797427,Sell
ROG,Rogers Corporation,29.062923,4.45,3.75,74.757225,2.7682223,0.52,23.149631855747558,2128011776,17868335,17868335,16.522,0.502,2.366,3.416,2.844,3.988,2.46,0.0476,0.1082799880346994,0.02596,0.03749,0.09548,0.32439,129.33,173.33333,200.0,150.0,0.3402407020799503,none,,3,60.51522068225575,83.3346069917671,0.030219780219780185,0.01908319153954847,1.1401359634679706,0.01211,1793304000,0.64835584,2026-08-28T08:34:46,0.0314,1.85,2.0,Electronic Components,0.598923050029164,Sell
BANC,"Banc of California, Inc.",8.80577,2.12815,1.33893,-43.581395348837205,4.301489,1.12,,3818473984,157955199,158432520,,1.138,,,,,2.51,0.069299996,,-0.0065499996,-0.032420002,2.0,0.0,18.74,22.27273,24.0,20.0,0.18851280683030947,none,,11,57.464923040966895,54.291398344624994,-0.20724587912087916,0.033840339277820285,1.8204271774751537,0.0087,1792585800,0.107565045,2026-08-28T08:34:46,0.0446,1.48,-26.69,Banks - Regional,0.5994008361958202,Sell
JNJ,Johnson & Johnson,21.594149,12.3075,11.0525,30.867596,6.540235,4.78,37.93153265920247,668756738048,2409898597,2409898597,19.177,0.231,57.709,0.907,0.725,1.089,2.78,0.01,0.06430645681478864,0.25742,0.21482,0.2919,0.6814,265.77,272.5,305.0,190.0,0.02532264740188883,buy,1.91304,22,65.11043635754781,,-0.04574550565775137,-0.034287785770780774,0.3989498878233925,0.00053,1791894600,0.50008464,2026-08-28T08:34:46,0.0106,2.99,-7.36,Drug Manufacturers - General,0.599472152910313,Sell
CBSH,"Commerce Bancshares, Inc.",12.699323,4.57111,4.29875,14.333332,4.5141435,2.06,,6661700096,143432178,143432178,,0.583,,,,,5.75,0.0448,0.11555654478034905,0.14694001,0.3164,0.45125,0.0,58.05,65.33333,73.0,62.0,0.12546649440137814,hold,2.77778,9,32.512556203288014,,0.02513992459453478,0.02791944626580768,0.09716059420815566,0.02495,1792067400,-0.015942872,2026-08-28T08:34:46,0.0483,,,Banks - Regional,0.5994812728351215,Sell
UNFI,"United Natural Foods, Inc.",14.704875,3.2139,2.564,-72.7076923076923,0.09165335,1.09,5.927739689119171,5972134400,60519140,60519140,10.386,0.829,197.248,0.872,0.416,1.328,5.39,0.0615,-0.041921484674104725,-0.02296,-0.00122,0.01101,0.13494,47.26,49.375,56.0,43.0,0.044752433347439835,none,,8,49.38299291154334,60.64399901627601,-0.004890165334161276,0.007482688250580734,1.3614648997497825,0.01924,1788870600,0.6711457,2026-08-28T08:34:46,0.0422,5.46,-5.65,Food Distribution,0.5996878251164479,Sell
IDT,IDT Corporation,17.43038,3.95,3.85,21.184614,,1.42,,1492710784,,,12.067,0.622,0.355,1.438,0.952,1.924,2.89,0.0343,0.045,0.25211,0.06413,0.09413,0.37352002,68.85,75.0,75.0,75.0,0.08932461873638364,none,,1,75.19897294692107,23.74016100355695,0.0,0.0,0.4405042082117513,0.13104999,1790712000,0.07460594,2026-08-28T08:34:46,0.0266,,,Telecom Services,0.5999015251177761,Sell
Z,"Zillow Group, Inc.",12.700291,2.7897,2.22442,154.04347,2.8353453,0.93,32.61952943295803,7827319808,177255435,224874954,44.728,1.976,12.953,1.6065,1.291,1.922,3.23,0.0771,0.589369646126789,0.012150001,0.01957,0.046630003,0.72883004,35.43,46.0,62.0,34.0,0.29833474456675124,hold,2.57143,6,52.76404498554054,47.324270698785895,-0.03201072246059586,-0.07194065104209986,0.7850479816322101,0.05509,1793304000,-0.57976514,2026-08-28T08:34:46,0.0566,3.63,-5.09,Internet Content & Information,0.6002445336122992,Sell
UE,Urban Edge Properties,42.07867,0.50667,0.50333,40.226418,6.027811,,12.976361165121881,4470765056,126244466,137687143,16.614,1.003,126.633,0.593,0.497,0.689,4.86,0.0529,0.15152814698428063,0.05092,0.13948,0.31436002,0.64747,21.32,24.28571,26.0,22.0,0.13910459662288943,buy,2.14286,7,52.164075108200265,30.891442970667768,-0.03821680392868727,0.0,0.8125445144501087,0.00083,1793217600,0.03044951,2026-08-28T08:34:46,0.0263,4.14,-9.87,REIT - Retail,0.600586263212757,Sell
PKE,Park Aerospace Corp.,63.941177,0.51,,51.761906,9.306903,1.49,77.43526288209607,620206976,21751211,21751211,36.549,0.416,0.234,14.675,14.058,15.292,4.0,0.0664,0.08538996748273009,0.10786,0.16697,0.21926,0.31924,32.61,42.5,43.0,42.0,0.30328120208525,none,,2,31.465551462085628,52.19414781449226,0.11666666666666678,0.03289473684210529,0.29108689522180203,0.04993,1791489600,0.74012804,2026-08-28T08:34:46,0.0591,3.42,12.67,Aerospace & Defense,0.6009348722538612,Sell
PCAR,PACCAR Inc.,17.731482,7.13646,5.93446,26.64,2.3945463,1.29,34.26862949353319,72755118080,526364953,526364953,22.238,0.985,72.91,5.2035,4.888,5.519,2.81,0.0228,0.002315598774297545,0.12755999,0.09003,0.12024,0.13715,126.54,141.02937,164.0,110.47,0.11450426742532005,buy,2.42105,16,37.327789467639676,,0.04146637448599186,0.05564683925894272,0.2892613516647126,0.01858,1793104200,0.26565313,2026-08-28T08:34:46,0.0237,3.06,-17.89,Farm & Heavy Construction Machinery,0.6011875945229506,Sell
HOMB,"Home BancShares, Inc.",11.420588,2.59794,2.51265,12.311203,5.398947,3.01,,5807376384,200049630,200049630,,0.676,,,,,4.81,0.059,0.06987352432493887,0.11106,0.43603,0.57611,0.0,29.67,33.14286,36.0,31.0,0.11704954499494424,buy,2.44444,7,33.12607807486623,36.53593849481835,0.0,0.0,0.17363237595447323,0.063439995,1792008000,-0.0030242205,2026-08-28T08:34:46,0.0476,4.21,-8.95,Banks - Regional,0.6014904217818963,Sell
MCO,Moody's Corporation,26.913322,18.91331,16.97255,32.67137,10.803013,2.15,34.17926178895327,94417584128,173180984,173180984,23.296,1.33,240.682,1.1164999999999998,1.043,1.19,2.97,0.0173,0.19233298732151805,0.76932,0.34252,0.49473998,0.74974996,509.02,560.4762,610.0,505.0,0.10108875879140311,buy,1.75,21,85.24852335777842,25.391979720682173,0.005051743209665983,0.004370450655594152,0.2690107193182009,0.14372,1792585800,-0.0014516711,2026-08-28T08:34:46,0.0162,,,Financial Data & Stock Exchanges,0.6022854272781512,Sell
BLDR,"Builders FirstSource, Inc.",15.049193,4.46602,3.15571,74.67778,0.5004987,2.02,15.56589276716856,12404120576,107596457,107596457,12.131,1.418,130.786,1.4015,1.014,1.789,3.21,0.0806,-0.063075617815185,0.02506,0.0070999996,0.033269998,0.29188,67.21,80.71429,100.0,61.0,0.20092679660764778,buy,2.26087,21,43.38849443669938,56.24672502089529,-0.2554513238423752,-0.2525914843339458,0.5186915244521402,0.02702,1793277000,-0.5153591,2026-08-28T08:34:46,0.0767,3.05,11.29,Building Products & Equipment,0.6027515447337511,Sell
GLW,Corning Incorporated,35.366444,4.32048,3.26986,70.41475,7.758792,1.12,179.19693511000943,139062132736,861388331,861388331,34.042,1.148,71.448,1.3955,0.978,1.813,1.25,0.0221,0.15954410732318114,0.16813,0.111999996,0.15649,0.36395,152.8,191.4,226.0,129.0,0.2526178010471203,strong_buy,1.5,15,44.20371403959101,59.23511103559338,0.02601546933588542,0.01766584697136724,0.537231422886422,0.080690004,1793104200,1.2795763,2026-08-28T08:34:46,0.0227,1.09,-6.02,Electronic Components,0.6029710840413057,Sell
ISRG,"Intuitive Surgical, Inc.",30.409674,12.07083,10.79481,42.534184,11.918467,1.82,50.28797905169777,124590866432,358278038,358278038,29.801,1.46,,4.2995,3.636,4.963,1.72,0.0201,0.18546286959403302,0.17423001,0.28445998,0.33603,0.66679,367.07,478.00934,685.0,324.0,0.30222938404119115,buy,1.81818,30,57.06496981391722,39.0362806967808,0.0003410208198769952,0.00503984080331049,0.31588528375488295,0.00513,1792526400,-0.2244454,2026-08-28T08:34:46,0.0188,1.39,-1.32,Medical Instruments & Supplies,0.6032233435198461,Sell
RXO,"RXO, Inc.",36.514645,0.61044,0.12085,-35.95161290322581,0.60374504,172.13,639.3397426086957,4389203456,164926128,164926128,47.709,1.986,48.34,1.2285,1.189,1.268,6.76,0.2524,0.24234408752990322,-0.06787,-0.017239999,0.00676,0.14912,22.29,24.47222,35.0,13.0,0.0979013010318528,none,,18,53.440867808747896,38.97056719682212,0.9265104415750042,0.15802253670751587,1.4012847220305629,0.00808,1793881800,0.36497247,2026-08-28T08:34:46,0.107,6.55,-2.13,Trucking,0.6032519226953293,Sell
CVCO,"Cavco Industries, Inc.",19.78299,28.82628,22.5993,25.133099,1.9085228,45.77,26.757742316409804,4164673280,7689402,7689402,16.472,1.283,3.702,1.6400000000000001,1.051,2.229,2.95,0.0584,0.12750338062699806,0.16658,0.07886,0.09846,0.21886,570.27,646.6667,700.0,600.0,0.1339658407421047,none,,3,62.8239221320698,36.681998608123486,-0.05646836023316816,-0.019511284218216924,0.1667791952262444,0.01629,1793304000,0.07498729,2026-08-28T08:34:46,0.0495,3.2,-15.53,Residential Construction,0.6037277696698998,Sell
NOW,"ServiceNow, Inc.",27.655523,5.00551,4.06673,78.653404,9.714738,1.13,27.793182175902196,146906513408,1033862000,1033862000,50.71,0.93,67.538,0.633,0.565,0.701,1.22,0.028299998,0.2422764353463034,0.14244,0.11336,0.04063,0.74768996,138.43,142.23174,248.0,72.0,0.027463266632955285,strong_buy,1.42857,46,60.80495401674881,,-0.01376025531894265,-0.0034244461655162017,0.5106888411227997,0.00176,1793217600,-0.2455802,2026-08-28T08:34:46,0.0283,,,Software - Application,0.6038315748305207,Sell
STAG,"Stag Industrial, Inc.",42.125,0.88,,28.515385,8.28494,19.49,15.53448557337865,10619098112,192808329,196807683,16.513,0.967,93.78,1.502,1.188,1.816,4.17,0.0504,0.0691570072162182,0.069759995,0.28053,0.37036,0.79549,37.07,42.08333,46.0,40.0,0.13523954680334493,buy,2.5,12,55.17892780808465,50.258555118904866,-0.018197922538046564,-0.03051717470027782,0.18695850646209036,0.00135,1793217600,0.0059701204,2026-08-28T08:34:46,0.0382,3.82,-4.93,REIT - Industrial,0.6042292027457757,Sell
STWD,"STARWOOD PROPERTY TRUST, INC. S",8.41854,1.89344,1.52686,27.016949,10.135141,1.74,,29978654720,370168950,379768950,,1.036,331.119,12.1685,11.469,12.868,3.8,0.049099997,0.1657406755915103,0.03689,0.38158,-0.05869,0.86453,15.94,19.875,24.0,17.0,0.24686323713927227,buy,1.88889,8,34.486142161205606,21.820296065776205,-0.10140304621106894,-0.010881432608775096,0.5394937699316126,0.058330003,1794227400,-0.21361619,2026-08-28T08:34:46,0.0513,5.26,-7.82,REIT - Mortgage,0.6044212141501494,Sell
BIPC,Brookfield Infrastructure Corpo,19.303923,2.04,-0.45,-13.866197183098594,1.3102386,,-9.29295400803312,20360951808,123005386,123005386,7.109,1.311,719.455,0.4675,0.403,0.532,8.41,,0.051089624644566234,0.17157,-0.09413,0.58511,0.62429,39.38,50.0,50.0,50.0,0.26968004062976125,none,,1,41.826494352277905,,-1.0,0.5572519083969465,1.4489253315643473,0.00011,1793968200,-0.02088511,2026-08-28T08:34:46,0.0789,7.33,-0.58,Utilities - Regulated Gas,0.6045556614295077,Sell
GIS,"General Mills, Inc.",12.594207,3.211,3.07807,-252.74999999999997,1.1734537,11.74,9.365568448645524,24499947520,534629472,534629472,7.102,-0.047,217.629,0.514,0.346,0.682,4.96,0.1088,0.022108089753794857,-0.01028,-0.00475,0.19194001,0.33733,40.44,37.55556,47.0,31.0,-0.07132640949554891,hold,3.05,18,62.32628839864967,,-0.00034100652134383115,-0.00017125686973581307,0.6839211634861725,0.00281,1790166600,-0.18021488,2026-08-28T08:34:46,0.0756,,,Packaged Foods,0.6045707410754961,Sell
H,Hyatt Hotels Corporation,35.680016,4.8565,3.58755,216.59999,4.8226056,1.09,95.91390280176212,20550340608,41600929,94236736,24.582,1.351,124.421,0.571,0.522,0.62,5.41,0.294,1.143129734819143,0.02157,0.02333,0.16749,0.43444002,173.28,196.04349,221.0,165.0,0.13136824792243762,buy,1.91304,23,37.90279989048511,53.06203387220731,-0.009363626824540408,-0.028519304590653882,1.1825942949949757,0.03359,1793881800,0.20099807,2026-08-28T08:34:46,0.1131,4.85,5.41,Lodging,0.605066052629294,Sell
KRYS,"Krystal Biotech, Inc.",38.037045,9.39768,7.86507,44.738422,24.019941,,69.7272833675006,9743622144,29598836,29598836,48.891,0.536,0.651,8.022,7.726,8.318,5.75,0.17729999,0.21350255124897477,0.20124,0.54818,0.48999,0.94639,357.46,385.0,474.0,284.0,0.07704358529625699,strong_buy,1.27273,8,63.71098701762381,,-0.06882687437621426,-0.061332118756817114,1.317768935020596,0.10828,1793622600,1.420176,2026-08-28T08:34:46,0.136,,,Biotechnology,0.6056065270912685,Sell
KBH,KB Home,12.337662,4.4352,3.3008,13.6458845,,5.97,,5153722368,,,12.465,1.344,52.641,3.0909999999999997,0.547,5.635,7.67,0.2032,-0.273,0.06989,0.049439996,0.036310002,0.17731,54.72,58.66667,77.0,43.0,0.07212481725146214,hold,3.13333,12,34.536013534458576,,0.0,0.0,0.17379113929766277,0.043709997,1790280000,-0.1389457,2026-08-28T08:34:46,0.1293,7.37,2.17,Residential Construction,0.6056840532448711,Sell
PSMT,"PriceSmart, Inc.",26.96181,6.415,5.56,33.781254,0.93790424,1.83,91.53659830393661,5217841664,30860524,30860524,14.609,0.787,24.017,0.87,0.463,1.277,8.16,0.113800004,0.14562863546970228,0.12314,0.028199999,0.044499997,0.17635,172.96,153.33333,165.0,135.0,-0.11347519657724336,none,,3,42.80125965992943,,0.02080720880831765,-0.09007092198581558,0.18029883948279243,0.07422,1793217600,0.61253035,2026-08-28T08:34:46,0.0654,7.39,3.41,Discount Stores,0.605772195599068,Sell
CCI,Crown Castle Inc.,25.985497,2.88738,2.30515,30.876541,7.879863,0.93,31.641119245604735,54283923456,437000000,437000000,20.18,0.97,,0.47550000000000003,0.429,0.522,2.35,0.0275,-0.052353508906178514,,0.20716,0.46825,0.73732,75.03,95.07,120.0,81.0,0.267093162734906,buy,2.04545,20,56.04687488030014,42.841418839672585,-0.04400603833680323,-0.021505740738230496,1.3892140419515635,0.00099,1792612800,-0.24319142,2026-08-28T08:34:46,0.0289,2.63,1.83,REIT - Specialty,0.60592241997829,Sell
VRSN,"VeriSign, Inc.",26.828442,10.98573,9.73783,31.862703,15.600206,2.98,31.991346556842856,27920318464,90400000,90400000,23.542,0.703,,0.5740000000000001,0.557,0.591,1.73,0.0166,0.10103982300884962,,0.49769002,0.68178004,0.88465,294.73,318.0,355.0,270.0,0.07895361856614524,none,,5,59.670714131634305,,0.008731846021555335,0.038677900770139904,0.13935790788593203,0.105950005,1792699200,0.07813585,2026-08-28T08:34:46,0.0224,2.02,3.61,Software - Infrastructure,0.6060680490975149,Sell
PMT,PennyMac Mortgage Investment Tr,6.728349,1.38667,1.06167,6.4791665,,0.76,,24045234176,,,,1.118,1239.082,1.5710000000000002,1.344,1.798,6.04,0.1168,0.061,0.089370005,0.24283001,0.10908,0.82927,9.33,11.28571,15.0,10.0,0.20961521972132902,hold,2.66667,7,39.660034172467824,43.10349893491858,-0.10155119449592535,-0.06934899328859055,1.0067791380457944,0.01193,1792526400,-0.24207962,2026-08-28T08:34:46,0.091,4.1,-14.58,REIT - Mortgage,0.6060704109574823,Sell
MOH,Molina Healthcare Inc,20.406046,9.73976,5.24194,1242.1875,0.24428996,1.78,14.815780714105664,5412749824,52200000,52200000,13.879,0.754,94.773,1.6445,1.61,1.679,2.02,0.062,-0.020869731800766234,-0.0016,-0.00016000001,0.01398,0.08427,198.75,209.11765,266.0,147.0,0.05216427672955981,none,,17,54.36505435581319,,0.017289461171972727,0.05918500314622773,0.33862564651020743,0.014199999,1792612800,0.09909856,2026-08-28T08:34:46,0.0638,1.43,-11.96,Healthcare Plans,0.606289196611892,Sell
MAR,Marriott International,26.879217,13.16519,11.71647,36.670467,12.495243,2.03,44.78668445915555,109589364736,260766288,260766288,22.765,1.12,,0.508,0.481,0.535,3.29,0.024,0.16693940130788687,,0.35029998,0.65276,0.79241997,353.87,380.64,425.0,280.0,0.07564924972447495,buy,2.18519,25,62.40390809899425,40.66544621685423,0.007545105957400349,0.004747008125626341,0.14736095117855486,0.18083,1793709000,0.3211006,2026-08-28T08:34:46,0.0205,3.41,-7.87,Lodging,0.6063120306729235,Sell
VPG,"Vishay Precision Group, Inc.",36.994415,1.79,0.56667,213.6129,2.680537,3.58,135.77805703715123,845485888,12278113,13301000,35.879,1.47,11.802,3.2505,2.346,4.155,2.31,0.1165,0.21584303711816322,0.01205,0.01202,0.00518,0.38749,66.22,93.33333,105.0,77.0,0.4094432195711266,none,,3,58.284798392403005,31.214234046090965,-0.43708464541508135,-0.011049723756906087,0.7286964471035259,0.032420002,1793709000,1.3300493,2026-08-28T08:34:46,0.117,2.54,-3.36,Scientific & Technical Instruments,0.6066706356304753,Sell
AGYS,"Agilysys, Inc.",37.641544,3.20125,2.45625,75.3125,10.289597,2.58,59.15749090184013,3284994560,28205788,28205788,67.382,0.368,5.451,1.6725,1.604,1.741,4.78,0.0661,0.13639513989114582,0.13802,0.12986,0.11107001,0.63057,120.5,134.5,159.0,118.0,0.11618257261410792,strong_buy,1.5,6,65.31846161984514,77.15271007588656,0.003575076608784489,0.0043137254901960565,0.8169604964278249,0.03632,1793044800,0.10428882,2026-08-28T08:34:46,0.0596,4.98,-4.26,Software - Application,0.6067587666778768,Sell
AXP,American Express Company,16.613562,20.11369,17.64085,20.41295,3.182231,1.57,,239001534464,675309833,675309833,,1.055,172.38,1.5474999999999999,1.542,1.553,3.91,0.0208,0.1656180651644681,0.34377,0.16141,0.2032,0.62338,334.16,375.9556,450.0,315.0,0.12507661000718207,buy,2.3,25,43.25167059658195,,0.000584879091959624,0.0009198578799665244,0.20063525353845663,0.22558,1792758600,0.008693576,2026-08-28T08:34:46,0.0233,3.74,5.73,Credit Services,0.6071128051263565,Sell
OMDA,"Omada Health, Inc.",43.64009,0.55614,0.436,35.691177,4.7964044,,124.69141713350538,1264017408,61216703,61216703,232.741,,,3.8035,3.7,3.907,3.72,0.098000005,0.34586931119109776,0.01844,0.0139,0.040409997,0.68185997,24.27,28.25,35.0,22.0,0.16398846312319737,buy,1.75,12,50.8168171523133,46.76837929358538,0.3349254462508802,0.16718435191403616,0.5257718398658037,0.021329999,1793908800,0.024482846,2026-08-28T08:34:46,0.1501,5.93,-4.38,Health Information Services,0.6077984072596194,Sell
UMH,"UMH Properties, Inc.",97.05882,0.17,,137.5,5.1844196,0.72,18.49544208678351,2507037440,85166195,85166195,20.584,0.94,88.788,6.2235,1.828,10.619,0.03,0.0002,0.07352750935978758,0.03405,0.11559,0.18749,0.54822,16.5,18.875,23.5,16.0,0.14393939393939403,none,,8,46.60677142294804,,0.08571428571428559,-0.10724637681159414,1.4799649172428688,0.10779,1793649600,0.05162525,2026-08-28T08:34:46,0.0002,,,REIT - Residential,0.6080151108837413,Sell
PL,Planet Labs PBC,6354.3545,0.00333,-0.08143,-18.24137931034483,22.470821,,88.87618046636288,7298677248,332908730,356402526,-141.122,2.123,109.991,2.7125000000000004,2.619,2.806,4.01,0.0941,0.29517619549358165,-0.83985,-1.11171,-0.30459,0.55579,21.16,40.1,53.0,25.0,0.8950850661625709,none,,10,41.75774309704359,34.60856632914829,0.0,0.0,0.282567319636046,0.01363,1788465600,1.9844851,2026-08-28T08:34:46,0.0967,3.38,-12.13,Aerospace & Defense,0.6081011004656289,Sell
SWX,"Southwest Gas Holdings, Inc.",18.108253,4.93808,4.25269,23.286459,3.7210853,2.18,-16.576218421270266,9717448704,72445853,72445853,11.325,0.567,85.082,0.8495,0.583,1.116,4.91,0.0416,-0.06700112703483518,0.06832,0.31398,0.24158001,0.54035,89.42,102.71429,107.0,94.0,0.14867244464325657,none,,7,49.01366806659069,64.88316000149649,0.0102313272931999,0.008380572754153659,1.0793980466785777,0.00604,1793795400,0.11942911,2026-08-28T08:34:46,0.0266,4.09,-10.23,Utilities - Regulated Gas,0.6082557686501003,Sell
META,"Meta Platforms, Inc.",16.394434,34.83499,31.18,21.690086,6.3741508,0.85,67.50051153381183,1476938825728,2205128509,2547506225,13.469,1.243,42.997,2.1065,1.987,2.226,1.73,0.0127,0.4594807197062094,0.29848,0.29834998,0.34827,0.81747,571.1,754.7214,1000.0,580.0,0.3215223253370687,strong_buy,1.35484,57,52.24515493544069,70.18896060060426,-0.045001752029964204,-0.03419636367363428,0.41571171368430426,0.00148,1793217600,-0.22688508,2026-08-28T08:34:46,0.0127,,,Internet Content & Information,0.6086361323725966,Sell
AMSC,American Superconductor Corpora,22.02214,1.355,0.8825,9.564103,4.504982,0.74,9596.770788381742,1305703552,48442143,48442143,56.191,3.284,0.681,2.012,1.593,2.431,4.55,0.0744,0.211944112381651,0.30163,0.42564,0.02569,0.2902,29.84,61.75,71.0,54.0,1.0693699731903483,none,,4,29.066089262120073,68.92648978837913,-0.15684981894962122,-0.08651480115685657,1.5408661870600184,0.03444,1793822400,-0.402004,2026-08-28T08:34:46,0.0755,4.24,3.79,Specialty Industrial Machinery,0.6092237005570807,Sell
RYN,Rayonier Inc. REIT,33.544712,0.615,0.41717,44.847824,6.375678,23.24,55.60243835465029,7657131008,297567291,299249548,22.49,0.904,36.025,3.028,2.494,3.562,4.32,0.0395,0.9529644405708557,0.02015,0.07828,0.1179,0.24815,20.63,24.83333,28.0,23.0,0.2037484246243335,none,,6,31.039078857336918,7.953361650519753,-0.11368658111668226,-0.0674329385718835,0.5816699686438938,0.00977,1793822400,-0.2149924,2026-08-28T08:34:46,0.0421,,,REIT - Specialty,0.6095032400057079,Sell
HIW,"Highwoods Properties, Inc.",44.82857,0.7,0.59,20.92,4.2018003,7.77,13.017352107163141,7117160960,110306211,112323459,14.745,1.075,132.648,0.935,0.82,1.05,8.63,0.1732,0.08883669297642727,0.06815,0.20107001,0.26328,0.67342,31.38,31.44444,35.0,26.0,0.0020535372848948796,hold,2.8,9,49.13194816213566,,,,0.19354838709677422,0.013099999,1793131200,-0.0047573447,2026-08-28T08:34:46,0.112,,,REIT - Office,0.6096310923850461,Sell
AGCO,AGCO Corporation,14.885787,7.45006,5.62441,15.4242,0.75045353,1.19,17.24886894421693,10374019072,70031729,70031729,10.255,1.077,66.053,0.884,0.447,1.321,4.23,0.0627,0.0546300234854975,0.118269995,0.05154,0.057290003,0.25267,110.9,122.46667,151.0,98.0,0.10429819657348949,hold,2.5625,15,61.44272248234521,75.01917234001513,-0.07512575498210075,-0.08580146674306477,0.8732323102236835,0.17977,1793363400,0.025048494,2026-08-28T08:34:46,0.0556,3.4,16.44,Farm & Heavy Construction Machinery,0.6098679966331993,Sell
CAT,"Caterpillar, Inc.",25.267988,32.3334,27.30467,35.337368,5.025551,1.78,74.38193314328456,414754373632,459674889,459674889,25.522,1.605,232.783,1.074,0.78,1.368,2.12,0.015700001,0.2687023456702242,0.56972003,0.14511,0.22183001,0.29713,817.0,979.2196,1225.0,575.0,0.19855520195838428,buy,2.14286,26,46.649144456725274,48.489161447109815,0.10440505399333913,0.06073260821919427,0.220983767908507,0.0022,1793277000,0.9496945,2026-08-28T08:34:46,0.015,2.14,-14.9,Farm & Heavy Construction Machinery,0.6099197039634251,Sell
LW,"Lamb Weston Holdings, Inc.",16.147377,3.39374,3.04926,26.601942,1.1394033,0.91,16.634269579012322,11502859264,137483158,137483158,10.416,0.458,221.223,1.0110000000000001,0.599,1.423,3.15,0.048800003,0.0699626753700262,0.16280001,0.043860003,0.097729996,0.20678,54.8,55.25,65.0,52.0,0.008211678832116931,none,,12,71.95865361191213,51.15212345609311,0.014836854506969076,-0.01385188047922208,0.5513124312451414,0.02859,1790771400,-0.047453523,2026-08-28T08:34:46,0.0479,2.61,-4.17,Packaged Foods,0.6100887300401892,Sell
LINC,Lincoln Educational Services Co,24.300766,1.044,0.782,35.23611,1.4099572,2.87,153.44737745787353,988694912,31721479,31721479,16.305,0.847,112.703,0.9185,0.879,0.958,2.09,0.075500004,0.21903481234276634,0.119040005,0.03995,0.023,0.59841996,25.37,53.2,60.0,50.0,1.0969649191959006,none,,5,9.118264720923207,45.88853840893647,0.012297734627831798,-0.03512014787430687,0.46006080282248657,0.07136,1794227400,0.3487507,2026-08-28T08:34:46,0.1054,5.19,-4.3,Education & Training Services,0.6103089374040803,Sell
CBRL,Cracker Barrel Old Country Stor,50.004993,1.10129,-0.04459,50.990738,0.36882058,1.56,-346.7187346924404,2352988928,22351460,22351460,19.277,1.187,246.663,0.3095,0.118,0.501,5.96,0.3784,-0.03266914107624286,0.056110002,0.00786,0.00843,0.31608,55.07,45.0,60.0,37.0,-0.18285818049754854,none,,8,51.981456155025214,24.625687032426654,0.8090609343553291,0.6481936005268043,0.5334760439409858,0.010829999,1789588800,-0.07940489,2026-08-28T08:34:46,0.2495,,,Restaurants,0.6104948301103912,Sell
CAKE,The Cheesecake Factory Incorpor,22.188362,4.96161,4.51332,31.186968,1.4128951,2.31,32.85381480207399,7363994112,49760634,49760634,20.746,1.003,400.999,0.5105,0.434,0.587,4.87,0.35419998,0.07807711613963764,0.38834,0.04607,0.07767,0.40701,110.09,92.66667,105.0,60.0,-0.15826442001998375,hold,2.68421,15,49.06523236344738,,0.10666156652739377,0.10450675066504918,0.47107425040707746,0.07457,1793131200,0.7912463,2026-08-28T08:34:46,0.2016,,,Restaurants,0.61083800778708,Sell
RHI,Robert Half Inc.,22.857231,1.96743,1.2726,38.767242,0.86961335,5.46,40.52769322203107,4440293888,102361828,102361828,72.569,0.767,19.94,1.1275,0.787,1.468,9.27,0.2613,-0.02588625126936972,0.09111,0.02168,-0.04662,0.36795,44.97,35.0,50.0,20.0,-0.2217033577940849,none,,9,56.62249718921278,,-0.03164528095353933,-0.04411899978214032,0.5933151309683214,0.03767,1792612800,0.20498395,2026-08-28T08:34:46,0.2454,,,Staffing & Employment Services,0.6109216890494981,Sell
CEG,Constellation Energy Corporatio,21.167547,13.34165,12.11777,27.31238,3.1998706,3.74,-15.103104809950342,124407947264,354307379,354307379,15.645,1.118,76.419,0.9630000000000001,0.471,1.455,3.4,0.0297,0.09013642597604488,0.15055001,0.110810004,0.086619996,0.22107,282.41,348.304,441.0,290.0,0.23332743174816728,buy,1.54545,20,61.991781812720454,,0.032932046647339716,-0.01931792956133503,0.8318739423517516,0.0033500001,1794227400,-0.08302486,2026-08-28T08:34:46,0.0266,,,Utilities - Independent Power Producers,0.6111350868590817,Sell
FLUT,Flutter Entertainment plc,12.5884075,7.54742,5.02298,-22.302816901408452,0.96078026,0.19,-16.65449528888889,28056950784,173539102,173539102,17.679,1.078,134.484,0.6565,0.422,0.891,3.63,0.088199995,0.04778557206087175,-0.07874,-0.04394,-0.03329,0.42457,95.01,140.13548,360.0,85.0,0.47495505736238286,buy,1.74194,31,58.93063503271064,6.687579138076927,-0.13227390747788356,-0.5678076929364262,1.0097289318854872,0.18954,1794486600,-0.6906924,2026-08-28T08:34:46,0.0829,4.91,-26.62,Gambling,0.6113015194195441,Sell
TWLO,Twilio Inc.,35.62824,6.77384,5.92927,33.334255,6.651411,0.39,38.8235039371372,35473031168,153575220,153575220,70.973,1.383,11.868,4.4175,4.214,4.621,1.77,0.0354,0.21284071740219557,0.13497,0.20615,0.078260005,0.48561,241.34,252.082,330.0,135.5,0.04450982017071348,buy,1.54839,30,59.38926910197684,87.99622417966638,0.036850314940526756,0.019201892203387836,1.0578821241369458,0.00127,1793304000,1.2852004,2026-08-28T08:34:46,0.0282,2.73,2.27,Software - Infrastructure,0.6114233089598736,Sell
CNS,Cohen & Steers Inc,20.77869,3.97667,3.53333,25.66149,7.276964,2.09,27.073707120181396,4206735360,51421533,51421533,20.721,1.202,19.326,6.619,6.6,6.638,4.36,0.041100003,0.11273029141313229,0.27329,0.28824,0.34554002,0.47300997,82.63,76.0,88.0,60.0,-0.08023720198475126,hold,2.66667,3,52.33000983128407,37.26951392351012,-0.0018841807909605016,0.029337385105595432,0.11895190510952654,0.45801,1792094400,0.118738174,2026-08-28T08:34:46,0.0419,,,Asset Management,0.6115531873530656,Sell
ORA,"Ormat Technologies, Inc.",39.572037,2.65162,2.62415,50.690823,5.42971,5.31,-20.28573986624944,9497294848,61496941,61496941,18.055,0.895,124.336,0.9185000000000001,0.791,1.046,6.3,0.1047,0.09099468215825568,0.04778,0.10656,0.13597,0.2793,104.93,132.83333,157.0,112.0,0.2659232821881252,buy,2.07692,12,50.13410302888333,42.41730974186326,0.13647781309819768,0.03921115234933785,0.2402421443620984,0.00418,1793822400,0.14190876,2026-08-28T08:34:46,0.0838,5.64,-5.69,Utilities - Renewable,0.6116943734528314,Sell
LITE,Lumentum Holdings Inc.,28.962383,33.01317,8.22662,-10.100781745193324,28.455791,0.63,381.6900710992434,84698554368,89700000,89700000,105.781,1.513,35.987,1.498,1.318,1.678,1.45,0.0884,0.6286666666666665,-2.40027,-2.3009598,0.27954,0.44244,956.14,1148.303,1400.0,820.0,0.20097789026711577,buy,1.54167,24,60.61163289814921,69.15864361182352,0.17810123058198069,0.14604152014180252,1.418326362571431,0.0046200003,1793908800,6.1993074,2026-08-28T08:34:46,0.096,1.88,-2.66,Communication Equipment,0.612060281070971,Sell
NMAX,"Newsmax, Inc.",149.71428,0.07,,61.647057,6.65857,,-35.96099347719889,1236882432,89921348,129160645,-101.712,,10.23,2.1965000000000003,2.007,2.386,8.02,0.9423,0.1524361712193194,-0.05824,-0.031519998,0.02411,0.39639,10.48,18.5,20.0,17.0,0.7652671755725191,strong_buy,1.5,2,58.96144525103784,45.32537980840481,0.8461538461538461,0.19444444444444448,0.25871351736170667,0.2195,1794600000,-0.26145172,2026-08-28T08:34:46,0.2405,,,Broadcasting,0.6122169345956266,Sell
CMG,"Chipotle Mexican Grill, Inc.",27.185347,1.36912,1.14919,34.462963,3.7910314,2.01,42.18572503966235,51840196608,1265418000,1265418000,22.787,0.937,246.35,0.6535,0.592,0.715,1.98,0.0343,0.15818001640564616,0.49560001,0.114250004,0.16108,0.39361998,37.22,43.67188,52.0,35.0,0.17334443847393888,buy,1.70588,32,70.58419713640458,40.20604072051152,0.012805598152750544,0.01108477154736319,0.24543140407193317,0.00722,1793822400,-0.1167537,2026-08-28T08:34:46,0.0311,2.17,-22.94,Restaurants,0.6123424023573047,Sell
MC,Moelis & Company,17.50042,3.92162,3.07498,23.423206,3.2301087,,,5274941952,74078589,74080893,,1.841,40.955,1.1655,1.164,1.167,5.19,0.075100005,0.12153928849805706,0.41454,0.14502,0.17790002,0.92286,68.63,72.0,86.0,60.0,0.04910389042692698,hold,2.90909,10,51.48660442617782,,-0.001445072627077038,0.0026872166725047416,0.7807966238315337,0.01118,1793217600,-0.048259616,2026-08-28T08:34:46,0.0669,,,Capital Markets,0.612590738476871,Sell
BKR,Baker Hughes Company,19.65015,3.16079,2.62781,19.907053,2.2238047,2.13,13.964889209115988,61059985408,992674071,992674071,12.618,0.959,80.925,1.8585000000000003,1.622,2.095,2.74,0.0274,-0.03068095693616646,0.16463,0.111669995,0.1283,0.23657,62.11,72.13043,85.0,51.0,0.16133360167444866,buy,1.70833,23,35.70651187343422,56.93504207098033,0.07717438533494025,-0.021612017544674223,0.7976493433380376,0.00151,1792699200,0.36806166,2026-08-28T08:34:46,0.0248,2.34,-7.74,Oil & Gas Equipment & Services,0.6130898838824222,Sell
TJX,"TJX Companies, Inc. (The)",23.312,5.75755,5.24726,24.855555,2.3775866,2.98,33.708081504227124,158236737536,1104704446,1104704446,17.773,0.616,134.419,0.853,0.559,1.147,3.95,0.0179,0.06524459768128787,0.62171,0.09729,0.10909,0.31467,134.22,170.4,198.0,125.0,0.2695574430040233,buy,1.63636,20,11.44745851556705,,0.018119867536992053,0.008508694386179641,0.19969554069156392,0.00155,1795005000,-0.017495036,2026-08-28T08:34:46,0.0175,4.09,8.26,Apparel Retail,0.613880898669324,Sell
ETR,Entergy Corporation,20.893583,5.09678,4.39632,27.235292,3.6857107,1.9,-11.291340301225326,80774840320,466631498,466631498,14.585,0.486,186.77,0.765,0.618,0.912,7.93,0.050300002,0.013105897382006404,0.10248999,0.13329001,0.24458,0.47000998,106.49,123.325,139.0,91.0,0.15808996149873233,buy,1.73913,20,53.543910771090054,67.46185988611572,-0.0009612434809284599,0.003743769410587669,0.3891621107618614,0.0022200001,1793277000,0.20887733,2026-08-28T08:34:46,0.0438,6.74,-11.59,Utilities - Regulated Electric,0.6139179959320505,Sell
MAIN,Main Street Capital Corporation,15.089393,3.88286,3.81286,11.741484,9.527278,1.76,22.068495437311125,7964512768,93508461,93508461,,0.723,80.345,1.358,1.029,1.687,14.63,0.1043,-0.01076816353549015,0.14918,0.78486997,0.87205005,1.0,58.59,59.5,70.0,52.0,0.015531660692950977,hold,2.85714,6,65.00384570784517,,-0.0049090866384630645,-0.0077862076543506985,0.23675570706596247,0.03787,1793908800,-0.11615628,2026-08-28T08:34:46,0.1049,,,Asset Management,0.613947411379792,Sell
PNW,Pinnacle West Capital Corporati,17.583157,5.56726,4.71965,18.788868,2.13602,3.47,-12.76382988377631,28400500736,121197234,121197234,13.215,0.444,233.288,0.4525,0.311,0.594,6.65,0.0884,0.05510930224694732,0.09365,0.11525,0.21341999,0.43352002,97.89,105.84615,129.0,87.0,0.08127643273061591,hold,2.5625,13,46.064727365305835,,-0.0011684844269230954,-0.001124399287467182,0.10084005665702676,0.00155,1793709000,0.0954566,2026-08-28T08:34:46,0.0684,,,Utilities - Regulated Electric,0.6142507746560069,Sell
CHD,"Church & Dwight Company, Inc.",25.340992,4.0397,3.77449,33.022583,3.898246,3.11,25.852798215750816,26456064000,237203907,237203907,19.528,0.471,55.851,0.8945000000000001,0.642,1.147,5.89,0.052399997,0.043434482181610834,0.17041,0.119569995,0.18065001,0.45562,102.37,105.36842,115.0,78.0,0.029290026374914513,buy,2.2381,19,53.19443942479212,,0.000808709670576755,-0.001895057778260961,0.25601341052325827,0.00196,1793363400,0.09886217,2026-08-28T08:34:46,0.0457,,,Household & Personal Products,0.6144385453040749,Sell
HD,"Home Depot, Inc. (The)",20.48867,16.03862,15.01845,23.421953,1.937927,1.89,29.296584049711637,388953800704,997689626,997689626,15.354,0.959,380.261,0.6685000000000001,0.259,1.078,2.8,0.0115,0.054074201629515484,1.0429599,0.0841,0.14288999,0.33206,328.61,377.5,425.0,310.0,0.1487781869084932,buy,1.94444,32,43.46804678524201,18.659394278591193,0.004221911815936872,-0.0033326601314296192,0.0683006725477233,0.00068999996,1794918600,-0.19214791,2026-08-28T08:34:46,0.0123,2.95,-4.11,Home Improvement Retail,0.6145560565688225,Sell
JJSF,J & J Snack Foods Corp.,20.3125,4.32,3.98667,34.411766,1.0751011,5.12,28.43681172644087,1768118144,18681608,18681608,11.35,0.395,21.512,1.865,1.387,2.343,4.23,0.1546,-0.022530469539881137,0.05292,0.032309998,0.10827,0.3027,87.75,110.5,120.0,101.0,0.2592592592592593,none,,2,29.501922858120096,,0.019608695652173918,-0.0030761562124278193,0.24457051360794776,0.22323,1794918600,-0.21349823,2026-08-28T08:34:46,0.0719,,,Packaged Foods,0.6145729187976302,Sell
HOOD,"Robinhood Markets, Inc.",33.77262,3.24997,2.49628,48.140354,20.008776,2.54,,97764270080,790630234,899082273,,2.321,240.279,1.0910000000000002,1.066,1.116,1.76,0.0424,0.4870630859077416,0.23618999,0.42011002,0.43884,0.9189,109.76,120.08462,163.6,57.0,0.09406541545189495,buy,1.67857,26,73.97875959712053,41.37179394655655,0.10182428984521162,0.028622962297751978,1.1765020053414925,0.00952,1793822400,0.055080295,2026-08-28T08:34:46,0.0423,1.55,-12.93,Capital Markets,0.6156115597044767,Sell
IRDM,Iridium Communications Inc,27.778425,1.715,1.08,54.136364,5.7104025,3.35,21.10722220557451,6652934656,105981552,105981552,15.715,0.884,378.657,2.456,2.13,2.782,2.15,0.0317,0.03929721655708529,0.19715,0.10548,0.15099,0.71851,47.64,42.0,54.0,36.0,-0.11838790931989929,buy,2.125,5,46.83640590079055,65.49087035708197,-0.049237188911288574,0.3547245525064379,0.9599702172939368,0.11946,1792672200,0.91402173,2026-08-28T08:34:46,0.0398,2.21,22.35,Telecom Services,0.6163517663791429,Sell
RH,RH,15.942484,9.08265,4.76157,28.673267,0.7999378,0.67,9.601091846154088,6702149120,18926221,18926221,13.665,1.871,7060.08,0.663,0.199,1.127,6.9,0.5306,-0.027066776827767147,,0.030079998,0.00322,0.43541,144.8,178.05882,270.0,90.0,0.2296879834254142,hold,2.6,17,15.128009076891942,80.02597409630624,-0.002076923721780355,-0.020549518451539583,0.8288127244411233,0.18118,1789070400,-0.3583551,2026-08-28T08:34:46,0.3761,7.31,-11.44,Specialty Retail,0.6165629761136253,Sell
YUM,"Yum! Brands, Inc.",20.213112,7.45803,6.62624,18.986145,4.7167897,2.1,49.37274499365607,53870837760,272901085,272901085,17.559,0.553,,0.46099999999999997,0.33,0.592,3.15,0.036199998,0.1428196447954757,,0.25406998,0.32779998,0.45311,150.75,173.33636,200.0,147.0,0.14982660033167505,buy,2.23077,22,69.81817485105401,68.99915743337138,-0.01956507907854882,-0.0007235279221483754,0.09015974883139795,0.00161,1793709000,0.025719523,2026-08-28T08:34:46,0.0278,2.75,-10.89,Restaurants,0.6169689384330747,Sell
CRL,Charles River Laboratories Inte,23.365164,12.68598,11.31818,-61.368530020703936,3.5702534,0.12,30.451559711297286,17041464320,48167730,48167730,20.07,1.376,105.047,1.072,0.796,1.348,2.51,0.0571,-0.005861048465435226,-0.07516,-0.05963,0.15113,0.34585,296.41,281.0,318.0,145.0,-0.051988799298269384,buy,1.75,14,74.01434218507339,,0.019453801949163234,0.02890776313185547,1.157357286433172,0.0047400002,1793795400,0.81501436,2026-08-28T08:34:46,0.0724,4.06,2.29,Diagnostics & Research,0.6171703442443218,Sell
IRM,Iron Mountain Incorporated (Del,44.97154,2.72817,2.47948,86.40141,4.8297915,2.7,-83.75533702056704,56656637952,297702812,297702812,22.209,1.217,,0.655,0.584,0.726,3.69,0.0324,0.17532420217784184,,0.055359997,0.19059,0.5421,122.69,144.6,153.0,140.0,0.17858016138234567,buy,1.72727,10,50.44186944350503,,0.01901184438727291,0.021614161595685483,0.7322850898697241,0.00885,1793795400,0.3288206,2026-08-28T08:34:46,0.0241,,,REIT - Specialty,0.6179036704927475,Sell
LEU,Centrus Energy Corp.,50.955246,3.82257,3.49126,98.87309,8.200924,2.87,-30.52959673212883,3195417600,19233658,19952858,316.378,1.35,139.283,4.9025,4.41,5.395,8.2,0.2916,0.07919627145288755,0.08053,0.102340005,0.053379998,0.23655,194.78,253.25,340.0,180.0,0.30018482390389156,buy,1.77778,16,59.336925579528625,57.281584140750184,-0.12147458480120789,-0.030623863587374175,0.20528409614760143,0.043119997,1793822400,-0.03445196,2026-08-28T08:34:46,0.2655,6.84,1.99,Uranium,0.6180379104683595,Sell
GEV,GE Vernova Inc.,37.9436,25.1381,15.17419,27.322544,6.1410537,1.57,16.157927912589837,246194962432,266333581,266333581,62.693,1.033,28.364,0.7064999999999999,0.563,0.85,3.05,0.0298,0.2492145132535879,0.82577,0.23035,0.07466,0.2057,953.83,1236.4318,1450.0,940.0,0.296281098308923,buy,1.54054,33,59.552281845553814,78.14124964199844,0.0001643052264028629,-0.006416897494660987,1.345499434552422,0.00126,1793190600,0.5560794,2026-08-28T08:34:46,0.0321,2.57,-15.71,Specialty Industrial Machinery,0.6182746751791096,Sell
FFIN,"First Financial Bankshares, Inc",15.381394,2.15,2.046,17.972826,7.4385095,2.55,,4476888064,143327507,143327507,,0.832,,,,,11.38,0.0777,0.08916324066112469,0.14408,0.42218,0.55958,0.0,33.07,37.0,39.0,35.0,0.11883882673117618,hold,2.6,5,31.446613678439704,,0.0,0.0,0.09997164794604921,0.03624,1792699200,-0.110304,2026-08-28T08:34:46,0.0612,,,Banks - Regional,0.6183476479306456,Sell
MEI,"Methode Electronics, Inc.",43.01648,0.41333,-0.41333,-16.933333333333334,0.6192113,0.78,11.237038237257957,841988736,35494942,35494942,11.378,1.506,51.793,1.9725000000000001,1.578,2.367,4.83,0.0911,0.14992775308662276,-0.05209,-0.03503,0.04998,0.19917999,17.78,22.0,30.0,16.0,0.2373453318335208,buy,2.25,4,62.23449469144396,81.39480697206241,-0.9224651162790697,-0.3737424242424243,1.1168944113357901,0.01812,1788379200,1.3001294,2026-08-28T08:34:46,0.0686,4.7,0.55,Electronic Components,0.618451313911447,Sell
WMB,"Williams Companies, Inc. (The)",28.306099,2.62099,2.4601,29.676,7.364018,2.37,-59.82976822273208,123549794304,1223167472,1223167472,17.567,0.615,200.371,0.393,0.309,0.477,3.75,0.0222,0.07624843255805613,0.21503,0.24937001,0.39540002,0.63637,74.19,85.25,103.0,69.0,0.1490766949723683,strong_buy,1.5,20,53.018609045111475,65.2090389289762,0.015366074118710495,0.019650026454203127,0.19993665294849716,0.00446,1793649600,0.2817899,2026-08-28T08:34:46,0.0218,3.99,29.44,Oil & Gas Midstream,0.6184826036551551,Sell
CVNA,Carvana Co.,32.75304,2.26208,1.63052,38.994736,3.2774394,,193.5224186246142,57013608448,719916415,1108463770,22.715,3.488,110.88,2.825,1.724,3.926,6.54,0.1221,1.3301187252133984,0.58773,0.06257,0.09219,0.19371,74.09,82.975,120.0,60.0,0.11992171683088126,buy,2.0,20,58.89250309657807,,0.04250815649688578,0.06743310698599554,1.547692640771996,0.021140002,1793217600,-0.0039524436,2026-08-28T08:34:46,0.0923,,,Auto & Truck Dealerships,0.6188139979173164,Sell
ORLY,"O'Reilly Automotive, Inc.",24.054777,3.65125,3.27982,28.42395,3.8255908,1.92,45.23428816924745,80376274944,808960792,808960792,19.276,0.519,,0.4225,0.093,0.752,3.45,0.030299999,0.1343179316309806,,0.1427,0.2015,0.51636004,87.83,107.8,120.0,89.0,0.22737105772515087,buy,1.53571,25,48.98154809131672,17.546089954987636,0.007180258894706926,0.008787618276255736,0.11798926392586356,0.00504,1793217600,-0.15287423,2026-08-28T08:34:46,0.0313,2.9,8.96,Auto Parts,0.6188198772239091,Sell
ACA,"Arcosa, Inc.",28.41879,5.1195,4.29167,32.5481,2.4478533,2.24,118.58174087966805,8221349888,49106809,49106809,14.978,1.071,50.578,2.6550000000000002,2.191,3.119,1.19,0.0212,0.010979428535052849,0.080299996,0.16836001,0.12312,0.22805001,145.49,146.66667,150.0,140.0,0.008087634888995776,none,,3,57.804132852829916,53.41092716394299,-0.02100484744796126,0.006883666043858814,0.37396954292527623,0.0179,1793304000,0.47033858,2026-08-28T08:34:46,0.0171,1.04,-17.37,Engineering & Construction,0.618998542079392,Sell
MTN,"Vail Resorts, Inc.",22.873764,6.32209,4.33189,32.0643,1.8199191,3.33,38.209025940021164,8403446272,35633526,35633526,11.284,0.711,355.585,0.804,0.697,0.911,9.47,0.2773,-0.030358881689115047,0.1685,0.05539,0.42097,0.43330002,144.61,147.23077,195.0,119.0,0.018123020537998746,hold,2.53846,13,41.32128224170133,30.264304090824055,-0.002213814941639963,-0.0035483834875495953,0.1491226635863036,0.0164,1790625600,-0.117155075,2026-08-28T08:34:46,0.1798,,,Resorts & Casinos,0.619078065116385,Sell
HUM,Humana Inc.,23.698051,16.56803,9.15272,36.901314,0.3236371,2.21,24.290124901889744,38084132864,120080308,120080308,10.591,0.74,76.485,1.5135,1.285,1.742,2.33,0.0318,0.2684391682273166,0.06893,0.00878,0.034649998,0.13653,392.63,418.6087,513.0,280.0,0.06616585589486279,buy,2.19231,23,72.23058705756752,61.49433380001069,0.02192180322853665,0.03352783683165148,0.4188706856804103,0.0021,1793968200,0.29299212,2026-08-28T08:34:46,0.0305,2.17,-13.93,Healthcare Plans,0.6190807257990951,Sell
VMC,Vulcan Materials Company (Holdi,25.409771,10.77735,9.15588,32.255596,4.3723526,2.36,42.063939004267425,40256937984,129578739,129578739,17.202,1.057,58.22,1.404,1.051,1.757,6.3,0.056799997,0.04497544153443234,0.13234,0.13748,0.21611,0.27506,273.85,325.73914,365.0,198.0,0.18948015336863233,buy,1.83333,23,45.707547926265605,,0.0016782378283996494,0.00035642979864503656,0.24453028383571226,0.0023100001,1793277000,-0.05945182,2026-08-28T08:34:46,0.0493,,,Building Materials,0.6191355632731814,Sell
HLI,"Houlihan Lokey, Inc.",15.004244,8.7182,6.99053,21.838064,3.6226647,,,8999853056,54197538,69886500,,0.963,20.846,1.6615,1.659,1.664,2.34,0.0429,0.08816310069287647,0.17794001,0.16077,0.18395,0.94111,130.81,153.5,177.0,145.0,0.17345768672119877,buy,2.27273,8,65.61953699034116,59.288742510384054,-0.1152448586207726,-0.07452758785045448,0.22913513606852137,0.00201,1793304000,-0.3434881,2026-08-28T08:34:46,0.0405,2.16,23.19,Capital Markets,0.6192086339448972,Sell
KRC,Kilroy Realty Corporation,68.57943,0.535,0.7,25.838028,3.9374492,1.82,6.0013343705234075,8899661824,116308988,117442550,14.74,1.15,85.616,1.0645,1.026,1.103,6.45,0.0983,-0.03476814706701781,0.03431,0.1547,0.23993,0.65379,36.69,40.07143,51.0,31.0,0.092162169528482,hold,2.76471,14,43.30849678009814,,0.0,0.07000000000000006,0.12850922453956684,0.009,1793044800,-0.117816806,2026-08-28T08:34:46,0.0816,,,REIT - Office,0.6193002306736372,Sell
UNF,Unifirst Corporation,35.721474,7.99939,7.4432,45.429253,2.0730975,2.42,52.37273093309217,5083724288,14532908,18084173,17.365,0.625,3.869,2.341,1.571,3.111,4.55,0.074,0.32725887344776416,0.05296,0.04645,0.044499997,0.36678,285.75,273.33334,280.0,262.0,-0.04345287839020118,none,,3,35.42342100127439,31.800338843574963,0.04973521094978523,0.013918358138202592,0.2059928332241466,0.0076099997,1792585800,0.6069621,2026-08-28T08:34:46,0.0581,4.51,-13.53,Specialty Business Services,0.6196058591055356,Sell
RLI,RLI Corp.,23.823038,2.69571,2.84375,13.491596,2.9850445,1.73,18.64467196544168,5974138368,91772970,91772970,10.463,0.328,18.189,0.7435,0.427,1.06,8.99,0.0964,0.1527096552285494,0.25164,0.22219,0.36861,0.35513002,64.22,60.5,74.0,53.0,-0.05792587978822794,hold,3.375,4,59.23230852743888,,0.02247191011235955,-0.002645346040860336,0.30474548906580146,0.01588,1792440000,-0.051823437,2026-08-28T08:34:46,0.0959,,,Insurance - Property & Casualty,0.6198761082772879,Sell
MRSH,Marsh,16.65152,11.41037,10.45199,23.5732,3.2443602,1.86,18.947837894603268,111602139136,477211268,477211268,14.385,0.579,145.027,0.8335,0.528,1.139,2.98,0.0155,0.09407461364889658,0.25902998,0.14241,0.26323998,0.43994,190.0,207.09525,238.0,182.0,0.08997499999999992,hold,2.52174,21,44.54126714874554,,5.740566574738339e-06,0.00023142202699393582,0.14216629643902903,0.00079,1792067400,-0.07681841,2026-08-28T08:34:46,0.0155,,,Insurance Brokers,0.6200149861761766,Sell
GHM,Graham Corporation,41.22737,2.265,1.795,88.933334,4.1968694,2.68,-189.3212006995876,1075843200,11737033,11737033,43.739,1.07,3.534,1.061,0.891,1.231,3.12,0.0728,0.20260438903085642,0.074889995,0.045250002,0.06629,0.23366,93.38,130.75,135.0,128.0,0.400192760762476,none,,4,33.64881479577862,61.84758273788009,-0.027100271002710053,0.005549389567147693,0.8447476172256502,0.05045,1793968200,0.90377164,2026-08-28T08:34:46,0.0651,2.54,29.04,Specialty Industrial Machinery,0.6203629801368107,Sell
AAOI,"Applied Optoelectronics, Inc.",24.615383,4.602,0.68,-147.11688311688312,16.138706,0.78,-10.842887072427313,9380406272,84906289,84906289,-292.17,3.787,17.994,2.338,1.899,2.777,0.89,0.1277,0.3688913338327624,-0.05449,-0.09568,-0.12884,0.28916,113.28,163.4,220.0,109.0,0.4424435028248588,buy,2.33333,5,42.96441755847044,58.26202585272434,-0.23451870363491034,-0.03562447611064541,0.7003629715617137,0.09821,1793908800,3.6809916,2026-08-28T08:34:46,0.1295,1.2,5.0,Communication Equipment,0.6203846022226476,Sell
WY,Weyerhaeuser Company,34.83706,0.68031,0.33128,36.46154,2.4929135,1.86,1253.6839139816514,22003443712,720736000,720736000,31.982,0.901,57.625,1.4100000000000001,1.004,1.816,4.55,0.04,-0.007934420903076944,0.04974,0.06888,0.080340005,0.14507,23.7,31.27273,38.0,28.0,0.31952447257383976,buy,1.66667,11,33.8788240740153,35.43638820372736,0.14613894270689176,0.012230504843101378,0.8223404383178958,0.0033000002,1793304000,-0.08388096,2026-08-28T08:34:46,0.0349,4.83,-8.64,REIT - Specialty,0.6205655023988833,Sell
ATEX,Anterix Inc.,45.95631,2.06,,27.126074,263.66403,,-26.038607740735657,1744536448,19609786,19609786,-43.269,0.85,1.43,4.4915,4.13,4.853,5.07,0.1498,0.3166404722621654,0.27922,9.33035,-3.0,1.0,94.67,112.33333,130.0,86.0,0.1865779021865428,buy,2.0,3,36.31224645619391,41.16117157150776,0.28600166570568264,-1.0,1.616420212132806,0.020920001,1794427200,2.9877844,2026-08-28T08:34:46,0.1327,,,Telecom Services,0.6208571737393931,Sell
BMNR,"BitMine Immersion Technologies,",27.265957,0.94,,-5.535637149028077,252.64632,,-29.841350366606804,15122271232,603226394,603226394,-51.425,1.301,0.011,32.359,28.035,36.683,1.46,0.08,0.940305233394678,-1.50905,0.0,0.08424,0.84438,25.63,31.86667,40.0,25.0,0.24333476394849796,none,,3,82.54217164930725,61.349070980462315,-0.38305941845764846,-0.489051094890511,1.7354644818462288,0.00659,1795204800,-0.41242552,2026-08-28T08:34:46,0.0719,1.16,-12.93,Software - Application,0.6208618551243378,Sell
IBM,International Business Machines,18.141815,13.16241,12.32077,20.4094,3.2559848,2.39,18.670284365175664,282201260032,942134390,942134390,17.131,0.705,188.97,0.7,0.609,0.791,1.75,0.025999999,-0.0026684421189636653,0.34460998,0.15522,0.16548,0.58098,238.79,244.91217,350.0,174.0,0.02563830143640855,buy,2.2,23,55.38546403262576,53.550045367116034,0.027141690009336986,0.009975906203001643,0.5687438377408399,0.0010800001,1792612800,-0.019302666,2026-08-28T08:34:46,0.0237,1.82,-32.7,Information Technology Services,0.621308816396444,Sell
INTA,"Intapp, Inc.",22.345055,1.95569,1.59937,-78.03571428571428,5.786619,0.73,20.713151161900925,3203560192,76511148,76511148,-200.661,0.409,7.19,0.7324999999999999,0.688,0.777,4.3,0.0683,0.19563460216281148,-0.09867,-0.071490005,0.0057,0.75821996,43.7,39.42857,47.0,29.0,-0.09774439359267739,buy,2.33333,7,81.87034848291637,80.36936707960454,0.033191428885199506,0.017205777562792245,0.6346578623452053,0.10931,1793736000,-0.049793422,2026-08-28T08:34:46,0.0751,5.13,-22.48,Software - Application,0.6214681103163702,Sell
AVAV,"AeroVironment, Inc.",34.57491,4.40435,3.24154,-27.192857142857143,3.9149594,1.57,-30.786208434608586,7880372224,50822615,50822615,40.488,1.412,18.971,3.888,3.472,4.304,2.81,0.0955,1.2921257121460599,-0.10029,-0.13411,0.02812,0.25325,152.28,225.76685,326.0,148.57,0.48257716049382715,buy,1.6,19,36.37214460589387,67.64190436094509,-0.014193132433755681,-0.02807630009842041,1.1682516431767311,0.00904,1788984000,-0.36904907,2026-08-28T08:34:46,0.1142,3.25,12.61,Aerospace & Defense,0.6218281710551019,Sell
JOE,St. Joe Company (The),617.36365,0.11,,32.492825,7.057074,-23.47,32.521974864987634,4308818944,56930451,56930451,20.377,1.29,71.346,3.613,3.387,3.839,4.98,0.0423,0.2511245695208,0.16246,0.22461,0.34486,0.44053,67.91,,,,,none,,,43.566647361541605,25.195452200557938,,,0.2535442317152536,0.00356,1793217600,0.34581852,2026-08-28T08:34:46,0.0178,4.46,7.48,Real Estate - Diversified,0.6224023300681348,Sell
RGEN,Repligen Corporation,68.97558,2.63905,2.06415,252.81943,13.08491,2.42,90.57324270568489,10153468928,56435621,56435621,70.461,1.012,32.715,8.174,7.298,9.05,4.86,0.1082,0.1139930381912515,0.0199,0.05291,0.09309,0.53836,182.03,185.7,220.0,145.0,0.020161511838707735,strong_buy,1.5,20,85.755332551057,56.60083532101854,0.030894625653626724,0.03588433171221892,1.1692268777418837,0.05242,1793709000,0.48814583,2026-08-28T08:34:46,0.1147,3.93,5.52,Medical Instruments & Supplies,0.6229086759022212,Sell
MIAX,"Miami International Holdings, I",22.83744,1.92885,1.71962,30.590277,2.9805853,,21.073043100632166,3692599040,99230898,99230898,16.221,,2.011,2.4364999999999997,2.268,2.605,5.93,0.0937,-0.05299702953408725,0.18143,0.09703,0.23427999,0.34346,44.05,52.0,62.0,45.0,0.18047673098751416,none,,5,42.79785849045803,,0.10873125378792757,0.058365523901496776,1.24374542800784,0.09658,1793822400,0.17216599,2026-08-28T08:34:46,0.0789,,,Capital Markets,0.6230187352021065,Sell
GE,GE Aerospace,37.765934,9.07511,7.91328,41.847378,7.0223308,5.13,53.92327948319143,366115815424,1037562513,1037562513,31.883,1.366,113.225,0.8069999999999999,0.632,0.982,3.63,0.0128999995,0.23770165547605915,0.48231998,0.17716,0.20571,0.31051,342.73,404.90475,455.0,347.0,0.18141029381729035,strong_buy,1.45455,21,54.833797341730715,48.52491110489692,0.0034669297509238705,0.0009651883250326325,0.6874528105286188,0.003,1792499400,0.24538517,2026-08-28T08:34:46,0.0138,3.5,-4.4,Aerospace & Defense,0.6232037591878983,Sell
FAST,Fastenal Company,36.53126,1.39976,1.26249,43.705128,6.7064357,3.64,64.04943590928693,58914086912,1147497573,1147497573,30.14,0.712,10.851,3.089,1.998,4.18,3.51,0.031,0.14714242921366072,0.34334,0.15454,0.21023001,0.44701,51.135,48.53077,59.0,39.9,-0.05092852253837887,hold,2.72222,13,62.55878052433414,,0.001463092691693024,0.0013646680265463936,0.05910890429478142,0.00088,1791981000,0.02980268,2026-08-28T08:34:46,0.0273,,,Industrial Distribution,0.6234823486772207,Sell
TSCO,Tractor Supply Company,16.91561,2.05136,1.93254,18.263159,1.1478896,1.95,175.23714233099105,24393482240,521040137,521040137,12.629,0.452,248.71,0.7355,0.137,1.334,2.84,0.0775,0.05434118827586598,0.39513,0.06425,0.120740004,0.36499,34.7,35.51852,46.0,28.0,0.02358847262247843,none,,27,72.0758836944967,48.26012827819109,-0.11365142478462557,-0.10735900512708621,0.025608453390262857,0.00347,1792672200,-0.43814766,2026-08-28T08:34:46,0.0558,2.51,-3.47,Specialty Retail,0.6238495646275921,Sell
APPN,Appian Corporation,29.199965,1.41781,1.08144,-276.0,3.7286012,,27.12673467948003,3092842496,40540212,71627597,77.53,0.861,,0.919,0.842,0.996,4.57,0.105399996,1.1806937319420037,,-0.013350001,0.0042,0.72397006,41.4,34.0,42.0,26.0,-0.17874396135265702,hold,2.85714,5,70.12719806726396,22.18608264440543,0.10193600978194406,0.12893747810300338,0.7282945636371677,0.0664,1793881800,0.34502923,2026-08-28T08:34:46,0.1191,5.3,-24.73,Software - Infrastructure,0.6241065168833371,Sell
TRNS,"Transcat, Inc.",41.462517,2.1675,1.905,249.63889,2.4143834,,30.061386001041253,977706368,9359813,9359813,22.761,0.674,47.293,2.2115,1.931,2.492,3.74,0.0731,0.21063143462374723,0.011569999,0.00989,0.05469,0.32496,89.87,104.33333,113.0,95.0,0.16093612996550566,none,,3,37.434521078674585,,0.08238636363636365,0.011668611435239165,0.3802073626468744,0.02391,1793649600,0.070518136,2026-08-28T08:34:46,0.0581,,,Specialty Business Services,0.6252678522510257,Sell
AORT,"Artivion, Inc.",34.11926,0.78167,0.44167,-444.50000000000006,2.7580068,643.75,99.2863456964514,1630979456,48756221,48756221,25.598,1.251,91.558,2.6159999999999997,1.759,3.473,4.04,0.0677,0.0753061645200106,-0.0073100002,-0.00671,0.09014,0.64373,26.67,42.15,48.0,38.0,0.5804274465691788,strong_buy,1.25,8,49.40888894984989,63.534368092137754,0.0,0.08565277777777779,0.9189803008707149,0.04326,1793908800,-0.39289778,2026-08-28T08:34:46,0.0585,4.76,8.28,Medical Devices,0.6253213747734934,Sell
BOH,Bank of Hawaii Corporation,11.565342,6.67771,5.95597,14.355019,4.0560603,2.1,,3575269120,39450396,39450396,,0.696,,,,,0.03,0.0004,0.1371391354347875,0.13017,0.31353,0.44022,0.0,77.23,86.83333,92.0,85.0,0.12434714489188137,none,,6,36.50253445737529,83.59754033480613,-0.008638668945899269,-0.03198446005204136,0.19198082394694094,0.01928,1793017800,0.13373458,2026-08-28T08:34:46,0.0891,6.23,-6.65,Banks - Regional,0.6255357077166726,Sell
NPK,"National Presto Industries, Inc",176.35631,0.87,,25.235197,2.0101428,,122.17330945406869,1087774720,7136067,7136067,19.263,0.461,2.232,3.0629999999999997,0.906,5.22,3.39,0.1162,0.21929600857166842,0.10902,0.078600004,0.11712,0.16466999,153.43,,,,,none,,,65.34760522417585,14.691910476923198,,,0.26488447021409,0.26058,1792785600,0.46374738,2026-08-28T08:34:46,0.0637,3.73,4.81,Aerospace & Defense,0.6255565203910972,Sell
OKTA,"Okta, Inc.",39.522377,4.37499,3.84991,97.14045,10.089548,1.24,30.916171816252877,21185185792,167139757,174820928,79.345,0.762,5.957,1.363,1.296,1.43,2.43,0.0435,0.1647807236192167,0.036679998,0.082440004,0.0732,0.77436996,172.91,146.34209,180.0,75.0,-0.15365166849806244,buy,1.63636,43,57.59150760996807,96.41514596783814,0.0018032880733181288,0.0010090228127912046,1.3051263971669653,0.00563,1787774400,0.8638568,2026-08-28T08:34:46,0.0404,2.53,-11.69,Software - Infrastructure,0.6257612461575643,Sell
NNI,"Nelnet, Inc.",13.296451,9.58,,15.27338,3.0614693,0.46,,11290726400,25162763,35779438,,0.777,193.744,3.503,3.374,3.632,4.63,0.0405,-0.0008731950461877691,0.06756,0.20302999,0.18236,0.8614,127.38,130.0,130.0,130.0,0.020568378081331495,none,,1,33.29390787251995,9.329820229622428,-0.0831295843520782,-0.10229645093945725,0.6036379598421848,0.30891,1793908800,-0.009563804,2026-08-28T08:34:46,0.0357,6.41,3.93,Credit Services,0.6260345202662666,Sell
PECO,"Phillips Edison & Company, Inc.",57.83808,0.6781,0.84174,34.40351,7.3879447,,34.63142218407146,7785099776,128700000,141446542,16.82,0.511,91.852,1.2745,0.982,1.567,5.46,0.0493,0.14761777777777785,0.060170002,0.19138001,0.28799,0.70998,39.22,45.92308,49.0,42.0,0.17090973992860792,buy,2.0,13,33.0318723716606,51.38380140754126,0.18681969432068138,-0.11465949446417381,0.3709692001339399,0.00564,1792699200,0.114521146,2026-08-28T08:34:46,0.0309,4.24,-4.44,REIT - Retail,0.626446057295798,Sell
CORZ,"Core Scientific, Inc.",125.85715,0.14,-3.875,-3.4549019607843143,12.859136,,12.18075319775749,8299625472,321340441,321340441,-106.072,5.592,,0.7695000000000001,0.646,0.893,4.88,0.2232,0.9733373845964193,,0.0,0.06874,0.32136002,17.62,37.125,55.0,28.0,1.1069807037457435,none,,16,25.713004810224064,47.76086166661034,-1.0,-0.528095189941686,0.9029248926180243,0.03088,1792758600,0.22787452,2026-08-28T08:34:46,0.235,,,Software - Infrastructure,0.6265224501733612,Sell
IFF,International Flavors & Fragran,21.95527,3.95577,3.24232,-28.198051948051944,2.055447,1.94,-12.876103730430353,27902775296,255149963,255149963,14.601,0.943,44.821,1.276,0.491,2.061,8.9,0.082600005,0.02055362633934621,-0.05548,0.02569,0.08495,0.36583,86.85,95.65556,105.0,76.0,0.10138814047207823,buy,1.75,18,57.15269080645219,44.803273868454724,-0.27892039995729995,-0.17749883562327434,1.0353995896456578,0.00113,1793736000,0.28647614,2026-08-28T08:34:46,0.0645,9.76,9.2,Specialty Chemicals,0.6274154460718238,Sell
EL,"Estee Lauder Companies, Inc. (T",27.209612,3.9034,3.31161,208.2549,2.5534337,2.12,21.205282644687408,44174626816,247291223,361798567,17.994,1.246,242.932,1.0135,0.805,1.222,3.38,0.0346,0.547010014568936,0.04745,0.01209,0.07003,0.75487,106.21,106.46154,127.0,70.0,0.0023683268995386975,buy,2.35714,26,74.84699106556522,,0.03998379544576659,0.020064704621833327,1.3298191485532007,0.00433,1793622600,0.15785456,2026-08-28T08:34:46,0.0309,,,Household & Personal Products,0.6274364256814833,Sell
RDNT,"RadNet, Inc.",84.992165,0.88667,0.51429,-289.8461538461538,2.6138568,0.96,37.59837006919253,7686349312,78697757,78697757,27.834,1.384,156.668,1.4369999999999998,1.39,1.484,12.3,0.1456,0.2217008929492108,0.01498,-0.00931,0.07893,0.17284,75.36,92.875,105.0,65.0,0.23241772823779194,strong_buy,1.25,8,75.78747695876508,51.321460881719155,-0.002753485486028925,-0.06006381647991694,1.399181394110688,0.09957,1793908800,0.050167203,2026-08-28T08:34:46,0.1586,16.93,3.87,Diagnostics & Research,0.6276348085312551,Sell
ARM,Arm Holdings plc,83.379074,3.06084,2.22863,255.21,52.86345,1.98,204.24423800960332,269161283584,1067998569,1067998569,253.042,3.909,5.62,5.1575,5.063,5.252,3.19,0.1257,0.21398503406421687,0.13352999,0.20247999,0.07603,0.97537005,255.21,286.44104,500.0,125.0,0.12237388817052608,buy,1.95238,39,43.010832550753584,68.36639371266993,0.024210115122130595,-0.004883187141157353,0.41094062466362785,0.0007,1793822400,0.8452028,2026-08-28T08:34:46,0.1183,2.65,-3.4,Semiconductors,0.6277691236236768,Sell
NHC,National HealthCare Corporation,516.8837,0.43,,25.001123,2.2327497,0.82,55.104042284627184,3307874560,15661395,15661395,17.374,0.641,2.784,1.6675,1.473,1.862,6.7,0.0596,0.0747732242242789,0.13267,0.08997,0.11993,0.39488,222.26,,,,,none,,,50.50450742137056,36.839411141431775,,,0.5480924467905905,0.18886,1793968200,0.958583,2026-08-28T08:34:46,0.0589,7.29,4.9,Medical Care Facilities,0.6278383599058377,Sell
CALM,"Cal-Maine Foods, Inc.",22.245466,3.585,1.435,12.519624,1.2792835,2.2,423.4414614903655,2825380096,46705993,46705993,6.041,0.225,,6.739000000000001,5.783,7.695,5.35,0.13,-0.47978308693704463,0.122200005,0.10876001,-0.11043,0.23082,79.75,88.0,100.0,79.0,0.10344827586206895,none,,4,50.584956600940046,20.23992603682413,-0.5340909090909091,,0.6819611948105734,0.099259995,1790771400,-0.31035972,2026-08-28T08:34:46,0.1214,4.46,-14.23,Farm Products,0.6279379880512361,Sell
BRKR,Bruker Corporation,24.62174,2.40641,2.1215,-81.16438356164383,2.5795205,1.52,50.16902472983064,10751989760,152359316,152359316,19.871,1.275,76.164,1.3225,0.798,1.847,4.99,0.1491,0.04757884589085459,-0.029979998,-0.020350002,0.09875,0.48477,59.25,58.75,70.0,40.0,-0.008438818565400852,none,,12,48.484914932988254,74.00584659653089,0.0019268732703006883,-0.01229292879541608,0.9259289558236418,0.26966,1793709000,0.7436727,2026-08-28T08:34:46,0.1223,6.55,-13.31,Medical Devices,0.6284188343802164,Sell
HZO,"MarineMax, Inc.  (FL)",33.149136,1.5744,0.71146,326.1875,0.5249117,1.09,6.286435087238001,2099156224,22086735,22086735,18.279,1.602,115.137,0.7725,0.311,1.234,3.34,0.1597,-0.0962381719163109,0.00497,0.00182,0.060890004,0.34210998,52.19,47.0,53.0,35.0,-0.09944433799578456,none,,5,74.76016616312785,,-0.04250107665805347,-0.039519759879940004,1.0485919519537306,0.11445,1794486600,0.9806452,2026-08-28T08:34:46,0.1196,,,Specialty Retail,0.6287262876897899,Sell
AFL,AFLAC Incorporated,15.458587,7.54144,7.01529,12.576052,3.234634,1.18,11.343899048672224,65687601152,501343298,501343298,10.831,0.595,53.365,0.8375,0.783,0.892,5.38,0.028399998,0.05612800656208239,0.16908,0.26908,0.25722998,0.50888,116.58,118.53333,138.0,99.0,0.016755275347400955,hold,3.2,15,36.815661039492554,40.376321848613166,-0.00038187681053065113,-0.0006599155626112317,0.16681806536489063,0.10939,1793822400,0.090960145,2026-08-28T08:34:46,0.0248,6.05,-1.21,Insurance - Life,0.6288689738125124,Sell
AAL,"American Airlines Group, Inc.",5.9204283,2.3174,0.00512,-28.000000000000004,0.15568554,0.77,17.491050538000593,36529664000,661969951,661969951,10.833,1.347,,0.4585,0.383,0.534,0.75,0.098400004,0.15868168161004648,,-0.00559,0.02814,0.21239,13.72,18.58696,25.0,10.0,0.3547346938775511,buy,2.28,23,32.138798172133704,,-0.9751105925817898,-0.07610989495566732,0.8590897698047474,0.015140001,1792672200,0.026178002,2026-08-28T08:34:46,0.0989,,,Airlines,0.6289315950368013,Sell
FRPT,"Freshpet, Inc.",37.08308,1.96262,1.67827,19.407999,2.9709015,4.22,181.46953417960785,3640514560,48058074,48058074,18.793,1.639,39.885,5.4565,4.867,6.046,5.59,0.17930001,0.17234794927487118,0.17622,0.17283002,0.07113,0.41367,72.78,84.25,104.0,70.0,0.1575982412750756,buy,1.64706,16,53.41312631138854,,0.004116334308569512,0.09617242785252708,1.2710623929003715,0.02034,1793622600,0.30383372,2026-08-28T08:34:46,0.1593,,,Packaged Foods,0.629005201808681,Sell
NSP,"Insperity, Inc.",19.205107,2.69772,2.11328,-117.75,0.28796524,1.94,10.141689855905286,1837896960,38195270,38195270,68.07,0.525,783.607,1.0365,0.96,1.113,4.51,0.096499994,0.003112503197385319,-0.18496999,-0.00233,0.00356,0.12893,51.81,51.75,61.0,38.0,-0.0011580775911986807,none,,4,42.422641719176625,21.124833725426512,0.02887077770961738,-0.035039775653865984,0.7695999784178421,0.06245,1793736000,-0.061752975,2026-08-28T08:34:46,0.0951,4.63,-11.1,Staffing & Employment Services,0.6292035179551642,Sell
QDEL,QuidelOrtho Corporation,10.623469,1.44209,0.77449,-0.9928710304601426,0.39285597,2.06,7.158337563296825,4002675456,68575427,68575427,8.26,0.693,173.277,0.9909999999999999,0.596,1.386,10.38,0.2975,0.017882249395253513,-0.45905998,-0.39203998,-0.020920001,0.44858003,15.32,14.66667,20.0,12.0,-0.042645561357702366,hold,2.66667,3,81.05281748103053,84.93614866075389,-0.580345048061814,-0.41334098139243497,1.2446151285353597,0.00894,1793908800,-0.46601605,2026-08-28T08:34:46,0.2126,12.72,10.19,Medical Devices,0.6292111475221349,Sell
BV,"BrightView Holdings, Inc.",18.141926,0.61074,0.50185,-46.16666666666667,0.37471533,1.24,-44.10566362170876,2482107904,92600000,92600000,7.654,1.196,55.311,1.2025000000000001,1.125,1.28,3.08,0.3231,0.03816090712742981,0.011510001,0.00741,0.04501,0.21197,11.08,15.45,24.0,10.0,0.39440433212996373,buy,1.81818,10,42.69103353427038,48.74493190935884,-0.23762285992070123,-0.15523465703971126,0.9609835684075985,0.03633,1795032000,-0.23055553,2026-08-28T08:34:46,0.0542,4.94,-19.1,Specialty Business Services,0.6294364594178622,Sell
AMR,"Alpha Metallurgical Resources, ",12.453522,18.25829,-4.77024,-60.63466666666667,1.3960444,,54.953066593715164,2555880192,12679045,12679045,18.725,0.613,0.761,2.8259999999999996,2.247,3.405,5.74,0.1912,-0.07759462956397745,-0.0296,-0.02231,-0.02903,0.10018,227.38,180.0,195.0,160.0,-0.20837364763831467,hold,3.0,3,100.0,,-1.0,-0.3308304929448415,1.0115888114358615,0.30301002,1793968200,0.52409685,2026-08-28T08:34:46,0.1557,,,Coking Coal,0.6295002209133436,Sell
LOW,"Lowe's Companies, Inc.",15.800906,13.08406,12.33298,17.791739,,1.44,,154597146624,,,12.069,0.851,,0.6625,0.22,1.105,3.14,0.0182,0.083,,0.073460005,0.13673,0.33082,206.74,254.36365,290.0,191.0,0.2303552771597175,buy,1.8,33,45.30331520071218,23.666050123389866,-0.01313896415031239,-0.029203882573087692,0.10650520405411153,0.00106,1795005000,-0.19886845,2026-08-28T08:34:46,0.0202,3.29,1.91,Home Improvement Retail,0.6296154362576752,Sell
TRGP,"Targa Resources, Inc.",23.920515,12.07959,11.49723,28.080662,3.7009735,1.25,941.1026836681223,81544740864,214431021,214431021,14.833,0.716,515.794,0.6910000000000001,0.611,0.771,4.36,0.0271,0.057904620992314415,0.70839995,0.13545,0.27803,0.43192002,288.95,308.09525,351.0,257.0,0.06625800311472574,buy,1.52174,21,58.82758573905853,,0.02595488101856358,0.012474477736539856,0.4183409620326534,0.01377,1793881800,0.722401,2026-08-28T08:34:46,0.0235,,,Oil & Gas Midstream,0.6296821701038045,Sell
COST,Costco Wholesale Corporation,41.24762,22.65973,20.57925,48.079216,1.4118538,4.66,59.60303926358435,412845506560,443478804,443478804,29.938,0.86,60.257,0.8180000000000001,0.564,1.072,3.82,0.0166,0.2196169357397293,0.29152,0.0301,0.036730003,0.12876001,934.66,1077.3143,1315.0,740.0,0.15262694455737913,buy,2.0,35,50.12755676892138,,0.000214222634151461,0.0006218223051319637,0.14804067326480136,0.00161,1790280000,-0.009180367,2026-08-28T08:34:46,0.0167,,,Discount Stores,0.6298161552500752,Sell
TECH,Bio-Techne Corp,31.27765,2.31699,2.03782,62.47414,9.353295,0.97,49.486017172333646,11388225536,156818238,156818238,34.086,1.277,13.712,3.7459999999999996,2.945,4.547,1.85,0.047199998,0.004807553060250491,0.09032,0.14968,0.27871,0.66243,72.47,70.72727,73.0,50.0,-0.024047605905892055,hold,2.85714,11,42.888312572131106,91.94724238410683,0.0006453884064774553,0.022455089820359337,0.4890746386710849,0.00332,1794227400,0.3265605,2026-08-28T08:34:46,0.0594,2.34,-23.48,Biotechnology,0.629816613867416,Sell
AZTA,"Azenta, Inc.",57.208515,0.5875,0.375,-13.607287449392711,2.3988,0.53,23.23643796357668,1200570112,43808393,43808393,36.374,1.375,3.574,2.175,1.85,2.5,7.94,0.19459999,0.17193214551376057,-0.07041,-0.20021999,-0.022739999,0.44048,33.61,35.25,37.0,33.0,0.04879500148765259,buy,2.16667,4,54.02674060628163,57.50135337357257,-0.007936507936507943,-0.04315960912052112,1.807382365650091,0.01053,1795204800,0.10052395,2026-08-28T08:34:46,0.1391,9.36,-11.49,Medical Instruments & Supplies,0.6300049386441265,Sell
KRUS,"Kura Sushi USA, Inc.",198.06516,0.23361,-0.04824,-272.1764705882353,1.7631654,,-17.326884865658087,725806912,11149786,12149836,52.591,1.328,90.081,1.1760000000000002,1.096,1.256,7.59,0.23629999,0.2595175369285114,-0.00907,-0.00651,-0.00045000002,0.16352,46.27,64.88889,85.0,48.0,0.4023965852604279,none,,9,49.88218476807524,36.68689339083979,0.6306844281120808,-0.09305846727230362,1.364494547330499,0.39608002,1793908800,-0.45439535,2026-08-28T08:34:46,0.2344,6.79,-9.51,Restaurants,0.6310870007087849,Sell
GTLB,GitLab Inc.,43.536556,1.02925,0.81241,-280.0625,7.531707,,24.18820082546339,6257078784,167800000,168900000,-138.446,0.944,,2.4885,2.428,2.549,3.6,0.0925,0.21110445768772346,-0.0296,-0.02493,-0.05962,0.8676,44.81,38.47826,60.0,25.0,-0.14130194153090836,hold,2.51852,23,67.68876221300266,84.43150329364818,0.0,0.0,1.1429435219017101,0.03505,1788292800,-0.066847146,2026-08-28T08:34:46,0.1379,4.9,0.04,Software - Infrastructure,0.6312175951123243,Sell
FND,"Floor & Decor Holdings, Inc.",24.213856,2.20411,1.9757,25.414286,1.206213,,40.53953776718262,7375549440,106489965,106489965,15.049,1.573,80.645,0.8724999999999999,0.412,1.333,5.75,0.1361,0.04079459505879268,0.09694,0.04927,0.054380003,0.44976002,53.37,58.59091,75.0,38.0,0.0978248079445383,hold,2.6087,22,18.596640475529725,,0.0384156500806787,0.016135650105342812,0.1856526308237085,0.01339,1793217600,-0.34851074,2026-08-28T08:34:46,0.1364,,,Home Improvement Retail,0.6322502562573702,Sell
RKT,"Rocket Companies, Inc.",16.417255,0.86738,0.61805,,3.9365995,0.53,-11.30824165690212,70054584320,1906422676,2831642421,27.153,2.213,140.911,1.0585,0.238,1.879,3.4,0.0542,1.1246149938850185,0.03033,0.04598,0.27083,1.0,14.24,17.7,21.0,14.0,0.2429775280898876,buy,2.11765,14,62.64632612762092,59.560186343893584,-0.10406760988055204,-0.12199615345682757,1.1902895403833849,0.00661,1793908800,-0.1986494,2026-08-28T08:34:46,0.0521,3.19,-27.67,Mortgage Finance,0.6325168114062718,Sell
CTRI,"Centuri Holdings, Inc.",22.364117,0.94437,0.709,64.0,0.62830305,1.01,-209.20162272203282,3045668608,100963053,100963053,12.561,1.108,108.188,1.736,1.656,1.816,1.77,0.043899998,0.16690990713206744,0.040289998,0.0085,0.028299998,0.077589996,21.12,31.75,36.0,23.0,0.5033143939393938,buy,2.42857,6,43.87887897877323,48.50031481692409,-0.0005497681106302619,-0.03135577574004553,1.1221891748440789,0.00612,1793795400,-0.0056497455,2026-08-28T08:34:46,0.0371,2.24,8.16,Utilities - Regulated Gas,0.6325687038810011,Sell
ECL,Ecolab Inc.,30.3586,9.41776,8.16755,39.058743,4.7587204,2.99,54.34458495739047,88961146880,280328603,280328603,21.511,0.89,138.023,1.6709999999999998,1.501,1.841,2.9,0.014199999,0.11264681676453825,0.21956,0.12566,0.18521999,0.44210997,285.91,324.9524,360.0,295.0,0.13655485992095406,buy,1.54167,21,47.72845396366313,43.24382837161928,-0.001392600997195291,0.005873261865879446,0.3083184038908869,0.0015199999,1793104200,0.032016993,2026-08-28T08:34:46,0.0111,2.33,-6.58,Specialty Chemicals,0.6329173710042647,Sell
INTC,Intel Corporation,45.139282,2.04013,1.5129,-42.24311926605505,8.535514,1.36,100.0328567976122,500912947200,5286105262,5286105262,29.745,2.241,48.997,1.3805,1.157,1.604,1.15,0.0257,0.07194933099461243,-0.10715,-0.19794,0.12189999,0.38873002,92.09,114.87805,200.0,75.0,0.24745412096861763,hold,2.52083,41,30.325663582580404,67.89555580736666,0.3789614722047524,0.3093871944957898,1.5979780589529826,0.13988,1792699200,2.7819302,2026-08-28T08:34:46,0.0271,1.0,3.42,Semiconductors,0.6330976273279306,Sell
RKLB,Rocket Lab Corporation,1350.6,0.05,-0.045,-250.1111111111111,56.139442,,-171.37165966872553,38238117888,598459739,639410989,-254.038,2.629,3.828,5.1434999999999995,4.805,5.482,2.26,0.0746,0.3058673727089267,-0.07915,-0.21511999,-0.24572,0.37264,67.53,112.94118,150.0,64.0,0.672459351399378,buy,1.61111,17,36.952211429736316,52.87374621421585,-0.0926054186188632,-1.0,0.12278588573354014,0.0083099995,1794254400,0.38950622,2026-08-28T08:34:46,0.0822,2.42,-0.06,Aerospace & Defense,0.6334380941179695,Sell
GO,Grocery Outlet Holding Corp.,17.385878,0.67296,0.54506,-3.015463917525773,0.24444486,,-25.996806171302993,2935961600,99084492,99084492,14.455,0.682,226.658,0.7565,0.222,1.291,9.24,0.38189998,0.0009884519163705363,-0.3806,-0.08039,0.01777,0.29985002,11.7,10.73077,12.5,6.0,-0.08284017094017093,hold,3.14286,13,77.12727240616978,62.629812740632026,0.07538719542270882,0.06827525994126517,1.4160111699125106,0.0612,1793736000,-0.35394812,2026-08-28T08:34:46,0.2692,10.28,10.19,Grocery Stores,0.6335732768414442,Sell
MRVL,"Marvell Technology, Inc.",38.23218,6.31536,4.05464,82.688354,24.89271,1.45,95.60392401728127,212654063616,876926613,898704613,78.412,2.246,28.97,2.894,2.51,3.278,1.24,0.0379,0.25457157268415576,0.16028,0.28986,0.14479999,0.51502997,241.45,269.28217,400.0,126.0,0.11527094636570734,strong_buy,1.43182,41,68.79670721130759,42.88028720568261,0.001375624526125661,0.01192448573452075,1.462108983332503,0.00494,1787860800,2.8404644,2026-08-28T08:34:46,0.0411,1.46,10.3,Semiconductors,0.6339376209480025,Sell
VTR,"Ventas, Inc.",101.51912,0.915,0.61,168.8909,7.4229126,1.72,32.045919940206836,61242761216,512946359,512946359,25.723,0.731,84.928,0.278,0.261,0.295,7.08,0.053000003,0.07707219979311719,0.02012,0.04093,0.14807999,0.39970002,92.89,100.45455,113.0,86.0,0.08143556895252435,buy,1.6087,22,69.38646219129538,,0.14018691588785037,0.08070440667556426,1.3024871442165915,0.00505,1793217600,0.36442423,2026-08-28T08:34:46,0.0464,,,REIT - Healthcare Facilities,0.6341734057240436,Sell
AXSM,"Axsome Therapeutics, Inc.",40.975533,5.03398,-2.63666,-55.30026809651475,13.91324,,-2358.180087521144,10709434368,52380818,52380818,-61.933,0.726,269.727,1.3615,1.297,1.426,4.37,0.0949,0.38613113105641084,-2.45102,-0.24678,-0.23419,0.93236,206.27,285.41953,380.0,246.0,0.38371808794298734,strong_buy,1.2381,21,41.79728089575911,52.096750139493466,-0.5510312128663365,-0.14314504804296213,0.20135430473803484,0.15082,1793622600,0.700775,2026-08-28T08:34:46,0.0766,5.11,12.68,Biotechnology,0.6345410829535678,Sell
HLT,Hilton Worldwide Holdings Inc.,31.147072,10.4562,9.03863,47.753662,14.361117,1.59,52.5865974731231,86346137600,225064910,225064910,27.962,1.063,,0.6000000000000001,0.551,0.649,2.31,0.0255,0.07113032413626796,,0.31034002,0.62987,0.79036003,325.68,352.84616,394.0,270.0,0.08341365757799069,buy,1.92593,26,73.09283219222769,55.287674655314845,0.0052662134868450075,0.0036050770542029407,0.1865378076648247,0.021930002,1793190600,0.17974353,2026-08-28T08:34:46,0.0207,2.03,-10.13,Lodging,0.6349265190501405,Sell
GPC,Genuine Parts Company,16.46038,8.30479,7.73912,546.8,0.75166625,1.32,20.545755742467193,24956872704,137859758,137859758,12.159,0.646,146.415,0.789,0.419,1.159,4.8,0.061100002,0.06715260591129146,0.0070700003,0.00131,0.06562,0.37564,136.7,140.375,170.0,122.0,0.02688368690563281,buy,2.1,8,56.277605044324275,59.92659253066186,0.004944786678162935,-0.011134396246859506,0.6450965384833567,0.00484,1792499400,-0.018876076,2026-08-28T08:34:46,0.0633,4.86,-4.57,Auto Parts,0.6350095156842689,Sell
TFIN,"Triumph Financial, Inc.",22.745098,3.162,2.046,49.6,3.7805846,1.62,,1023571072,23894537,23894537,,1.38,,,,,8.33,0.115600005,0.11148660884284967,0.04121,0.08502,0.21277,0.0,71.92,85.8,89.0,82.0,0.1929922135706339,none,,5,32.70146742611007,,0.09646302250803843,0.047019867549668845,0.8703759162207959,0.053340003,1792008000,0.16962111,2026-08-28T08:34:46,0.1052,,,Banks - Regional,0.6352025875863229,Sell
MAC,Macerich Company (The),531.55554,0.045,-0.18,-36.24242424242424,6.8688445,4.8,18.14660495008094,11559863296,283559375,295030370,21.54,2.073,168.927,0.29800000000000004,0.267,0.329,7.49,0.1366,-0.029654173839253284,-0.06179,-0.16502,0.16256,0.54914004,23.92,26.8125,30.0,19.0,0.12092391304347827,buy,2.0625,16,53.256381909815275,23.748632968888018,-0.018848700967906265,0.055499999999999994,0.4905996009393145,0.0035100002,1793736000,0.29999995,2026-08-28T08:34:46,0.0796,10.15,0.06,REIT - Retail,0.6355546407111681,Sell
BIO,"Bio-Rad Laboratories, Inc.",38.885277,10.02796,9.48306,47.380318,4.0266805,4.01,36.81760132001312,10178184192,21677137,26738175,23.08,1.047,19.103,2.6475,2.153,3.142,0.0,0.0,0.23479896353471408,0.0311,0.085889995,0.111829996,0.52041,389.94,329.0,390.0,280.0,-0.1562804534030876,none,,5,74.62003987008548,49.300642716715274,0.0533959390693783,0.03148043954325856,1.0751394822456697,0.16359,1793304000,0.30905068,2026-08-28T08:34:46,0.0676,4.29,-9.44,Medical Devices,0.6355724365577845,Sell
CHCO,City Holding Company,14.94572,9.58,9.264,15.682364,6.2773285,1.91,,2270608896,14052000,14052000,,0.474,,,,,7.26,0.0956,0.049023953885567684,0.16755,0.41118,0.5191,0.0,143.18,140.4,147.0,128.0,-0.019416119569772294,hold,3.0,5,40.625595804108094,58.884772421410794,-0.0027987082884822177,0.012899133009092819,0.11265572191677567,0.036930002,1792585800,0.11441469,2026-08-28T08:34:46,0.067,5.76,-4.55,Banks - Regional,0.6356365800995815,Sell
MLM,"Martin Marietta Materials, Inc.",24.597458,21.48962,18.40155,34.368664,5.613059,2.64,63.26545696460243,37985202176,71019382,71019382,17.867,1.106,54.945,1.029,0.651,1.407,4.05,0.043,0.027469656100358675,0.08894,0.36737,0.20185,0.2823,528.59,661.125,800.0,440.0,0.25073308235116065,buy,2.0,24,46.45848493809968,39.96813833778402,-0.016310759745053437,-0.04021348816435918,0.38029492168962437,0.16134001,1793709000,-0.14245617,2026-08-28T08:34:46,0.0399,3.67,-2.66,Building Materials,0.6359846703797356,Sell
WHR,Whirlpool Corporation,10.728832,3.70497,2.17644,13.20598,0.17369312,1.04,-5.339531482428531,9399674880,65199378,65199378,12.271,1.133,205.431,0.8215,0.494,1.149,0.0,0.0,-0.20101107713021438,0.05933,0.01253,0.016210001,0.13578,39.75,51.25,137.0,32.0,0.28930817610062887,hold,3.15385,12,39.11433865480725,,-0.07424531792989336,-0.06341526304214294,1.3721293973445283,0.0072600003,1793217600,-0.5732689,2026-08-28T08:34:46,0.0,,,"Furnishings, Fixtures & Appliances",0.6360356801161632,Sell
AAP,Advance Auto Parts Inc.,11.218463,3.89269,2.99215,24.672316,,1.26,,5145668096,,,8.181,1.065,249.358,1.2845,0.821,1.748,6.76,0.2688,-0.005,0.04888,0.00986,0.0555,0.45139998,43.67,50.21053,70.0,33.0,0.14977169681703684,hold,3.0,19,24.309254326781115,82.03561294436818,0.018441304710395314,-0.0287360336937917,1.5042974556377142,0.00745,1793881800,-0.28398097,2026-08-28T08:34:46,0.1991,7.1,2.44,Auto Parts,0.6362508292379471,Sell
TFSL,TFS Financial Corporation,45.923077,0.39,0.36,49.749996,14.465179,72.62,,10273780736,280442755,280442755,,0.734,,,,,8.06,0.1489,0.15634701557542474,0.05308,0.29393,0.45411,0.0,17.91,19.0,20.0,18.0,0.06085985482970413,none,,2,56.14787549826833,53.553745135255646,0.07462686567164169,0.054054054054054106,0.10101525445522107,0.00457,1793304000,0.27382648,2026-08-28T08:34:46,0.1493,8.07,-4.3,Banks - Regional,0.6364505639852608,Sell
LIND,Lindblad Expeditions Holdings I,68.787186,0.437,0.18358,-81.24324324324324,2.3747857,,13.957683474618248,2359510784,65619689,65619689,17.636,2.245,,0.726,0.608,0.844,6.74,0.1144,-0.00974856494671894,,-0.02079,0.06,0.4665,30.06,36.6,40.0,29.0,0.21756487025948124,none,,5,33.75530500782429,7.1461932202598035,-0.23508333333333334,0.30424401599713474,0.6750223334593373,0.25397,1793709000,1.0617285,2026-08-28T08:34:46,0.1179,7.35,1.27,Travel Services,0.6371046044341636,Sell
HUN,Huntsman Corporation,47.57444,0.20284,-0.23684,-9.846938775510205,0.28694537,2.22,10.927545598577144,4084403712,175378616,175378616,14.535,0.713,85.388,1.019,0.713,1.325,3.85,0.0864,0.13041735943451638,-0.038399998,-0.03052,0.017439999,0.13496,9.65,11.45455,16.0,10.0,0.18699999999999983,hold,3.08333,11,48.110400937157145,75.56241074963762,-0.29032961046036504,0.07090438730795627,1.2671923944486323,0.05945,1793908800,-0.13530463,2026-08-28T08:34:46,0.0958,3.92,-9.02,Chemicals,0.637215047183033,Sell
DASH,"DoorDash, Inc.",28.47666,8.14316,5.7943,123.34574,6.3582416,5.22,19.62871620240526,98445926400,411336610,435718722,68.556,1.77,33.276,1.2255,1.083,1.368,4.05,0.0398,0.39690183181117766,0.088870004,0.05292,0.03862,0.52225,231.89,252.29762,350.0,172.0,0.08800560610634367,buy,1.63636,42,77.62474365337341,39.87596667454311,0.03147127624743096,0.012779965877740669,1.31569221676797,0.00653,1793822400,-0.05447501,2026-08-28T08:34:46,0.0473,5.29,-3.7,Internet Retail,0.6373286685500132,Sell
NEU,NewMarket Corp,35.76801,25.82,,19.920837,3.0968385,5.64,19.501281343465735,9339488256,9196406,9196406,12.742,0.561,51.129,1.688,1.124,2.252,3.93,0.0718,0.0977033528097826,0.25123,0.15802,0.23868,0.31494,923.53,,,,,none,,,62.223321791871136,63.49243579427867,,,0.22093753280464207,0.19161,1793908800,0.11677706,2026-08-28T08:34:46,0.0764,4.46,-13.36,Specialty Chemicals,0.637521266477556,Sell
RBRK,"Rubrik, Inc.",164.48166,0.65065,0.31438,-65.65644171779141,15.460494,,50.02535700506505,21425061888,160956763,205828566,-74.764,1.168,,1.6315,1.526,1.737,5.28,0.094399996,0.6699594109009264,,-0.20254,-0.13598,0.80581003,107.02,107.11111,135.0,85.0,0.0008513361988413681,strong_buy,1.11111,27,59.15817261837677,80.67226582554048,-0.0005404546177078477,-4.6105612590037365e-05,0.8871134316786339,0.02417,1787860800,0.1970917,2026-08-28T08:34:46,0.0811,6.26,-6.62,Software - Infrastructure,0.6378042394894806,Sell
AMN,AMN Healthcare Services Inc,37.455025,0.93659,3.28733,12.710146,0.3956092,1.22,3.0478638987211504,1772622080,38729991,38729991,5.769,0.386,104.658,1.0775,1.027,1.128,4.06,0.09689999,0.009019498610262966,0.15556,0.030550001,0.03997,0.27786,35.08,35.57143,40.0,26.0,0.0140088369441278,hold,2.55556,7,47.51070129492815,45.25820871265383,0.23527179263645986,-0.1375623860476251,1.2091267608255005,0.00971,1793908800,0.68816173,2026-08-28T08:34:46,0.0825,,,Medical Care Facilities,0.6380580655162913,Sell
TMDX,"TransMedics Group, Inc.",39.79614,2.3055,1.559,23.89323,4.759307,1.31,71.4983500818217,3576489472,34675145,34675145,30.931,1.88,167.496,6.247,5.869,6.625,8.19,0.3552,0.1866457314021326,0.36285,0.22694,0.124960005,0.58694,91.75,97.3,125.0,65.0,0.06049046321525875,buy,1.83333,10,58.804328698249705,58.80228420272017,-0.1205654555403248,-0.16649795375338028,1.4079379714719147,0.03642,1793304000,-0.20189631,2026-08-28T08:34:46,0.2286,9.5,-0.55,Medical Devices,0.6381086392270927,Sell
MNRO,"Monro, Inc.",30.02451,0.408,0.12,53.260868,0.33499062,4.9,11.42244980811309,901301760,31264060,31264060,10.525,1.052,90.617,0.2715,0.053,0.49,6.46,0.39189997,-0.08544457757565715,0.0136,0.0070599997,0.00751,0.34877998,12.25,22.0,40.0,15.0,0.7959183673469388,none,,4,54.755812181622915,7.36253505128721,-0.6407185628742516,-0.3419354838709678,1.1390524870566703,0.05582,1793190600,-0.26115805,2026-08-28T08:34:46,0.2259,6.28,4.74,Auto Parts,0.6381852114066314,Sell
CME,CME Group Inc.,21.727463,12.93018,12.26548,23.808474,14.950008,4.86,34.7266289019152,102613098496,359576125,359579263,21.507,0.267,14.587,0.5185,0.019,1.018,2.27,0.0161,0.010253503343693904,0.15802,0.63443,0.65036005,1.0,280.94,283.06668,330.0,230.0,0.007569872570655667,hold,2.5625,15,73.81754497837727,72.90876796612072,-8.478362241285286e-05,-0.0006893833419634918,0.16934506367231345,0.00438,1792585800,0.054144263,2026-08-28T08:34:46,0.0175,2.26,6.44,Financial Data & Stock Exchanges,0.6384980317894592,Sell
CIEN,Ciena Corporation,41.352913,9.66921,6.54556,133.7291,10.16312,0.67,80.75002205077101,56977682432,141552922,141552922,72.515,1.315,54.649,2.288,1.849,2.727,1.35,0.0325,0.60871575763021,0.15464,0.0787,0.15195,0.43047002,399.85,557.28564,720.0,270.0,0.39373675128173047,buy,1.9,19,49.51404881111566,70.11209123616442,0.0008853522371582156,0.003221569262182872,0.4660771824228923,0.00585,1788438600,3.2550812,2026-08-28T08:34:46,0.0263,1.62,-7.06,Communication Equipment,0.6387811876797386,Sell
MANH,"Manhattan Associates, Inc.",36.4661,6.13611,5.50218,63.931427,11.584444,2.57,40.62801145643195,12914092032,58304972,58304972,44.697,0.928,34.209,0.9179999999999999,0.853,0.983,2.3,0.048499998,0.13355992693041685,0.96378,0.18667999,0.25015,0.5581,223.76,213.9,260.0,180.0,-0.04406506971755442,buy,1.54545,10,73.35433337364871,54.99974752569779,0.02605903282833929,0.028151337946750333,0.2437115277891195,0.01352,1793131200,0.038618684,2026-08-28T08:34:46,0.0445,2.37,-15.54,Software - Application,0.6387888428595826,Sell
ANAB,"AnaptysBio, Inc.",13.156384,4.35454,-0.46726,-56.72277227722772,7.2993,,203.7836733492514,1658090624,29608481,29608481,40.108,0.403,2175.845,7.5329999999999995,7.486,7.58,8.47,0.39970002,0.426101122850578,-1.14553,-0.11527,-1.35534,0.44584,57.29,86.63636,140.0,70.0,0.5122422761389422,strong_buy,1.27273,11,55.776005373705445,73.51699043634221,-1.0,-0.16825869791517445,0.6107643654653536,0.056760002,1787860800,3.2270045,2026-08-28T08:34:46,0.273,7.21,8.05,Biotechnology,0.6388284782782884,Sell
PM,Philip Morris International Inc,20.774845,9.16878,8.38096,26.677872,6.9781327,2.52,30.561377019222924,341946695680,1558613439,1558613439,18.981,0.4,,0.725,0.47,0.98,2.57,0.0083,0.10256671988569965,,0.25559,0.40002,0.67481005,190.48,203.8,225.0,175.0,0.06992860142797164,none,,15,62.620498290700105,47.4923215532218,-0.004061726839957412,0.004835248655840271,0.21094282316337581,0.00164,1792585800,0.13971162,2026-08-28T08:34:46,0.0104,2.81,-7.82,Tobacco,0.6391736556615014,Sell
UTHR,United Therapeutics Corporation,17.577126,30.03392,27.574,18.516659,7.177817,2.22,40.64064067835667,19980126208,42890692,42890692,13.354,0.564,,5.3115000000000006,4.891,5.732,4.22,0.0575,0.03442024903678398,0.19315,0.41557,0.42231998,0.8614,527.91,664.3333,725.0,515.0,0.2584215112424466,buy,1.64286,12,37.83129606986725,,-0.029924608299531516,-0.08892350641532056,0.25778984421536305,0.02003,1793190600,0.7322155,2026-08-28T08:34:46,0.0539,,,Drug Manufacturers - Specialty & Generic,0.6392508063003395,Sell
BBIO,"BridgeBio Pharma, Inc.",513.64404,0.15318,-2.68486,-22.288951841359776,21.570688,,-48.027196751801064,18043267072,195492997,195492997,-38.166,0.983,,1.1605,1.094,1.227,10.88,0.13319999,1.1552509032740437,,-0.97026,-0.43943,0.94439006,78.68,108.42857,157.0,80.0,0.378095704117946,strong_buy,1.5,21,46.87310418452974,26.591819122107225,-0.24805808769866544,-0.7404388714733542,0.14115269410933592,0.03912,1793217600,0.5200927,2026-08-28T08:34:46,0.1395,,,Biotechnology,0.6393408901394722,Sell
KTOS,Kratos Defense & Security Solut,48.04947,1.11739,0.81746,315.82352,6.619874,36.41,-85.20560115969646,8834757632,187721327,187721327,101.549,1.106,5.65,5.1385000000000005,4.736,5.541,2.05,0.051,0.17052917487633157,0.011469999,0.020299999,-0.00174,0.23002,53.69,105.61905,150.0,60.0,0.9672015272862731,strong_buy,1.42857,21,52.94232232127033,72.25788708424625,0.052546191978368656,0.024038637779977456,1.3018505347446052,0.0128,1793736000,-0.18453825,2026-08-28T08:34:46,0.0516,2.94,-7.97,Aerospace & Defense,0.6393991566025653,Sell
MDB,"MongoDB, Inc.",60.015526,7.3411,6.13231,-1101.4499999999998,13.616936,1.67,68.46277355511856,33068179456,80431927,80431927,-412.821,1.545,1.998,4.7509999999999994,4.553,4.949,1.91,0.0363,0.2719581888420999,-0.00975,-0.01118,-0.03607,0.71970004,440.58,441.69296,560.0,272.64,0.0025261246538654802,buy,1.65854,37,56.82922243020717,68.06010735842537,-0.00014022112545378928,0.0003829229970470234,0.7076092407102038,0.02641,1788292800,0.39596343,2026-08-28T08:34:46,0.0332,2.12,-8.37,Software - Infrastructure,0.6395970657803235,Sell
ILMN,"Illumina, Inc.",37.348576,6.09635,5.35631,42.009224,7.6504645,3.19,43.10445144710003,35740188672,151000000,151000000,30.944,1.464,89.042,1.522,1.248,1.796,5.0,0.1026,0.1468887417218545,0.32339,0.18336001,0.21139,0.67934996,227.69,198.89474,230.0,113.0,-0.12646695067855407,buy,2.45,19,87.4468020331208,50.7324250745867,0.024734935010770807,0.028923304382462132,1.1409333885714543,0.00196,1793304000,1.277811,2026-08-28T08:34:46,0.054,4.51,-7.95,Diagnostics & Research,0.6396853701707438,Sell
BURL,"Burlington Stores, Inc.",20.935514,13.85206,11.83929,32.258064,1.5324323,0.92,86.58550028408284,24655167488,62942206,62942206,19.224,1.466,319.733,0.782,0.4,1.164,3.21,0.0636,0.1418627716988503,0.39141,0.052389998,0.05933,0.43947,290.0,386.0,440.0,310.0,0.3310344827586207,buy,1.78947,16,11.627875687707856,32.80811532915095,0.003027902622516154,0.004099293680243496,0.41064266781079595,0.00563,1787833800,-0.002339363,2026-08-28T08:34:46,0.0439,4.14,2.37,Apparel Retail,0.6397479683726329,Sell
EQIX,"Equinix, Inc.",57.58616,18.69286,17.88333,69.44839,10.724468,3.46,28.129008813559324,128608133120,98671686,98671686,28.328,0.972,162.217,0.869,0.607,1.131,2.79,0.019199999,0.1569151965235498,0.10735,0.15479,0.27021998,0.51979,1076.45,1234.5518,1400.0,1060.0,0.14687333364299304,buy,1.53125,29,51.19571477819179,57.55968562986949,0.00599999887492998,-0.03212651572773835,0.2685626421429518,0.00271,1793217600,0.36919832,2026-08-28T08:34:46,0.0194,3.27,1.49,REIT - Specialty,0.6404970826314706,Sell
CAG,"ConAgra Brands, Inc.",10.323562,1.55179,1.4458,-4.045454545454545,0.6795686,10.86,8.925054062863795,14923721728,478565642,478565642,8.569,-0.049,117.577,0.5895,0.275,0.904,2.88,0.109,0.036277904329788946,-0.25064,-0.16985,0.13771,0.23952,16.02,14.38125,23.0,12.0,-0.10229400749063666,none,,16,70.38668395330006,54.13292275861778,-0.08058403072774906,-0.07687594436711043,1.3309005259465378,0.0063899998,1790771400,-0.16257185,2026-08-28T08:34:46,0.0907,2.75,-12.72,Packaged Foods,0.6405245600537995,Sell
OPLN,"OPENLANE, Inc.",20.511902,1.73119,1.44299,-57.274193548387096,2.088811,1.22,164.34883579146918,6643337728,122069865,122069865,14.936,1.278,157.364,1.1455,1.123,1.168,1.91,0.0239,0.0023398267705136977,0.11147001,0.09667,0.16805,0.45846,35.51,46.22222,52.0,43.0,0.301667699239651,buy,1.88889,9,46.155065153724124,67.55064157984695,0.03030238120738284,0.03710027197680412,1.234233161848401,0.07914,1793795400,0.22786999,2026-08-28T08:34:46,0.0165,2.3,-16.16,Auto & Truck Dealerships,0.6408643669895769,Sell
NEOG,Neogen Corporation,30.894737,0.38,0.31,-293.5,2.941825,0.66,36.84265438848921,3187077632,218106005,218106005,33.654,1.77,38.827,2.9615,2.101,3.822,4.47,0.0608,-0.005126947293358608,-0.00379,-0.00908,0.0137600005,0.46932,11.74,13.33333,14.0,12.0,0.1357180579216355,buy,2.0,3,45.79121589621397,47.0168018189431,0.03333333333333337,-0.09523809523809519,1.89655104314996,0.0070499997,1791462600,1.0417392,2026-08-28T08:34:46,0.0435,4.34,-12.53,Medical Devices,0.6412361393606679,Sell
BRZE,"Braze, Inc.",35.182415,0.96895,0.63288,-27.49193548387097,4.8780413,1.6,20.582844377269005,3535036672,112631669,112631669,-32.719,0.83,13.968,1.197,1.156,1.238,6.51,0.1372,0.2061961720553036,-0.22813,-0.15511,-0.1304,0.6646,34.09,35.25,50.0,27.0,0.034027574068641764,strong_buy,1.28571,20,83.50967855125663,86.05782167157798,0.0,0.0,0.15009611203321568,0.14755,1788897600,0.23068595,2026-08-28T08:34:46,0.1488,,,Software - Application,0.641818771183252,Sell
NYT,New York Times Company (The),21.809217,3.12345,2.85992,28.383333,3.723368,3.79,23.887520934393173,10325825536,160502862,161283586,18.52,0.927,,1.4825,1.385,1.58,5.33,0.073,0.2037174520663687,0.19724001,0.13313,0.17122,0.50958997,68.12,77.66667,90.0,63.0,0.14014489136817376,buy,1.9,9,82.01508430076666,,-0.006064565905670869,-0.02915533452482707,0.2886620424550934,0.1129,1793795400,0.13836896,2026-08-28T08:34:46,0.0861,,,Publishing,0.6419585156206796,Sell
HROW,"Harrow, Inc.",14.0828085,2.73667,0.28,-38.92929292929293,5.2424283,,-263.16007304023134,1659853696,37487850,37487850,93.698,0.254,2025.894,2.1195000000000004,1.995,2.244,10.83,0.1887,0.08568126472977244,-1.1607,-0.13508001,-0.15577,0.73280996,38.54,67.5,88.0,59.0,0.7514270887389725,strong_buy,1.0,8,29.42054142063131,,-0.37313900642532516,0.022415912308951066,0.5315990390599484,0.15378,1794254400,-0.011794865,2026-08-28T08:34:46,0.2198,,,Drug Manufacturers - Specialty & Generic,0.6423501486762501,Sell
WRBY,Warby Parker Inc.,41.403152,0.61034,0.4195,421.1667,3.4264534,,327.9086215783534,3081880576,108239371,123608054,74.319,1.93,64.028,2.0355,1.803,2.268,6.45,0.2084,0.23716428470376094,0.020550001,0.00849,-0.03596,0.53119,25.27,30.46154,35.0,24.0,0.2054428175702414,buy,1.71429,13,33.626679594996446,16.090281679997148,-0.10896346644010198,-0.07889891642268569,1.0225167179061578,0.05706,1793881800,-0.035496175,2026-08-28T08:34:46,0.1828,7.22,-3.16,Medical Instruments & Supplies,0.6426847106390222,Sell
PRM,"Perimeter Solutions, SA",17.463129,1.83415,1.54588,-14.427927927927927,6.925223,,87.51444924454934,6396717568,163686923,163686923,-23.053,1.91,134.983,1.1855,0.802,1.569,3.55,0.0478,0.18679990386281498,-0.30868,-0.44856,-0.94953,0.54705,32.03,43.75,48.0,40.0,0.3659069622229161,buy,1.75,4,24.683211145809878,51.526113263558,-0.07218994574350612,-0.03294773915977737,1.4834744429610658,0.09042,1793277000,0.43054938,2026-08-28T08:34:46,0.0337,2.78,7.07,Specialty Chemicals,0.6429379609332213,Sell
AMH,American Homes 4 Rent,51.523834,0.64902,0.74605,27.18699,,,,17769248768,,,18.269,0.803,68.848,0.967,0.262,1.672,4.43,0.0397,0.028,0.07084,0.25530002,0.25921,0.56646997,33.44,37.15909,42.0,32.0,0.11121680622009578,buy,2.08333,22,32.75412716397115,10.752633274062518,0.045605527602976856,-0.015577363527431025,0.20341933645909901,0.07892,1793217600,-0.066443324,2026-08-28T08:34:46,0.0318,4.64,-9.64,REIT - Residential,0.6436192561079804,Sell
UTI,Universal Technical Institute I,23.247313,0.93,,36.033333,1.3480824,2.0,-265.42452498468055,1380017920,55095231,55095231,16.775,1.236,104.405,1.207,1.112,1.302,3.32,0.1018,0.0589319282462033,0.105349995,0.03881,0.01985,0.55051,21.62,41.83333,48.0,37.0,0.9349366327474558,none,,6,18.70734744869395,22.542592743858904,-0.22251288659793814,-0.13698967910106033,0.7312326509885843,0.024920002,1795032000,-0.18691236,2026-08-28T08:34:46,0.0818,4.68,-4.39,Education & Training Services,0.6440130259680065,Sell
DOW,Dow Inc.,16.521229,1.83582,2.52273,-16.573770491803277,0.5302305,38.89,92.198192217088,38615592960,722340711,722340711,9.744,0.423,111.913,1.3215000000000001,0.894,1.749,3.92,0.0586,0.17135005720589946,-0.0554,-0.03129,0.11594,0.09787,30.33,35.6875,48.0,29.0,0.17664029014177385,buy,2.38889,16,54.64289933358625,44.75503405323635,-0.046997892064643235,-0.06272699640927092,1.321317659386386,0.0021,1792672200,0.23142505,2026-08-28T08:34:46,0.049,3.29,4.32,Chemicals,0.6441603903067167,Sell
BAND,Bandwidth Inc.,26.92108,1.926,1.752,-136.44736842105263,2.0145922,,23.03820674390777,2048637824,30222760,32180788,50.644,3.008,146.605,1.972,1.9,2.044,3.77,0.15020001,0.2034064327678875,0.0059399996,0.00273,-0.02071,0.37227002,51.85,70.75,86.0,52.0,0.3645130183220828,buy,1.8,4,60.10412783733142,77.44212747023137,-0.02666666666666669,-0.1462765957446808,0.3682633653030352,0.03179,1793277000,2.4566667,2026-08-28T08:34:46,0.1523,3.06,22.53,Software - Infrastructure,0.644174793207114,Sell
METC,"Ramaco Resources, Inc.",62.284508,0.22333,-0.9375,-13.0,1.7107193,,-10.310766945839434,1067613376,51875261,63388239,-281.544,1.22,124.557,3.693,3.154,4.232,6.6,0.6668,-0.06114481621596091,-0.17069,-0.119799994,-0.12602,0.14288999,13.91,18.875,30.0,11.0,0.3569374550682962,buy,1.75,8,67.19222188033734,82.09044773795137,-0.25,1.0,1.1854831109908968,0.104949996,1793044800,-0.46355575,2026-08-28T08:34:46,0.3195,7.4,5.35,Coking Coal,0.6443658355343993,Sell
XMTR,"Xometry, Inc.",74.75692,1.28764,0.70192,-148.09230769230768,6.833125,,-449.3321547591177,5342220288,55848262,57323573,-510.875,1.316,56.991,3.153,3.092,3.214,4.42,0.0747,0.2779585943068381,-0.07101,-0.03815,-0.02438,0.38749,96.26,110.3,126.0,95.0,0.14585497610637854,buy,1.72727,10,39.85553301931139,65.17841819484826,-0.03330119818206856,-0.057916300848697776,0.18913244407529392,0.06835,1793709000,0.94543254,2026-08-28T08:34:46,0.0541,3.09,-10.51,Industrial Distribution,0.6446033331635757,Sell
IOT,Samsara Inc.,46.190166,0.90647,0.71585,418.69998,,,,23662772224,,,-18314.84,1.336,4.578,1.4115,1.202,1.621,5.4,0.0908,0.305,0.043649998,0.03323,0.01503,0.76298,41.87,45.66364,57.6,38.0,0.09060520659183191,buy,1.58333,22,34.72151892464528,52.03422355007189,0.008324647153280518,0.007256039291508363,0.7110996325979005,0.038680002,1788465600,0.15855002,2026-08-28T08:34:46,0.0799,,,Software - Infrastructure,0.6457656186756766,Sell
FUN,Six Flags Entertainment Corpora,216.61238,0.07368,-2.89333,-0.9295282469423413,0.5339311,2.43,3.377845471141842,6895170560,102316312,102316312,8.686,0.388,1455.3,0.344,0.268,0.42,7.8,0.218,-0.07942860567531018,-1.4315801,-0.57251,0.12994,0.38197,15.96,21.38462,30.0,10.0,0.33988847117794485,buy,2.14286,13,62.94718181163233,47.626016781612755,-1.0,-0.8318038624845913,1.4470640972304645,0.02685,1793795400,-0.29660642,2026-08-28T08:34:46,0.2227,10.12,3.8,Leisure,0.6468757007786722,Strong Sell
PEN,"Penumbra, Inc.",52.34885,6.13194,4.78747,79.455444,8.402036,4.4,78.48538061993347,12197919744,39389422,39389422,59.711,0.701,13.896,4.6915,3.633,5.75,4.91,0.0531,0.13761420261510815,0.1137,0.106709994,0.105220005,0.6784,321.0,361.83334,374.0,323.0,0.1272066666666667,hold,2.6875,12,55.740375654526616,26.838225433353614,-0.03482319261320118,-0.015294242337623058,1.15573916445299,0.02901,1793822400,0.17737675,2026-08-28T08:34:46,0.048,4.19,-13.55,Medical Devices,0.6477990589788741,Strong Sell
DDOG,"Datadog, Inc.",81.83677,2.96847,2.52724,458.3585,21.990454,1.37,82.96467794207538,83522461696,334904614,359075024,1007.545,1.509,29.259,3.1525,3.1,3.205,1.84,0.0318,0.39830458457643103,0.04696,0.044770002,0.00666,0.79536,242.93,285.1802,330.0,158.0,0.17391923599390768,strong_buy,1.47826,46,49.249596999821996,68.2904228611515,0.04312867609121855,0.02980694177030746,1.0170961404694705,0.00619,1793881800,0.7773632,2026-08-28T08:34:46,0.0352,3.04,-6.12,Software - Application,0.6481728012268121,Strong Sell
GSHD,"Goosehead Insurance, Inc.",26.090948,2.70017,2.1481,51.423355,6.2686243,,68.28019359830792,1949960576,23802805,35738194,18.449,1.346,,1.3775,1.211,1.544,3.23,0.102,0.9045077544432265,,0.087869994,0.23388,0.49583,70.45,68.91667,100.0,44.0,-0.021764797728885843,buy,2.38462,12,69.61410428680806,28.014459816326934,-0.008694287797539373,-0.008617144703411649,0.7406853730581057,0.035380002,1792612800,-0.16833901,2026-08-28T08:34:46,0.0812,2.42,-14.03,Insurance Brokers,0.6482249747309573,Strong Sell
NE,Noble Corporation plc A,22.920193,2.03925,0.50462,48.185566,2.5866401,,29.50699552436015,8913711104,159642218,159642218,9.439,0.922,42.557,1.831,1.747,1.915,0.0,0.0,-0.167504815699817,0.03283,0.05185,0.10707,0.35416,46.74,48.0,59.0,35.0,0.02695763799743256,buy,2.18182,11,60.64862194953085,41.71086169096698,-0.4397033187879596,-0.14869502053902406,0.40519491679089087,0.20722,1793131200,0.6217904,2026-08-28T08:34:46,0.0,,,Oil & Gas Drilling,0.6491361343796849,Strong Sell
AHR,"American Healthcare REIT, Inc.",57.050503,0.99,,84.29851,4.9155035,,31.038813379170502,13769474048,217998775,217998775,30.776,0.768,41.888,1.1875,1.061,1.314,10.46,0.1537,-0.03571460446968122,0.03951,0.048309997,0.0683,0.1928,56.48,63.66667,74.0,55.0,0.1272427407932013,strong_buy,1.4,15,69.56387947237464,,-0.022704853081488334,0.15116279069767444,1.0119726775733604,0.0060799997,1793908800,0.3199346,2026-08-28T08:34:46,0.1362,,,REIT - Healthcare Facilities,0.6494958177043932,Strong Sell
MDGL,"Madrigal Pharmaceuticals, Inc.",56.487274,9.625,-6.4925,-38.45049504950495,9.783544,,-156.10871718537194,12070479872,23104126,23104126,-37.591,-1.003,66.4,2.98,2.755,3.205,5.49,0.103,0.6452494069673962,-0.53306997,-0.2532,-0.15459,0.91476995,543.69,678.0625,962.0,543.0,0.24714911070646872,none,,16,70.75644863024824,76.21810741049394,0.004726113809971275,-0.22253634894991928,0.2183078162989493,0.058769997,1793795400,0.24172664,2026-08-28T08:34:46,0.1432,4.84,-4.7,Biotechnology,0.6500658967891811,Strong Sell
CEVA,"CEVA, Inc.",35.711594,0.79582,0.548,-69.31707317073172,6.913721,2.51,142.59863253803826,596842752,28154072,28154072,-105.133,2.006,5.121,9.840499999999999,9.559,10.122,3.23,0.0992,-0.0392349497436818,-0.03622,-0.094840005,-0.0715,0.87474,28.42,47.25,60.0,38.0,0.6625615763546797,none,,8,37.92635114179385,60.877314457960146,0.037525086144874965,-0.02927471884072116,0.4927134540081105,0.03505,1794227400,0.27902794,2026-08-28T08:34:46,0.0874,3.05,12.78,Semiconductors,0.6503420300846067,Strong Sell
LYV,"Live Nation Entertainment, Inc.",95.6729,1.8881,-0.44231,-164.2181818181818,1.6017413,17.9,24.82657416197197,46029402112,232959505,232959505,29.681,1.116,620.214,0.7665,0.681,0.852,12.14,0.1559,0.08842336353693758,0.17677,0.00513,0.06696,0.25777,180.64,201.95833,222.0,145.0,0.11801555580159429,buy,1.64,24,60.794540272709526,51.790754972017595,0.23396259092483554,-0.1391471260070489,1.0150617368011976,0.32414,1793736000,0.084990144,2026-08-28T08:34:46,0.1564,11.64,-2.75,Entertainment,0.6519677493971844,Strong Sell
WLK,Westlake Corporation,21.988644,3.36219,3.22463,-7.790305584826133,0.83655024,1.7,408.56209574054054,13974999040,127796548,127796548,12.422,0.622,63.814,2.049,1.645,2.453,4.44,0.1516,0.1386871576531159,-0.11911,-0.10935,0.1122,0.09625,73.93,93.73333,114.0,80.0,0.2678659542810764,buy,2.33333,15,49.274056920523236,57.09696790473254,-0.05868083429422159,-0.07005965996310316,1.2720513188352924,0.74509,1793277000,-0.15816444,2026-08-28T08:34:46,0.1456,4.84,-8.38,Specialty Chemicals,0.653171894756729,Strong Sell
WMT,Walmart Inc.,31.843002,3.223,2.87879,37.05054,1.1099392,4.02,90.90518064547159,885106016256,7958079155,7958079155,18.814,0.605,70.378,0.481,0.195,0.767,2.97,0.014199999,0.06469691900218333,0.22313999,0.03,0.04993,0.25231,102.63,127.95,155.0,81.0,0.24671148786904418,buy,1.5814,40,32.391840790410825,23.409001940417397,-0.007549927775805078,-0.017648205928237053,0.27028861311277924,0.44852,1795091400,0.058259487,2026-08-28T08:34:46,0.0165,3.22,-3.17,Discount Stores,0.653275516255615,Strong Sell
GWRE,"Guidewire Software, Inc.",49.166016,4.09002,3.46523,103.12307,11.783137,1.03,59.12686727911968,16696725504,83256364,83256364,127.451,0.925,53.467,2.3419999999999996,2.239,2.445,3.71,0.0626,0.28521665654291617,0.1193,0.1125,0.08224,0.64011,201.09,202.42857,258.0,137.0,0.006656571684320545,buy,1.625,14,73.49169944507993,78.40786763530436,-0.0028861149957125462,0.0022292065249610157,1.2019382876765845,0.0032499998,1788465600,-0.07340336,2026-08-28T08:34:46,0.0669,3.92,-0.64,Software - Application,0.6539730739836899,Strong Sell
AZO,"AutoZone, Inc.",16.741734,175.15092,151.45187,20.618267,,1.37,,60687343616,,,14.233,0.344,,0.4965,0.103,0.89,2.56,0.028199999,0.084,,0.12399,0.19082001,0.51754004,2932.33,3950.5217,4800.0,3200.0,0.3472295751160339,strong_buy,1.48148,23,58.470446458616536,38.48093195638851,-0.0004695193590870961,-0.0027675228391292567,0.10650469792862577,0.0024899999,1790080200,-0.30158174,2026-08-28T08:34:46,0.0266,3.04,-12.45,Auto Parts,0.6540770601030361,Strong Sell
SHAK,"Shake Shack, Inc.",50.384224,1.40024,1.12448,76.684784,1.9443679,,-72.39126944289664,3522148864,40350732,42781521,20.435,1.656,166.579,1.6004999999999998,1.533,1.668,1.96,0.1183,0.24882685151783623,0.0794,0.02559,0.05069,0.4038,70.55,82.52174,126.0,60.0,0.1696915662650602,buy,2.0,23,74.23783592900442,48.47691782336171,0.00709321487425658,-0.059515733619908036,1.1676105736317202,0.04388,1793277000,-0.33443397,2026-08-28T08:34:46,0.0966,2.24,-8.04,Restaurants,0.6543795510394951,Strong Sell
CWST,"Casella Waste Systems, Inc.",63.38647,1.46719,1.25771,1162.5,3.026632,3.29,48.63058302426042,7338413056,62651846,63640046,17.513,0.735,91.623,0.888,0.783,0.993,7.51,0.1027,0.1846481666318338,0.00364,0.0029199999,0.0499,0.3342,93.0,111.8,130.0,91.0,0.2021505376344086,buy,1.72727,10,66.05720936571026,56.62781110458098,0.08584280139517227,-0.028614746989228113,0.8816193498380248,0.00563,1793908800,-0.05641234,2026-08-28T08:34:46,0.0752,6.41,-4.56,Waste Management,0.6544049375297177,Strong Sell
SMA,"SmartStop Self Storage REIT, In",55.218372,0.60469,,56.593224,6.522791,,16.34289594541278,3032786688,55368903,55368903,21.224,,88.93,0.28900000000000003,0.268,0.31,5.44,0.0836,-0.3695624961180828,0.02405,0.10172,0.23875,0.66049004,33.39,36.88636,40.0,33.0,0.10471278825995811,buy,1.63636,11,54.80396300340925,,0.14792796952556853,0.12043951157145759,1.0671435522072856,0.00421,1793822400,-0.08244026,2026-08-28T08:34:46,0.0746,,,REIT - Industrial,0.6548631714978284,Strong Sell
ZS,"Zscaler, Inc.",40.73705,4.59778,4.13324,-360.1923076923077,9.543905,1.83,27.31573462839583,28617250816,161709525,161709525,-470.709,0.917,78.939,1.7894999999999999,1.718,1.861,2.76,0.0592,0.1998374243446699,-0.037100002,-0.024389999,-0.03276,0.76737,187.3,198.88068,250.0,145.0,0.0618295782167646,buy,1.59091,44,56.11398292551826,74.22798897300616,0.0012960616683099517,0.0001348658737134468,0.9593378697062124,0.34958,1788465600,-0.32394874,2026-08-28T08:34:46,0.0706,3.63,-7.83,Software - Infrastructure,0.6554559720066293,Strong Sell
MRCY,Mercury Systems Inc,40.44527,2.23685,1.67444,-177.39215686274508,5.5311046,2.79,50.79135598188862,5729092096,60136133,60136133,71.456,0.998,33.582,2.348,1.733,2.963,8.63,0.096,0.057110833847596965,-0.01998,-0.03017,0.01227,0.28585,90.47,114.77778,131.0,78.0,0.26868332043771415,buy,2.0,9,24.508111819375458,92.23072570983375,0.08321203770191682,0.04106841167080106,0.910896449888486,0.01385,1793736000,0.3393042,2026-08-28T08:34:46,0.089,7.92,3.05,Aerospace & Defense,0.6573487660828319,Strong Sell
FWRG,"First Watch Restaurant Group, I",48.697975,0.25422,0.16708,45.85185,0.57966393,,-17.83239341362828,1817317888,61712435,61712435,15.607,1.035,169.324,0.21000000000000002,0.153,0.267,6.14,0.1297,0.1391488279469122,0.02883,0.01351,0.02481,0.20633,12.38,19.27273,22.0,17.0,0.5567633279483035,none,,11,46.76996762559739,48.463659584863905,-0.049980098936714575,-0.05526032182541155,0.44342082416787143,0.018509999,1793709000,-0.34288746,2026-08-28T08:34:46,0.099,6.67,13.14,Restaurants,0.6589775926439334,Strong Sell
CBU,"Community Financial System, Inc",12.161946,5.18667,4.585,14.635732,3.9598873,2.62,,3843220224,52615905,52615905,,0.792,,,,,7.21,0.049099997,0.12704780047021913,0.1153,0.2721,0.39207,0.0,63.08,70.16667,75.0,68.0,0.11234416613823717,none,,6,37.37428166760652,81.90952749747434,-0.03554901135885562,-0.03203610080006257,0.17885554840531637,0.00753,1793104200,0.05326426,2026-08-28T08:34:46,0.0327,5.78,-9.36,Banks - Regional,0.6603669934581703,Strong Sell
VRNS,"Varonis Systems, Inc.",108.486565,0.41277,0.15124,-36.704918032786885,7.474917,7.38,37.08783611039068,4973560320,114860485,114860485,-38.052,0.809,118.871,1.5230000000000001,1.401,1.645,4.3,0.074,0.15276611447357213,-0.35974997,-0.20547001,-0.22564,0.77069,44.78,50.68182,60.0,28.0,0.1317958910227781,none,,22,50.33871763581392,95.7653404418633,0.2737072595586998,0.0799560451060936,0.1418410530009389,0.02977,1793131200,-0.24127412,2026-08-28T08:34:46,0.0682,3.62,-4.56,Software - Infrastructure,0.661120546314417,Strong Sell
IRT,"Independence Realty Trust, Inc.",102.5,0.16,,91.11111,5.8533316,,21.30230609552866,6395471872,235744567,241686210,16.911,0.95,70.156,0.373,0.158,0.588,4.6,0.0805,0.047539637424602876,0.0125899995,0.06421,0.14755,0.60678,16.4,19.5,22.0,18.0,0.1890243902439026,buy,1.64286,14,31.52035630581618,57.41373959874957,0.8762444478480624,-0.058823529411764754,0.9840454807263207,0.00679,1793217600,-0.094422996,2026-08-28T08:34:46,0.0455,4.15,6.9,REIT - Residential,0.6627062810667776,Strong Sell
UDR,"UDR, Inc.",66.21429,0.56,,23.922583,7.7119603,8.17,17.46778829278325,18848305152,321264222,367364222,18.11,0.691,156.144,0.09,0.002,0.178,2.43,0.0341,0.1723029774538667,0.13739,0.29563,0.20177999,0.66581,37.08,42.07143,46.0,38.0,0.13461245954692558,buy,2.36364,21,44.59280834398963,31.997374129474707,0.12007713830273431,-0.06666666666666654,0.7617492801111294,0.0044400003,1793217600,-0.06292647,2026-08-28T08:34:46,0.0282,2.15,-26.2,REIT - Residential,0.663161449043652,Strong Sell
AXGN,"AxoGen, Inc.",74.565765,0.69375,0.46429,-77.2089552238806,11.072336,99.04,152.53227735805075,2689736960,53761513,53761513,-450.693,1.143,7.83,5.6945,4.792,6.597,3.16,0.072399996,0.04284014477047937,-0.18205999,-0.13356,-0.03092,0.74556,51.73,53.9,60.0,48.0,0.04194857916102834,strong_buy,1.2,10,64.70432058390205,43.05100906543383,-0.049696051742841404,-0.047478478162371524,0.4547466950886074,0.02164,1793190600,2.2050805,2026-08-28T08:34:46,0.0774,3.35,-25.21,Medical Devices,0.6643457349582566,Strong Sell
FUBO,fuboTV Inc.,21.67382,0.466,-0.52,2.6790452,0.05340753,,-2.794073263631648,2303036160,30204277,30204277,,2.404,15.262,0.9764999999999999,0.948,1.005,4.27,0.2374,0.3037820464962626,-0.0505,-0.00964,-0.01795,0.05979,10.1,17.0,23.0,12.0,0.6831683168316833,none,,8,75.07745381760463,26.76199301946987,-0.01960784313725492,-0.012711864406779556,0.6764799767753045,0.03951,1793795400,-0.76156753,2026-08-28T08:34:46,0.2283,5.29,4.02,Broadcasting,0.6650153099028314,Strong Sell
XERS,"Xeris Biopharma Holdings, Inc.",22.051285,0.39,-0.00333,-85.99999999999999,4.6746845,,29.89420364382742,1735649664,182320306,182320306,35.589,0.852,,1.199,0.949,1.449,5.33,0.0494,0.15708390704434194,,-0.05118,0.05617,0.86574996,8.6,11.71429,18.0,8.0,0.3621267441860465,strong_buy,1.42857,7,70.75380493984122,35.97370553361033,-1.0,-0.006369426751592362,0.7624013188645882,0.03083,1793881800,0.09833968,2026-08-28T08:34:46,0.0524,6.75,-8.5,Drug Manufacturers - Specialty & Generic,0.6652873166752293,Strong Sell
ATRC,"AtriCure, Inc.",114.11432,0.43176,0.28424,223.95454,4.399729,10.0,51.34409719021132,2412617216,50866294,50866294,71.493,1.229,14.372,3.6215,3.025,4.218,4.52,0.080299996,0.09781001934208144,0.02151,0.01852,0.06292,0.76298,49.27,48.44444,55.0,36.0,-0.01675583519382995,buy,1.7,9,75.25207795940806,63.68995039522377,0.002186023552640891,-0.002402957486136878,0.493987696123966,0.03808,1793131200,0.33198166,2026-08-28T08:34:46,0.0792,3.72,-20.56,Medical Instruments & Supplies,0.6657889933196934,Strong Sell
PGR,Progressive Corporation (The),13.361662,16.28914,17.90348,10.915245,1.3895606,63.4,8.367886352091231,132766564352,581100000,581100000,8.622,0.257,24.428,0.2635,0.234,0.293,2.13,0.010299999,0.08278643951127163,0.34943,0.12849,0.18208,0.18521,217.65,230.80952,309.0,198.0,0.06046184240753494,hold,2.64,21,66.27912468373951,39.50893307151542,0.017297514753628705,0.0017088507148507563,0.7762654514093956,0.0024899999,1791981000,-0.11903989,2026-08-28T08:34:46,0.0139,2.72,-15.96,Insurance - Property & Casualty,0.6661076814283896,Strong Sell
DKNG,DraftKings Inc.,14.729852,1.64428,0.88864,-71.23529411764704,1.9323539,0.1,26.040613539338757,12956243968,496454048,496454048,105.479,1.627,336.48,0.852,0.687,1.017,2.86,0.08,-0.04596931544407512,-0.21139,-0.026819998,-0.04724,0.76129997,24.22,34.97857,76.0,20.0,0.4442018992568124,buy,1.55556,35,75.60319389520023,28.566848525056756,-0.13171265535839907,-0.034355583222729885,0.8876729044384027,0.030079998,1793908800,-0.49520636,2026-08-28T08:34:46,0.09,3.6,-3.19,Gambling,0.667315275367354,Strong Sell
QXO,"QXO, Inc.",21.440174,0.64645,0.28394,-15.23076923076923,1.452751,3.13,-5.6422198630267015,21660620800,1037490709,1037490709,36.85,2.302,57.031,3.0780000000000003,2.041,4.115,3.87,0.0881,0.10561718521953511,-0.04596,-0.05167,-0.0092400005,0.24544,13.86,29.11111,50.0,18.0,1.1003686868686868,strong_buy,1.22222,18,23.17513199608929,42.16124025425107,-0.07919315086262808,-0.11785977456947143,1.0546707588738202,0.0022200001,1793908800,-0.3114754,2026-08-28T08:34:46,0.0904,4.59,-11.5,Industrial Distribution,0.6684272048817335,Strong Sell
HR,Healthcare Realty Trust Incorpo,956.5,0.02,,-73.57692307692307,5.7823644,8.82,13.46402951032031,10989889536,342719760,346997788,15.67,0.822,103.031,0.197,0.052,0.342,4.37,0.090900004,-0.006564500395308426,-0.019199999,-0.07571,0.14713,0.61946,19.13,21.58333,24.0,18.0,0.1282451646628333,hold,2.53846,12,42.439138108574355,30.9008668771735,-1.0,1.0,0.9414113986421326,0.00596,1793304000,0.100690484,2026-08-28T08:34:46,0.0549,4.67,-0.62,REIT - Healthcare Facilities,0.6703846117006103,Strong Sell
BZH,"Beazer Homes USA, Inc.",21.855265,1.52,-0.67,-92.27777777777777,0.42578936,2.9,-6.549826433106333,2167203584,26679623,26679623,-209.919,2.182,125.152,6.233499999999999,0.988,11.479,2.81,0.08270001,0.05512127738836492,-0.00653,-0.0037099998,-0.01748,0.12825,33.22,27.5,33.0,22.0,-0.17218543046357615,none,,2,51.12453046177059,72.87188500917065,0.22543352601156064,0.0,0.5089840553104137,0.07992,1794486600,0.3203498,2026-08-28T08:34:46,0.1124,8.86,1.53,Residential Construction,0.6712693801507915,Strong Sell
HP,"Helmerich & Payne, Inc.",27.668705,1.53314,-0.1365,-29.664335664335667,1.0609155,6.81,8.597920155934114,5966456832,99938945,99938945,7.205,0.619,69.731,1.6684999999999999,1.375,1.962,6.62,0.1179,-0.011019196010124022,-0.04639,-0.03428,0.05096,0.31845,42.42,43.2,50.0,30.0,0.018387553041018467,buy,2.5,15,67.75127592180714,70.08096215581126,-1.0,0.0989226810404765,1.1880236369148653,0.03825,1794859200,1.0306368,2026-08-28T08:34:46,0.0872,9.02,-4.94,Oil & Gas Drilling,0.6715639018554461,Strong Sell
DE,Deere & Company,27.723715,22.45947,18.08542,35.218323,3.5069845,1.46,29.670424338513488,207639674880,269937425,269937425,23.465,0.901,376.022,1.994,1.888,2.1,5.08,0.0188,-0.10613706037982684,0.18242,0.10168,0.17479,0.26092,622.66,665.3477,804.0,500.0,0.06855699739825916,buy,2.125,22,53.82646510282871,25.94668638741446,-0.00023937312920813684,-0.012122009368347087,0.2652197831410461,0.00169,1795609800,0.30089414,2026-08-28T08:34:46,0.0234,5.58,-5.4,Farm & Heavy Construction Machinery,0.6723729592362835,Strong Sell
RARE,Ultragenyx Pharmaceutical Inc.,39.45194,0.66562,-3.84591,-4.504288164665524,3.6108003,,-14.396699015028679,3498065920,98588873,98588873,-7.523,0.313,,1.5665,1.407,1.726,8.5,0.1667,0.2665192592271546,,-0.81728995,-0.35047,-0.20781,26.26,55.05263,103.0,28.0,1.096444402132521,strong_buy,1.45,19,40.213478954058225,64.28840453209057,0.09397358185643179,-0.5706591499874221,0.25819193224895076,0.03439,1793736000,-0.12349802,2026-08-28T08:34:46,0.1976,,,Biotechnology,0.6740374436642739,Strong Sell
CRK,"Comstock Resources, Inc.",16.829357,0.86872,0.41313,8.122222,2.280371,4.64,-4.941692197610092,8002103296,293620548,293620548,8.121,0.132,100.201,0.4,0.324,0.476,10.81,0.313,-0.2537897042273758,0.19018,0.27,0.059710003,0.56847,14.62,14.875,19.0,9.0,0.01744186046511631,hold,3.15385,12,60.868035588385084,51.090431661681905,-0.14236781466027285,-0.19649265603610924,1.152771476255605,0.73252,1793649600,-0.0936144,2026-08-28T08:34:46,0.3926,9.86,3.52,Oil & Gas E&P,0.6741915605564944,Strong Sell
AXON,"Axon Enterprise, Inc.",57.88224,10.55937,7.71309,250.4918,15.424289,2.81,223.49797450486136,50810380288,81237415,81237415,307.744,1.397,50.363,1.8655,1.582,2.149,3.84,0.0505,0.3074819428954012,0.06221,0.06191,0.0517,0.59525,611.2,693.40424,830.0,409.68,0.13449646596858633,buy,1.71429,19,49.34960902447291,56.30703343689488,0.0031552264778906473,-0.0013231366377385926,0.5494993135732006,0.045479998,1793736000,-0.18211138,2026-08-28T08:34:46,0.0461,5.1,-4.04,Aerospace & Defense,0.674976274834065,Strong Sell
HIMS,"Hims & Hers Health, Inc.",28.413221,1.11427,0.53724,-46.55882352941176,2.8651595,2.15,8.695995323247233,8091893760,224935790,233313413,-795.116,2.415,477.128,0.877,0.82,0.934,3.98,0.3023,0.3886613597596007,-0.32033002,-0.05509,-0.12751001,0.69528997,31.66,31.23077,42.0,23.0,-0.013557485786481416,hold,2.8,13,44.04717705225033,60.186956891504444,-1.0,-0.14451813773979613,1.1782396715124184,0.0561,1794254400,-0.2524203,2026-08-28T08:34:46,0.2931,3.71,1.31,Drug Manufacturers - Specialty & Generic,0.6756082502098193,Strong Sell
NET,"Cloudflare, Inc.",184.46063,1.67098,1.26262,-497.1451612903226,43.68597,2.38,158.40966756119542,109121003520,322618775,356079715,-50495.605,1.66,217.858,1.7865,1.755,1.818,1.9,0.026099999,0.5098428540000501,-0.14425999,-0.082100004,-0.07902,0.72577006,308.23,333.55194,400.0,160.0,0.08215274308146503,buy,1.88235,31,44.1909386368164,80.68538830916688,0.05223594513058992,0.05627196642140122,0.43706884692089293,0.00616,1793304000,0.47683394,2026-08-28T08:34:46,0.0255,2.84,-16.78,Software - Infrastructure,0.6761656141608446,Strong Sell
BKD,Brookdale Senior Living Inc.,71.117645,0.17,0.03,-20.491525423728813,0.98465157,0.28,125.74803397064588,7988896768,238817252,238817252,17.185,0.609,,0.999,0.855,1.143,7.24,0.16790001,-0.09406297833123045,-3.49582,-0.04717,0.06806,0.28259,12.09,19.25,23.0,17.0,0.5922249793217536,strong_buy,1.33333,6,16.533763176547723,73.75458731500824,,-0.17073170731707307,0.18858984933200626,0.01959,1793908800,0.5701299,2026-08-28T08:34:46,0.1642,7.9,3.13,Medical Care Facilities,0.6767337458940056,Strong Sell
NTNX,"Nutanix, Inc.",26.319359,2.65356,2.40333,12.652173,6.865822,1.87,29.884378111085752,17190643712,270320509,270320509,54.393,0.603,,1.664,1.551,1.777,4.77,0.059,0.0851126356824079,,0.10032,0.10029,0.87095,69.84,65.84533,84.0,47.0,-0.0571974513172967,buy,2.11765,15,72.31220196495818,38.321043116231,0.09649470989994663,0.018233513063489373,1.2287113090433055,0.01985,1795636800,0.039131045,2026-08-28T08:34:46,0.06,5.83,-42.49,Software - Infrastructure,0.6770536302909509,Strong Sell
NEO,"NeoGenomics, Inc.",54.24281,0.34364,0.18091,-47.794871794871796,3.125144,2.09,54.544943289965516,2697611264,128475440,128475440,110.899,1.73,57.064,3.3195,3.036,3.603,5.52,0.1459,0.11390036881757326,-0.06327,-0.0677,-0.048449997,0.43917,18.64,19.72222,35.0,16.0,0.0580590128755365,buy,1.83333,9,60.847373104470115,67.97876815417638,-0.011420765027322451,-0.05735838705253048,0.2868043545599538,0.02079,1793131200,1.1230068,2026-08-28T08:34:46,0.1318,4.17,12.04,Diagnostics & Research,0.6772124284109494,Strong Sell
KMX,CarMax Inc,20.427464,3.06646,2.7032,38.90683,,0.61,,27589300224,,,26.749,1.163,307.787,1.4445000000000001,0.184,2.705,5.19,0.101,0.055,0.03588,0.00789,0.03425,0.11805,62.64,54.84615,96.0,33.0,-0.12442289272030649,hold,2.84211,13,80.12326052524186,20.38421617246911,0.009242123693746622,0.009061061576592564,0.2591339161883718,0.00447,1790685000,0.02102685,2026-08-28T08:34:46,0.0978,4.83,19.7,Auto & Truck Dealerships,0.6776210099104721,Strong Sell
AIN,Albany International Corporatio,18.66507,3.1717,2.55239,-35.23809523809524,1.3728106,1.44,343.690388643049,2060999936,28371147,28371147,34.193,1.199,59.922,1.6025,0.967,2.238,2.85,0.0417,0.09890692117593969,-0.061339997,-0.041840002,0.11725,0.21078,59.2,62.0,64.0,61.0,0.04729729729729715,none,,3,39.828311929319405,85.95688560908309,-0.06906877334267049,0.019386895846858928,0.9017536103045928,0.0064999997,1793795400,-0.067863345,2026-08-28T08:34:46,0.0257,3.58,4.89,Textile Manufacturing,0.6782261371958519,Strong Sell
MOS,Mosaic Company (The),14.796455,1.60579,0.41212,-11.939698492462313,0.6166935,2.02,-10.121202718877596,13509300224,317895646,317895646,7.86,0.821,52.249,0.8454999999999999,0.354,1.337,3.93,0.12109999,-0.06179677591431998,-0.05073,-0.05213,-0.00117,0.11236,23.76,26.46842,35.0,17.0,0.11399074074074056,buy,2.45,19,62.831929367062244,44.38057372550945,-0.5007873634227294,-0.14300733822548364,1.0749669058111258,0.0033500001,1793736000,-0.28862274,2026-08-28T08:34:46,0.1069,4.5,7.35,Agricultural Inputs,0.6789271312987223,Strong Sell
LPX,Louisiana-Pacific Corporation,23.343401,3.02955,1.08176,93.052635,2.0028286,3.68,-51.51024533333333,5093983744,69923410,69923410,19.821,1.594,21.617,2.3835,1.546,3.221,5.61,0.100200005,-0.12520252636420337,0.03098,0.02187,0.05271,0.18023,70.72,92.23077,107.0,74.0,0.30416812782805436,none,,13,25.484195568127788,20.644394287610652,-0.42391240673777936,-0.187781671166256,0.900721427848691,0.09445,1793795400,-0.25643992,2026-08-28T08:34:46,0.1123,6.66,-4.97,Building Products & Equipment,0.6791340000421434,Strong Sell
BLFS,"BioLife Solutions, Inc.",112.72727,0.33,0.25,37.2,17.052803,15.09,390.00603617460274,1752651392,48906704,48906704,254.007,1.896,3.747,8.1835,6.673,9.694,2.9,0.1285,0.1883803905493202,0.12829,0.54346,0.059580002,0.63613,37.2,31.28571,33.0,31.0,-0.15898629032258071,none,,7,75.59163650174527,60.18692278654265,0.0,0.13793103448275876,1.0683318952999683,0.0242,1793908800,0.48502994,2026-08-28T08:34:46,0.1061,2.06,59.09,Medical Instruments & Supplies,0.6792434336276664,Strong Sell
CBRS,Cerebras Systems Inc.,146.55957,1.27368,-0.47037,-39.05230125523012,65.150345,,,37911605248,112247109,237564041,-78.202,,16.244,5.496,5.167,5.825,2.51,0.14109999,-0.534152812790929,,-0.75271004,-2.64968,0.34903,186.67,291.63635,330.0,209.0,0.5623096908983769,strong_buy,1.45455,11,30.624469283008864,69.85718567059752,0.5151774394706191,0.330561504309219,1.0711448078358818,0.00942,1794340800,-0.39990997,2026-08-28T08:34:46,0.137,2.21,23.7,Semiconductors,0.6807716241250162,Strong Sell
SAFT,"Safety Insurance Group, Inc.",16.6064,6.25,,22.272533,1.1845441,0.95,9.494133116420564,1515542272,14680482,14680482,15.862,0.175,6.818,0.3255,0.266,0.385,1.29,0.050100002,0.04495261122897731,0.07842,0.053340003,0.13685,0.07645,103.79,,,,,none,,,37.97656953274229,72.16073790464648,,,0.5809295930010632,0.02123,1793649600,0.40237808,2026-08-28T08:34:46,0.0242,1.0,12.56,Insurance - Property & Casualty,0.6809223931148899,Strong Sell
FLNC,"Fluence Energy, Inc.",47.325275,0.24152,-0.3467,-18.43548387096774,0.80739135,3.18,878.4845252441735,1768210816,143163588,185909379,-22.678,2.779,95.812,1.0215,0.702,1.341,3.22,0.3335,0.37551717410155994,-0.23536,-0.03073,-0.08851,0.09364,11.43,16.33333,24.0,8.0,0.4289877515310587,hold,2.57143,18,34.98061404867798,40.36431742345582,-1.0,-0.1343092593540461,1.0490532972698863,0.14425,1795464000,0.54459465,2026-08-28T08:34:46,0.173,3.35,-16.2,Utilities - Renewable,0.6823557276711699,Strong Sell
CAR,"Avis Budget Group, Inc.",23.071796,6.04591,3.48207,-7.993696275071634,0.4207659,0.17,4.507800491309232,33655588864,35325754,35325754,21.868,1.901,,0.76,0.672,0.848,11.23,0.5609,-0.01673149283664266,,-0.05431,0.1491,0.27385,139.49,129.14285,160.0,94.0,-0.07417843573015981,none,,7,48.4233869676068,42.44557755524966,-0.847799235483852,-0.25122022374241637,1.1879664095397504,0.01424,1793131200,-0.118435204,2026-08-28T08:34:46,0.3731,9.08,2.32,Rental & Leasing Services,0.682510152764265,Strong Sell
VSAT,"ViaSat, Inc.",436.3713,0.16667,0.094,-363.65,2.165906,0.26,40.04911041637979,15286803456,137755810,137755810,10.982,1.727,146.805,1.5065,1.338,1.675,5.3,0.0956,-0.03711537103226359,0.0019,-0.00635,0.04441,0.33219,72.73,101.44,140.0,49.0,0.3947476969613639,buy,1.63636,10,30.721321623523536,38.736144046013514,-0.6866666666666666,-0.5867651798775196,1.4362003609008196,0.04773,1793908800,1.2496133,2026-08-28T08:34:46,0.0865,6.07,-4.22,Communication Equipment,0.6850367749372169,Strong Sell
TTWO,"Take-Two Interactive Software, ",22.619032,10.30106,6.86958,-135.46511627906978,6.515583,3.19,34.68286355205555,44684541952,186980443,186980443,58.297,0.983,81.607,0.9805,0.899,1.062,3.2,0.035099998,-0.0023301626256174712,-0.09039,-0.04792,0.0051499996,0.57126,233.0,286.89,368.0,170.0,0.23128755364806852,strong_buy,1.21429,29,38.01993364628383,30.08038861893459,-0.023400125330521052,-0.02848178535301153,0.8213561042125334,0.0178,1794227400,-0.0011574626,2026-08-28T08:34:46,0.0343,3.65,-15.97,Electronic Gaming & Multimedia,0.6852282342019811,Strong Sell
WELL,Welltower Inc.,75.34591,3.18,2.88,108.90909,13.527083,3.66,62.641065097122336,191695355904,720572011,720572011,57.383,0.763,41.375,1.1315,0.946,1.317,5.64,0.027999999,0.2839548384845605,0.03836,0.12149999,0.16561002,0.39560002,239.6,256.72726,292.0,215.0,0.07148272120200327,buy,1.68182,22,71.74383647735786,62.2891014575265,-0.04318936877076409,-0.05357142857142849,0.6125282790888957,0.00061,1793044800,0.4238174,2026-08-28T08:34:46,0.0246,5.92,-7.18,REIT - Healthcare Facilities,0.6858104069955577,Strong Sell
AIP,"Arteris, Inc.",191.43762,0.12333,-0.175,-26.23333333333333,13.71484,,37.41028645171806,1047103104,49152102,49152102,-31.69,1.959,12.835,1.524,1.48,1.568,3.65,0.0617,0.26859587408896557,-1.31412,-0.46703997,-0.48450002,0.8761,23.61,41.0,50.0,38.0,0.736552308343922,none,,6,30.43541912828546,59.136090292542356,-1.0,-0.22918750000000004,0.10861215955621603,0.20516,1793736000,1.5063694,2026-08-28T08:34:46,0.0577,3.87,-11.96,Semiconductors,0.687486468538505,Strong Sell
APD,"Air Products and Chemicals, Inc",21.161335,14.43529,13.44213,-1454.6190476190477,5.397768,2.19,-45.42487425870052,88007548928,222685530,222685530,18.917,0.75,110.091,0.9185,0.752,1.085,3.76,0.0178,0.045335204312556776,0.00023,-0.00375,0.25536,0.32056,305.47,343.6316,365.0,314.0,0.1249274887877696,buy,1.80952,19,59.68494745486619,73.11947366900857,0.016470412089241642,0.010363807654673238,0.7989220782798324,0.01895,1793881800,0.038625002,2026-08-28T08:34:46,0.0176,3.28,-6.38,Specialty Chemicals,0.6875881047874888,Strong Sell
DBRG,"DigitalBridge Group, Inc.",39.899998,0.4,,10.037736,4.7301044,3.06,8.024321140098492,3899371776,187495281,187495281,15.749,1.478,12.081,0.8049999999999999,0.794,0.816,4.37,0.0733,,0.10207,0.5434,0.46764,1.0,15.96,16.0,16.0,16.0,0.0025062656641603454,hold,2.83333,3,66.08923849971858,72.93162681090709,0.0,0.29395721334993924,1.5699183487920718,0.0369,1793304000,0.39877295,2026-08-28T08:34:46,0.0755,4.5,-29.11,Asset Management,0.6878192473021644,Strong Sell
PANW,"Palo Alto Networks, Inc.",93.16558,4.10935,3.7746,294.50003,29.41807,3.77,87.17241205687282,311041753088,815000000,815000000,209.668,0.893,7.698,0.792,0.728,0.856,3.74,0.0277,0.0726071165644171,0.048309997,0.07947,-0.02465,0.71963996,382.85,362.714,475.0,201.0,-0.05259501110095344,buy,1.63636,50,49.65010026438571,64.95406621756067,0.0003074118046133104,0.0016914836361772883,1.0976441636436338,0.0076,1788292800,1.0095003,2026-08-28T08:34:46,0.026,3.48,2.83,Software - Infrastructure,0.6899628132122531,Strong Sell
FWONK,Liberty Media Corporation - Ser,54.30117,1.88007,1.58409,127.612495,6.3652897,12.52,39.12087034915388,30093037568,224336239,250708485,35.114,0.653,59.879,1.1055000000000001,0.964,1.247,4.36,0.040799998,0.3007206561932245,0.0273,0.055209998,0.15955,0.32579,102.09,120.25,134.0,105.0,0.17788226075031832,strong_buy,1.4375,16,63.45389220889167,55.85052755495349,-0.11162892425720916,-0.11728829793227792,1.5157914295550634,0.01402,1793881800,0.021921873,2026-08-28T08:34:46,0.0337,4.61,-1.53,Entertainment,0.6903552986249503,Strong Sell
CPT,Camden Property Trust,97.055046,1.09,2.29518,35.5,7.7398047,9.17,87.65307674922855,15752862720,115732578,115732578,17.621,0.789,125.648,0.1895,0.027,0.352,4.54,0.047399998,-0.08411116531077356,0.07885,0.20622,0.16104001,0.61619,105.79,117.42045,132.0,105.0,0.1099390301540788,hold,2.58333,22,25.30815848552338,13.72016903877548,0.0,0.3885350318471338,0.5024678729433719,0.01465,1793908800,-0.055277705,2026-08-28T08:34:46,0.0391,3.45,-19.19,REIT - Residential,0.6905193147014964,Strong Sell
BXMT,"Blackstone Mortgage Trust, Inc.",8.911805,1.54963,1.26782,172.62502,5.781575,-0.25,,17700855808,168543591,168543591,,0.949,484.696,98.565,98.554,98.576,4.64,0.0955,-0.7261538114492885,0.00448,0.03835,-3.0,1.0,13.81,18.85714,23.0,16.0,0.36546994931209276,buy,2.0,7,24.86377746608484,32.39950327824255,-0.10893232406294584,-0.20275449779547566,1.04956104702347,0.013200001,1793190600,-0.2939673,2026-08-28T08:34:46,0.0607,4.54,4.25,REIT - Mortgage,0.690546047919201,Strong Sell
LASR,"nLIGHT, Inc.",71.412704,0.63,0.49556,-179.96,8.353686,1.78,60.68588433094865,2279877888,57690197,57690197,-4840.505,2.358,3.374,7.6754999999999995,7.18,8.171,2.83,0.0648,0.14664283431030767,-0.03805,-0.040159997,-0.04319,0.31524,44.99,88.85714,100.0,81.0,0.9750420093354077,strong_buy,1.33333,7,27.00581622893027,68.65771735575348,-0.055068263290366896,-0.06744034578719883,0.3832544573851691,0.02856,1793908800,0.56215274,2026-08-28T08:34:46,0.0525,3.3,-0.03,Semiconductors,0.6908338612448148,Strong Sell
FEIM,"Frequency Electronics, Inc.",40.96154,1.56,0.93,-710.0,11.073663,1.25,188.01141138560686,636744896,10957034,10957034,206.267,0.655,13.563,1.706,1.126,2.286,2.12,0.1066,-0.3163746594196932,-0.01612,-0.01428,-0.13963,0.35105,63.9,81.0,85.0,77.0,0.267605633802817,none,,2,46.181015393310695,90.45726316867152,-0.1806167400881057,0.2649006622516556,1.4346137949778472,0.119770005,1789070400,0.98139536,2026-08-28T08:34:46,0.1531,2.05,30.56,Communication Equipment,0.6911434280609838,Strong Sell
AMBA,"Ambarella, Inc.",62.024426,1.14729,0.79024,-44.19875776397515,7.7042456,2.28,65.8399241589985,2857131008,43868185,43868185,-45.515,2.119,2.191,2.1630000000000003,1.899,2.427,2.22,0.11229999,0.13023020441807653,-0.11816,-0.17185,-0.19347,0.58817,71.16,95.0,120.0,80.0,0.3350196739741429,buy,2.14286,11,15.639735193015255,48.48488685680326,0.0,0.0,0.45070065850982416,0.04452,1788465600,-0.13724542,2026-08-28T08:34:46,0.1231,2.16,30.65,Semiconductor Equipment & Materials,0.6919845919586745,Strong Sell
TNDM,"Tandem Diabetes Care, Inc.",125.366135,0.1707,-0.66707,-23.777777777777775,1.4297675,,-33.8797240190726,1772241280,69578707,69578707,-70.796,1.541,566.964,2.8115,2.443,3.18,4.9,0.2038,0.027448458218690464,-0.48026,-0.0608,-0.054180004,0.56012,21.4,28.7,50.0,18.0,0.3411214953271029,buy,2.0,20,45.698790645025106,32.42933792985079,0.03608172937980454,0.5003955348510152,0.43842151205679686,0.0117,1793908800,0.7106315,2026-08-28T08:34:46,0.1763,6.58,-14.28,Medical Devices,0.6937930366381271,Strong Sell
CZR,"Caesars Entertainment, Inc.",40.977146,0.72333,-0.72,-13.05726872246696,0.51854056,4.51,7.92126010423649,31175272448,203777357,203777357,9.013,1.754,729.87,0.7375,0.624,0.851,4.49,0.118999995,0.051303065040734674,-0.103769995,-0.039920002,0.17674999,0.49691,29.64,31.26667,35.0,31.0,0.05488090418353586,hold,2.93333,15,25.341879781988723,26.55977268409461,-1.0,-0.14093824228028498,1.1632770297363897,0.0095999995,1793131200,0.10720956,2026-08-28T08:34:46,0.0973,5.64,-4.8,Resorts & Casinos,0.6943384516618013,Strong Sell
SBUX,Starbucks Corporation,34.427197,3.11556,2.59046,62.725147,3.189406,1.29,39.88742718432008,141126402048,1140000000,1140000000,25.012,0.966,,0.628,0.496,0.76,5.06,0.0364,-0.01685418284912288,,0.05172,0.12919,0.22341,107.26,112.22581,143.0,81.0,0.04629694201006895,buy,2.33333,31,46.43915729381668,75.26024728899188,0.08422378758009913,0.034183324592210025,0.3040298723591038,0.00132,1793217600,0.21623766,2026-08-28T08:34:46,0.0345,4.51,-16.25,Restaurants,0.6945241094540746,Strong Sell
S,"SentinelOne, Inc.",46.09857,0.49264,0.34786,-21.22429906542056,7.4220877,,29.006105585210438,7128285696,336745012,342803723,-27.47,0.751,,1.3415,1.246,1.437,2.46,0.051,0.1778201365013834,-0.21356001,-0.30385,-0.28803,0.73247004,22.71,21.70968,28.0,15.0,-0.04404755614266853,buy,1.91429,31,44.53542870002022,73.14828124378138,-0.007834543213258539,-0.003741782067422071,0.1770383929903133,0.0065200003,1787860800,0.20413578,2026-08-28T08:34:46,0.0621,3.09,-11.16,Software - Infrastructure,0.6976094797608151,Strong Sell
BTU,Peabody Energy Corporation,10.354057,2.84333,-0.26333,-18.4,0.8947458,,-66.48885595182955,3536635904,121900000,121900000,12.758,0.28,12.884,1.535,1.061,2.009,4.72,0.1305,0.12392132075471696,-0.047709998,-0.04555,-0.0947,0.103970006,29.44,30.75,36.0,27.0,0.044497282608695565,buy,1.66667,6,83.22213218545784,92.11507729358405,-1.0,-0.2715629987728427,0.8977948334531657,0.00992,1793277000,0.691954,2026-08-28T08:34:46,0.1149,4.77,2.92,Thermal Coal,0.697752234435223,Strong Sell
TXG,"10x Genomics, Inc.",318.93967,0.20333,0.105,-108.08333333333333,13.696274,,47.030891748675245,7976145408,120212296,130291168,-193.591,2.039,9.545,5.388999999999999,5.085,5.693,4.97,0.17930001,-0.10578214062228719,-0.09398,-0.12178001,-0.15198,0.70112,64.85,49.53846,65.0,40.0,-0.23610701619121044,buy,2.3125,13,63.47890713935403,30.560196690195454,,0.016649999999999998,0.5507800691649191,0.01569,1793908800,3.6288366,2026-08-28T08:34:46,0.1322,5.79,-3.86,Health Information Services,0.6978830050624757,Strong Sell
MKL,Markel Group Inc.,15.989669,112.93667,94.08,10.020086,1.3481218,2.68,-13.044937186628124,21451067392,12389958,12389958,6.257,0.658,22.432,2.09,1.029,3.151,3.69,0.019199999,0.15380995641793138,0.124639995,0.13766,0.30087999,0.51928,1805.82,1956.3334,2107.0,1671.0,0.08334906026071254,hold,3.28571,6,39.06551927513158,37.912749094641185,-0.12623255495154861,-0.03437170364033104,0.7422240259136498,0.01449,1793217600,-0.0782212,2026-08-28T08:34:46,0.0204,3.87,-16.89,Insurance - Property & Casualty,0.6979259681988981,Strong Sell
WGS,GeneDx Holdings Corp.,76.35507,1.16875,0.1275,-24.927374301675975,5.856539,,-56.02678881042046,2696217600,29822541,29822541,-80.018,1.975,68.545,3.0985,2.896,3.301,7.5,0.4037,0.07304695465084632,-0.408,-0.23405,-0.15211001,0.69383,89.24,90.44444,103.0,74.0,0.013496638278798878,none,,9,74.18426145933142,66.52213035438758,0.15909090909090912,-0.050761421319796954,1.5953708927329304,0.122489996,1793131200,-0.31083483,2026-08-28T08:34:46,0.2858,8.58,0.31,Diagnostics & Research,0.7008068176150629,Strong Sell
MBC,"MasterBrand, Inc.",36.083332,0.24,0.10333,-12.19718309859155,0.63464826,,-72.25946538185546,3210427648,203490490,203490490,19.398,1.436,85.833,1.2845,0.81,1.759,8.66,0.088999994,-0.30555540949358373,-0.0582,-0.0349,0.022820001,0.26859,8.66,10.36,11.08,10.0,0.19630484988452657,hold,3.0,3,33.91445859749851,29.738896355192097,-0.7479756097560976,-0.6065573770491803,0.5521575526761318,0.01554,1793736000,-0.31864673,2026-08-28T08:34:46,0.0933,8.27,-3.57,"Furnishings, Fixtures & Appliances",0.7008682192915385,Strong Sell
W,Wayfair Inc.,27.11741,3.87242,2.89271,-42.004000000000005,1.114617,23.5,30.496723464561438,16756017152,115990166,136968070,47.333,2.983,,0.6639999999999999,0.585,0.743,2.69,0.1171,0.2017016597769159,,-0.02488,0.03012,0.30347002,105.01,123.31034,156.0,83.0,0.1742723550138081,buy,1.9697,29,27.054376682863932,43.96454814711435,0.030659217717856877,0.04017620908712404,0.6972846203934543,0.037469998,1793104200,0.4076407,2026-08-28T08:34:46,0.1107,3.87,-14.35,Internet Retail,0.7032470912873993,Strong Sell
LBRT,Liberty Energy Inc.,59.940247,0.32132,0.25047,25.012987,0.74907804,,-10.405856724592319,4200808704,163191416,163191416,7.915,0.612,82.144,1.833,1.68,1.986,2.86,0.1365,0.13135583062775824,0.06123,0.02918,0.016210001,0.18529,19.26,29.03846,36.0,23.0,0.5077082035306333,buy,2.0,13,32.58621314318181,84.17058801214324,-0.23980211241957014,-0.6291577222260692,0.46283823484915065,0.01998,1792008000,0.712,2026-08-28T08:34:46,0.0893,1.95,-4.42,Oil & Gas Equipment & Services,0.7036155073689786,Strong Sell
SNOW,Snowflake Inc.,121.59086,2.7067,1.93612,-89.18970189701898,22.665117,8.01,65.57612496289504,113886625792,346600000,346600000,-101.083,1.315,142.912,0.9969999999999999,0.941,1.053,3.89,0.0556,0.29842805631852287,-0.54869,-0.23786,-0.22173999,0.67144996,329.11,326.87082,500.0,110.0,-0.006803743429248721,buy,1.5098,48,36.90017189503884,51.34376242961706,0.0009098616596703735,0.0055166521165741144,0.2481652507141375,0.02962,1788379200,0.378991,2026-08-28T08:34:46,0.0562,3.89,-12.7,Software - Application,0.7062834861450338,Strong Sell
AESI,Atlas Energy Solutions Inc.,162.5,0.08,-0.822,-12.745098039215685,1.5206653,,-13.714815927469678,2506090752,124905584,124905584,23.088,1.09,94.273,1.646,1.468,1.824,6.61,0.2662,0.3502434276437152,-0.09925,-0.110810004,-0.06807,0.23408002,13.0,18.5,25.0,10.0,0.42307692307692313,buy,2.41667,12,60.06915162697412,62.48309045365204,-0.6890295271950192,-0.7908496732026143,1.1557518060361387,0.34332,1793649600,0.11016226,2026-08-28T08:34:46,0.2621,5.96,0.92,Oil & Gas Equipment & Services,0.7095912786977425,Strong Sell
AOSL,Alpha and Omega Semiconductor L,83.269844,0.315,-0.5525,-18.602836879432626,1.1688093,,35.94442986399719,640747200,30253000,30253000,45.585,2.598,3.507,2.5965,1.755,3.438,4.75,0.14220001,-0.04278302978217041,-0.05217,-0.06225,-0.06449,0.22320999,26.23,43.75,58.0,34.0,0.6679374761723218,buy,2.25,4,25.899416749569937,33.81127049126654,-0.15104166666666669,-0.7954545454545455,1.729914087370521,0.07012,1794254400,-0.0882864,2026-08-28T08:34:46,0.1331,5.31,29.43,Semiconductors,0.7120584916457299,Strong Sell
WBD,"Warner Bros. Discovery, Inc. - ",412.5714,0.07,-1.075,-22.387596899224803,2.0048761,216.92,4.478532030879278,102278111232,2507136702,2507136702,13.124,1.565,94.199,0.5915,0.406,0.777,2.35,0.0225,-0.12379327704325549,-0.08786,-0.08769,0.05105,0.47811002,28.88,29.81818,31.25,26.0,0.032485457063712087,hold,2.73684,11,84.69606939141207,28.83123433014879,0.10070546737213408,-1.0,0.9061939475289602,0.04186,1793881800,1.4810996,2026-08-28T08:34:46,0.0303,2.76,11.08,Entertainment,0.7157050875901194,Strong Sell
L,Loews Corporation,37.868965,2.9,,13.4914,1.2009335,1.32,17.78942296038035,25906251776,204427720,204427720,8.003,0.518,44.609,0.507,0.507,0.507,5.65,0.0249,0.06578097475234745,0.09313,0.09024,0.14533,0.36290002,109.82,,,,,none,,,31.212411782728253,24.777128138955064,,,0.3184336299134435,0.20066,1793622600,0.13450408,2026-08-28T08:34:46,0.0265,5.54,-1.26,Insurance - Property & Casualty,0.7177354682157525,Strong Sell
VITL,"Vital Farms, Inc.",39.84733,0.262,-0.4125,-208.79999999999998,0.5853748,,-4.573188350137145,535214080,42931522,42931522,34.062,1.071,38.162,0.8220000000000001,0.54,1.104,5.32,0.28100002,-0.06706038281149229,0.00053,0.0002,-0.24180001,0.28122,10.44,13.22222,18.0,10.0,0.26649616858237546,none,,9,26.664620391992372,34.261751031644536,0.024499834460578053,-0.41029507753944494,0.7777451165655193,0.18355,1793881800,-0.7956547,2026-08-28T08:34:46,0.2533,6.12,9.58,Farm Products,0.7221283465052388,Strong Sell
SLAB,"Silicon Laboratories, Inc.",50.20419,4.36119,2.92237,-188.75,8.535697,3.12,-533.0015393286094,6908410368,33366761,33366761,-692.364,1.361,,4.625,3.843,5.407,10.67,0.1402,0.16344825618524972,-0.03628,-0.045689996,-0.04674,0.60611,218.95,222.85715,231.0,200.0,0.017844941767526823,hold,3.0,7,48.74398104344282,48.69213533747139,0.05810896925282771,0.051213386297460355,1.2055899100643241,0.01608,1793736000,0.6296985,2026-08-28T08:34:46,0.0874,9.07,-2.41,Semiconductors,0.7223328049306029,Strong Sell
SHO,"Sunstone Hotel Investors, Inc. ",79.928566,0.14,0.28,50.863636,2.0767522,3.0,-18.475884476898454,3202564608,185943941,185943941,13.983,0.988,51.842,3.497,1.559,5.435,0.01,0.0002,0.08231573678434634,0.027520001,0.05302,0.12773,0.43710998,11.19,11.79167,13.0,10.0,0.05376854334226988,buy,2.41667,12,64.0661678668754,41.75880169479296,0.931034482758621,-0.282051282051282,1.0989275209917997,0.01559,1793881800,0.18037975,2026-08-28T08:34:46,0.0706,5.63,-16.91,REIT - Hotel & Motel,0.7234740152112651,Strong Sell
CRWD,"CrowdStrike Holdings, Inc.",143.16577,1.59228,1.23441,3256.5715,45.819992,6.03,121.16924326932974,188944285696,1023934842,1023934842,3185.224,1.234,17.568,1.432,1.333,1.531,3.02,0.0241,0.22295081741148515,-0.0024899999,-0.00598,-0.022079999,0.75136,227.96,210.535,256.0,103.25,-0.07643884892086339,buy,1.69811,50,38.99097282957719,83.58159644887691,0.0011597917241155918,0.0020324164024951175,1.1504992676744321,0.01467,1787774400,1.1520886,2026-08-28T08:34:46,0.0255,3.28,-6.89,Software - Infrastructure,0.7251491056362418,Strong Sell
CPNG,"Coupang, Inc.",60.305428,0.26913,-0.4336,-38.642857142857146,0.82267255,0.45,-118.41142017131868,28696614912,1639708712,1797511702,-623.839,1.157,188.584,0.739,0.608,0.87,3.45,0.0537,0.15045968809611332,-0.19995001,-0.02163,-0.06278,0.28354,16.23,23.65556,30.0,12.0,0.45752064078866295,buy,1.77778,18,50.747435168210025,37.10968101943802,-0.4135750146704048,-0.07013785716753633,1.4483124964965528,0.0063,1793736000,-0.43212038,2026-08-28T08:34:46,0.0599,4.34,-0.29,Internet Retail,0.7324400857303871,Strong Sell
CRCL,"Circle Internet Group, Inc.",59.231697,1.59104,1.21756,18.885773,8.841785,4.34,124.56648379714828,22212481024,234685190,272594112,97.063,,0.454,0.5315,0.028,1.035,2.1,0.1062,0.1703074466352139,0.15347,0.15531999,0.04899,0.21997999,94.24,103.28913,243.0,37.0,0.09602217741935481,buy,2.33333,23,79.72696376273315,47.939504783995496,0.24303630983136823,-0.07348907531543103,1.67653025328426,0.0225,1794400200,-0.2859524,2026-08-28T08:34:46,0.1148,2.31,-9.92,Capital Markets,0.7378629982829668,Strong Sell
GSAT,"Globalstar, Inc.",333.13034,0.2463,0.49288,-170.9375,37.879852,0.5,-36.601733149455356,10640052224,129563390,129563390,117.25,1.514,143.243,1.49,1.435,1.545,3.88,0.076799996,-0.0571982177990249,-0.15878999,-0.18488,-0.07372,0.62247,82.05,90.0,90.0,90.0,0.09689213893967108,buy,2.33333,3,28.023486192601283,50.01110007383881,0.0,-0.1958863858961803,1.140752206713318,0.59443,1793881800,1.7413967,2026-08-28T08:34:46,0.0746,3.34,21.44,Telecom Services,0.7391647521958195,Strong Sell
DOCN,"DigitalOcean Holdings, Inc.",66.07191,1.84163,1.45301,52.448277,14.149833,1.54,-600.3149377089153,15517914112,117579550,117579550,50.279,1.586,212.506,1.2235,1.136,1.311,2.41,0.0874,-0.003453327181469845,0.62273,0.23265,0.104449995,0.57222,121.68,175.2143,200.0,140.0,0.43995973044049963,none,,14,39.462140260303244,85.78990288689528,0.17678358831485408,-0.003181438914757937,1.2583694063010042,0.16736999,1793795400,2.7302268,2026-08-28T08:34:46,0.0885,2.35,-25.18,Software - Infrastructure,0.7392037880317524,Strong Sell
OPY,"Oppenheimer Holdings, Inc.",46.875,2.56,,13.318535,0.74886787,,,1046732608,10608340,10708005,,1.078,147.915,1.2005,1.156,1.245,0.58,0.010299999,0.23130909265728672,0.10817,0.05994,0.176,0.92122,120.0,,,,,none,,,65.54570861404807,77.18838814243803,,,0.8031306487878335,0.42355,1793363400,0.6535759,2026-08-28T08:34:46,0.013,1.0,-11.76,Capital Markets,0.739553095282445,Strong Sell
PUMP,ProPetro Holding Corp.,27.25367,0.41022,-0.02397,-93.16666666666667,1.1836797,,-28.56697121815742,1447104384,122823917,122823917,9.495,0.779,89.604,4.0184999999999995,3.944,4.093,3.78,0.145,-0.2064446210423334,-0.01502,-0.01153,-0.0152,0.22693,11.18,16.72727,21.0,11.0,0.49617799642218263,buy,1.83333,11,37.81833544099861,88.61706994870826,-1.0,0.007911547911547913,1.6409720033097026,0.020399999,1793190600,1.1921568,2026-08-28T08:34:46,0.154,3.06,-4.64,Oil & Gas Equipment & Services,0.7400755008622981,Strong Sell
BA,Boeing Company (The),50.93379,4.12084,-1.07518,76.32364,1.7648892,89.29,29.489725050220436,194978758656,790370020,790370020,-67.234,1.221,790.875,0.717,0.296,1.138,0.01,0.0001,0.03325105534746897,1.73537,0.025910001,4.0000003e-05,0.0471,209.89,274.84616,305.0,246.0,0.30947715470008097,buy,1.53571,26,28.16238878910302,55.63057221903839,-1.0,0.0077128114836281444,1.0713955735803298,0.00057,1793190600,-0.1056332,2026-08-28T08:34:46,0.0204,2.35,5.18,Aerospace & Defense,0.7404335049374029,Strong Sell
PI,"Impinj, Inc.",59.95456,2.80329,2.09579,-175.07291666666666,13.822166,,91.39806110702982,5268918272,30554413,30554413,596.166,1.908,115.143,2.7365000000000004,2.196,3.277,6.22,0.142,0.050070629731947314,-0.12875,-0.07265,0.09693,0.52856,168.07,180.88889,220.0,144.0,0.07627113702623922,buy,1.66667,9,40.626984990653874,76.01124771451695,0.1103052585850666,-0.005015226696765038,1.1920409327291968,0.02743,1793217600,-0.1034832,2026-08-28T08:34:46,0.1014,6.41,-10.42,Semiconductors,0.7406149794438729,Strong Sell
TSLA,"Tesla, Inc.",164.37195,2.15858,1.77267,322.55453,13.523957,5.13,289.77234505329204,1374555865088,3949547394,3949547394,127.806,1.827,18.373,1.6440000000000001,1.347,1.941,1.82,0.0196,0.023485578661725404,0.046669997,0.03671,0.014099999,0.18852,354.81,390.09283,600.0,125.0,0.0994414757193991,buy,2.34783,39,53.56543064230221,54.69565141122211,-0.169585136882343,-0.15337519561661883,0.5321338791442315,0.17819001,1792612800,0.06271899,2026-08-28T08:34:46,0.0243,1.55,-3.04,Auto Manufacturers,0.7419573652522751,Strong Sell
CIFR,Cipher Digital Inc.,56.84746,0.295,-0.588,-5.608695652173912,36.4224,,-2.4020446364825156,11740715008,415030722,415030722,122.193,3.223,950.563,1.807,0.618,2.996,2.01,0.192,-0.49017893321159967,-1.67485,0.0,-3.0,-0.100360006,16.77,32.17647,69.0,22.0,0.9186923076923079,strong_buy,1.29412,17,48.86191152329382,63.493141653651044,-0.3439999999999999,-0.3854166666666667,1.5821832566080039,0.0354,1793622600,1.1950262,2026-08-28T08:34:46,0.1629,1.89,-0.82,Information Technology Services,0.7846394993736404,Strong Sell
OLN,Olin Corporation,21.934223,0.78781,-0.45884,-10.105263157894738,,7.05,,5200117248,,,8.273,1.203,199.059,1.1045,0.791,1.418,3.49,0.1129,-0.009,-0.10585,-0.02937,0.0403,0.06858,17.28,21.61538,30.0,19.0,0.2508900462962962,hold,3.0,13,45.220379063007755,66.33483347089108,-1.0,-0.15994711082202154,1.1972343851354224,0.0038800002,1793304000,-0.26965344,2026-08-28T08:34:46,0.1146,3.72,-13.73,Chemicals,0.7855574215541113,Strong Sell
COIN,"Coinbase Global, Inc.",67.44561,2.82776,-1.99497,-46.975369458128085,8.325784,10.62,18.85698629001528,48198426624,222803032,263836923,68.899,3.361,50.982,1.8495,1.276,2.423,2.99,0.1042,-0.05458634699369802,-0.07847,-0.16344,-0.13922,0.8581,190.72,196.55414,330.0,95.0,0.03059007969798655,buy,1.94118,29,68.21686033912616,52.68668663700672,-1.0,-0.3288268188248251,1.3924837242877315,0.01324,1793304000,-0.373744,2026-08-28T08:34:46,0.0992,2.72,-13.0,Financial Data & Stock Exchanges,0.8548557140555907,Strong Sell
ABSI,Absci Corporation,-13.952249,-0.67516,-0.80569,-11.629629629629628,1035.6207,,-31.95390489738327,1419291008,171614010,171614010,-11.876,2.425,1.556,10.445,10.263,10.627,12.74,0.2653,-0.549531301599444,-0.57724,0.0,-3.0,0.0,9.42,13.88889,17.0,10.0,0.47440445859872615,strong_buy,1.4,9,63.138535732769675,,-0.03557794886955185,-0.08454211042038128,0.16538316079539164,0.11847,1794859200,2.9414227,2026-08-28T08:34:46,0.2284,,,Biotechnology,,NA
ADPT,Adaptive Biotechnologies Corpor,-143.12782,-0.18473,-0.54108,-66.1,13.696769,,222.36379073538055,4293705984,159595842,159595842,-201.327,2.088,272.464,4.6525,4.51,4.795,4.98,0.105500005,0.15925896114511562,-0.38759,-0.20726,-0.2204,0.46942002,26.44,25.07143,28.0,21.0,-0.0517613464447807,strong_buy,1.5,7,62.116342783552426,,-0.1831798998491177,0.269437633473068,0.4679823558516502,0.01306,1793822400,1.0060699,2026-08-28T08:34:46,0.1062,,,Diagnostics & Research,,NA
AEVA,"Aeva Technologies, Inc.",-10.192785,-1.608,-1.534,-74.5,52.897366,,-8.191393997169916,1066959360,69705758,69705758,-8.421,2.458,371.853,7.5915,7.337,7.846,2.47,0.092700005,-0.12144770307210484,,-1.50116,-3.0,0.27225,16.39,30.0,42.0,20.0,0.8303843807199511,buy,1.8,5,23.870271598993696,,0.09230769230769226,-0.03909531502423263,0.13119427988750038,0.17456,1793822400,0.107058406,2026-08-28T08:34:46,0.1076,,,Software - Infrastructure,,NA
AGIO,"Agios Pharmaceuticals, Inc.",-8.684769,-3.94714,-5.63375,-4.848656294200849,20.811693,,-7.452842464057333,1460175488,59701882,59701882,-3.219,0.586,3.038,9.6805,9.14,10.221,6.38,0.1291,2.4854732653151537,-0.34337002,0.0,-2.47071,-2.7079,34.28,45.75,73.0,32.0,0.33459743290548416,buy,1.6,8,74.57295409621628,,0.09169689641273675,0.20959495309238807,1.2075157337401758,0.010679999,1793277000,-0.090957284,2026-08-28T08:34:46,0.1525,,,Biotechnology,,NA
AI,"C3.ai, Inc.",-22.922955,-0.45064,-0.78712,-2.8935574229691876,,,,1089022976,,,-2.296,2.073,8.976,6.493,6.343,6.643,9.65,0.3367,-0.525,-0.6305,-1.87946,-2.13818,0.3092,10.33,8.81818,15.0,6.0,-0.146352371732817,none,,11,56.065060981472925,,,,0.19675834159876285,0.04901,1788379200,-0.38911885,2026-08-28T08:34:46,0.3465,,,Software - Infrastructure,,NA
ALMS,Alumis Inc.,-8.096502,-2.86667,-3.32,-5.647201946472019,406.0816,,-14.399088578612702,2538326016,129435239,129435239,-6.023,-0.669,8.056,6.692,6.64,6.744,5.85,0.0754,-0.5033288654877054,-0.93646,0.0,-3.0,1.0,23.21,40.33333,55.0,25.0,0.7377565704437741,strong_buy,1.3,9,16.850980016417964,,-0.14403859407305297,0.029563303994583658,0.8233971322959702,0.0052300002,1794513600,4.0021553,2026-08-28T08:34:46,0.0563,,,Biotechnology,,NA
ALMU,"Aeluma, Inc.",-45.639343,-0.305,-0.185,-39.77142857142857,49.0397,,-574.6697067904366,218119264,18305335,18305335,-34.355,-0.066,2.717,25.671,25.238,26.104,7.1,0.269,-0.15954463548468245,-0.20673999,-1.1555,-1.73895,0.37741002,13.92,30.5,31.0,30.0,1.1910919540229887,none,,2,33.74454801880013,,0.0,-0.23646977743544004,0.28626197538519477,0.16744,1788897600,-0.3892058,2026-08-28T08:34:46,0.2628,,,Semiconductors,,NA
AMBQ,"Ambiq Micro, Inc.",-259.90485,-0.2312,-0.53375,-13.533783783783784,14.848766,,-51.9052193639831,1091057792,24184536,24184536,-30.738,,1.133,15.333,14.714,15.952,3.4,0.0752,0.4901442475472757,-0.15548,-0.37772,-0.25743,0.43623,60.09,85.66667,125.0,73.0,0.42563937427192533,none,,6,41.7036951155993,,0.5191441441441442,0.6927574750830565,0.7464779442355675,0.049990002,1793881800,0.5132209,2026-08-28T08:34:46,0.0795,,,Semiconductors,,NA
AMLX,"Amylyx Pharmaceuticals, Inc.",-32.19912,-1.15469,-1.49716,-26.368794326241137,,,-53.58126190498116,3886061568,111423048,111423048,-24.027,-0.205,2.197,12.0,11.88,12.12,7.01,0.1558,,-0.7473,0.0,0.0,0.0,37.18,42.36364,57.0,20.0,0.13942011834319512,strong_buy,1.16667,11,83.95167892260491,,-0.08124738202880133,0.0879225908372828,0.8971358231419356,0.07141,1793881800,2.9637527,2026-08-28T08:34:46,0.1607,,,Drug Manufacturers - Specialty & Generic,,NA
APGE,"Apogee Therapeutics, Inc.",-25.787468,-5.23355,-4.74634,-31.025287356321844,,,-70.14485264525044,9212961792,62201093,75687735,-28.601,0.343,0.572,26.303,26.167,26.439,3.63,0.0728,,-0.32456002,0.0,0.0,0.0,134.96,134.84818,135.11,133.0,-0.000828541790160009,hold,2.86667,11,65.33270251077388,,-0.07555785184832682,-0.008688495837886787,0.34469762205702553,0.02315,1794227400,2.7107506,2026-08-28T08:34:46,0.0731,,,Biotechnology,,NA
APLD,Applied Digital Corporation,-109.76,-0.25,-0.95333,-30.153846153846153,12.761585,1.83,-1.5723860227381787,13531941888,284303812,284303812,-126.435,5.767,136.231,2.7165,1.423,4.01,2.77,0.21290001,3.6600160253918785,-0.08376,-0.39915,-0.48219,0.25879,27.44,74.22727,109.0,37.5,1.705075437317784,strong_buy,1.36364,11,48.24633978623116,,0.22493495934959348,0.75,0.5331442794444682,0.09879,1791489600,0.7171464,2026-08-28T08:34:46,0.2226,,,Information Technology Services,,NA
ARE,Alexandria Real Estate Equities,-64.543205,-0.81,,-8.7571189279732,3.1676428,3.24,6.689454089888575,25428375552,172095277,172095277,14.27,1.169,68.67,2.1635,1.977,2.35,3.86,0.055,-0.12603531849395255,-0.040760003,-0.36078998,0.17282,0.68198997,52.28,53.0,60.0,47.0,0.01377199693955622,hold,2.9375,14,46.36721310559212,,-0.29115667371442994,0.07954545454545449,1.504830032807748,0.01385,1793044800,-0.3658418,2026-08-28T08:34:46,0.044,,,REIT - Office,,NA
ARWR,"Arrowhead Pharmaceuticals, Inc.",-18.198326,-4.86803,-3.50545,-39.02643171806167,18.691301,,-257.3352944481264,12295790592,141254467,141254467,-61.284,1.294,295.984,5.8025,5.706,5.899,4.8,0.0907,1.6494808125253835,-0.55207,-0.4779,-2.26028,1.0,88.59,110.18182,126.0,100.0,0.24372750874816562,none,,11,42.74644289772833,,-0.16809396867710774,-0.1237373037857803,0.9676729002594424,0.03657,1795550400,3.0213346,2026-08-28T08:34:46,0.0752,,,Biotechnology,,NA
ASST,"Strive, Inc.",-21.308756,-1.085,-5.835,-23.835051546391753,243.91023,,-4.556554984570464,2492788736,79890888,89683423,-3.088,13.193,0.246,7.539,7.455,7.623,6.82,0.24239999,-0.9797529585601802,-1.3705701,0.0,-3.0,0.0,23.12,26.6,36.0,16.0,0.1505190311418685,strong_buy,1.2,5,93.88225481689315,,-0.4371921182266011,-0.03827751196172252,,0.01418,1794313800,-0.8120325,2026-08-28T08:34:46,0.2497,,,Asset Management,,NA
ASTS,"AST SpaceMobile, Inc.",-50.683033,-1.21224,-1.98488,-27.800904977375566,207.37776,,-13.286734830036837,19628093440,299789305,389167494,-48.307,2.745,124.865,12.723,12.393,13.053,3.77,0.19229999,31.607408140380457,-0.45621,0.0,-3.0,0.38914,61.44,78.48182,108.0,42.5,0.2773733723958334,none,,11,40.97689420702477,,-0.5158626279806793,-0.6202439777640519,0.4599947746865313,0.07966,1794254400,0.25541484,2026-08-28T08:34:46,0.2157,,,Communication Equipment,,NA
AVBP,"ArriVent BioPharma, Inc.",-8.145269,-3.80589,-4.34262,-8.806818181818182,,,-17.08275829759141,1155771648,49307729,49307729,,1.366,0.096,13.778,13.4,14.156,17.26,0.177,,-0.53253,0.0,0.0,0.0,31.0,44.7,50.0,40.0,0.4419354838709679,strong_buy,1.0,10,62.33422655850044,,-0.07915042083839652,-0.08757426209411259,0.5172653260171741,0.01543,1794859200,0.62133896,2026-08-28T08:34:46,0.2563,,,Biotechnology,,NA
BATRK,"Atlanta Braves Holdings, Inc. -",-86.641556,-0.58667,-0.69,-50.83,4.349064,,-163.12450609846243,4054426112,52871959,64167897,101.967,0.821,170.267,0.419,0.347,0.491,6.85,0.0687,0.17426909602498375,-0.120340005,-0.08559,-0.06077,0.24903,50.83,61.2,73.0,49.0,0.2040133779264215,buy,2.2,5,57.463219148834355,,-1.0,-1.0,0.8699415920593445,0.080520004,1793795400,0.13005781,2026-08-28T08:34:46,0.0614,,,Entertainment,,NA
BBNX,"Beta Bionics, Inc.",-8.440605,-2.315,-1.895,-12.212499999999999,7.3865757,,-21.81710825433067,705121472,44989688,44989688,-8.727,,2.54,8.298,7.716,8.88,5.53,0.1674,0.3313030265957835,-0.26155,-0.61315,-0.79899,0.58314997,19.54,20.30909,30.4,14.0,0.03935977482088027,buy,1.75,11,60.43640454651944,,0.10047610684160302,0.03138075313807539,0.22724549732560442,0.01079,1793131200,0.037155032,2026-08-28T08:34:46,0.2835,,,Medical Devices,,NA
BCAX,Bicara Therapeutics Inc.,-7.2261105,-3.43615,-3.35643,-8.087947882736156,,,-21.35356372967851,1146977920,66172934,66172934,-5.683,,0.248,11.5135,11.438,11.589,17.09,0.2202,,-0.41011003,0.0,0.0,0.0,24.83,33.5,45.0,20.0,0.3491743858236005,buy,1.5625,14,39.129859112536586,,0.03486797270602036,0.05405368203716444,0.3958802396865095,0.10067,1794313800,1.0795646,2026-08-28T08:34:46,0.2836,,,Biotechnology,,NA
BEAM,Beam Therapeutics Inc.,-6.428521,-4.74137,-4.45352,-43.542857142857144,20.176292,,-13.017514893898547,2140166400,103287665,103287665,-6.015,2.209,23.173,14.413,14.254,14.572,13.28,0.3648,-0.9431936427258762,-0.08184,-0.55449003,-3.0,-1.61905,30.48,52.15385,80.0,26.0,0.7110843175853017,strong_buy,1.33333,13,44.3997124929803,,-0.004257391806324804,-0.0019123812421814722,0.6517865892020076,0.013730001,1793709000,0.86308074,2026-08-28T08:34:46,0.2762,,,Biotechnology,,NA
BETA,"Beta Technologies, Inc.",-9.755556,-2.25,-2.28,-1.667933130699088,118.67477,,-17.39122221385605,3862232320,225439576,242442544,-8.006,,12.797,14.372,14.273,14.471,5.17,0.0583,1.2930026251335747,-0.89944,0.0,-3.0,0.60058,21.95,32.0,37.0,29.0,0.45785876993166297,strong_buy,1.25,8,42.59417628728695,,-0.06046511627906972,-0.07142857142857138,1.3426409942845685,0.39648998,1794832200,-0.3902778,2026-08-28T08:34:46,0.0689,,,Aerospace & Defense,,NA
BFLY,"Butterfly Network, Inc.",-145.33334,-0.06,-0.09,-30.068965517241384,20.705582,,2508.5826160702227,2216444672,244858246,266285183,-47.343,2.084,10.083,3.4734999999999996,2.887,4.06,4.21,0.1504,0.408848382586225,-0.35457,-0.66745,-0.30897,0.68158996,8.72,9.3125,11.0,5.25,0.06794724770642202,none,,4,53.720588644961836,,0.2941176470588236,0.35135135135135137,0.4764216733671254,0.10186,1793363400,4.416149,2026-08-28T08:34:46,0.1463,,,Medical Devices,,NA
BH,Biglari Holdings Inc.,-50.88859,-7.45,,-17.209260099863823,2.976488,-18.8,43.57203425248133,257193008,2112068,3184478,3.957,0.528,65.917,2.3955,2.344,2.447,0.72,,0.6417079705767048,-0.05251,-0.07334,0.07743,0.39130002,379.12,,,,,none,,,61.757862390210114,,,,1.3151109523564626,0.00426,1793995200,0.21954513,2026-08-28T08:34:46,0.7094,,,Restaurants,,NA
BHVN,Biohaven Ltd.,-8.112856,-1.98697,-2.64272,-3.542857142857143,,,-9.502906481709932,2463994624,151043781,151043781,-4.737,3.162,2430.331,4.504,4.275,4.733,9.83,0.1509,,-7.99462,0.0,0.0,0.0,16.12,21.73333,42.0,10.0,0.3482214640198509,buy,1.6875,15,74.15146879975075,,-0.09712881316528013,-0.022114425045525087,0.35884037660872325,0.11205,1794254400,0.047433376,2026-08-28T08:34:46,0.1529,,,Biotechnology,,NA
BKSY,BlackSky Technology Inc.,-68.77778,-0.36,-1.095,-14.312138728323701,9.30298,,-14.181762036438128,1000450176,40924846,40924846,-59.746,2.623,104.632,5.6315,5.428,5.835,6.42,0.18020001,0.2892584055172742,-0.44755,-0.61241,-0.23358,0.69852996,24.76,38.42375,50.0,33.0,0.5518477382875604,none,,8,47.975778546607586,,0.11930058793723312,0.0442562455199512,0.3935504736347123,0.08269,1793881800,0.41002274,2026-08-28T08:34:46,0.2018,,,Specialty Business Services,,NA
BYND,"Beyond Meat, Inc.",-1.421376,-9.84961,-11.38601,-0.7423117709437964,0.92996,40.75,-32.58030189317678,477159296,17193965,17193965,-3.662,2.79,718.525,2.195,1.756,2.634,3.62,0.3016,-0.8635933865399865,,1.15852,-0.42488998,0.102460004,14.0,18.33334,30.00003,10.0,0.3095242857142857,underperform,3.8,3,50.7779372406062,,-0.1201289534290023,-0.10731859773063786,0.5171066472978225,0.03379,1793822400,-0.81333333,2026-08-28T08:34:46,0.3074,,,Packaged Foods,,NA
CADL,"Candel Therapeutics, Inc.",-22.0,-0.625,-1.0025,-9.046052631578947,,,-29.429704611589436,900082240,76518565,76518565,-12.623,-0.502,39.259,15.992,15.89,16.094,10.24,0.2094,,-0.81844,0.0,0.0,0.0,13.75,21.0,29.0,12.0,0.5272727272727273,strong_buy,1.22222,8,80.63080464393192,,-0.11080332409972297,-0.03305785123966945,0.46747432451905474,0.14852999,1794486600,1.374784,2026-08-28T08:34:46,0.2075,,,Biotechnology,,NA
CAPR,"Capricor Therapeutics, Inc.",-6.344762,-1.58556,-2.27571,-3.825095057034221,,0.38,-6.55756882552528,437988800,58138989,58138989,-3.292,0.528,36.977,7.282500000000001,7.219,7.346,2.03,0.33720002,,-0.737,0.0,0.0,0.0,10.06,22.75,54.0,2.0,1.2614314115308152,hold,2.55556,4,89.1906592321868,,-1.0,-1.0,0.46035336306275104,0.09437,1794340800,0.6019108,2026-08-28T08:34:46,0.3898,,,Biotechnology,,NA
CCOI,"Cogent Communications Holdings,",-3.7432308,-2.58333,-2.515,-10.744444444444444,0.5629101,2.22,-3.7500371780989954,2915604736,51215736,51215736,17.902,0.786,,0.501,0.37,0.632,4.39,0.1826,-0.07713649961019797,-7.2150297,-0.051409997,-0.0669,0.50345004,9.67,15.27273,30.0,9.0,0.5793929679420888,hold,2.58333,11,48.713727939390346,,0.35800893426930436,0.12503640982218459,1.6971882567148178,0.0414,1793881800,-0.7470573,2026-08-28T08:34:46,0.1606,,,Telecom Services,,NA
CELC,Celcuity Inc.,-1165.5,-0.08,-4.39,-22.09478672985782,,,-63.36593947306287,4562752000,48931908,48931908,-21.886,0.2,,8.805499999999999,8.68,8.931,6.73,0.32299998,,-14.33703,0.0,0.0,0.0,93.24,161.09091,177.0,140.0,0.7277017374517376,strong_buy,1.16667,11,60.157472012636404,,-0.16445623342175059,-1.0,0.1810911659237837,0.102299996,1794427200,0.82002735,2026-08-28T08:34:46,0.3545,,,Biotechnology,,NA
CGEM,"Cullinan Therapeutics, Inc.",-8.338007,-2.71048,-3.16502,-7.337662337662338,,,-15.566301424591133,1121949056,61458046,61458046,-5.065,-0.023,0.644,8.355,8.293,8.417,17.37,0.2291,,-0.50298,0.0,0.0,0.0,22.6,32.36364,42.0,23.0,0.4320194690265484,strong_buy,1.09091,11,82.71216356292365,,-0.05566821875041694,-0.07244232192103316,0.9409391161557162,0.00425,1793881800,1.9973476,2026-08-28T08:34:46,0.2202,,,Biotechnology,,NA
CGON,"CG Oncology, Inc.",-26.156624,-3.02065,-3.20456,-29.1549815498155,1124.5145,,-61.59075159279047,5984016896,88640375,88640375,-23.968,0.23,0.857,21.997500000000002,21.776,22.219,12.96,0.1292,,-0.26405,0.0,-3.0,0.0,79.01,91.07692,108.0,79.0,0.15272649031768126,strong_buy,1.4,13,68.86675917496055,,-0.20692694170552214,-0.08689316196260732,0.9181467663834739,0.00228,1794227400,1.945936,2026-08-28T08:34:46,0.1738,,,Biotechnology,,NA
CLDX,"Celldex Therapeutics, Inc.",-9.720354,-4.1624,-4.10626,-9.32258064516129,20109.523,,-23.87506003885047,2464621824,78529532,78529532,-7.644,0.837,0.686,11.763,11.705,11.821,7.85,0.1144,-0.974635962430032,-0.43877,0.0,-3.0,0.0,40.46,58.06667,100.0,38.0,0.435162382600099,none,,15,59.7554684426102,,0.06514434022402342,0.07491943549283261,0.23843126710221527,0.00271,1794254400,0.8324275,2026-08-28T08:34:46,0.1037,,,Biotechnology,,NA
CLPT,ClearPoint Neuro Inc.,-14.40357,-1.10667,-1.32333,-13.508474576271187,11.500683,0.61,-34.60733452549355,520820384,30504227,30504227,-18.462,1.271,593.411,4.2495,3.754,4.745,7.17,0.1525,0.09430620877559037,-2.26521,-0.81757003,-0.94154,0.62608004,15.94,25.66667,30.0,22.0,0.6102051442910916,none,,3,65.2375150232726,,-0.1886233192314947,-0.17730851063829797,0.15285304933801414,0.05436,1793908800,0.51954246,2026-08-28T08:34:46,0.171,,,Medical Devices,,NA
CLSK,"CleanSpark, Inc.",-9.141155,-1.41667,-1.21,-3.229426433915212,4.8962836,,68.01449053546513,4910075904,256817073,256817073,-5.806,3.886,234.725,3.6254999999999997,1.339,5.912,2.92,0.4014,-0.23933137202291843,-0.68622,-1.46901,-1.65191,0.46993,12.95,23.80769,27.0,21.0,0.8384316602316604,strong_buy,1.30769,13,39.50894684033594,,,-0.9540275862068968,1.0358973411997867,0.03505,1795550400,0.36747622,2026-08-28T08:34:46,0.2972,,,Capital Markets,,NA
COGT,"Cogent Biosciences, Inc.",-33.468388,-1.10821,-2.2143,-17.013761467889907,,,-34.57460537498659,5954384896,173524982,173524982,-15.408,0.329,45.88,13.467500000000001,13.362,13.573,9.61,0.1067,,-1.09737,0.0,0.0,0.0,37.09,55.81818,62.0,45.0,0.504938797519547,strong_buy,1.33333,11,31.52733760827266,,0.018527547537786373,-0.17303173359866195,0.07488495716455519,0.00424,1793709000,2.0703642,2026-08-28T08:34:46,0.1067,,,Biotechnology,,NA
CRML,Critical Metals Corp.,-42.31579,-0.19,-0.2,-5.622377622377622,1536.5952,,22.665606033876685,897043648,146888753,146888753,-17.318,1.913,1.651,0.747,0.747,0.747,3.71,0.3089,0.05926606647685273,-1.40977,0.0,-3.0,1.0,8.04,13.0,18.0,8.0,0.6169154228855722,none,,2,59.33000086951469,,0.04761904761904753,0.0,1.9968156044524794,0.42856,1742381940,0.2978208,2026-08-28T08:34:46,0.3274,,,Other Industrial Metals & Mining,,NA
CRNX,"Crinetics Pharmaceuticals, Inc.",-20.97418,-4.04545,-4.12667,-16.801980198019802,213.54442,,-36.18797033780515,7841052672,106095205,106095205,-14.391,0.088,3.959,15.404499999999999,15.238,15.571,2.26,0.0726,20.512076618806667,-0.42446,0.0,-3.0,0.0,84.85,85.5,90.0,85.0,0.007660577489687848,none,,10,57.71171293286362,,0.10693023024301153,0.005829198583494906,0.19733212498229236,0.01567,1793908800,1.7379799,2026-08-28T08:34:46,0.069,,,Biotechnology,,NA
CRSP,CRISPR Therapeutics AG,-16.975855,-3.49732,-4.44653,-12.578389830508474,428.6621,,-26.596027817478948,4160038912,96692653,96692653,-8.106,1.738,44.874,17.819000000000003,17.791,17.847,12.77,0.222,9.736160746359912,-0.26095,0.0,-3.0,0.0,59.37,87.55556,291.0,44.0,0.47474414687552646,buy,2.04545,18,71.92122172344409,,0.0887137762839694,0.10052518144736097,0.5239908365709114,0.0589,1794254400,0.14547563,2026-08-28T08:34:46,0.1947,,,Biotechnology,,NA
CRVS,"Corvus Pharmaceuticals, Inc.",-13.7892275,-1.0675,-0.7775,-23.0,,,-45.19713678304052,1023760320,84120944,84120944,-18.009,0.869,0.323,16.0195,15.877,16.162,22.0,0.2585,,-0.3543,0.0,0.0,0.0,14.72,33.14286,42.0,27.0,1.2515529891304347,none,,7,70.64029697156589,,-0.08487867498290697,-0.12763687451804734,0.3238655413730965,0.03507,1793736000,1.56446,2026-08-28T08:34:46,0.2636,,,Biotechnology,,NA
CRWV,"CoreWeave, Inc.",-44.544804,-1.9486,-3.93385,-24.8,6.3074274,,-5.267400370972061,93947379712,458871690,551536602,24.795,,1027.329,0.4205,0.386,0.455,1.87,0.1889,1.0838463754432093,-0.43596,-0.25402,-0.01903,0.67418,86.8,144.45714,317.0,39.0,0.6642527649769587,buy,1.84211,35,53.8553266154398,,-0.05417323730714818,-0.19011690414948476,0.7220797435069206,0.17709999,1794427200,-0.15760869,2026-08-28T08:34:46,0.1809,,,Software - Infrastructure,,NA
CSTL,"Castle Biosciences, Inc.",-34.644905,-0.98889,-1.27222,-53.53124999999999,2.9294446,,-144.2353946702038,816471104,30549507,30549507,-49.435,0.974,7.797,5.819,5.602,6.036,3.74,0.0588,0.13506356420088883,-0.04196,-0.05434,-0.029649999,0.77258,34.26,44.0,57.0,35.0,0.284296555750146,strong_buy,1.0,9,52.20237589231068,,0.09414428526672554,-0.0595287840313716,0.9344700275115133,0.02475,1793649600,0.4269055,2026-08-28T08:34:46,0.0647,,,Diagnostics & Research,,NA
CYRX,"CryoPort, Inc.",-24.980024,-0.66333,-0.77,-20.207317073170735,4.5011883,62.13,-57.17778661943044,720855616,50649100,50649100,-208.521,1.892,47.283,2.021,1.96,2.082,4.13,0.0598,0.06611498328696852,-0.065409996,-0.20051001,-0.20445,0.47075,16.57,19.33333,25.0,15.0,0.16676704888352445,strong_buy,1.33333,9,68.54614961303389,,-0.05000477274896701,-0.06988709677419351,1.0091021429617983,0.03857,1793736000,0.87020314,2026-08-28T08:34:46,0.0547,,,Integrated Freight & Logistics,,NA
CYTK,"Cytokinetics, Incorporated",-17.502945,-4.45068,-5.94458,-10.789473684210527,160.04027,,-27.251352058853584,11088693248,139023418,139023418,-15.947,0.376,,6.6105,6.56,6.661,8.95,0.1792,-0.6307611067367082,,0.0,-3.0,0.0,77.9,109.9,146.0,85.0,0.41078305519897307,strong_buy,1.5,20,44.97074510682077,,0.05971879730407306,0.050312922092747785,0.16806933570385413,0.0064999997,1793908800,1.2049251,2026-08-28T08:34:46,0.118,,,Biotechnology,,NA
DEI,"Douglas Emmett, Inc.",-112.75626,-0.10536,-0.09437,-79.2,2.3710074,11.67,6.035265773908657,9033047040,167485267,201080568,15.476,1.18,163.133,0.5345,0.522,0.547,14.68,0.2591,0.20311048015942812,-0.01928,-0.02271,0.19624001,0.63176996,11.88,13.1,15.0,11.0,0.1026936026936025,hold,2.91667,10,48.419686949794766,,0.3136727272727274,0.22300884955752215,1.28815598373763,0.03496,1793736000,-0.26711905,2026-08-28T08:34:46,0.1769,,,REIT - Office,,NA
DFTX,"Definium Therapeutics, Inc.",-23.36593,-1.87538,-3.16286,-12.775510204081632,,,773.5610000656901,4840547840,134366950,134366950,,2.258,3.97,6.920999999999999,6.895,6.947,4.3,0.0672,,-0.64087,0.0,0.0,0.0,43.82,67.47059,90.0,52.0,0.539721360109539,strong_buy,1.22222,17,49.820202387831394,,-0.4167346024636058,-0.24122548662726442,0.19235832813701945,0.01727,1793908800,3.9346848,2026-08-28T08:34:46,0.072,,,Biotechnology,,NA
DNLI,Denali Therapeutics Inc.,-10.137204,-2.43361,-2.34716,-8.68661971830986,1094.183,,-14.685386252939882,3270650368,159847403,159847403,-6.217,1.003,4.512,8.158,7.947,8.369,10.78,0.1185,,-0.54929,0.0,-3.0,0.0,24.67,35.75,42.0,27.0,0.44912849614916883,strong_buy,1.2,16,44.613200556356226,,0.010351181215241353,0.039131842446065906,0.3680189305012847,0.09092,1793908800,0.61558616,2026-08-28T08:34:46,0.1158,,,Biotechnology,,NA
DNTH,"Dianthus Therapeutics, Inc.",-23.515125,-4.74333,-3.92,-26.306603773584907,3276.744,,-67.65954487437092,5353394688,55934378,55934378,-24.588,0.082,0.11,25.945500000000003,25.791,26.1,10.01,0.1727,1.2670651669711965,-0.26065,0.0,-3.0,1.0,111.54,137.61539,200.0,109.0,0.23377613412228793,strong_buy,1.0,13,62.4655841911569,,0.0016986403237349143,-0.019827525042409273,0.6870932380064192,0.00124,1793908800,3.732287,2026-08-28T08:34:46,0.1517,,,Biotechnology,,NA
DOC,"Healthpeak Properties, Inc.",-141.46666,-0.15,0.405,62.411762,5.099949,4.32,9.144575281623435,24964925440,689527260,708947260,15.894,0.997,108.653,2.107,1.928,2.286,3.8,0.0423,0.142288396580579,0.03039,0.08248,0.1599,0.57648,21.22,22.92105,29.0,17.0,0.08016258246936858,buy,2.40909,19,49.64297273848824,,-0.26363636363636367,0.0,0.7129569753534504,0.00296,1792699200,0.18283165,2026-08-28T08:34:46,0.0327,,,REIT - Healthcare Facilities,,NA
DYN,"Dyne Therapeutics, Inc.",-7.809577,-3.34077,-3.56923,-8.077399380804954,,,-15.362941353582531,4207089408,186746431,186746431,-7.867,1.084,33.234,11.7675,11.515,12.02,8.42,0.147,,-0.81565005,0.0,0.0,0.0,26.09,39.4,50.0,17.0,0.5101571483326945,strong_buy,1.29412,15,43.67884069717087,,-0.16342662311839526,-0.13728340425531915,0.08917831445413858,0.00241,1793908800,0.93402517,2026-08-28T08:34:46,0.1152,,,Biotechnology,,NA
ELVN,"Enliven Therapeutics, Inc.",-25.873165,-2.33833,-1.846,-36.890243902439025,,,-97.95313237899867,3539236096,73270761,73270761,-28.477,0.241,0.169,63.643,63.213,64.073,8.53,0.16239999,,-0.15312,0.0,0.0,0.0,60.5,73.9,82.0,64.0,0.22148760330578532,strong_buy,1.08333,10,49.08298731746953,,-0.08908554572271388,-0.005733333333333265,0.30237900785299116,0.062230002,1794427200,1.9847064,2026-08-28T08:34:46,0.1372,,,Biotechnology,,NA
ERAS,"Erasca, Inc.",-32.631805,-0.59727,-0.96889,-20.09278350515464,,,-32.390298432006084,6592838144,349762035,349762035,-44.624,0.652,12.356,8.187000000000001,8.08,8.294,7.32,0.097600006,,-0.78249,0.0,0.0,0.0,19.49,23.5,30.0,20.0,0.20574653668547982,buy,1.6,10,58.75125234700055,,-0.01687639718306901,-0.08107423817705023,0.6962286147779895,0.09476,1794427200,11.414013,2026-08-28T08:34:46,0.1272,,,Biotechnology,,NA
EVMN,"Evommune, Inc.",-3.9647057,-3.4,-3.38455,-1.1929203539823008,48.92177,,-12.503086402714882,297053696,36292113,36292113,-2.96,,3.109,11.581,11.482,11.68,8.44,0.1916,,-0.52107,0.0,-3.0,1.0,13.48,27.625,32.0,22.0,1.0493323442136497,buy,1.72727,8,66.14650776592718,,-0.21201432408236345,-0.0489780177400694,,0.03153,1794859200,-0.33366287,2026-08-28T08:34:46,0.2363,,,Biotechnology,,NA
EWTX,"Edgewise Therapeutics, Inc.",-24.331823,-1.81614,1.38027,-24.016304347826086,,,-51.98943332834731,4342097408,108604129,108604129,-20.031,0.325,0.801,16.05,15.864,16.236,8.41,0.12550001,,-0.38032,0.0,0.0,0.0,44.19,51.69231,66.0,36.0,0.16977393075356417,buy,1.53846,13,69.15257537033146,,1.0,-0.23303686604657475,0.7275930037440624,0.00486,1793881800,2.0794425,2026-08-28T08:34:46,0.1303,,,Biotechnology,,NA
FCEL,"FuelCell Energy, Inc.",-17.711771,-1.0908,-1.7568,-3.0764331210191083,9.201359,0.36,-91.84412846613532,1160864896,79954196,79954196,-15.515,2.387,20.156,7.6495,6.706,8.593,1.79,0.21059999,-0.7289179682327116,-0.3066,-1.3241099,-0.99317,-0.18199,19.32,22.83333,32.0,8.0,0.1818493788819875,none,,6,58.78024272219352,,0.015533588864232504,0.15987615336034142,0.21685678269363748,0.04756,1788352200,3.6,2026-08-28T08:34:46,0.2611,,,Electrical Equipment & Parts,,NA
FDMT,"4D Molecular Therapeutics, Inc.",-3.6484473,-4.08667,-4.13556,-5.916666666666667,8.952387,,-9.074136875888366,501574176,55244211,55244211,-2.655,2.69,9.62,7.8545,7.676,8.033,19.82,0.255,212.09307987944658,-0.4325,-1.94739,-3.0,-1.57704,14.91,29.1,37.0,18.0,0.9517102615694166,strong_buy,1.5,10,61.940892893403756,,-0.05361633177159361,-0.09709261744966435,0.1435120677056567,0.02933,1794340800,1.4204545,2026-08-28T08:34:46,0.2896,,,Biotechnology,,NA
FLY,Firefly Aerospace Inc.,-12.712837,-1.74312,-1.85759,-4.504065040650406,12.925153,,-22.257626406632763,3127820032,167404645,167404645,-12.068,,4.366,2.5805,2.434,2.727,3.14,0.109799996,5.625766134219274,-0.57954,-1.29058,-0.80893,0.22920999,22.16,41.6,65.0,25.0,0.8772563176895307,buy,1.7,10,44.548434246634926,,0.11962559241706153,-0.35387961165048537,1.7180016549112191,0.1371,1794427200,-0.5115715,2026-08-28T08:34:46,0.1029,,,Aerospace & Defense,,NA
GH,"Guardant Health, Inc.",-380.9653,-0.44235,-1.45499,-48.846376811594205,19.114735,,849.9544835569587,23258281984,134196170,134196170,-54.017,1.586,,3.7794999999999996,3.533,4.026,5.54,0.086899996,0.34095300931464734,,-0.38326,-0.38247,0.65012,168.52,194.29167,225.0,105.0,0.1529294445763114,strong_buy,1.32,24,72.37031916746872,,-0.043325182672795136,-0.021121883656509806,0.31997680872760514,0.03973,1793217600,1.4995551,2026-08-28T08:34:46,0.0865,,,Diagnostics & Research,,NA
GLUE,"Monte Rosa Therapeutics, Inc.",-7.634524,-1.87569,-1.56638,-8.229885057471265,42.52751,,-16.409561820971547,638570880,85313401,85313401,-3.676,1.527,7.796,10.539,10.494,10.584,12.37,0.2078,-0.7209782716316748,-0.42659,0.0,-3.0,0.0,14.32,28.5,37.0,25.0,0.9902234636871508,strong_buy,1.25,6,23.218733675427615,,0.01574056037651659,-0.033842439742268395,0.568825801048611,0.00561,1793881800,1.9833333,2026-08-28T08:34:46,0.3205,,,Biotechnology,,NA
GNL,"Global Net Lease, Inc.",-70.230774,-0.13,,-31.48275862068966,4.593883,,5.76842086494486,4213859072,231317857,231317857,12.608,1.005,161.696,4.757,3.884,5.63,0.0,0.0,-0.14026870826492222,-0.00962,-0.02942,0.31274998,0.85733,9.13,10.14286,12.0,8.0,0.11093756845564062,buy,2.0,7,47.286632472127536,,0.4705882352941177,-1.0,0.7301387245357572,0.09032,1793822400,0.16010165,2026-08-28T08:34:46,0.0,,,REIT - Diversified,,NA
GRAL,"GRAIL, Inc.",-8.358663,-9.87,-7.675,-8.513931888544892,22.297573,,-35.576318966500665,2914664192,44666234,44666234,-7.701,3.246,3.591,10.749500000000001,10.55,10.949,12.78,0.1855,0.012368526524980883,-0.16124001,-2.36948,-3.0,0.49707,82.5,72.375,88.0,60.0,-0.12272727272727268,buy,2.11111,8,81.81003942511813,,0.15813559117528653,-0.015432098765431952,0.9487032965056231,0.050240003,1794427200,1.516011,2026-08-28T08:34:46,0.2378,,,Diagnostics & Research,,NA
HPP,"Hudson Pacific Properties, Inc.",-4.8120565,-2.82,,-1.5350678733031675,1.8510542,6.93,4.6163386824481885,5039271936,54268741,110870917,15.894,1.925,123.04,0.2445,0.223,0.266,0.53,0.0097,0.014851991351706229,-0.17247999,-0.6788,-0.05953,0.49242002,13.57,17.0,26.0,9.0,0.2527634487840824,buy,2.5,11,57.65280368618794,,-0.02542372881355923,0.08590492076730603,0.5952105463912201,0.02508,1793881800,-0.31011695,2026-08-28T08:34:46,0.0085,,,REIT - Office,,NA
HTFL,"Heartflow, Inc.",-182.01772,-0.26426,-0.41656,-15.36741214057508,19.721745,,-124.45741581825709,4047045376,86953627,86953627,-56.717,,9.698,4.8685,4.657,5.08,4.83,0.112799995,0.4108681354947965,-1.5423399,-0.55817,-0.27933002,0.80081004,48.1,43.5,45.0,39.0,-0.09563409563409564,strong_buy,1.44444,8,89.84364469499344,,0.15114217594196405,0.00034045772649888027,0.47460604868764583,0.05118,1794427200,0.5269841,2026-08-28T08:34:46,0.1011,,,Health Information Services,,NA
HUT,Hut 8 Corp.,-16.77997,-5.1925,0.59,-15.755877034358045,33.777313,,-1.3876636075907915,18486272000,123259468,123259468,-23.422,6.108,437.212,10.008500000000002,0.67,19.347,2.84,0.1196,0.6957279257444144,-0.43370998,-1.8858501,-2.754,0.62328,87.13,161.77779,273.0,120.0,0.8567403879260878,strong_buy,1.33333,18,39.24668109666658,,0.0,-1.0,1.421505388171076,0.08564,1793795400,2.2596333,2026-08-28T08:34:46,0.131,,,Capital Markets,,NA
IBRX,"ImmunityBio, Inc.",-66.31404,-0.12667,-0.915,-8.659793814432991,53.69755,,-47.71884258478672,9774522368,1059836273,1059836273,-41.541,0.125,,5.538,5.355,5.721,14.88,0.318,0.7293703236594169,,0.0,-1.20408,0.9934,8.4,12.75,15.0,12.0,0.5178571428571428,none,,4,72.07683808692413,,,-1.0,0.45145419504438095,0.62167,1793709000,2.5897436,2026-08-28T08:34:46,0.3135,,,Biotechnology,,NA
IDYA,"IDEAYA Biosciences, Inc.",-10.167619,-4.10814,-4.61122,-21.642487046632127,17.214443,,-56.887806879733894,3230717696,96489484,96489484,-15.083,-0.091,2.444,10.332,10.213,10.451,14.24,0.1252,,-0.16216,-0.74754,-3.0,-0.36405998,41.77,52.15385,65.0,31.0,0.24859588221211393,strong_buy,1.33333,13,78.40723515222031,,-0.07646480704629452,-0.12444573393038955,0.4736754397820978,0.02192,1794227400,0.7014257,2026-08-28T08:34:46,0.1147,,,Biotechnology,,NA
IE,Ivanhoe Electric Inc.,-18.409449,-0.635,-0.82,-46.76,617.1386,,-23.332666108033067,1650137088,159590259,159590259,-14.296,1.243,6.907,4.9975000000000005,4.946,5.049,5.14,0.087,-0.43574296724463624,-0.0139999995,0.0,-3.0,0.58717,11.69,21.41667,28.5,18.0,0.8320504704875964,buy,1.57143,6,70.59687711792824,,-1.0,-0.2785149092959108,0.4117371033253075,0.19768,1793881800,0.31053817,2026-08-28T08:34:46,0.0862,,,Copper,,NA
IMNM,"Immunome, Inc.",-11.645403,-2.47909,-2.31067,-11.41106719367589,Infinity,,-22.825165653342932,2763730176,113577629,113577629,-10.725,2.117,0.903,14.8565,14.636,15.077,16.56,0.17909999,,-0.64032996,0.0,0.0,0.0,28.87,36.30769,40.0,30.0,0.2576269483893314,strong_buy,1.21429,13,78.9443033849507,,-0.08754300667868418,-0.16963034606402302,0.3615092297165222,0.06584,1793908800,2.0357518,2026-08-28T08:34:46,0.1601,,,Biotechnology,,NA
IMVT,"Immunovant, Inc.",-15.933387,-2.7502,-2.8398,-15.594306049822064,,,-37.91789423631393,8253340672,206552682,206552682,-14.592,0.81,,7.0440000000000005,6.819,7.269,17.07,0.18280001,,-0.80096,0.0,0.0,0.0,43.82,48.875,66.0,30.0,0.11535828388863534,buy,1.625,16,72.41244617078134,,-0.12862008528835497,-0.23961056522131077,0.24464692209681238,0.56019,1794227400,1.9829817,2026-08-28T08:34:46,0.1854,,,Biotechnology,,NA
INBX,"Inhibrx Biosciences, Inc.",-14.14726,-8.76,-8.93,-14.131128848346638,Infinity,,-21.431905238045598,1872241664,14717660,14717660,-14.906,3.521,,4.9115,4.756,5.067,14.27,0.2917,,-17.735981,0.0,0.0,0.0,123.93,266.66666,325.0,230.0,1.1517522795126278,strong_buy,1.5,3,67.17289330783109,,0.03563714902807776,-0.17222222222222222,1.6936697055522731,0.23084,1794600000,3.394681,2026-08-28T08:34:46,0.3722,,,Biotechnology,,NA
IONQ,"IonQ, Inc.",-34.95427,-1.21473,-1.23499,-10.97157622739018,69.792595,,-195.97958264809452,14125258752,405135656,405135656,-17.811,3.301,1.632,10.29,9.92,10.66,1.99,0.105100006,1.834037016697439,-0.60483,0.0,-3.0,0.30854,42.46,67.67538,100.0,44.78,0.5938619877531794,none,,13,60.454904653792354,,-1.0,-0.25800624215490053,0.6529929837530231,0.00715,1793822400,-0.0065512657,2026-08-28T08:34:46,0.112,,,Computer Hardware,,NA
IONS,"Ionis Pharmaceuticals, Inc.",-59.196114,-1.05463,-2.59128,-18.201166180758015,11.869318,27.33,-29.91910427776027,10461554688,166184322,166184322,-18.053,0.4,497.802,7.37,6.847,7.893,7.02,0.1666,-0.4320686174956986,-1.05496,-0.64658,-0.38176,-0.06933,62.43,88.0,115.0,60.0,0.40957872817555674,buy,1.79167,22,69.40783314224608,,0.009339720381846679,0.013045471985925174,0.1907565828241255,0.0061000003,1793795400,0.46411824,2026-08-28T08:34:46,0.1268,,,Biotechnology,,NA
IOVA,"Iovance Biotherapeutics, Inc.",-28.751436,-0.28729,-0.49571,-11.633802816901408,11.513542,,-19.92358227348121,3489874944,452971432,452971432,-13.443,0.701,6.25,4.0435,3.742,4.345,5.27,0.24299999,0.30204511327328043,-0.40363997,-0.89091,-0.52264,0.48401,8.26,10.0,14.0,6.0,0.21065375302663436,buy,1.66667,9,66.72847020116521,,0.12069179600886917,0.10582339942108385,0.37505360523867154,0.00342,1793881800,2.7040358,2026-08-28T08:34:46,0.261,,,Biotechnology,,NA
IRON,"Disc Medicine, Inc.",-11.370523,-7.26,-6.67111,-12.526555386949925,,,-26.963119511333748,2512445184,38392844,38392844,-9.373,2.057,9.448,23.8885,23.641,24.136,22.19,0.22299999,,-0.39082,0.0,0.0,0.0,82.55,101.58333,128.0,79.0,0.23056729254996977,strong_buy,1.07692,12,59.337364175881305,,0.06856952174046593,0.04291838704064041,1.3911004537346563,0.07743,1793881800,0.38402212,2026-08-28T08:34:46,0.2229,,,Biotechnology,,NA
IVT,InvenTrust Properties Corp.,-87.26806,-0.37402,-0.38728,171.78947,8.022544,,21.723486843870667,3557700864,77978431,77978431,19.211,-5.921,62.113,1.849,1.849,1.849,7.59,0.0805,0.12062791312125776,0.0085,0.04804,0.15293999,0.72560996,32.64,37.42857,41.0,35.0,0.14670863970588233,buy,1.75,7,32.33912282505014,,-0.05393784357481087,-0.04381558383567758,1.0018600367168515,0.0094099995,1793131200,0.096405745,2026-08-28T08:34:46,0.0627,,,REIT - Retail,,NA
JANX,"Janux Therapeutics, Inc.",-7.1569304,-2.62403,-1.73199,-11.521472392638039,47.839527,,-70.03949020534836,198225600,61136773,61136773,-1.399,2.507,2.262,16.296999999999997,16.246,16.348,9.28,0.1388,,-0.10695,0.0,-3.0,0.0,18.78,36.23529,75.0,14.0,0.9294616613418529,strong_buy,1.38889,17,73.88190237744081,,0.01848010880652841,0.027394975425695214,0.16895006224256223,0.0149300005,1793908800,-0.17341548,2026-08-28T08:34:46,0.1558,,,Biotechnology,,NA
JBIO,"Jade Biosciences, Inc.",-7.995914,-2.66261,-2.93236,-19.89719626168224,,,,894174400,63597387,63597387,-5.429,,0.316,14.768,14.609,14.927,11.1,0.1857,,,0.0,0.0,0.0,21.29,50.125,77.0,40.0,1.3543917332080788,none,,8,48.634473057375885,,-0.2851927333289506,-0.16789336093760956,,0.00794,1794486600,1.6949368,2026-08-28T08:34:46,0.1857,,,Biotechnology,,NA
KMTS,"Kestra Medical Technologies, Lt",-12.777227,-2.02,-2.305,-10.936440677966102,15.900453,,-19.964084388214168,1362887424,58603121,58603121,-10.814,,18.02,4.301,4.188,4.414,8.35,0.09689999,0.4562627031416977,-0.566,-1.3835499,-1.37384,0.51367,25.81,30.0,32.0,28.0,0.16234017822549407,none,,7,38.1635744860022,,-0.07710280373831777,-0.4326241134751774,0.0880677476775373,0.05301,1789416000,0.59913254,2026-08-28T08:34:46,0.092,,,Medical Instruments & Supplies,,NA
KOD,Kodiak Sciences Inc,-10.445203,-3.74526,-3.98721,-9.403846153846153,,,-42.10611298951875,2380565248,62849457,62849457,-10.306,2.205,86.349,2.4375,2.386,2.489,18.2,0.2594,,-3.68371,0.0,0.0,0.0,39.12,69.6,85.0,56.0,0.7791411042944785,strong_buy,1.16667,5,37.69172323090089,,-0.06558892936268476,-0.2014088708823728,0.2681572137989134,0.051609997,1794513600,3.3274336,2026-08-28T08:34:46,0.2605,,,Biotechnology,,NA
KURA,"Kura Oncology, Inc.",-5.8548894,-2.25111,-3.1875,-3.876470588235294,15.1829195,,-7.06833660845714,677930944,88960619,88960619,-2.14,0.381,50.495,4.6175,4.502,4.733,10.03,0.1515,0.3318047843169796,-1.67709,0.0,-3.0,-2.3672,13.18,32.0,76.0,15.0,1.4279210925644916,strong_buy,1.26667,12,75.31932051008621,,0.07399875661636962,0.12747674418604646,0.2444421358270169,0.01387,1793736000,0.6683544,2026-08-28T08:34:46,0.1863,,,Biotechnology,,NA
KYMR,"Kymera Therapeutics, Inc.",-24.24432,-4.9591,-3.79816,-38.659163987138264,94.18886,,-68.6475522679931,9384771584,82257588,82257588,-27.611,1.954,5.205,10.1525,9.968,10.337,16.51,0.16059999,4.020065154353905,-0.24154,-2.8533401,-1.16318,-2.57685,120.23,130.90909,155.0,111.0,0.08882217416618143,strong_buy,1.41667,22,78.14342690307471,,-0.08084050448481547,-0.14064181946987334,0.16281378346141864,0.02121,1793709000,1.9182038,2026-08-28T08:34:46,0.1572,,,Biotechnology,,NA
LBRX,LB Pharmaceuticals Inc,-9.510079,-5.03571,-5.54167,-9.464426877470357,,,-28.650824934437875,1222318848,32259175,32259175,-13.428,,1.57,14.494499999999999,13.911,15.078,13.65,0.1881,,-0.50001,0.0,0.0,0.0,47.89,53.375,78.0,37.0,0.11453330549175189,strong_buy,1.125,8,50.14292026153862,,-0.653524018105704,-0.18607017436424061,1.1170078508284944,0.0023999999,1794486600,1.768208,2026-08-28T08:34:46,0.2056,,,Biotechnology,,NA
LMND,"Lemonade, Inc.",-61.988506,-0.87,-1.82,-29.469945355191257,4.2810254,,44.21609762711864,4023599360,77396615,77396615,-43.687,1.864,45.325,1.0495,0.908,1.191,6.59,0.14109999,0.7110894917561965,-0.26962999,-0.14195,-0.11821,0.51651,53.93,59.22222,92.0,37.0,0.09813128129056192,hold,2.90909,9,62.173986870981686,,-0.07916999386637963,-0.34005080646141517,0.305637055867502,0.0866,1793795400,0.019470692,2026-08-28T08:34:46,0.1391,,,Insurance - Property & Casualty,,NA
LUNR,"Intuitive Machines, Inc.",-104.3871,-0.155,-0.52,-17.21276595744681,5.296903,,-32.45315298269391,4119141120,160452309,160452309,-55.386,1.829,52.818,1.5015,1.345,1.658,3.39,0.2709,1.9966688606519214,-0.30769,-0.26635998,-0.18099001,0.16349001,16.18,29.25,43.0,11.0,0.80778739184178,strong_buy,1.33333,8,54.89947225133513,,-1.0,-1.0,1.4730393385800293,0.05209,1794313800,0.8449259,2026-08-28T08:34:46,0.27,,,Aerospace & Defense,,NA
LXP,LXP Industrial Trust,-3053.0002,-0.02,,61.67677,10.353435,3.15,19.629236190762512,5058763776,58957264,58957264,21.202,1.048,69.889,0.9595,0.893,1.026,0.0,0.0,0.01623955955622347,0.03497,0.18656,0.16078,0.81463,61.06,60.0,65.0,56.0,-0.01735997379626597,none,,5,71.63101341850131,,0.07303994082840227,0.5518926383626642,0.6483600788357301,0.02705,1793277000,0.34493387,2026-08-28T08:34:46,0.0,,,REIT - Industrial,,NA
MARA,"MARA Holdings, Inc.",-10.321739,-1.15,-4.98,-1.1953675730110775,5.701647,0.1,-3.925525608188028,6728903680,386299297,386299297,-3.582,5.36,140.159,0.8245,0.758,0.891,2.39,0.3266,-0.2970587718361807,-1.0557,0.0,-2.65211,0.40122002,11.87,17.99273,30.0,6.0,0.5158155012636902,buy,2.15385,11,66.84286975364074,,-0.3297730307076102,0.16967509025270766,1.2000012337253114,0.00837,1793822400,-0.2571965,2026-08-28T08:34:46,0.2916,,,Capital Markets,,NA
MAZE,"Maze Therapeutics, Inc.",-9.006484,-3.17549,-2.72626,-12.11864406779661,79.43531,,-24.968811911002682,1238042240,55549168,55549168,-8.615,,13.335,18.168,18.026,18.31,16.24,0.121400006,,-0.37348998,0.0,-3.0,1.0,28.6,62.54545,110.0,46.0,1.1869038461538461,strong_buy,1.08333,11,41.39671947506171,,-0.02050930760966813,0.00408028853692958,0.6817845451383998,0.014579999,1793908800,0.973775,2026-08-28T08:34:46,0.1629,,,Biotechnology,,NA
MBX,"MBX Biosciences, Inc.",-16.786049,-3.95507,-3.10772,-28.13135593220339,,,-60.313540049819544,2782108672,48160096,48160096,-23.645,,0.816,17.951999999999998,17.82,18.084,8.26,0.1435,,-0.33173,0.0,0.0,0.0,66.39,88.36364,121.0,70.0,0.33097815936134967,strong_buy,1.25,11,44.24506549262583,,-0.13092716725983836,-0.006732644032764707,0.9210030920202876,0.02819,1793881800,3.3996024,2026-08-28T08:34:46,0.1597,,,Biotechnology,,NA
MGTX,MeiraGTx Holdings plc,-10.172662,-1.39,0.51,16.833334,3.4164643,,24.069903050282697,1327411968,96042996,96042996,6.768,1.255,52.053,3.492,3.226,3.758,7.27,0.0543,71.87050087858567,0.72168,0.19870001,0.76042,0.97949,14.14,29.42857,50.0,19.0,1.0812284299858557,strong_buy,1.28571,7,62.33131735338761,,1.0,-0.01707069007148752,0.34157518937767967,0.16388,1794486600,0.9369863,2026-08-28T08:34:46,0.0696,,,Biotechnology,,NA
MIRM,"Mirum Pharmaceuticals, Inc.",-287.7376,-0.34667,-15.14,-7.009838369641602,9.841777,,79.39214385399758,6801645056,60981227,60981227,-96.775,0.507,,2.738,2.62,2.856,9.12,0.1396,0.11833564286923903,-7.02967,-1.39177,-0.1481,0.81725,99.75,138.2057,183.0,118.0,0.3855208020050127,strong_buy,1.28571,14,77.80037899201828,,-0.06320224719101127,-0.8439893617021276,0.6704887234423559,0.012949999,1793822400,0.35034525,2026-08-28T08:34:46,0.115,,,Biotechnology,,NA
MLYS,"Mineralys Therapeutics, Inc.",-10.404,-2.5,-4.42857,-6.16350710900474,,,-11.301996544045258,1735668096,88406885,88406885,-4.681,0.681,17.719,34.349999999999994,34.236,34.464,14.38,0.1306,,-0.80877,0.0,0.0,0.0,26.01,48.5,56.0,30.0,0.8646674356016915,none,,8,50.28644099144418,,-0.9781440536013398,-0.1926058437686345,0.5468241840655057,0.00787,1794340800,0.6802325,2026-08-28T08:34:46,0.1452,,,Biotechnology,,NA
MNPR,Monopar Therapeutics Inc.,-57.545456,-1.98,-3.00591,-51.79090909090909,,,-125.4030252109659,630691584,6712172,6712172,,1.508,0.157,33.4985,33.441,33.556,3.03,0.1934,,-0.19496,0.0,0.0,0.0,113.94,126.30769,145.0,100.0,0.10854563805511663,strong_buy,1.46154,13,49.4217429507317,,-0.035189222138422016,0.36892430278884464,0.33080343221383923,0.23371,1794510000,2.3364568,2026-08-28T08:34:46,0.1981,,,Biotechnology,,NA
MRNA,"Moderna, Inc.",-30.577171,-4.66917,-8.58902,-18.76084099868594,25.582994,,190.47256490413045,53147906048,399235889,399235889,-24.213,0.899,19.036,2.1814999999999998,2.068,2.295,9.92,0.1616,-0.004972521395740559,-0.38998002,-1.41427,-3.0,-0.66023004,142.77,104.52941,170.0,40.0,-0.26784751698536113,hold,2.73913,17,66.81674434580822,,0.012244600976380362,-0.03073247737318449,1.2261257948149789,0.07317,1793881800,4.9265256,2026-08-28T08:34:46,0.1419,,,Biotechnology,,NA
MRVI,"Maravai LifeSciences Holdings, ",-83.37483,-0.10039,-0.18077,-16.74,14.848012,,-855.5856505088839,1546016512,148989545,370357705,-78.299,0.582,61.335,3.3434999999999997,2.635,4.052,3.73,0.0746,1.7983967352877008,-0.33046,-0.37067002,-0.29396,0.35707,8.37,7.3,8.0,6.5,-0.12783751493428908,buy,1.75,5,78.1990578827716,,-0.5928275618997269,-0.09428820579899706,1.1609796538934867,0.07274,1793908800,2.4586778,2026-08-28T08:34:46,0.0821,,,Biotechnology,,NA
NBIS,Nebius Group N.V.,-72.887405,-2.9975,-2.04556,-3121.142857142857,43.83066,0.63,-6.177544306518042,62039314432,238400165,271855218,240.462,1.434,98.596,3.8175,3.605,4.03,2.12,0.2344,3.7175948892485042,0.00601,0.03129,-0.00223,0.7426,218.48,286.6875,415.0,144.0,0.312191047235445,strong_buy,1.0,16,64.04645973155641,,-0.10296395793454288,0.036101283299843356,1.4557098380824074,0.03411,1794313800,2.1978922,2026-08-28T08:34:46,0.2421,,,Internet Content & Information,,NA
NKTR,Nektar Therapeutics,-6.8747697,-10.844,-8.465,-12.043618739903069,46.627712,0.31,-18.88720580493792,1996953216,34142994,34142994,-15.367,1.157,15.052,10.062000000000001,9.708,10.416,9.04,0.1992,-0.49477570127564086,-0.35755002,-2.87836,-3.0,1.0,74.55,144.4,192.0,65.0,0.9369550637156272,strong_buy,1.41667,10,43.526653042835754,,0.11291590254126282,0.13679601990049756,0.5746534164059215,0.00349,1794513600,1.4966509,2026-08-28T08:34:46,0.2162,,,Biotechnology,,NA
NN,NextNav Inc.,-27.561403,-0.57,-0.46,-19.158536585365855,666.8352,,-28.936919085587608,2434252288,168809910,168809910,-35.679,1.108,3.935,22.560000000000002,19.486,25.634,4.9,0.117,-0.24526725356349044,-0.77870005,0.0,-3.0,-1.04903,15.71,33.66667,50.0,22.0,1.1430089115213242,none,,3,62.592747883573175,,-0.12195121951219524,0.21917808219178087,0.5214701313455239,0.23304,1793908800,-0.11791128,2026-08-28T08:34:46,0.1356,,,Software - Infrastructure,,NA
NNE,Nano Nuclear Energy Inc.,-19.499933,-0.98667,-0.8,-27.884057971014492,4826.867,,-29.13731994210622,454351296,53698146,53698146,-8.813,5.409,0.461,78.9495,78.722,79.177,6.91,0.3402,,-0.080369994,0.0,-3.0,0.29065,19.24,40.83333,50.0,22.0,1.122314449064449,buy,1.57143,6,62.33762323116961,,0.13421866666666665,0.09446022727272728,0.7992179609052261,0.17512,1786564800,-0.4087277,2026-08-28T08:34:46,0.3301,,,Specialty Industrial Machinery,,NA
NRIX,"Nurix Therapeutics, Inc.",-18.676294,-1.43899,1.78718,-7.700573065902578,75.86173,,-16.941220100562287,2403746816,103781683,103781683,-6.806,1.794,14.441,6.2615,6.185,6.338,17.18,0.1752,-0.8489894695579373,-0.80296,0.0,-3.0,0.0,26.875,33.5,45.0,25.0,0.24651162790697678,none,,16,65.5820638081698,,1.0,0.34937966831244466,0.1482546889645923,0.010779999,1791489600,1.877409,2026-08-28T08:34:46,0.2258,,,Biotechnology,,NA
NTLA,"Intellia Therapeutics, Inc.",-5.0369215,-2.60278,-3.15092,-3.9487951807228914,30.871859,,-7.353379762350483,1472711936,140126693,140126693,-3.554,1.794,10.088,6.127,5.606,6.648,12.31,0.4035,-0.5878537860020716,-0.55438,0.0,-3.0,0.0,13.11,23.94118,61.0,8.0,0.8261769641495043,buy,2.26316,17,45.772684018645286,,-0.00326363482951093,-0.48039154347986834,0.19048195819986594,0.03841,1793881800,0.15455747,2026-08-28T08:34:46,0.3345,,,Biotechnology,,NA
NTRA,"Natera, Inc.",-3797.0854,-0.0892,-1.39434,-250.88888888888886,18.03482,,469.3079143700314,47968616448,144144170,144144170,-213.744,1.514,13.093,2.8675,2.736,2.999,3.46,0.0307,0.3232153475232469,-0.1254,-0.07105,-0.102910005,0.65230006,338.7,336.7381,375.0,280.0,-0.005792441688810213,strong_buy,1.5,21,66.34386005781346,,0.18404297652208518,0.5642190629732767,0.6322525784269338,0.02853,1793908800,1.0130758,2026-08-28T08:34:46,0.0307,,,Diagnostics & Research,,NA
NVAX,"Novavax, Inc.",-14.741574,-0.61391,-0.86,-6.033333333333334,3.6074755,1.32,9.731506499531873,1070737792,164945726,164945726,-10.544,2.416,,2.2830000000000004,2.233,2.333,15.44,0.2898,-0.7666261810263577,,-0.59868,-0.89608,-0.02558,9.05,14.00222,25.0,7.0,0.5472066298342539,none,,9,62.22068281044192,,-0.32145197775945533,0.11866870996895755,1.0906078721783288,0.050619997,1793881800,0.21151268,2026-08-28T08:34:46,0.3332,,,Biotechnology,,NA
NVRI,Enviri Corporation,-21.06556,-1.06667,-1.80333,-1.3155737704918034,0.2984054,,-1311.7929070670464,836839168,28190119,28190119,19.28,,61.56,1.226,1.017,1.435,7.05,,-0.04733342913522298,-0.78083,-0.24375999,-0.8943,0.13839,22.47,28.66667,36.0,24.0,0.2757752558967512,buy,2.0,3,50.136220687359184,,-1.0,-1.0,0.24627954606292535,0.0,1794832200,0.9884956,2026-08-28T08:34:46,0.1,,,Waste Management,,NA
NVTS,Navitas Semiconductor Corporati,-99.26996,-0.12602,-0.15,-9.477272727272727,89.40139,,-856.22378399633,2714006528,261093488,261093488,-38.989,3.882,0.641,21.0655,20.338,21.793,2.73,0.1733,-0.465431447298295,-0.52601004,0.0,-2.54972,0.3812,12.51,14.075,21.0,8.0,0.12509992006394888,none,,8,49.128706226155025,,0.11410347271438698,0.09023967658099921,0.9907442021400247,0.06809,1793649600,1.1348124,2026-08-28T08:34:46,0.1657,,,Semiconductors,,NA
OCUL,"Ocular Therapeutix, Inc.",-7.4415402,-1.454,-1.43,-7.673758865248227,45.648712,,-14.921562027846305,1856985728,219615868,219615868,-6.02,0.935,15.265,12.947,12.789,13.105,13.82,0.1532,-0.27391721986136275,-0.72993,0.0,-3.0,0.0,10.82,27.09091,34.0,18.0,1.5037809611829944,strong_buy,1.36364,11,71.50513010987909,,0.07890499194847024,0.054308943089430975,0.17766684923330545,0.009330001,1793795400,-0.11384112,2026-08-28T08:34:46,0.1543,,,Biotechnology,,NA
OKLO,Oklo Inc.,-42.352543,-1.00419,-0.97622,-45.24468085106383,6538.2896,,-33.05686522855459,5450131456,186017650,186017650,-25.139,1.201,0.121,48.045,47.627,48.463,2.71,0.1586,,-0.07696,0.0,-3.0,0.40412998,42.53,79.875,130.0,14.0,0.8780860569010109,none,,20,37.11515101551352,,-0.3508792109387357,-0.17313801192454306,0.543065467161743,0.15423,1794313800,-0.42246062,2026-08-28T08:34:46,0.174,,,Utilities - Independent Power Producers,,NA
OLMA,"Olema Pharmaceuticals, Inc.",-4.0134797,-2.68844,-2.423,-5.089622641509433,,,-10.60097721757001,486689184,87497607,87497607,-2.205,2.009,0.85,8.809999999999999,8.757,8.863,16.04,0.2195,,-0.52737,0.0,0.0,0.0,10.79,39.3,59.0,20.0,2.6422613531047268,strong_buy,1.33333,10,40.037776054311394,,-0.06557485190576494,-0.08330579844461455,0.14052165226950034,0.01764,1794254400,0.97619045,2026-08-28T08:34:46,0.2669,,,Biotechnology,,NA
ORIC,"Oric Pharmaceuticals, Inc.",-8.508477,-1.61486,-1.47776,-10.734375,,,-20.68998764342782,1165424512,103652656,103652656,-7.519,0.972,1.573,12.971,12.756,13.186,11.13,0.17930001,,-0.39801997,0.0,0.0,0.0,13.74,20.66667,27.0,14.0,0.5041244541484715,strong_buy,1.28571,12,55.28839520192855,,-0.00631260682742129,-0.006137033414121977,0.17228116100810514,0.01587,1794513600,0.34310853,2026-08-28T08:34:46,0.2074,,,Biotechnology,,NA
ORKA,"Oruka Therapeutics, Inc.",-34.074184,-2.83323,-2.31632,-48.75757575757576,,,-98.28810585980553,5523797504,66209699,66209699,-35.651,,0.228,38.2735,38.034,38.513,9.52,0.1826,,-0.18225999,0.0,0.0,0.0,96.54,153.75,200.0,102.0,0.5926041019266624,strong_buy,1.15385,12,52.999514122666234,,-0.13610814098351023,-0.13686630767131858,,0.01115,1794400200,5.522973,2026-08-28T08:34:46,0.1457,,,Biotechnology,,NA
OUST,"Ouster, Inc.",-3654.0002,-0.01,-0.32,-43.5,12.859417,,-45.92726027922542,2390300672,72112333,72112333,-41.042,3.275,4.416,3.8489999999999998,3.534,4.164,1.88,0.0892,0.21717186850687553,-0.18006,-0.26025,-0.46580002,0.46623,36.54,57.83333,75.0,50.0,0.5827402846195948,none,,6,54.56700326473465,,0.2270531400966183,0.7777777777777777,0.8322496249345663,0.025999999,1793736000,0.28075707,2026-08-28T08:34:46,0.0893,,,Electronic Components,,NA
PCVX,"Vaxcyte, Inc.",-8.4735775,-7.21714,-8.19714,-8.015072083879424,,,-18.73409780279808,7728793600,148805278,148805278,-6.728,1.21,4.186,5.6025,5.481,5.724,15.42,0.1,,-0.36514,0.0,0.0,0.0,61.155,109.0,163.0,67.0,0.7823563077426212,strong_buy,1.27273,9,56.245672151436416,,0.03368203648297877,0.027527039937047214,0.22616865370414452,0.00485,1793736000,0.9861969,2026-08-28T08:34:46,0.1087,,,Biotechnology,,NA
PDM,"Piedmont Realty Trust, Inc.",-32.366665,-0.3,,-15.412698412698415,2.1337712,16.74,4.680306407904136,3450158848,125132825,125132825,12.817,1.352,152.607,1.4185,1.34,1.497,7.14,0.0583,0.021839057817163443,-0.053400002,-0.14177,0.14285,0.60023,9.71,10.5,11.0,10.0,0.08135942327497414,buy,2.5,4,76.79865598166407,,,0.0,1.2275828544110787,0.013150001,1793131200,0.14639902,2026-08-28T08:34:46,0.0459,,,REIT - Office,,NA
PEB,Pebblebrook Hotel Trust,-54.84055,-0.33333,-0.31,-26.88235294117647,1.3746828,3.21,7.981659176853348,4352327680,112842716,112842716,13.258,1.41,97.934,0.6365,0.565,0.708,6.45,0.18959999,0.0497392317285239,-0.016339999,-0.031070001,0.14332,0.25336,18.28,18.95,22.0,13.0,0.03665207877461696,hold,2.8125,15,46.23121524701879,,0.03125000000000003,-0.0869338376756775,0.33958224961004135,0.025729999,1793822400,0.6409335,2026-08-28T08:34:46,0.1325,,,REIT - Hotel & Motel,,NA
PLAY,"Dave & Buster's Entertainment, ",-16.72771,-0.54879,-0.88636,-5.275862068965517,0.1524902,,-5.366271354757404,3864660224,34788694,34788694,9.836,1.845,3579.217,0.21999999999999997,0.15,0.29,5.67,0.3101,-0.02102217461799516,-0.52516,-0.03089,0.0887,0.39306998,9.18,17.0,25.0,12.0,0.8518518518518519,buy,2.45455,7,35.62360685164171,,0.028284511489212346,0.0,0.9363753290435797,0.04383,1789416000,-0.6423841,2026-08-28T08:34:46,0.317,,,Entertainment,,NA
PLSE,"Pulse Biosciences, Inc",-42.043293,-1.155,-1.105,-40.806722689075634,2922.7224,,-101.01796691101666,3368577792,71322607,71322607,-40.773,1.577,6.806,9.448,9.268,9.628,6.66,0.1297,,-0.78490996,0.0,-3.0,0.00253,48.56,45.25,58.0,35.0,-0.0681630971993411,strong_buy,1.25,4,79.49364996990066,,-0.032710280373831696,-0.05963302752293573,0.3373100903452492,0.71042997,1793908800,2.124839,2026-08-28T08:34:46,0.1343,,,Medical Instruments & Supplies,,NA
PPTA,Perpetua Resources Corp.,-261.8,-0.1,-1.2,-12.526315789473685,,,-19.601877562004027,2704404224,125095803,125095803,-10.243,0.689,0.506,12.11,11.885,12.335,9.33,0.121300004,,-0.3779,0.0,0.0,0.0,26.18,36.9,43.5,30.0,0.4094728800611154,strong_buy,1.28571,5,63.18039347780508,,-1.0,0.1666818181818182,0.7566174168498679,0.06869,1794513600,0.3873874,2026-08-28T08:34:46,0.1338,,,Other Precious Metals & Mining,,NA
PRAX,"Praxis Precision Medicines, Inc",-39.58015,-9.2938,-13.93524,-28.4273570324575,,,-51.496188716515036,9512903680,27919988,27919988,-25.163,2.776,0.081,15.597999999999999,15.462,15.734,9.49,0.13340001,,-0.38862,0.0,0.0,0.0,367.85,638.6842,1201.0,188.0,0.7362626070409133,strong_buy,1.47368,19,61.03378242669433,,0.09054041265977265,0.03752829793976517,0.9985934120743056,0.0027599998,1794227400,7.0775146,2026-08-28T08:34:46,0.1543,,,Biotechnology,,NA
PRCT,PROCEPT BioRobotics Corporation,-17.866282,-1.15301,-1.68042,-10.842105263157896,3.4757953,,-23.943686297034887,1029423360,56918844,56918844,-9.352,0.886,22.789,5.8865,5.226,6.547,4.22,0.1384,0.22134702700567854,-0.30241,-0.32535,-0.32054,0.63362,20.6,21.63636,28.0,16.0,0.050308737864077635,hold,2.57143,11,56.11797057385806,,-0.09047371836469832,-0.2940628507295175,0.12519013177739566,0.03283,1793822400,-0.48717946,2026-08-28T08:34:46,0.138,,,Medical Devices,,NA
PSNL,"Personalis, Inc.",-17.845192,-0.94143,-1.0925,-15.412844036697248,25.753748,,-32.023807419428856,1619575808,106799872,106799872,-15.484,2.285,16.157,5.096500000000001,4.91,5.283,2.08,0.1228,0.07511959564895365,-0.5032,-1.5383999,-1.50248,0.12686,16.8,15.4375,16.25,13.0,-0.08110119047619047,buy,2.2,4,73.45236542700474,,-0.06808360870500353,-0.05104330642730346,0.4209764640009486,0.26148,1793736000,2.4355829,2026-08-28T08:34:46,0.1161,,,Diagnostics & Research,,NA
PVLA,"Palvella Therapeutics, Inc.",-20.049347,-7.498,-6.37077,-30.995876288659797,,,-85.11996499024782,1938073856,14408407,14408407,,,10.441,21.0935,21.008,21.179,10.65,0.1688,,-0.46625,0.0,0.0,0.0,150.33,230.53333,270.0,205.0,0.5335151333732455,strong_buy,1.0,15,50.48401832302754,,-0.1447142872544193,-0.09970695992185602,0.995994342421692,0.11595,1794400200,1.7761772,2026-08-28T08:34:46,0.2024,,,Biotechnology,,NA
QBTS,D-Wave Quantum Inc.,-48.533157,-0.36882,-0.28941,-24.86111111111111,536.5533,,-90.85154424908237,6168567808,369263837,372439933,-38.268,2.164,4.442,20.371000000000002,20.197,20.545,3.68,0.2047,-0.15886932600984705,-0.27985,0.0,-3.0,0.64185,17.9,35.23625,43.0,22.0,0.9685055865921788,strong_buy,1.17647,16,31.220738396601604,,0.05992983823816027,0.06795380455384,0.3888479769021481,0.0215,1793881800,0.14596677,2026-08-28T08:34:46,0.1848,,,Computer Hardware,,NA
QUBT,Quantum Computing Inc.,-36.54878,-0.23667,-0.245,-216.25,199.29767,,-36.320721102834874,959215296,226346861,226346861,-15.695,3.792,1.469,52.6045,52.074,53.135,7.38,0.32,63.2657465437526,-0.01507,-1.52453,-2.8126502,-0.18923001,8.65,18.66667,32.0,10.0,1.1579965317919072,buy,1.66667,6,46.456032314235884,,0.2575757575757576,0.37718421052631584,0.5884415206173848,0.12157,1794254400,-0.45183778,2026-08-28T08:34:46,0.3185,,,Computer Hardware,,NA
RAPP,"Rapport Therapeutics, Inc.",-9.720993,-5.22889,-4.09333,-17.348122866894197,121.93682,,-43.536036417841174,2012764288,47978286,47978286,-13.194,0.971,2.389,15.5365,15.352,15.721,7.33,0.0734,,-0.39963,0.0,-3.0,-1.0939,50.83,62.04833,80.0,50.0,0.22070293133975993,strong_buy,1.07692,12,64.17219143185531,,-0.18157833206804275,-0.18905969300739053,1.15291684877589,0.03959,1793881800,1.8831537,2026-08-28T08:34:46,0.0689,,,Biotechnology,,NA
RBLX,Roblox Corporation,-30.561811,-1.24829,-1.55098,-27.05673758865248,4.7934566,8.18,18.459955985861306,26052442112,669992988,714375941,-30.885,1.457,1423.256,0.733,0.645,0.821,0.99,0.0215,0.4061679110946157,-4.32275,-0.17607,-0.13274,0.25674,38.15,48.32441,70.0,30.0,0.266694888597641,buy,2.2,34,53.93163074621039,,0.0030658311434539815,-0.09271398635215744,0.11670386311800768,0.05474,1793304000,-0.6937957,2026-08-28T08:34:46,0.0216,,,Electronic Gaming & Multimedia,,NA
RCAT,"Red Cat Holdings, Inc.",-21.090908,-0.44,-0.68,-11.180722891566266,19.80947,,-12.106265318317577,1106509312,152714362,152714362,-10.642,1.349,3.157,13.283999999999999,11.711,14.857,3.27,0.2186,3.107301342096429,-0.34402,-1.36265,-1.91416,0.0975,9.28,18.33333,25.0,15.0,0.9755743534482759,strong_buy,1.16667,6,61.49783658770374,,-0.5813953488372094,-0.22222222222222227,0.43694863115476357,0.087840006,1793908800,0.03803134,2026-08-28T08:34:46,0.2188,,,Aerospace & Defense,,NA
RCUS,"Arcus Biosciences, Inc.",-9.158683,-3.34,-3.52571,-7.803571428571429,32.88377,,-14.216724521880078,3431128064,125773162,125773162,-7.208,0.811,51.293,3.7855,3.753,3.818,12.61,0.1775,-0.7831168465017998,-0.90819,0.0,-2.34146,0.0,30.59,38.33333,47.0,23.0,0.2531327231121281,strong_buy,1.46154,12,58.168692223669915,,-0.012303107216483021,-0.07642626480086104,0.12717709752882875,0.28797,1793131200,1.8885741,2026-08-28T08:34:46,0.153,,,Biotechnology,,NA
RDW,Redwire Corporation,-38.203392,-0.295,-0.485,-9.391666666666667,6.609434,,-108.53593861187618,2339045632,249992609,249992609,-19.29,3.075,5.539,3.6494999999999997,3.38,3.919,2.24,0.1849,0.09243165664949715,-0.18153,-0.57263,-0.18858999,0.22729,11.27,14.5625,20.0,7.0,0.29214729370008885,buy,1.77778,8,47.53527320181163,,0.28676470588235303,0.28048780487804875,0.40963721941763703,0.013250001,1793822400,0.26487088,2026-08-28T08:34:46,0.1618,,,Aerospace & Defense,,NA
REAX,"The Real Brokerage, Inc.",-590.75,-0.04,,-38.11290322580645,0.2299307,,6.8841447021858295,439351008,21794414,21794414,-346.491,0.77,,1.208,0.976,1.44,7.87,,0.24459781299923922,-0.24943,-0.00719,0.0064999997,0.082279995,23.63,49.5,70.0,40.0,1.0947947524333475,strong_buy,1.0,5,49.38494170678229,,-1.0,1.0,0.44370308538879816,0.12745,1793277000,-0.56078064,2026-08-28T08:34:46,0.1824,,,Real Estate Services,,NA
REPL,"Replimune Group, Inc.",-7.654263,-2.03808,-2.97584,-5.032258064516129,,,-8.561791471718237,1386473344,94219634,94219634,-4.774,0.9,105.992,5.156499999999999,5.085,5.228,3.43,0.43080002,,-1.34286,0.0,0.0,0.0,15.6,19.5,24.0,14.0,0.25,buy,1.75,6,73.17983199312383,,-0.5379018087855296,-0.7671264945852444,0.0550621554640843,0.01702,1793881800,1.8888888,2026-08-28T08:34:46,0.3676,,,Biotechnology,,NA
RGNX,REGENXBIO Inc.,-3.1200886,-3.00312,-3.5185,-2.492021276595745,3.5450282,,-3.3568427961730283,763488640,66013192,66013192,-5.132,0.938,349.003,2.7795,2.701,2.858,5.32,0.1314,2.8600717247546523,-1.3763299,-1.1258,0.27091,-0.44946998,9.37,23.72727,50.0,10.0,1.5322593383137675,buy,1.63636,11,41.07427633156814,,-0.2606050617673193,-0.18080124563065958,0.24260979410125363,0.06266,1793881800,0.04927206,2026-08-28T08:34:46,0.143,,,Biotechnology,,NA
RGTI,"Rigetti Computing, Inc.",-79.805824,-0.206,-0.18556,-19.116279069767444,410.93076,,207.4255788923287,5101150208,333768747,333768747,-58.48,2.022,1.433,3.864,3.784,3.944,2.78,0.1774,1.7981422293681675,-0.43765,0.0,-3.0,0.34614,16.44,28.8125,40.0,18.0,0.7525851581508514,none,,12,59.62376541287564,,-0.006072435480373075,-0.024315051464372617,0.294335431351574,0.020060001,1794340800,0.012938976,2026-08-28T08:34:46,0.1798,,,Computer Hardware,,NA
RIOT,"Riot Platforms, Inc.",-22.329401,-0.93509,-1.42712,-5.3538461538461535,11.616373,,-10.89983129633308,8241818624,375258935,375258935,-9.168,3.853,40.034,1.3755,1.166,1.585,2.27,0.14479999,0.12189362289801298,-0.48243,-1.96277,-1.22334,0.28257,20.88,32.40286,45.0,22.0,0.5518611111111111,strong_buy,1.42857,21,46.169918955864105,,-0.13901703194087506,-0.33880735915240884,1.1531474931681804,0.06843,1793304000,0.51744187,2026-08-28T08:34:46,0.1433,,,Capital Markets,,NA
RIVN,"Rivian Automotive, Inc.",-9.402915,-1.78668,-2.20059,-6.486486486486487,4.134635,,-15.801255358330575,24388059136,1443948130,1447860630,-8.986,1.612,104.408,1.8365,1.569,2.104,6.45,0.1361,0.05527816961679921,-0.57523,-0.54955,-0.50422,0.07513,16.8,19.23077,25.0,13.0,0.14468869047619037,hold,2.56,26,51.96615956732037,,0.11446509892291583,0.0913314371981685,0.3481307621948465,0.3454,1793736000,0.23802507,2026-08-28T08:34:46,0.1633,,,Auto Manufacturers,,NA
RLAY,"Relay Therapeutics, Inc.",-11.820417,-1.64292,-1.6291,-12.448717948717949,411.18167,,-35.689899534619855,3375454464,219141631,219141631,-10.951,1.704,3.445,18.099,17.93,18.268,19.54,0.2198,-0.595526142342164,-0.36773998,0.0,-3.0,0.0,19.42,27.07692,32.0,20.0,0.39428012358393394,strong_buy,1.21429,13,41.516968868830965,,-0.06737340051236018,-0.0013958052699267374,0.22068052949557895,0.01642,1793908800,4.4094706,2026-08-28T08:34:46,0.2904,,,Biotechnology,,NA
RUM,RUM Group Inc.,-30.419355,-0.31,,-15.983050847457628,39.738163,,-30.677273079435345,4159464960,276328597,495810194,-45.783,1.15,35.194,1.765,1.412,2.118,9.11,0.1545,0.9732113638024951,-0.18409,-1.34603,-0.99171996,0.078600004,9.43,22.0,22.0,22.0,1.332979851537646,buy,2.5,1,82.28425602669314,,-1.0,-1.0,1.0814737594974349,0.51572,1794254400,0.29355276,2026-08-28T08:34:46,0.197,,,Internet Content & Information,,NA
RYTM,"Rhythm Pharmaceuticals, Inc.",-184.04396,-0.61143,-3.06994,-35.83757961783439,32.294052,,-59.331001972859276,7641129984,68852082,68852082,-38.292,1.974,50.522,3.2279999999999998,3.004,3.452,14.57,0.1486,0.4141401737132653,-1.17045,-0.8559,-0.68138003,0.89001,112.53,141.53333,160.0,105.0,0.2577386474717853,strong_buy,1.4375,15,55.62926263755388,,0.0658483297528558,0.1704587081281289,0.15899393994790115,0.00708,1793709000,0.09093559,2026-08-28T08:34:46,0.1812,,,Biotechnology,,NA
SDGR,"Schrodinger, Inc.",-15.118518,-1.35,-1.83,-26.506493506493506,5.8941183,,-52.35320386115013,1221046912,65641435,74805628,-8.274,1.658,32.832,2.661,2.616,2.706,10.6,0.2723,0.20168249216367684,-0.16174999,-0.20976,-0.70551,0.56869,20.41,21.42857,30.0,17.0,0.04990543851053397,buy,1.57143,7,75.08698122415016,,0.18666666666666665,0.18674698795180714,0.8271327321004154,0.03004,1793822400,0.04613018,2026-08-28T08:34:46,0.1993,,,Health Information Services,,NA
SEPN,"Septerna, Inc.",-20.850294,-1.94098,-1.18679,-76.35849056603773,19.103743,,63.93718464074786,1539239040,46676947,46676947,-28.297,,5.83,4.945,4.895,4.995,7.05,0.1177,213.5544196538818,-0.06342,-0.2451,-0.62948,1.0,40.47,54.22222,62.0,48.0,0.33981270076599945,strong_buy,1.1,9,46.40831215721797,,0.35465119440562476,0.27009972774176083,1.3353182239091033,0.030669998,1794254400,2.344628,2026-08-28T08:34:46,0.1088,,,Biotechnology,,NA
SIBN,"SI-BONE, Inc.",-58.03585,-0.33083,-0.39746,-58.18181818181818,4.028579,,-998.4239849166063,757370624,44818575,44818575,-66.876,0.699,23.469,8.2695,7.392,9.147,10.94,0.1388,0.09534727509743446,-0.08297,-0.0685,-0.085810006,0.79526,19.2,25.0,32.0,20.0,0.3020833333333335,none,,9,57.24434087790132,,0.07259024196747328,0.06243269285268943,0.565838612560602,0.03293,1794254400,0.15176964,2026-08-28T08:34:46,0.1336,,,Medical Devices,,NA
SLDB,Solid Biosciences Inc.,-5.8003707,-1.74644,-1.76007,-5.142131979695432,,,-9.186670711020225,728668672,107225238,107225238,-3.461,2.422,5.388,13.518,13.213,13.823,17.18,0.1762,,-0.655,0.0,0.0,0.0,10.13,18.66667,26.0,11.0,0.842711747285291,strong_buy,1.30769,12,69.50356668610196,,0.10060093819943375,0.10782575823367445,0.7205585032287528,0.00676,1793649600,0.8485402,2026-08-28T08:34:46,0.2564,,,Biotechnology,,NA
SLG,SL Green Realty Corp,-45.34799,-1.27547,-1.74699,-21.264705882352942,4.4468765,1.3,7.63818031833271,11424748544,70849907,76728225,32.122,1.593,142.556,1.56,0.654,2.466,11.31,0.2468,0.363328191806942,-0.03573,-0.16719,0.18843001,0.44757998,57.84,57.23529,79.0,43.0,-0.010454875518672302,hold,2.52941,17,54.650648599079275,,0.7225150100066711,0.26992513050645656,1.3427928043737798,0.00241,1792612800,0.016698837,2026-08-28T08:34:46,0.1663,,,REIT - Office,,NA
SLS,"SELLAS Life Sciences Group, Inc",-152.09999,-0.1,-0.2,-63.37500000000001,,,-187.53962099414625,2933988352,201945709,201945709,,2.494,0.535,18.552500000000002,18.278,18.827,8.9,0.28030002,,-0.39633998,0.0,0.0,0.0,15.21,32.5,35.0,30.0,1.1367521367521367,strong_buy,1.5,2,63.473126043701214,,0.04761904761904753,0.19999999999999996,0.8103942049848504,0.00922,1794427200,6.921875,2026-08-28T08:34:46,0.2803,,,Biotechnology,,NA
SMR,NuScale Power Corporation,-14.9414,-0.65188,-0.48454,-4.427272727272727,373.91898,,-19.537200426209957,2884086016,410389522,410389522,-12.87,2.306,0.332,37.609,37.338,37.88,2.22,0.184,-0.9970747718066739,-0.5518,0.0,-3.0,0.23545,9.74,12.63333,20.0,6.0,0.29705646817248477,hold,2.55556,15,46.94604666774589,,0.058857945237538,0.013279705501397615,0.5982481880177749,0.01686,1793908800,-0.7189033,2026-08-28T08:34:46,0.1681,,,Specialty Industrial Machinery,,NA
SNDA,"Sonida Senior Living, Inc.",-23.636364,-1.65,,-7.001795332136445,3.895184,2.04,29.33476387405439,3374555392,48047990,48047990,42.376,0.761,181.429,0.7304999999999999,0.58,0.881,7.44,0.1118,-0.06905859329391306,-0.25238,-0.25439,-0.00349,0.27435,39.0,47.5,65.0,37.0,0.21794871794871784,none,,6,49.978985537010246,,-0.25140404040404035,,0.8059054474080306,0.09736,1794227400,0.50579154,2026-08-28T08:34:46,0.1244,,,Medical Care Facilities,,NA
SNDX,"Syndax Pharmaceuticals, Inc.",-24.707699,-0.81594,-1.93483,-8.0,7.136658,,-11.995240894532722,1835345280,89297086,89297086,-9.453,0.373,3903.451,6.5315,6.291,6.772,15.85,0.2609,0.8502302737180025,-2.55925,-0.87518,-0.54947,-0.08007,20.16,37.54545,57.0,26.0,0.862373511904762,strong_buy,1.16667,11,47.64336037978732,,-0.1494745221983924,-0.6018925710695774,0.17039979699442,0.01687,1793649600,0.2345376,2026-08-28T08:34:46,0.2852,,,Biotechnology,,NA
SPHR,Sphere Entertainment Co.,-71.87317,-2.05,-1.88,-74.04020100502512,3.8998637,,11.952196335549678,5653842944,29046853,35913607,22.226,1.625,40.995,1.171,1.118,1.224,8.72,0.32509997,0.37568548303666516,-0.03097,-0.05663,-0.19548,0.54707,147.34,178.76923,200.0,158.0,0.2133109135333242,strong_buy,1.46154,13,55.76903267028448,,-0.11904761904761903,0.028436018957345998,1.4272835280096334,0.06583,1793881800,2.2518208,2026-08-28T08:34:46,0.2665,,,Entertainment,,NA
SPIR,"Spire Global, Inc.",-35.897438,-0.39,-1.015,-4.651162790697675,9.117354,,-10.819082660512494,465630656,39115046,40622371,-6.691,2.567,6.717,1.8495,1.827,1.872,5.09,0.1031,-0.25238040880739343,-0.61721003,-1.4521699,-1.07308,0.37895,14.0,20.875,24.0,15.0,0.4910714285714286,strong_buy,1.5,4,46.345547192842716,,-0.1599999999999999,-0.56,0.8185233095692821,0.060349997,1794513600,0.54867256,2026-08-28T08:34:46,0.1118,,,Specialty Business Services,,NA
SRRK,Scholar Rock Holding Corporatio,-25.450626,-2.32843,-3.11847,-17.90332326283988,,,-46.901409780475525,6928740864,121785282,121785282,-17.113,0.666,80.318,6.93,6.839,7.021,18.07,0.1867,,-1.67773,0.0,0.0,0.0,59.26,60.75,76.0,48.0,0.025143435707053685,strong_buy,1.16667,16,78.98766592880561,,-0.016291453749087418,-0.007546164424888868,0.22399910407666163,0.0076800003,1794486600,0.8150077,2026-08-28T08:34:46,0.175,,,Biotechnology,,NA
STOK,"Stoke Therapeutics, Inc.",-9.271377,-3.51512,-3.62068,-9.75748502994012,76.22554,,-19.801041486977645,1812774272,64526242,64526242,-8.179,1.228,0.776,7.4415,7.191,7.692,16.88,0.20889999,-0.428869459033427,-0.61104,0.0,-3.0,1.0,32.59,46.46154,60.0,35.0,0.4256379257440932,strong_buy,1.14286,13,65.40243703649227,,-0.10051063829787237,-0.13757928802589003,0.6643625477695364,0.036930002,1793736000,0.6492915,2026-08-28T08:34:46,0.2637,,,Biotechnology,,NA
SYRE,"Spyre Therapeutics, Inc.",-27.257162,-3.43451,-2.83007,-48.7578125,,,-92.6891571650689,7254583808,88173762,88173762,,3.026,,18.381,18.232,18.53,12.43,0.1426,,-0.22984,0.0,0.0,0.0,93.615,119.71429,130.0,97.0,0.27879388986807685,strong_buy,1.11765,14,36.951097748664225,,0.03951793817092081,-0.0978171577981709,0.9739173859346478,0.05737,1793736000,4.677077,2026-08-28T08:34:46,0.1431,,,Biotechnology,,NA
TEM,"Tempus AI, Inc.",-4650.658,-0.0152,-0.25666,-47.763513513513516,8.906958,,-136.42605799153085,13383109632,175390967,180434756,-69.212,3.578,324.58,3.1550000000000002,3.013,3.297,6.1,0.2991,0.2002274666744952,-0.67442,-0.17767,-0.20106001,0.63979,70.69,63.35714,100.0,35.0,-0.10373263545055877,buy,2.1875,14,73.90561755862146,,0.2854080240554612,0.8080080838701528,0.805531298520533,0.36778998,1793736000,-0.06815183,2026-08-28T08:34:46,0.2584,,,Health Information Services,,NA
TNGX,"Tango Therapeutics, Inc.",-15.525585,-1.62828,-1.38029,-30.457831325301207,79.211876,,-59.30403805101733,3280472064,168610367,168610367,-24.404,1.152,3.123,50.3885,49.953,50.824,19.29,0.259,,-0.21340999,-2.29918,-2.53381,-1.48369,25.28,44.75,69.0,24.0,0.7701740506329113,strong_buy,1.23077,12,50.05354027566385,,-0.06681660792679149,-0.0710888627229132,0.14766376022793296,0.01129,1793795400,2.7675111,2026-08-28T08:34:46,0.3589,,,Biotechnology,,NA
TRVI,"Trevi Therapeutics, Inc.",-31.126514,-0.577,-0.479,-51.31428571428572,,,-76.88409309453928,2240601088,142475841,142475841,-37.708,1.072,0.188,36.9835,36.684,37.283,6.0,0.0986,,-0.19657,0.0,0.0,0.0,17.96,28.18182,40.0,23.0,0.569143652561247,strong_buy,1.18182,11,56.79093470578615,,-0.02156156028066286,-0.034458030047688874,0.23710270780675888,0.0062800003,1794513600,1.4755342,2026-08-28T08:34:46,0.107,,,Biotechnology,,NA
TWST,Twist Bioscience Corporation,-241.73813,-0.63333,-0.6,-67.14912280701755,22.233791,,-148.1045451810714,9542257664,62707424,62707424,-82.773,2.158,24.362,2.326,1.98,2.672,9.36,0.2881,0.18589832042853494,-0.29594,-0.31662,-0.30648002,0.51965,153.1,105.3,120.0,36.0,-0.31221423905943824,buy,1.54545,10,82.55588246904304,,0.22077922077922082,0.17030642055205483,0.395787163425743,0.010620001,1794832200,4.6766777,2026-08-28T08:34:46,0.2303,,,Diagnostics & Research,,NA
TYRA,"Tyra Biosciences, Inc.",-8.819389,-2.96279,-2.67293,-10.933054393305438,,,-24.72537571239177,1210996480,59676939,59676939,-7.572,0.766,1.578,14.6915,14.478,14.905,15.4,0.29930001,,-0.45306998,0.0,0.0,0.0,26.13,50.81818,59.0,39.0,0.9448212782242633,strong_buy,1.26667,11,42.86348650960798,,-0.041468926553672326,-0.03752223669650231,0.1802059716514581,0.028499998,1793822400,1.062352,2026-08-28T08:34:46,0.2752,,,Biotechnology,,NA
UEC,Uranium Energy Corp.,-151.33333,-0.09,-0.18333,-59.21739130434782,,1.37,,6254021632,,,-51.788,1.208,0.135,30.039,27.411,32.667,7.64,0.1455,,-0.0896,0.0,-3.0,0.0,13.62,18.02778,26.75,12.0,0.323625550660793,strong_buy,1.44444,9,79.41513520311219,,0.0178925376332566,0.1562763663635512,1.2995725793078619,0.01856,1790253000,0.2740879,2026-08-28T08:34:46,0.1231,,,Uranium,,NA
UNIT,Uniti Group Inc.,-14.281691,-0.71,,2.6406252,0.69583356,0.17,-9.53677917528809,12944832512,242725135,242725135,9.126,1.398,6869.969,1.0345,0.847,1.222,8.89,0.1736,0.8415157996785125,,0.30449,0.04144,0.5846,10.14,10.30556,16.0,6.0,0.01632741617357003,hold,2.77778,9,45.309418659738334,,-0.15646392622044045,-0.2378089884166064,1.707664603247971,0.019019999,1793795400,0.6095238,2026-08-28T08:34:46,0.1129,,,REIT - Specialty,,NA
USAR,"USA Rare Earth, Inc.",-444.26495,-0.04333,-0.59333,-7.025547445255474,357.91382,,-16.590082019319915,3193201920,244720099,244720099,-29.69,2.583,0.125,31.4525,30.118,32.787,2.41,0.1166,,-0.23561001,0.0,-3.0,-0.097399995,19.25,37.375,45.0,30.0,0.9415584415584415,strong_buy,1.125,8,48.90841052451588,,-0.0722895921059766,-1.0,1.475839087120168,0.12967,1793908800,0.29021442,2026-08-28T08:34:46,0.1262,,,Other Industrial Metals & Mining,,NA
VERA,"Vera Therapeutics, Inc.",-7.8388724,-4.4139,-6.32203,-6.279491833030853,,,-11.70895554965655,2071135360,72063335,72063335,-4.988,0.954,18.86,10.663499999999999,10.411,10.916,8.21,0.2656,,-0.91753,0.0,0.0,0.0,34.6,77.14286,100.0,34.0,1.2295624277456647,strong_buy,1.21429,14,66.48725253074615,,-0.018281300082306145,-0.14389451260282066,0.3199153596861634,0.00954,1793908800,0.5988909,2026-08-28T08:34:46,0.3209,,,Biotechnology,,NA
VIR,"Vir Biotechnology, Inc.",-4.537613,-2.4925,-1.7795,-6.248618784530387,6.31155,,-49.21664740174556,1474380544,169215958,169215958,-5.502,1.591,9.494,5.855499999999999,5.669,6.042,12.94,0.1173,186.77682865111336,-0.26081,-0.83,0.30746,-0.59389997,11.31,21.0,30.0,15.0,0.8567639257294428,none,,9,95.99539381565864,,-0.29568952963448386,-0.07285053265899079,1.0095067603976946,0.06565,1793822400,1.2894738,2026-08-28T08:34:46,0.151,,,Biotechnology,,NA
VKTX,"Viking Therapeutics, Inc.",-7.838943,-4.31946,-4.60557,-7.360869565217392,,,-17.1143989105209,3452291328,116652937,116652937,,0.685,1.001,4.6475,4.575,4.72,11.73,0.2019,,-0.88852996,0.0,0.0,0.0,33.86,92.39474,125.0,35.0,1.7287282929710575,strong_buy,1.45,19,44.66915384123207,,0.02523080439724174,0.053855909649466745,0.7494813728144568,0.03095,1793217600,0.25175595,2026-08-28T08:34:46,0.1959,,,Biotechnology,,NA
VOYG,"Voyager Technologies, Inc.",-21.228605,-1.636,-3.01688,-26.922480620155035,12.165179,,-7.960609671292957,2288036352,55270494,61029060,-17.693,,130.401,3.6645,3.53,3.799,5.6,0.20030001,0.23230105379553878,-0.30441,-0.78613,-0.97463,0.109,34.73,46.0,65.0,21.0,0.32450331125827825,buy,1.81818,11,35.66444589150251,,-0.033624098069714975,-0.18540416775352858,0.5927365096093322,0.04484,1793649600,0.131639,2026-08-28T08:34:46,0.1788,,,Aerospace & Defense,,NA
VRDN,"Viridian Therapeutics, Inc.",-8.612078,-2.77285,-3.94879,-7.023529411764706,38.03646,,-9.82017620582513,2066645376,113292269,113292269,-5.106,0.94,36.963,16.7555,16.562,16.949,10.19,0.174,1.727360893442782,-0.65740997,0.0,-3.0,0.0,23.88,36.625,50.0,22.0,0.533710217755444,none,,16,48.82268723907036,,-0.0393275727291629,-0.05335835495500288,0.2552465185901123,0.00169,1793881800,0.29923832,2026-08-28T08:34:46,0.1888,,,Biotechnology,,NA
WOLF,"Wolfspeed, Inc.",-4.6226416,-5.83,-7.515,-2.366110623353819,2.105921,,4.293338977973544,2135825920,51972101,51972101,-6.602,,193.098,6.189,5.515,6.863,5.68,,1.2727751389538784,0.01822,0.00662,-0.31618,-0.28236,26.95,27.5,30.0,25.0,0.020408163265306145,hold,3.0,2,24.52019357726323,,-0.5014985014985015,0.21109607577807843,0.24677787163795492,0.00487,1793822400,0.21945703,2026-08-28T08:34:46,0.7541,,,Semiconductors,,NA
WULF,TeraWulf Inc.,-68.708336,-0.24,-0.48,-3.6973094170403584,49.808365,,-35.14482845721352,10845770752,498968677,498968677,-40.036,4.288,3549.648,0.7224999999999999,0.699,0.746,3.17,0.2526,-0.26606823858805073,-12.118051,0.0,-3.0,0.69262004,16.49,36.63889,62.5,25.0,1.221885385081868,strong_buy,1.27778,18,50.887025707768224,,0.058823529411764754,-1.0,0.8608789984929172,0.22904,1794227400,0.74497354,2026-08-28T08:34:46,0.2792,,,Capital Markets,,NA
XE,"X-Energy, Inc.",-34.137955,-0.54104,-0.60958,-26.014084507042252,35.33097,,,3981877760,287458734,287458734,-14.457,,1.279,17.096,16.994,17.198,3.21,0.088,1.7199901801279065,,-2.98698,-2.19545,-0.65384,18.47,38.0,57.0,23.0,1.057390362750406,buy,1.75,7,27.157262923921465,,-0.2844620506553163,-0.0727045621270099,0.3109129927009444,0.45163,1794832200,-0.36746573,2026-08-28T08:34:46,0.1032,,,Specialty Industrial Machinery,,NA
XNCR,"Xencor, Inc.",-8.279034,-3.48833,-3.11383,-13.187214611872147,20.455984,,-22.71401284298769,1860981120,74353397,74353397,-9.038,0.839,33.803,6.2415,6.092,6.391,12.67,0.2707,0.12470570779704926,-0.29072002,-1.55588,-0.72369003,-1.4364799,28.88,29.0,44.0,14.0,0.0041551246537396835,none,,12,74.08148560666501,,0.22657171740755738,0.01674587201993387,0.6057518520757601,0.012200001,1793822400,2.5522754,2026-08-28T08:34:46,0.2615,,,Biotechnology,,NA
YSS,York Space Systems Inc.,-78.76917,-0.11667,-1.8,-4.461165048543689,3.116815,,,905632384,137357605,137357605,-7.974,,10.157,5.1035,4.872,5.335,2.46,0.0784,0.004676806937628175,,-0.50064,-0.38147,0.21150999,9.19,18.65,35.0,11.0,1.0293797606093578,buy,2.18182,10,31.569252866741493,,-1.0,-1.0,0.5203340521452707,0.09125,1794513600,-0.7265695,2026-08-28T08:34:46,0.1064,,,Aerospace & Defense,,NA
ZBIO,"Zenas BioPharma, Inc.",-7.0,-4.66,-5.615,-3.430073606729758,2126.0647,,-10.05746831076076,1780799744,65176723,65176723,-6.502,,120.544,9.858,9.783,9.933,16.49,0.2626,,-1.9903901,0.0,-3.0,0.0,32.62,47.0,59.0,32.0,0.44083384426732075,strong_buy,1.25,8,47.81681347239397,,-0.30733410942956935,-1.0,0.521596062903229,0.16686001,1794486600,1.0387499,2026-08-28T08:34:46,0.2479,,,Biotechnology,,NA
